cycle,t_end_s,NH3_start,NH3_after_on,NH3_end,E_on_Jcm3,E_off_Jcm3,dNH3_on,dNH3_off,rel_state_max,rel_dNH3_cycle,rel_energy_cycle,stable_streak
     1,  1.00000E-04,  0.00000E+00,  8.75241E+11,  3.74284E+12,  1.27383E-12,  0.00000E+00,  8.75241E+11,  2.86760E+12, -1.00000E+00, -1.00000E+00, -1.00000E+00,     0
     2,  2.00000E-04,  3.74284E+12,  7.03731E+12,  1.10044E+13,  1.27383E-12,  0.00000E+00,  3.29446E+12,  3.96713E+12,  9.51099E-01,  6.59879E-01,  0.00000E+00,     0
     3,  3.00000E-04,  1.10044E+13,  1.49062E+13,  1.92041E+13,  1.27383E-12,  0.00000E+00,  3.90178E+12,  4.29784E+12,  9.47689E-01,  4.26973E-01,  0.00000E+00,     0
     4,  4.00000E-04,  1.92041E+13,  2.32641E+13,  2.75671E+13,  1.27383E-12,  0.00000E+00,  4.06007E+12,  4.30298E+12,  9.24789E-01,  3.03371E-01,  0.00000E+00,     0
     5,  5.00000E-04,  2.75671E+13,  3.16531E+13,  3.58720E+13,  1.27383E-12,  0.00000E+00,  4.08597E+12,  4.21891E+12,  8.73876E-01,  2.31514E-01,  0.00000E+00,     0
     6,  6.00000E-04,  3.58720E+13,  3.99628E+13,  4.42703E+13,  1.27383E-12,  0.00000E+00,  4.09078E+12,  4.30750E+12,  7.42664E-01,  1.89705E-01,  0.00000E+00,     0
     7,  7.00000E-04,  4.42703E+13,  4.82921E+13,  5.25710E+13,  1.27383E-12,  0.00000E+00,  4.02184E+12,  4.27886E+12,  6.40410E-01,  1.57895E-01,  0.00000E+00,     0
     8,  8.00000E-04,  5.25710E+13,  5.65282E+13,  6.07156E+13,  1.27383E-12,  0.00000E+00,  3.95719E+12,  4.18741E+12,  6.63589E-01,  1.34144E-01,  0.00000E+00,     0
     9,  9.00000E-04,  6.07156E+13,  6.46314E+13,  6.88259E+13,  1.27383E-12,  0.00000E+00,  3.91585E+12,  4.19451E+12,  5.92574E-01,  1.17839E-01,  0.00000E+00,     0
    10,  1.00000E-03,  6.88259E+13,  7.26731E+13,  7.67800E+13,  1.27383E-12,  0.00000E+00,  3.84715E+12,  4.10687E+12,  6.88873E-01,  1.03595E-01,  0.00000E+00,     0
    11,  1.10000E-03,  7.67800E+13,  8.05749E+13,  8.46856E+13,  1.27383E-12,  0.00000E+00,  3.79492E+12,  4.11071E+12,  8.27933E-01,  9.33527E-02,  0.00000E+00,     0
    12,  1.20000E-03,  8.46856E+13,  8.83999E+13,  9.23846E+13,  1.27383E-12,  0.00000E+00,  3.71429E+12,  3.98474E+12,  1.22491E-01,  8.33367E-02,  0.00000E+00,     0
    13,  1.30000E-03,  9.23846E+13,  9.60472E+13,  9.99788E+13,  1.27383E-12,  0.00000E+00,  3.66261E+12,  3.93154E+12,  1.17465E-01,  7.59576E-02,  0.00000E+00,     0
    14,  1.40000E-03,  9.99788E+13,  1.03576E+14,  1.07464E+14,  1.27383E-12,  0.00000E+00,  3.59755E+12,  3.88795E+12,  1.12961E-01,  6.96557E-02,  0.00000E+00,     0
    15,  1.50000E-03,  1.07464E+14,  1.10982E+14,  1.14787E+14,  1.27383E-12,  0.00000E+00,  3.51812E+12,  3.80442E+12,  1.17487E-01,  6.37926E-02,  0.00000E+00,     0
    16,  1.60000E-03,  1.14787E+14,  1.18230E+14,  1.21961E+14,  1.27383E-12,  0.00000E+00,  3.44325E+12,  3.73081E+12,  1.25312E-01,  5.88226E-02,  0.00000E+00,     0
    17,  1.70000E-03,  1.21961E+14,  1.25327E+14,  1.28968E+14,  1.27383E-12,  0.00000E+00,  3.36576E+12,  3.64173E+12,  1.28754E-01,  5.43349E-02,  0.00000E+00,     0
    18,  1.80000E-03,  1.28968E+14,  1.32260E+14,  1.35813E+14,  1.27383E-12,  0.00000E+00,  3.29185E+12,  3.55303E+12,  1.29212E-01,  5.03992E-02,  0.00000E+00,     0
    19,  1.90000E-03,  1.35813E+14,  1.39033E+14,  1.42512E+14,  1.27383E-12,  0.00000E+00,  3.21964E+12,  3.47917E+12,  1.28554E-01,  4.70052E-02,  0.00000E+00,     0
    20,  2.00000E-03,  1.42512E+14,  1.45654E+14,  1.49071E+14,  1.27383E-12,  0.00000E+00,  3.14227E+12,  3.41659E+12,  1.27270E-01,  4.39983E-02,  0.00000E+00,     0
    21,  2.10000E-03,  1.49071E+14,  1.52128E+14,  1.55487E+14,  1.27383E-12,  0.00000E+00,  3.05727E+12,  3.35890E+12,  1.25856E-01,  4.12650E-02,  0.00000E+00,     0
    22,  2.20000E-03,  1.55487E+14,  1.58454E+14,  1.61637E+14,  1.27383E-12,  0.00000E+00,  2.96661E+12,  3.18322E+12,  1.04862E-01,  3.80472E-02,  0.00000E+00,     0
    23,  2.30000E-03,  1.61637E+14,  1.64566E+14,  1.67765E+14,  1.27383E-12,  0.00000E+00,  2.92892E+12,  3.19881E+12,  1.18271E-01,  3.65257E-02,  0.00000E+00,     0
    24,  2.40000E-03,  1.67765E+14,  1.70596E+14,  1.73707E+14,  1.27383E-12,  0.00000E+00,  2.83175E+12,  3.11029E+12,  1.10132E-01,  3.42074E-02,  0.00000E+00,     0
    25,  2.50000E-03,  1.73707E+14,  1.76461E+14,  1.79462E+14,  1.27383E-12,  0.00000E+00,  2.75434E+12,  3.00092E+12,  9.69083E-02,  3.20695E-02,  0.00000E+00,     0
    26,  2.60000E-03,  1.79462E+14,  1.82162E+14,  1.85102E+14,  1.27383E-12,  0.00000E+00,  2.70042E+12,  2.93949E+12,  9.76111E-02,  3.04692E-02,  0.00000E+00,     0
    27,  2.70000E-03,  1.85102E+14,  1.87738E+14,  1.90596E+14,  1.27383E-12,  0.00000E+00,  2.63635E+12,  2.85769E+12,  9.16710E-02,  2.88256E-02,  0.00000E+00,     0
    28,  2.80000E-03,  1.90596E+14,  1.93176E+14,  1.95981E+14,  1.27383E-12,  0.00000E+00,  2.58028E+12,  2.80475E+12,  9.53751E-02,  2.74773E-02,  0.00000E+00,     0
    29,  2.90000E-03,  1.95981E+14,  1.98496E+14,  2.01202E+14,  1.27383E-12,  0.00000E+00,  2.51486E+12,  2.70607E+12,  8.04116E-02,  2.59487E-02,  0.00000E+00,     0
    30,  3.00000E-03,  2.01202E+14,  2.03675E+14,  2.06337E+14,  1.27383E-12,  0.00000E+00,  2.47316E+12,  2.66239E+12,  9.04076E-02,  2.48891E-02,  0.00000E+00,     0
    31,  3.10000E-03,  2.06337E+14,  2.08750E+14,  2.11345E+14,  1.27383E-12,  0.00000E+00,  2.41293E+12,  2.59427E+12,  8.49729E-02,  2.36921E-02,  0.00000E+00,     0
    32,  3.20000E-03,  2.11345E+14,  2.13706E+14,  2.16244E+14,  1.27383E-12,  0.00000E+00,  2.36182E+12,  2.53731E+12,  8.54562E-02,  2.26556E-02,  0.00000E+00,     0
    33,  3.30000E-03,  2.16244E+14,  2.18554E+14,  2.21021E+14,  1.27383E-12,  0.00000E+00,  2.31040E+12,  2.46708E+12,  7.66025E-02,  2.16155E-02,  0.00000E+00,     0
    34,  3.40000E-03,  2.21021E+14,  2.23291E+14,  2.25701E+14,  1.27383E-12,  0.00000E+00,  2.26937E+12,  2.41037E+12,  7.81142E-02,  2.07342E-02,  0.00000E+00,     0
    35,  3.50000E-03,  2.25701E+14,  2.27928E+14,  2.30268E+14,  1.27383E-12,  0.00000E+00,  2.22681E+12,  2.34000E+12,  6.80920E-02,  1.98326E-02,  0.00000E+00,     0
    36,  3.60000E-03,  2.30268E+14,  2.32462E+14,  2.34745E+14,  1.27383E-12,  0.00000E+00,  2.19449E+12,  2.28232E+12,  6.97815E-02,  1.90710E-02,  0.00000E+00,     0
    37,  3.70000E-03,  2.34745E+14,  2.36905E+14,  2.39142E+14,  1.27383E-12,  0.00000E+00,  2.15999E+12,  2.23727E+12,  7.80220E-02,  1.83876E-02,  0.00000E+00,     0
    38,  3.80000E-03,  2.39142E+14,  2.41261E+14,  2.43452E+14,  1.27383E-12,  0.00000E+00,  2.11899E+12,  2.19083E+12,  7.88599E-02,  1.77030E-02,  0.00000E+00,     0
    39,  3.90000E-03,  2.43452E+14,  2.45530E+14,  2.47675E+14,  1.27383E-12,  0.00000E+00,  2.07890E+12,  2.14423E+12,  7.65807E-02,  1.70511E-02,  0.00000E+00,     0
    40,  4.00000E-03,  2.47675E+14,  2.49717E+14,  2.51805E+14,  1.27383E-12,  0.00000E+00,  2.04194E+12,  2.08869E+12,  6.48153E-02,  1.64041E-02,  0.00000E+00,     0
    41,  4.10000E-03,  2.51805E+14,  2.53819E+14,  2.55861E+14,  1.27383E-12,  0.00000E+00,  2.01408E+12,  2.04167E+12,  6.70881E-02,  1.58514E-02,  0.00000E+00,     0
    42,  4.20000E-03,  2.55861E+14,  2.57846E+14,  2.59848E+14,  1.27383E-12,  0.00000E+00,  1.98482E+12,  2.00216E+12,  7.43675E-02,  1.53435E-02,  0.00000E+00,     0
    43,  4.30000E-03,  2.59848E+14,  2.61800E+14,  2.63750E+14,  1.27383E-12,  0.00000E+00,  1.95164E+12,  1.95043E+12,  5.82282E-02,  1.47945E-02,  0.00000E+00,     0
    44,  4.40000E-03,  2.63750E+14,  2.65680E+14,  2.67591E+14,  1.27383E-12,  0.00000E+00,  1.92951E+12,  1.91183E+12,  6.92801E-02,  1.43553E-02,  0.00000E+00,     0
    45,  4.50000E-03,  2.67591E+14,  2.69492E+14,  2.71359E+14,  1.27383E-12,  0.00000E+00,  1.90071E+12,  1.86668E+12,  5.89402E-02,  1.38834E-02,  0.00000E+00,     0
    46,  4.60000E-03,  2.71359E+14,  2.73238E+14,  2.75059E+14,  1.27383E-12,  0.00000E+00,  1.87895E+12,  1.82090E+12,  5.29024E-02,  1.34511E-02,  0.00000E+00,     0
    47,  4.70000E-03,  2.75059E+14,  2.76918E+14,  2.78707E+14,  1.27383E-12,  0.00000E+00,  1.85933E+12,  1.78916E+12,  7.16109E-02,  1.30908E-02,  0.00000E+00,     0
    48,  4.80000E-03,  2.78707E+14,  2.80540E+14,  2.82293E+14,  1.27383E-12,  0.00000E+00,  1.83230E+12,  1.75382E+12,  6.68166E-02,  1.27035E-02,  0.00000E+00,     0
    49,  4.90000E-03,  2.82293E+14,  2.84102E+14,  2.85816E+14,  1.27383E-12,  0.00000E+00,  1.80835E+12,  1.71389E+12,  5.35002E-02,  1.23235E-02,  0.00000E+00,     0
    50,  5.00000E-03,  2.85816E+14,  2.87605E+14,  2.89283E+14,  1.27383E-12,  0.00000E+00,  1.78931E+12,  1.67860E+12,  5.62493E-02,  1.19879E-02,  0.00000E+00,     0
    51,  5.10000E-03,  2.89283E+14,  2.91053E+14,  2.92699E+14,  1.27383E-12,  0.00000E+00,  1.76990E+12,  1.64522E+12,  5.82956E-02,  1.16677E-02,  0.00000E+00,     0
    52,  5.20000E-03,  2.92699E+14,  2.94449E+14,  2.96061E+14,  1.27383E-12,  0.00000E+00,  1.75028E+12,  1.61180E+12,  5.50854E-02,  1.13561E-02,  0.00000E+00,     0
    53,  5.30000E-03,  2.96061E+14,  2.97793E+14,  2.99375E+14,  1.27383E-12,  0.00000E+00,  1.73202E+12,  1.58255E+12,  6.16337E-02,  1.10716E-02,  0.00000E+00,     0
    54,  5.40000E-03,  2.99375E+14,  3.01088E+14,  3.02643E+14,  1.27383E-12,  0.00000E+00,  1.71232E+12,  1.55511E+12,  6.42309E-02,  1.07963E-02,  0.00000E+00,     0
    55,  5.50000E-03,  3.02643E+14,  3.04335E+14,  3.05859E+14,  1.27383E-12,  0.00000E+00,  1.69268E+12,  1.52392E+12,  5.05534E-02,  1.05166E-02,  0.00000E+00,     0
    56,  5.60000E-03,  3.05859E+14,  3.07536E+14,  3.09033E+14,  1.27383E-12,  0.00000E+00,  1.67666E+12,  1.49686E+12,  5.73687E-02,  1.02692E-02,  0.00000E+00,     0
    57,  5.70000E-03,  3.09033E+14,  3.10692E+14,  3.12159E+14,  1.27383E-12,  0.00000E+00,  1.65893E+12,  1.46740E+12,  4.46448E-02,  1.00152E-02,  0.00000E+00,     0
    58,  5.80000E-03,  3.12159E+14,  3.13804E+14,  3.15244E+14,  1.27383E-12,  0.00000E+00,  1.64517E+12,  1.43931E+12,  4.70813E-02,  9.78444E-03,  0.00000E+00,     0
    59,  5.90000E-03,  3.15244E+14,  3.16874E+14,  3.18292E+14,  1.27383E-12,  0.00000E+00,  1.63053E+12,  1.41821E+12,  6.62398E-02,  9.57843E-03,  0.00000E+00,     0
    60,  6.00000E-03,  3.18292E+14,  3.19905E+14,  3.21299E+14,  1.27383E-12,  0.00000E+00,  1.61276E+12,  1.39353E+12,  5.20233E-02,  9.35670E-03,  0.00000E+00,     0
    61,  6.10000E-03,  3.21299E+14,  3.22897E+14,  3.24265E+14,  1.27383E-12,  0.00000E+00,  1.59786E+12,  1.36889E+12,  4.63551E-02,  9.14914E-03,  0.00000E+00,     0
    62,  6.20000E-03,  3.24265E+14,  3.25850E+14,  3.27196E+14,  1.27383E-12,  0.00000E+00,  1.58412E+12,  1.34633E+12,  4.98619E-02,  8.95627E-03,  0.00000E+00,     0
    63,  6.30000E-03,  3.27196E+14,  3.28766E+14,  3.30092E+14,  1.27383E-12,  0.00000E+00,  1.57010E+12,  1.32645E+12,  5.91017E-02,  8.77495E-03,  0.00000E+00,     0
    64,  6.40000E-03,  3.30092E+14,  3.31647E+14,  3.32952E+14,  1.27383E-12,  0.00000E+00,  1.55502E+12,  1.30467E+12,  4.67661E-02,  8.58892E-03,  0.00000E+00,     0
    65,  6.50000E-03,  3.32952E+14,  3.34494E+14,  3.35778E+14,  1.27383E-12,  0.00000E+00,  1.54192E+12,  1.28377E+12,  4.49469E-02,  8.41536E-03,  0.00000E+00,     0
    66,  6.60000E-03,  3.35778E+14,  3.37307E+14,  3.38567E+14,  1.27383E-12,  0.00000E+00,  1.52927E+12,  1.26017E+12,  2.83911E-02,  8.23896E-03,  0.00000E+00,     0
    67,  6.70000E-03,  3.38567E+14,  3.40086E+14,  3.41333E+14,  1.27383E-12,  0.00000E+00,  1.51868E+12,  1.24714E+12,  7.65506E-02,  8.10297E-03,  0.00000E+00,     0
    68,  6.80000E-03,  3.41333E+14,  3.42836E+14,  3.44066E+14,  1.27383E-12,  0.00000E+00,  1.50299E+12,  1.22970E+12,  5.44633E-02,  7.94235E-03,  0.00000E+00,     0
    69,  6.90000E-03,  3.44066E+14,  3.45556E+14,  3.46766E+14,  1.27383E-12,  0.00000E+00,  1.48993E+12,  1.20997E+12,  3.27651E-02,  7.78595E-03,  0.00000E+00,     0
    70,  7.00000E-03,  3.46766E+14,  3.48245E+14,  3.49440E+14,  1.27383E-12,  0.00000E+00,  1.47913E+12,  1.19496E+12,  5.84451E-02,  7.65252E-03,  0.00000E+00,     0
    71,  7.10000E-03,  3.49440E+14,  3.50906E+14,  3.52082E+14,  1.27383E-12,  0.00000E+00,  1.46647E+12,  1.17567E+12,  2.80694E-02,  7.50433E-03,  0.00000E+00,     0
    72,  7.20000E-03,  3.52082E+14,  3.53538E+14,  3.54697E+14,  1.27383E-12,  0.00000E+00,  1.45626E+12,  1.15904E+12,  3.71205E-02,  7.37331E-03,  0.00000E+00,     0
    73,  7.30000E-03,  3.54697E+14,  3.56143E+14,  3.57289E+14,  1.27383E-12,  0.00000E+00,  1.44556E+12,  1.14636E+12,  5.90765E-02,  7.25441E-03,  0.00000E+00,     0
    74,  7.40000E-03,  3.57289E+14,  3.58722E+14,  3.59851E+14,  1.27383E-12,  0.00000E+00,  1.43331E+12,  1.12908E+12,  2.79716E-02,  7.12069E-03,  0.00000E+00,     0
    75,  7.50000E-03,  3.59851E+14,  3.61275E+14,  3.62393E+14,  1.27383E-12,  0.00000E+00,  1.42358E+12,  1.11755E+12,  6.24642E-02,  7.01210E-03,  0.00000E+00,     0
    76,  7.60000E-03,  3.62393E+14,  3.63804E+14,  3.64903E+14,  1.27383E-12,  0.00000E+00,  1.41158E+12,  1.09878E+12,  1.68867E-02,  6.87951E-03,  0.00000E+00,     0
    77,  7.70000E-03,  3.64903E+14,  3.66307E+14,  3.67393E+14,  1.27383E-12,  0.00000E+00,  1.40359E+12,  1.08618E+12,  4.29004E-02,  6.77687E-03,  0.00000E+00,     0
    78,  7.80000E-03,  3.67393E+14,  3.68785E+14,  3.69863E+14,  1.27383E-12,  0.00000E+00,  1.39273E+12,  1.07774E+12,  7.10295E-02,  6.67940E-03,  0.00000E+00,     0
    79,  7.90000E-03,  3.69863E+14,  3.71244E+14,  3.72308E+14,  1.27383E-12,  0.00000E+00,  1.38123E+12,  1.06367E+12,  3.20418E-02,  6.56687E-03,  0.00000E+00,     0
    80,  8.00000E-03,  3.72308E+14,  3.73680E+14,  3.74733E+14,  1.27383E-12,  0.00000E+00,  1.37150E+12,  1.05306E+12,  4.68150E-02,  6.47012E-03,  0.00000E+00,     0
    81,  8.10000E-03,  3.74733E+14,  3.76094E+14,  3.77137E+14,  1.27383E-12,  0.00000E+00,  1.36172E+12,  1.04280E+12,  5.56204E-02,  6.37571E-03,  0.00000E+00,     0
    82,  8.20000E-03,  3.77137E+14,  3.78488E+14,  3.79519E+14,  1.27383E-12,  0.00000E+00,  1.35111E+12,  1.03046E+12,  2.44457E-02,  6.27524E-03,  0.00000E+00,     0
    83,  8.30000E-03,  3.79519E+14,  3.80861E+14,  3.81878E+14,  1.27383E-12,  0.00000E+00,  1.34275E+12,  1.01645E+12,  1.44542E-02,  6.17789E-03,  0.00000E+00,     0
    84,  8.40000E-03,  3.81878E+14,  3.83212E+14,  3.84222E+14,  1.27383E-12,  0.00000E+00,  1.33448E+12,  1.00996E+12,  6.75713E-02,  6.10180E-03,  0.00000E+00,     0
    85,  8.50000E-03,  3.84222E+14,  3.85547E+14,  3.86546E+14,  1.27383E-12,  0.00000E+00,  1.32430E+12,  9.99328E+11,  3.44381E-02,  6.01125E-03,  0.00000E+00,     0
    86,  8.60000E-03,  3.86546E+14,  3.87862E+14,  3.88852E+14,  1.27383E-12,  0.00000E+00,  1.31552E+12,  9.90770E+11,  4.62840E-02,  5.93102E-03,  0.00000E+00,     0
    87,  8.70000E-03,  3.88852E+14,  3.90159E+14,  3.91140E+14,  1.27383E-12,  0.00000E+00,  1.30638E+12,  9.81771E+11,  4.36886E-02,  5.84994E-03,  0.00000E+00,     0
    88,  8.80000E-03,  3.91140E+14,  3.92438E+14,  3.93410E+14,  1.27383E-12,  0.00000E+00,  1.29736E+12,  9.71818E+11,  2.34093E-02,  5.76798E-03,  0.00000E+00,     0
    89,  8.90000E-03,  3.93410E+14,  3.94699E+14,  3.95661E+14,  1.27383E-12,  0.00000E+00,  1.28953E+12,  9.61585E+11,  2.26695E-02,  5.68950E-03,  0.00000E+00,     0
    90,  9.00000E-03,  3.95661E+14,  3.96942E+14,  3.97896E+14,  1.27383E-12,  0.00000E+00,  1.28166E+12,  9.53723E+11,  3.99293E-02,  5.61802E-03,  0.00000E+00,     0
    91,  9.10000E-03,  3.97896E+14,  3.99169E+14,  4.00113E+14,  1.27383E-12,  0.00000E+00,  1.27330E+12,  9.43085E+11,  1.08983E-02,  5.53940E-03,  0.00000E+00,     0
    92,  9.20000E-03,  4.00113E+14,  4.01379E+14,  4.02319E+14,  1.27383E-12,  0.00000E+00,  1.26607E+12,  9.39919E+11,  8.58761E-02,  5.48320E-03,  0.00000E+00,     0
    93,  9.30000E-03,  4.02319E+14,  4.03575E+14,  4.04507E+14,  1.27383E-12,  0.00000E+00,  1.25631E+12,  9.32070E+11,  2.65075E-02,  5.41000E-03,  0.00000E+00,     0
    94,  9.40000E-03,  4.04507E+14,  4.05756E+14,  4.06679E+14,  1.27383E-12,  0.00000E+00,  1.24895E+12,  9.22704E+11,  1.52323E-02,  5.33997E-03,  0.00000E+00,     0
    95,  9.50000E-03,  4.06679E+14,  4.07920E+14,  4.08837E+14,  1.27383E-12,  0.00000E+00,  1.24167E+12,  9.16591E+11,  4.15668E-02,  5.27902E-03,  0.00000E+00,     0
    96,  9.60000E-03,  4.08837E+14,  4.10071E+14,  4.10981E+14,  1.27383E-12,  0.00000E+00,  1.23386E+12,  9.10751E+11,  4.14452E-02,  5.21828E-03,  0.00000E+00,     0
    97,  9.70000E-03,  4.10981E+14,  4.12208E+14,  4.13084E+14,  1.27383E-12,  0.00000E+00,  1.22616E+12,  8.76427E+11,  2.05774E-01,  5.08998E-03,  0.00000E+00,     0
    98,  9.80000E-03,  4.13084E+14,  4.14310E+14,  4.15206E+14,  1.27383E-12,  0.00000E+00,  1.22611E+12,  8.95378E+11,  2.41492E-01,  5.10950E-03,  0.00000E+00,     0
    99,  9.90000E-03,  4.15206E+14,  4.16418E+14,  4.17310E+14,  1.27383E-12,  0.00000E+00,  1.21264E+12,  8.91540E+11,  5.72607E-02,  5.04225E-03,  0.00000E+00,     0
   100,  1.00000E-02,  4.17310E+14,  4.18514E+14,  4.19398E+14,  1.27383E-12,  0.00000E+00,  1.20464E+12,  8.83506E+11,  1.09421E-02,  4.97892E-03,  0.00000E+00,     0
   101,  1.01000E-02,  4.19398E+14,  4.20596E+14,  4.21474E+14,  1.27383E-12,  0.00000E+00,  1.19833E+12,  8.77911E+11,  3.24464E-02,  4.92613E-03,  0.00000E+00,     0
   102,  1.02000E-02,  4.21474E+14,  4.22665E+14,  4.23539E+14,  1.27383E-12,  0.00000E+00,  1.19137E+12,  8.73259E+11,  4.13508E-02,  4.87472E-03,  0.00000E+00,     0
   103,  1.03000E-02,  4.23539E+14,  4.24723E+14,  4.25589E+14,  1.27383E-12,  0.00000E+00,  1.18434E+12,  8.65919E+11,  9.61774E-03,  4.81745E-03,  0.00000E+00,     0
   104,  1.04000E-02,  4.25589E+14,  4.26767E+14,  4.27630E+14,  1.27383E-12,  0.00000E+00,  1.17808E+12,  8.63043E+11,  5.07571E-02,  4.77309E-03,  0.00000E+00,     0
   105,  1.05000E-02,  4.27630E+14,  4.28801E+14,  4.29659E+14,  1.27383E-12,  0.00000E+00,  1.17105E+12,  8.58364E+11,  3.25053E-02,  4.72331E-03,  0.00000E+00,     0
   106,  1.06000E-02,  4.29659E+14,  4.30824E+14,  4.31678E+14,  1.27383E-12,  0.00000E+00,  1.16448E+12,  8.53677E+11,  3.26359E-02,  4.67515E-03,  0.00000E+00,     0
   107,  1.07000E-02,  4.31678E+14,  4.32836E+14,  4.33684E+14,  1.27383E-12,  0.00000E+00,  1.15800E+12,  8.48193E+11,  1.84051E-02,  4.62593E-03,  0.00000E+00,     0
   108,  1.08000E-02,  4.33684E+14,  4.34836E+14,  4.35680E+14,  1.27383E-12,  0.00000E+00,  1.15187E+12,  8.44614E+11,  4.18002E-02,  4.58245E-03,  0.00000E+00,     0
   109,  1.09000E-02,  4.35680E+14,  4.36826E+14,  4.37659E+14,  1.27383E-12,  0.00000E+00,  1.14543E+12,  8.33242E+11,  4.43158E-02,  4.52103E-03,  0.00000E+00,     0
   110,  1.10000E-02,  4.37659E+14,  4.38799E+14,  4.39635E+14,  1.27383E-12,  0.00000E+00,  1.14050E+12,  8.35169E+11,  8.97702E-02,  4.49389E-03,  0.00000E+00,     0
   111,  1.11000E-02,  4.39635E+14,  4.40768E+14,  4.41600E+14,  1.27383E-12,  0.00000E+00,  1.13346E+12,  8.31724E+11,  3.31444E-02,  4.45014E-03,  0.00000E+00,     0
   112,  1.12000E-02,  4.41600E+14,  4.42727E+14,  4.43553E+14,  1.27383E-12,  0.00000E+00,  1.12742E+12,  8.25684E+11,  8.83751E-03,  4.40332E-03,  0.00000E+00,     0
   113,  1.13000E-02,  4.43553E+14,  4.44675E+14,  4.45498E+14,  1.27383E-12,  0.00000E+00,  1.12190E+12,  8.23087E+11,  4.13511E-02,  4.36587E-03,  0.00000E+00,     0
   114,  1.14000E-02,  4.45498E+14,  4.46614E+14,  4.47435E+14,  1.27383E-12,  0.00000E+00,  1.11592E+12,  8.20725E+11,  3.87630E-02,  4.32834E-03,  0.00000E+00,     0
   115,  1.15000E-02,  4.47435E+14,  4.48545E+14,  4.49361E+14,  1.27383E-12,  0.00000E+00,  1.11006E+12,  8.16224E+11,  2.80485E-02,  4.28672E-03,  0.00000E+00,     0
   116,  1.16000E-02,  4.49361E+14,  4.50465E+14,  4.51278E+14,  1.27383E-12,  0.00000E+00,  1.10444E+12,  8.12893E+11,  1.36832E-02,  4.24867E-03,  0.00000E+00,     0
   117,  1.17000E-02,  4.51278E+14,  4.52377E+14,  4.53187E+14,  1.27383E-12,  0.00000E+00,  1.09908E+12,  8.10102E+11,  3.28789E-02,  4.21280E-03,  0.00000E+00,     0
   118,  1.18000E-02,  4.53187E+14,  4.54281E+14,  4.55088E+14,  1.27383E-12,  0.00000E+00,  1.09357E+12,  8.07248E+11,  3.10426E-02,  4.17681E-03,  0.00000E+00,     0
   119,  1.19000E-02,  4.55088E+14,  4.56176E+14,  4.56979E+14,  1.27383E-12,  0.00000E+00,  1.08813E+12,  8.03001E+11,  1.15582E-02,  4.13832E-03,  0.00000E+00,     0
   120,  1.20000E-02,  4.56979E+14,  4.58062E+14,  4.58864E+14,  1.27383E-12,  0.00000E+00,  1.08300E+12,  8.01472E+11,  4.49430E-02,  4.10683E-03,  0.00000E+00,     0
   121,  1.21000E-02,  4.58864E+14,  4.59941E+14,  4.60738E+14,  1.27383E-12,  0.00000E+00,  1.07756E+12,  7.97053E+11,  8.17326E-03,  4.06872E-03,  0.00000E+00,     0
   122,  1.22000E-02,  4.60738E+14,  4.61811E+14,  4.62606E+14,  1.27383E-12,  0.00000E+00,  1.07252E+12,  7.95404E+11,  3.75143E-02,  4.03782E-03,  0.00000E+00,     0
   123,  1.23000E-02,  4.62606E+14,  4.63674E+14,  4.64465E+14,  1.27383E-12,  0.00000E+00,  1.06745E+12,  7.91545E+11,  2.39816E-02,  4.00244E-03,  0.00000E+00,     0
   124,  1.24000E-02,  4.64465E+14,  4.65528E+14,  4.66317E+14,  1.27383E-12,  0.00000E+00,  1.06247E+12,  7.89594E+11,  1.86703E-02,  3.97168E-03,  0.00000E+00,     0
   125,  1.25000E-02,  4.66317E+14,  4.67375E+14,  4.68163E+14,  1.27383E-12,  0.00000E+00,  1.05761E+12,  7.87803E+11,  3.35690E-02,  3.94182E-03,  0.00000E+00,     0
   126,  1.26000E-02,  4.68163E+14,  4.69215E+14,  4.70000E+14,  1.27383E-12,  0.00000E+00,  1.05266E+12,  7.84832E+11,  1.89197E-02,  3.90955E-03,  0.00000E+00,     0
   127,  1.27000E-02,  4.70000E+14,  4.71048E+14,  4.71823E+14,  1.27383E-12,  0.00000E+00,  1.04791E+12,  7.75233E+11,  7.47005E-02,  3.86405E-03,  0.00000E+00,     0
   128,  1.28000E-02,  4.71823E+14,  4.72868E+14,  4.73648E+14,  1.27383E-12,  0.00000E+00,  1.04416E+12,  7.80828E+11,  1.25282E-01,  3.85305E-03,  0.00000E+00,     0
   129,  1.29000E-02,  4.73648E+14,  4.74687E+14,  4.75464E+14,  1.27383E-12,  0.00000E+00,  1.03852E+12,  7.76670E+11,  1.02184E-02,  3.81773E-03,  0.00000E+00,     0
   130,  1.30000E-02,  4.75464E+14,  4.76498E+14,  4.77271E+14,  1.27383E-12,  0.00000E+00,  1.03421E+12,  7.72690E+11,  7.60148E-03,  3.78591E-03,  0.00000E+00,     0
   131,  1.31000E-02,  4.77271E+14,  4.78300E+14,  4.79075E+14,  1.27383E-12,  0.00000E+00,  1.02985E+12,  7.74917E+11,  8.29427E-02,  3.76719E-03,  0.00000E+00,     0
   132,  1.32000E-02,  4.79075E+14,  4.80100E+14,  4.80872E+14,  1.27383E-12,  0.00000E+00,  1.02488E+12,  7.71586E+11,  9.24217E-03,  3.73585E-03,  0.00000E+00,     0
   133,  1.33000E-02,  4.80872E+14,  4.81892E+14,  4.82663E+14,  1.27383E-12,  0.00000E+00,  1.02071E+12,  7.70124E+11,  2.54049E-02,  3.71033E-03,  0.00000E+00,     0
   134,  1.34000E-02,  4.82663E+14,  4.83679E+14,  4.84444E+14,  1.27383E-12,  0.00000E+00,  1.01634E+12,  7.65532E+11,  1.06847E-02,  3.67818E-03,  0.00000E+00,     0
   135,  1.35000E-02,  4.84444E+14,  4.85457E+14,  4.86222E+14,  1.27383E-12,  0.00000E+00,  1.01230E+12,  7.65268E+11,  3.56477E-02,  3.65587E-03,  0.00000E+00,     0
   136,  1.36000E-02,  4.86222E+14,  4.87230E+14,  4.87994E+14,  1.27383E-12,  0.00000E+00,  1.00797E+12,  7.64326E+11,  3.24798E-02,  3.63180E-03,  0.00000E+00,     0
   137,  1.37000E-02,  4.87994E+14,  4.88998E+14,  4.89761E+14,  1.27383E-12,  0.00000E+00,  1.00372E+12,  7.62876E+11,  3.49682E-02,  3.60707E-03,  0.00000E+00,     0
   138,  1.38000E-02,  4.89761E+14,  4.90760E+14,  4.91521E+14,  1.27383E-12,  0.00000E+00,  9.99522E+11,  7.61019E+11,  9.77160E-03,  3.58182E-03,  0.00000E+00,     0
   139,  1.39000E-02,  4.91521E+14,  4.92517E+14,  4.93277E+14,  1.27383E-12,  0.00000E+00,  9.95552E+11,  7.60314E+11,  2.87654E-02,  3.55959E-03,  0.00000E+00,     0
   140,  1.40000E-02,  4.93277E+14,  4.94269E+14,  4.95027E+14,  1.27383E-12,  0.00000E+00,  9.91497E+11,  7.58099E+11,  8.01635E-03,  3.53434E-03,  0.00000E+00,     0
   141,  1.41000E-02,  4.95027E+14,  4.96014E+14,  4.96771E+14,  1.27383E-12,  0.00000E+00,  9.87495E+11,  7.57011E+11,  1.88804E-02,  3.51169E-03,  0.00000E+00,     0
   142,  1.42000E-02,  4.96771E+14,  4.97755E+14,  4.98506E+14,  1.27383E-12,  0.00000E+00,  9.83756E+11,  7.50912E+11,  4.16677E-02,  3.47973E-03,  0.00000E+00,     0
   143,  1.43000E-02,  4.98506E+14,  4.99486E+14,  5.00241E+14,  1.27383E-12,  0.00000E+00,  9.80330E+11,  7.54165E+11,  8.14848E-02,  3.46732E-03,  0.00000E+00,     0
   144,  1.44000E-02,  5.00241E+14,  5.01217E+14,  5.01968E+14,  1.27383E-12,  0.00000E+00,  9.76149E+11,  7.51482E+11,  6.85351E-03,  3.44171E-03,  0.00000E+00,     0
   145,  1.45000E-02,  5.01968E+14,  5.02941E+14,  5.03691E+14,  1.27383E-12,  0.00000E+00,  9.72521E+11,  7.49925E+11,  1.00115E-02,  3.41965E-03,  0.00000E+00,     0
   146,  1.46000E-02,  5.03691E+14,  5.04660E+14,  5.05408E+14,  1.27383E-12,  0.00000E+00,  9.68898E+11,  7.48339E+11,  1.28054E-02,  3.39772E-03,  0.00000E+00,     0
   147,  1.47000E-02,  5.05408E+14,  5.06373E+14,  5.07123E+14,  1.27383E-12,  0.00000E+00,  9.65307E+11,  7.49958E+11,  6.07549E-02,  3.38234E-03,  0.00000E+00,     0
   148,  1.48000E-02,  5.07123E+14,  5.08085E+14,  5.08833E+14,  1.27383E-12,  0.00000E+00,  9.61476E+11,  7.48213E+11,  1.46080E-02,  3.36002E-03,  0.00000E+00,     0
   149,  1.49000E-02,  5.08833E+14,  5.09791E+14,  5.10537E+14,  1.27383E-12,  0.00000E+00,  9.57953E+11,  7.46076E+11,  6.62049E-03,  3.33772E-03,  0.00000E+00,     0
   150,  1.50000E-02,  5.10537E+14,  5.11491E+14,  5.12237E+14,  1.27383E-12,  0.00000E+00,  9.54582E+11,  7.45747E+11,  3.07925E-02,  3.31942E-03,  0.00000E+00,     0
   151,  1.51000E-02,  5.12237E+14,  5.13188E+14,  5.13934E+14,  1.27383E-12,  0.00000E+00,  9.51071E+11,  7.45326E+11,  2.55026E-02,  3.30081E-03,  0.00000E+00,     0
   152,  1.52000E-02,  5.13934E+14,  5.14881E+14,  5.15625E+14,  1.27383E-12,  0.00000E+00,  9.47626E+11,  7.43820E+11,  6.48798E-03,  3.28038E-03,  0.00000E+00,     0
   153,  1.53000E-02,  5.15625E+14,  5.16569E+14,  5.17308E+14,  1.27383E-12,  0.00000E+00,  9.44326E+11,  7.38848E+11,  3.81198E-02,  3.25372E-03,  0.00000E+00,     0
   154,  1.54000E-02,  5.17308E+14,  5.18249E+14,  5.18992E+14,  1.27383E-12,  0.00000E+00,  9.41221E+11,  7.42503E+11,  7.47979E-02,  3.24422E-03,  0.00000E+00,     0
   155,  1.55000E-02,  5.18992E+14,  5.19930E+14,  5.20670E+14,  1.27383E-12,  0.00000E+00,  9.37693E+11,  7.40360E+11,  6.36079E-03,  3.22287E-03,  0.00000E+00,     0
   156,  1.56000E-02,  5.20670E+14,  5.21605E+14,  5.22345E+14,  1.27383E-12,  0.00000E+00,  9.34559E+11,  7.40010E+11,  2.00533E-02,  3.20587E-03,  0.00000E+00,     0
   157,  1.57000E-02,  5.22345E+14,  5.23276E+14,  5.24016E+14,  1.27383E-12,  0.00000E+00,  9.31354E+11,  7.39907E+11,  3.71834E-02,  3.18933E-03,  0.00000E+00,     0
   158,  1.58000E-02,  5.24016E+14,  5.24944E+14,  5.25682E+14,  1.27383E-12,  0.00000E+00,  9.28111E+11,  7.37569E+11,  1.37547E-02,  3.16861E-03,  0.00000E+00,     0
   159,  1.59000E-02,  5.25682E+14,  5.26607E+14,  5.27340E+14,  1.27383E-12,  0.00000E+00,  9.25214E+11,  7.33550E+11,  2.91462E-02,  3.14553E-03,  0.00000E+00,     0
   160,  1.60000E-02,  5.27340E+14,  5.28263E+14,  5.29001E+14,  1.27383E-12,  0.00000E+00,  9.22368E+11,  7.38066E+11,  9.16678E-02,  3.13881E-03,  0.00000E+00,     0
   161,  1.61000E-02,  5.29001E+14,  5.29920E+14,  5.30654E+14,  1.27383E-12,  0.00000E+00,  9.18995E+11,  7.34085E+11,  3.31804E-02,  3.11518E-03,  0.00000E+00,     0
   162,  1.62000E-02,  5.30654E+14,  5.31570E+14,  5.32306E+14,  1.27383E-12,  0.00000E+00,  9.16217E+11,  7.36169E+11,  5.29032E-02,  3.10420E-03,  0.00000E+00,     0
   163,  1.63000E-02,  5.32306E+14,  5.33219E+14,  5.33954E+14,  1.27383E-12,  0.00000E+00,  9.13105E+11,  7.35006E+11,  9.17576E-03,  3.08661E-03,  0.00000E+00,     0
   164,  1.64000E-02,  5.33954E+14,  5.34865E+14,  5.35598E+14,  1.27383E-12,  0.00000E+00,  9.10215E+11,  7.33042E+11,  6.16921E-03,  3.06808E-03,  0.00000E+00,     0
   165,  1.65000E-02,  5.35598E+14,  5.36505E+14,  5.37239E+14,  1.27383E-12,  0.00000E+00,  9.07425E+11,  7.34010E+11,  3.37305E-02,  3.05531E-03,  0.00000E+00,     0
   166,  1.66000E-02,  5.37239E+14,  5.38144E+14,  5.38875E+14,  1.27383E-12,  0.00000E+00,  9.04506E+11,  7.31700E+11,  6.32235E-03,  3.03634E-03,  0.00000E+00,     0
   167,  1.67000E-02,  5.38875E+14,  5.39777E+14,  5.40511E+14,  1.27383E-12,  0.00000E+00,  9.01786E+11,  7.34026E+11,  4.39625E-02,  3.02642E-03,  0.00000E+00,     0
   168,  1.68000E-02,  5.40511E+14,  5.41410E+14,  5.42142E+14,  1.27383E-12,  0.00000E+00,  8.98892E+11,  7.31667E+11,  1.28104E-02,  3.00763E-03,  0.00000E+00,     0
   169,  1.69000E-02,  5.42142E+14,  5.43038E+14,  5.43769E+14,  1.27383E-12,  0.00000E+00,  8.96254E+11,  7.31230E+11,  1.41242E-02,  2.99297E-03,  0.00000E+00,     0
   170,  1.70000E-02,  5.43769E+14,  5.44663E+14,  5.45391E+14,  1.27383E-12,  0.00000E+00,  8.93551E+11,  7.28520E+11,  1.19303E-02,  2.97414E-03,  0.00000E+00,     0
   171,  1.71000E-02,  5.45391E+14,  5.46282E+14,  5.47010E+14,  1.27383E-12,  0.00000E+00,  8.90985E+11,  7.27925E+11,  1.72044E-02,  2.95956E-03,  0.00000E+00,     0
   172,  1.72000E-02,  5.47010E+14,  5.47898E+14,  5.48628E+14,  1.27383E-12,  0.00000E+00,  8.88347E+11,  7.30026E+11,  4.68686E-02,  2.94985E-03,  0.00000E+00,     0
   173,  1.73000E-02,  5.48628E+14,  5.49514E+14,  5.50244E+14,  1.27383E-12,  0.00000E+00,  8.85622E+11,  7.29666E+11,  5.68980E-03,  2.93559E-03,  0.00000E+00,     0
   174,  1.74000E-02,  5.50244E+14,  5.51127E+14,  5.51856E+14,  1.27383E-12,  0.00000E+00,  8.83038E+11,  7.29198E+11,  2.12484E-02,  2.92148E-03,  0.00000E+00,     0
   175,  1.75000E-02,  5.51856E+14,  5.52736E+14,  5.53465E+14,  1.27383E-12,  0.00000E+00,  8.80514E+11,  7.28218E+11,  5.62386E-03,  2.90666E-03,  0.00000E+00,     0
   176,  1.76000E-02,  5.53465E+14,  5.54343E+14,  5.55071E+14,  1.27383E-12,  0.00000E+00,  8.78005E+11,  7.28418E+11,  2.01058E-02,  2.89409E-03,  0.00000E+00,     0
   177,  1.77000E-02,  5.55071E+14,  5.55947E+14,  5.56674E+14,  1.27383E-12,  0.00000E+00,  8.75499E+11,  7.27720E+11,  7.24557E-03,  2.87999E-03,  0.00000E+00,     0
   178,  1.78000E-02,  5.56674E+14,  5.57547E+14,  5.58278E+14,  1.27383E-12,  0.00000E+00,  8.72970E+11,  7.30304E+11,  5.09020E-02,  2.87182E-03,  0.00000E+00,     0
   179,  1.79000E-02,  5.58278E+14,  5.59148E+14,  5.59877E+14,  1.27383E-12,  0.00000E+00,  8.70552E+11,  7.29051E+11,  5.49600E-03,  2.85706E-03,  0.00000E+00,     0
   180,  1.80000E-02,  5.59877E+14,  5.60745E+14,  5.61474E+14,  1.27383E-12,  0.00000E+00,  8.68174E+11,  7.28330E+11,  5.46503E-03,  2.84342E-03,  0.00000E+00,     0
   181,  1.81000E-02,  5.61474E+14,  5.62339E+14,  5.63067E+14,  1.27383E-12,  0.00000E+00,  8.65707E+11,  7.28021E+11,  1.29791E-02,  2.83044E-03,  0.00000E+00,     0
   182,  1.82000E-02,  5.63067E+14,  5.63931E+14,  5.64659E+14,  1.27383E-12,  0.00000E+00,  8.63498E+11,  7.28258E+11,  1.63825E-02,  2.81897E-03,  0.00000E+00,     0
   183,  1.83000E-02,  5.64659E+14,  5.65520E+14,  5.66247E+14,  1.27383E-12,  0.00000E+00,  8.61039E+11,  7.26411E+11,  1.39405E-02,  2.80346E-03,  0.00000E+00,     0
   184,  1.84000E-02,  5.66247E+14,  5.67105E+14,  5.67836E+14,  1.27383E-12,  0.00000E+00,  8.58828E+11,  7.30272E+11,  6.47049E-02,  2.79852E-03,  0.00000E+00,     0
   185,  1.85000E-02,  5.67836E+14,  5.68692E+14,  5.69418E+14,  1.27383E-12,  0.00000E+00,  8.56401E+11,  7.25845E+11,  3.86196E-02,  2.77871E-03,  0.00000E+00,     0
   186,  1.86000E-02,  5.69418E+14,  5.70272E+14,  5.70998E+14,  1.27383E-12,  0.00000E+00,  8.54315E+11,  7.25303E+11,  5.28615E-03,  2.76642E-03,  0.00000E+00,     0
   187,  1.87000E-02,  5.70998E+14,  5.71850E+14,  5.72578E+14,  1.27383E-12,  0.00000E+00,  8.52147E+11,  7.28642E+11,  6.32699E-02,  2.76083E-03,  0.00000E+00,     0
   188,  1.88000E-02,  5.72578E+14,  5.73428E+14,  5.74150E+14,  1.27383E-12,  0.00000E+00,  8.49936E+11,  7.21870E+11,  8.39652E-02,  2.73762E-03,  0.00000E+00,     0
   189,  1.89000E-02,  5.74150E+14,  5.74998E+14,  5.75721E+14,  1.27383E-12,  0.00000E+00,  8.47942E+11,  7.23303E+11,  3.44199E-02,  2.72918E-03,  0.00000E+00,     0
   190,  1.90000E-02,  5.75721E+14,  5.76567E+14,  5.77294E+14,  1.27383E-12,  0.00000E+00,  8.45756E+11,  7.26955E+11,  5.40515E-02,  2.72428E-03,  0.00000E+00,     0
   191,  1.91000E-02,  5.77294E+14,  5.78138E+14,  5.78863E+14,  1.27383E-12,  0.00000E+00,  8.43525E+11,  7.25618E+11,  5.14537E-03,  2.71073E-03,  0.00000E+00,     0
   192,  1.92000E-02,  5.78863E+14,  5.79705E+14,  5.80430E+14,  1.27383E-12,  0.00000E+00,  8.41475E+11,  7.24926E+11,  1.80906E-02,  2.69869E-03,  0.00000E+00,     0
   193,  1.93000E-02,  5.80430E+14,  5.81269E+14,  5.81995E+14,  1.27383E-12,  0.00000E+00,  8.39400E+11,  7.26143E+11,  1.70933E-02,  2.68996E-03,  0.00000E+00,     0
   194,  1.94000E-02,  5.81995E+14,  5.82833E+14,  5.83561E+14,  1.27383E-12,  0.00000E+00,  8.37344E+11,  7.28245E+11,  3.56184E-02,  2.68282E-03,  0.00000E+00,     0
   195,  1.95000E-02,  5.83561E+14,  5.84396E+14,  5.85125E+14,  1.27383E-12,  0.00000E+00,  8.35212E+11,  7.29434E+11,  1.85886E-02,  2.67403E-03,  0.00000E+00,     0
   196,  1.96000E-02,  5.85125E+14,  5.85959E+14,  5.86685E+14,  1.27383E-12,  0.00000E+00,  8.33186E+11,  7.26138E+11,  3.50089E-02,  2.65786E-03,  0.00000E+00,     0
   197,  1.97000E-02,  5.86685E+14,  5.87516E+14,  5.88242E+14,  1.27383E-12,  0.00000E+00,  8.31321E+11,  7.26225E+11,  2.92301E-02,  2.64780E-03,  0.00000E+00,     0
   198,  1.98000E-02,  5.88242E+14,  5.89072E+14,  5.89800E+14,  1.27383E-12,  0.00000E+00,  8.29327E+11,  7.28169E+11,  3.60699E-02,  2.64072E-03,  0.00000E+00,     0
   199,  1.99000E-02,  5.89800E+14,  5.90627E+14,  5.91356E+14,  1.27383E-12,  0.00000E+00,  8.27482E+11,  7.28230E+11,  1.39668E-02,  2.63076E-03,  0.00000E+00,     0
   200,  2.00000E-02,  5.91356E+14,  5.92181E+14,  5.92909E+14,  1.27383E-12,  0.00000E+00,  8.25557E+11,  7.27442E+11,  4.90967E-03,  2.61929E-03,  0.00000E+00,     0
   201,  2.01000E-02,  5.92909E+14,  5.93732E+14,  5.94457E+14,  1.27383E-12,  0.00000E+00,  8.23546E+11,  7.25307E+11,  3.48767E-02,  2.60549E-03,  0.00000E+00,     0
   202,  2.02000E-02,  5.94457E+14,  5.95279E+14,  5.96007E+14,  1.27383E-12,  0.00000E+00,  8.21834E+11,  7.27754E+11,  5.91983E-02,  2.59995E-03,  0.00000E+00,     0
   203,  2.03000E-02,  5.96007E+14,  5.96827E+14,  5.97546E+14,  1.27383E-12,  0.00000E+00,  8.19973E+11,  7.19195E+11,  1.26853E-01,  2.57581E-03,  0.00000E+00,     0
   204,  2.04000E-02,  5.97546E+14,  5.98365E+14,  5.99092E+14,  1.27383E-12,  0.00000E+00,  8.18407E+11,  7.27860E+11,  1.44574E-01,  2.58101E-03,  0.00000E+00,     0
   205,  2.05000E-02,  5.99092E+14,  5.99909E+14,  6.00635E+14,  1.27383E-12,  0.00000E+00,  8.16259E+11,  7.26771E+11,  2.41750E-02,  2.56899E-03,  0.00000E+00,     0
   206,  2.06000E-02,  6.00635E+14,  6.01450E+14,  6.02176E+14,  1.27383E-12,  0.00000E+00,  8.14541E+11,  7.26045E+11,  1.14157E-02,  2.55837E-03,  0.00000E+00,     0
   207,  2.07000E-02,  6.02176E+14,  6.02989E+14,  6.03715E+14,  1.27383E-12,  0.00000E+00,  8.12772E+11,  7.26131E+11,  9.37813E-03,  2.54905E-03,  0.00000E+00,     0
   208,  2.08000E-02,  6.03715E+14,  6.04526E+14,  6.05254E+14,  1.27383E-12,  0.00000E+00,  8.11023E+11,  7.28381E+11,  3.75062E-02,  2.54340E-03,  0.00000E+00,     0
   209,  2.09000E-02,  6.05254E+14,  6.06064E+14,  6.06787E+14,  1.27383E-12,  0.00000E+00,  8.09225E+11,  7.23516E+11,  6.21074E-02,  2.52600E-03,  0.00000E+00,     0
   210,  2.10000E-02,  6.06787E+14,  6.07595E+14,  6.08320E+14,  1.27383E-12,  0.00000E+00,  8.07677E+11,  7.25165E+11,  1.94129E-02,  2.51980E-03,  0.00000E+00,     0
   211,  2.11000E-02,  6.08320E+14,  6.09126E+14,  6.09855E+14,  1.27383E-12,  0.00000E+00,  8.05965E+11,  7.28703E+11,  6.95009E-02,  2.51645E-03,  0.00000E+00,     0
   212,  2.12000E-02,  6.09855E+14,  6.10659E+14,  6.11379E+14,  1.27383E-12,  0.00000E+00,  8.04152E+11,  7.20387E+11,  1.18820E-01,  2.49361E-03,  0.00000E+00,     0
   213,  2.13000E-02,  6.11379E+14,  6.12182E+14,  6.12900E+14,  1.27383E-12,  0.00000E+00,  8.02797E+11,  7.18358E+11,  1.88413E-02,  2.48190E-03,  0.00000E+00,     0
   214,  2.14000E-02,  6.12900E+14,  6.13702E+14,  6.14427E+14,  1.27383E-12,  0.00000E+00,  8.01246E+11,  7.25838E+11,  1.13124E-01,  2.48538E-03,  0.00000E+00,     0
   215,  2.15000E-02,  6.14427E+14,  6.15227E+14,  6.15953E+14,  1.27383E-12,  0.00000E+00,  7.99384E+11,  7.25972E+11,  8.50507E-03,  2.47642E-03,  0.00000E+00,     0
   216,  2.16000E-02,  6.15953E+14,  6.16751E+14,  6.17479E+14,  1.27383E-12,  0.00000E+00,  7.97775E+11,  7.28719E+11,  5.34719E-02,  2.47214E-03,  0.00000E+00,     0
   217,  2.17000E-02,  6.17479E+14,  6.18275E+14,  6.19004E+14,  1.27383E-12,  0.00000E+00,  7.96084E+11,  7.28876E+11,  8.09388E-03,  2.46357E-03,  0.00000E+00,     0
   218,  2.18000E-02,  6.19004E+14,  6.19799E+14,  6.20528E+14,  1.27383E-12,  0.00000E+00,  7.94500E+11,  7.29039E+11,  8.00536E-03,  2.45523E-03,  0.00000E+00,     0
   219,  2.19000E-02,  6.20528E+14,  6.21321E+14,  6.22050E+14,  1.27383E-12,  0.00000E+00,  7.92932E+11,  7.29194E+11,  7.60345E-03,  2.44695E-03,  0.00000E+00,     0
   220,  2.20000E-02,  6.22050E+14,  6.22841E+14,  6.23565E+14,  1.27383E-12,  0.00000E+00,  7.91381E+11,  7.23453E+11,  7.02613E-02,  2.42931E-03,  0.00000E+00,     0
   221,  2.21000E-02,  6.23565E+14,  6.24355E+14,  6.25083E+14,  1.27383E-12,  0.00000E+00,  7.90050E+11,  7.28692E+11,  7.13591E-02,  2.42966E-03,  0.00000E+00,     0
   222,  2.22000E-02,  6.25083E+14,  6.25872E+14,  6.26600E+14,  1.27383E-12,  0.00000E+00,  7.88375E+11,  7.28187E+11,  4.41464E-03,  2.42030E-03,  0.00000E+00,     0
   223,  2.23000E-02,  6.26600E+14,  6.27387E+14,  6.28117E+14,  1.27383E-12,  0.00000E+00,  7.86894E+11,  7.30497E+11,  4.27305E-02,  2.41578E-03,  0.00000E+00,     0
   224,  2.24000E-02,  6.28117E+14,  6.28903E+14,  6.29632E+14,  1.27383E-12,  0.00000E+00,  7.85339E+11,  7.29527E+11,  1.67332E-02,  2.40595E-03,  0.00000E+00,     0
   225,  2.25000E-02,  6.29632E+14,  6.30416E+14,  6.31142E+14,  1.27383E-12,  0.00000E+00,  7.83907E+11,  7.26239E+11,  4.12841E-02,  2.39272E-03,  0.00000E+00,     0
   226,  2.26000E-02,  6.31142E+14,  6.31925E+14,  6.32649E+14,  1.27383E-12,  0.00000E+00,  7.82549E+11,  7.24169E+11,  1.26265E-02,  2.38160E-03,  0.00000E+00,     0
   227,  2.27000E-02,  6.32649E+14,  6.33430E+14,  6.34152E+14,  1.27383E-12,  0.00000E+00,  7.81249E+11,  7.21846E+11,  1.70801E-02,  2.37024E-03,  0.00000E+00,     0
   228,  2.28000E-02,  6.34152E+14,  6.34932E+14,  6.35660E+14,  1.27383E-12,  0.00000E+00,  7.79707E+11,  7.28190E+11,  7.35983E-02,  2.37218E-03,  0.00000E+00,     0
   229,  2.29000E-02,  6.35660E+14,  6.36438E+14,  6.37169E+14,  1.27383E-12,  0.00000E+00,  7.78167E+11,  7.30765E+11,  4.30440E-02,  2.36818E-03,  0.00000E+00,     0
   230,  2.30000E-02,  6.37169E+14,  6.37946E+14,  6.38678E+14,  1.27383E-12,  0.00000E+00,  7.76696E+11,  7.32306E+11,  1.66807E-02,  2.36269E-03,  0.00000E+00,     0
   231,  2.31000E-02,  6.38678E+14,  6.39453E+14,  6.40181E+14,  1.27383E-12,  0.00000E+00,  7.75280E+11,  7.27922E+11,  6.36528E-02,  2.34809E-03,  0.00000E+00,     0
   232,  2.32000E-02,  6.40181E+14,  6.40955E+14,  6.41684E+14,  1.27383E-12,  0.00000E+00,  7.74031E+11,  7.28609E+11,  1.92642E-02,  2.34171E-03,  0.00000E+00,     0
   233,  2.33000E-02,  6.41684E+14,  6.42457E+14,  6.43188E+14,  1.27383E-12,  0.00000E+00,  7.72650E+11,  7.31125E+11,  3.16349E-02,  2.33800E-03,  0.00000E+00,     0
   234,  2.34000E-02,  6.43188E+14,  6.43959E+14,  6.44691E+14,  1.27383E-12,  0.00000E+00,  7.71253E+11,  7.32578E+11,  4.13390E-02,  2.33264E-03,  0.00000E+00,     0
   235,  2.35000E-02,  6.44691E+14,  6.45461E+14,  6.46193E+14,  1.27383E-12,  0.00000E+00,  7.69852E+11,  7.31926E+11,  1.51957E-02,  2.32404E-03,  0.00000E+00,     0
   236,  2.36000E-02,  6.46193E+14,  6.46962E+14,  6.47696E+14,  1.27383E-12,  0.00000E+00,  7.68557E+11,  7.34163E+11,  2.32883E-02,  2.32010E-03,  0.00000E+00,     0
   237,  2.37000E-02,  6.47696E+14,  6.48463E+14,  6.49195E+14,  1.27383E-12,  0.00000E+00,  7.67206E+11,  7.32253E+11,  9.06186E-03,  2.30972E-03,  0.00000E+00,     0
   238,  2.38000E-02,  6.49195E+14,  6.49961E+14,  6.50687E+14,  1.27383E-12,  0.00000E+00,  7.66003E+11,  7.25622E+11,  9.39255E-02,  2.29238E-03,  0.00000E+00,     0
   239,  2.39000E-02,  6.50687E+14,  6.51452E+14,  6.52181E+14,  1.27383E-12,  0.00000E+00,  7.64909E+11,  7.29481E+11,  5.94528E-02,  2.29137E-03,  0.00000E+00,     0
   240,  2.40000E-02,  6.52181E+14,  6.52945E+14,  6.53678E+14,  1.27383E-12,  0.00000E+00,  7.63548E+11,  7.33371E+11,  5.10547E-02,  2.28999E-03,  0.00000E+00,     0
   241,  2.41000E-02,  6.53678E+14,  6.54441E+14,  6.55176E+14,  1.27383E-12,  0.00000E+00,  7.62204E+11,  7.35540E+11,  3.61978E-02,  2.28602E-03,  0.00000E+00,     0
   242,  2.42000E-02,  6.55176E+14,  6.55937E+14,  6.56670E+14,  1.27383E-12,  0.00000E+00,  7.60895E+11,  7.33006E+11,  3.65584E-02,  2.27496E-03,  0.00000E+00,     0
   243,  2.43000E-02,  6.56670E+14,  6.57430E+14,  6.58163E+14,  1.27383E-12,  0.00000E+00,  7.59718E+11,  7.33264E+11,  6.26186E-03,  2.26841E-03,  0.00000E+00,     0
   244,  2.44000E-02,  6.58163E+14,  6.58921E+14,  6.59656E+14,  1.27383E-12,  0.00000E+00,  7.58486E+11,  7.34114E+11,  1.75398E-02,  2.26270E-03,  0.00000E+00,     0
   245,  2.45000E-02,  6.59656E+14,  6.60413E+14,  6.61147E+14,  1.27383E-12,  0.00000E+00,  7.57246E+11,  7.34276E+11,  1.32040E-02,  2.25596E-03,  0.00000E+00,     0
   246,  2.46000E-02,  6.61147E+14,  6.61903E+14,  6.62634E+14,  1.27383E-12,  0.00000E+00,  7.56027E+11,  7.30638E+11,  4.94009E-02,  2.24357E-03,  0.00000E+00,     0
   247,  2.47000E-02,  6.62634E+14,  6.63389E+14,  6.64120E+14,  1.27383E-12,  0.00000E+00,  7.54926E+11,  7.30889E+11,  6.26109E-03,  2.23727E-03,  0.00000E+00,     0
   248,  2.48000E-02,  6.64120E+14,  6.64873E+14,  6.65606E+14,  1.27383E-12,  0.00000E+00,  7.53748E+11,  7.32388E+11,  2.45771E-02,  2.23276E-03,  0.00000E+00,     0
   249,  2.49000E-02,  6.65606E+14,  6.66358E+14,  6.67082E+14,  1.27383E-12,  0.00000E+00,  7.52547E+11,  7.24045E+11,  8.17771E-02,  2.21351E-03,  0.00000E+00,     0
   250,  2.50000E-02,  6.67082E+14,  6.67834E+14,  6.68569E+14,  1.27383E-12,  0.00000E+00,  7.51688E+11,  7.35032E+11,  1.23651E-01,  2.22373E-03,  0.00000E+00,     0
   251,  2.51000E-02,  6.68569E+14,  6.69319E+14,  6.70055E+14,  1.27383E-12,  0.00000E+00,  7.50203E+11,  7.35297E+11,  5.01477E-03,  2.21698E-03,  0.00000E+00,     0
   252,  2.52000E-02,  6.70055E+14,  6.70804E+14,  6.71541E+14,  1.27383E-12,  0.00000E+00,  7.49069E+11,  7.37126E+11,  4.66842E-02,  2.21311E-03,  0.00000E+00,     0
   253,  2.53000E-02,  6.71541E+14,  6.72289E+14,  6.73026E+14,  1.27383E-12,  0.00000E+00,  7.47867E+11,  7.36920E+11,  2.97966E-02,  2.20614E-03,  0.00000E+00,     0
   254,  2.54000E-02,  6.73026E+14,  6.73772E+14,  6.74508E+14,  1.27383E-12,  0.00000E+00,  7.46783E+11,  7.35529E+11,  5.49358E-03,  2.19762E-03,  0.00000E+00,     0
   255,  2.55000E-02,  6.74508E+14,  6.75254E+14,  6.75989E+14,  1.27383E-12,  0.00000E+00,  7.45681E+11,  7.35395E+11,  1.82197E-02,  2.19098E-03,  0.00000E+00,     0
   256,  2.56000E-02,  6.75989E+14,  6.76734E+14,  6.77465E+14,  1.27383E-12,  0.00000E+00,  7.44608E+11,  7.31355E+11,  2.24714E-02,  2.17866E-03,  0.00000E+00,     0
   257,  2.57000E-02,  6.77465E+14,  6.78208E+14,  6.78945E+14,  1.27383E-12,  0.00000E+00,  7.43568E+11,  7.36065E+11,  6.47648E-02,  2.17931E-03,  0.00000E+00,     0
   258,  2.58000E-02,  6.78945E+14,  6.79687E+14,  6.80420E+14,  1.27383E-12,  0.00000E+00,  7.42391E+11,  7.32852E+11,  6.63729E-02,  2.16814E-03,  0.00000E+00,     0
   259,  2.59000E-02,  6.80420E+14,  6.81161E+14,  6.81896E+14,  1.27383E-12,  0.00000E+00,  7.41428E+11,  7.34918E+11,  4.01202E-02,  2.16506E-03,  0.00000E+00,     0
   260,  2.60000E-02,  6.81896E+14,  6.82636E+14,  6.83376E+14,  1.27383E-12,  0.00000E+00,  7.40310E+11,  7.40062E+11,  7.92435E-02,  2.16626E-03,  0.00000E+00,     0
   261,  2.61000E-02,  6.83376E+14,  6.84116E+14,  6.84856E+14,  1.27383E-12,  0.00000E+00,  7.39132E+11,  7.40339E+11,  4.57073E-03,  2.16027E-03,  0.00000E+00,     0
   262,  2.62000E-02,  6.84856E+14,  6.85594E+14,  6.86335E+14,  1.27383E-12,  0.00000E+00,  7.38071E+11,  7.40618E+11,  4.54069E-03,  2.15447E-03,  0.00000E+00,     0
   263,  2.63000E-02,  6.86335E+14,  6.87072E+14,  6.87806E+14,  1.27383E-12,  0.00000E+00,  7.37019E+11,  7.34593E+11,  9.76066E-02,  2.13957E-03,  0.00000E+00,     0
   264,  2.64000E-02,  6.87806E+14,  6.88542E+14,  6.89280E+14,  1.27383E-12,  0.00000E+00,  7.36141E+11,  7.37382E+11,  5.63917E-02,  2.13777E-03,  0.00000E+00,     0
   265,  2.65000E-02,  6.89280E+14,  6.90015E+14,  6.90756E+14,  1.27383E-12,  0.00000E+00,  7.35044E+11,  7.41573E+11,  5.10488E-02,  2.13768E-03,  0.00000E+00,     0
   266,  2.66000E-02,  6.90756E+14,  6.91490E+14,  6.92228E+14,  1.27383E-12,  0.00000E+00,  7.33952E+11,  7.37811E+11,  6.72052E-02,  2.12612E-03,  0.00000E+00,     0
   267,  2.67000E-02,  6.92228E+14,  6.92961E+14,  6.93703E+14,  1.27383E-12,  0.00000E+00,  7.33043E+11,  7.41723E+11,  6.00462E-02,  2.12593E-03,  0.00000E+00,     0
   268,  2.68000E-02,  6.93703E+14,  6.94435E+14,  6.95169E+14,  1.27383E-12,  0.00000E+00,  7.32057E+11,  7.33646E+11,  8.27541E-02,  2.10841E-03,  0.00000E+00,     0
   269,  2.69000E-02,  6.95169E+14,  6.95900E+14,  6.96641E+14,  1.27383E-12,  0.00000E+00,  7.31108E+11,  7.41526E+11,  7.93295E-02,  2.11391E-03,  0.00000E+00,     0
   270,  2.70000E-02,  6.96641E+14,  6.97371E+14,  6.98114E+14,  1.27383E-12,  0.00000E+00,  7.29999E+11,  7.42371E+11,  2.67478E-02,  2.10907E-03,  0.00000E+00,     0
   271,  2.71000E-02,  6.98114E+14,  6.98843E+14,  6.99584E+14,  1.27383E-12,  0.00000E+00,  7.28993E+11,  7.41597E+11,  1.14217E-02,  2.10209E-03,  0.00000E+00,     0
   272,  2.72000E-02,  6.99584E+14,  7.00312E+14,  7.01045E+14,  1.27383E-12,  0.00000E+00,  7.28040E+11,  7.32391E+11,  9.70508E-02,  2.08322E-03,  0.00000E+00,     0
   273,  2.73000E-02,  7.01045E+14,  7.01772E+14,  7.02514E+14,  1.27383E-12,  0.00000E+00,  7.27250E+11,  7.42146E+11,  1.05813E-01,  2.09162E-03,  0.00000E+00,     0
   274,  2.74000E-02,  7.02514E+14,  7.03240E+14,  7.03979E+14,  1.27383E-12,  0.00000E+00,  7.26142E+11,  7.39200E+11,  1.83572E-02,  2.08151E-03,  0.00000E+00,     0
   275,  2.75000E-02,  7.03979E+14,  7.04705E+14,  7.05445E+14,  1.27383E-12,  0.00000E+00,  7.25231E+11,  7.40293E+11,  3.54724E-03,  2.07745E-03,  0.00000E+00,     0
   276,  2.76000E-02,  7.05445E+14,  7.06169E+14,  7.06911E+14,  1.27383E-12,  0.00000E+00,  7.24296E+11,  7.41329E+11,  1.20382E-02,  2.07328E-03,  0.00000E+00,     0
   277,  2.77000E-02,  7.06911E+14,  7.07634E+14,  7.08372E+14,  1.27383E-12,  0.00000E+00,  7.23352E+11,  7.38402E+11,  2.43617E-02,  2.06354E-03,  0.00000E+00,     0
   278,  2.78000E-02,  7.08372E+14,  7.09095E+14,  7.09838E+14,  1.27383E-12,  0.00000E+00,  7.22474E+11,  7.43526E+11,  4.99250E-02,  2.06526E-03,  0.00000E+00,     0
   279,  2.79000E-02,  7.09838E+14,  7.10560E+14,  7.11301E+14,  1.27383E-12,  0.00000E+00,  7.21488E+11,  7.40943E+11,  2.65955E-02,  2.05600E-03,  0.00000E+00,     0
   280,  2.80000E-02,  7.11301E+14,  7.12021E+14,  7.12765E+14,  1.27383E-12,  0.00000E+00,  7.20619E+11,  7.43812E+11,  2.47858E-02,  2.05458E-03,  0.00000E+00,     0
   281,  2.81000E-02,  7.12765E+14,  7.13485E+14,  7.14228E+14,  1.27383E-12,  0.00000E+00,  7.19683E+11,  7.43088E+11,  9.09081E-03,  2.04804E-03,  0.00000E+00,     0
   282,  2.82000E-02,  7.14228E+14,  7.14947E+14,  7.15690E+14,  1.27383E-12,  0.00000E+00,  7.18775E+11,  7.43628E+11,  3.01764E-02,  2.04335E-03,  0.00000E+00,     0
   283,  2.83000E-02,  7.15690E+14,  7.16408E+14,  7.17145E+14,  1.27383E-12,  0.00000E+00,  7.17921E+11,  7.36681E+11,  5.45257E-02,  2.02832E-03,  0.00000E+00,     0
   284,  2.84000E-02,  7.17145E+14,  7.17862E+14,  7.18604E+14,  1.27383E-12,  0.00000E+00,  7.17221E+11,  7.41832E+11,  6.09047E-02,  2.03040E-03,  0.00000E+00,     0
   285,  2.85000E-02,  7.18604E+14,  7.19320E+14,  7.20068E+14,  1.27383E-12,  0.00000E+00,  7.16189E+11,  7.47365E+11,  5.00359E-02,  2.03252E-03,  0.00000E+00,     0
   286,  2.86000E-02,  7.20068E+14,  7.20783E+14,  7.21519E+14,  1.27383E-12,  0.00000E+00,  7.15378E+11,  7.36148E+11,  1.22111E-01,  2.01176E-03,  0.00000E+00,     0
   287,  2.87000E-02,  7.21519E+14,  7.22234E+14,  7.22979E+14,  1.27383E-12,  0.00000E+00,  7.14575E+11,  7.45729E+11,  1.12497E-01,  2.01984E-03,  0.00000E+00,     0
   288,  2.88000E-02,  7.22979E+14,  7.23693E+14,  7.24435E+14,  1.27383E-12,  0.00000E+00,  7.13558E+11,  7.42035E+11,  4.09883E-02,  2.00928E-03,  0.00000E+00,     0
   289,  2.89000E-02,  7.24435E+14,  7.25148E+14,  7.25892E+14,  1.27383E-12,  0.00000E+00,  7.12768E+11,  7.44565E+11,  3.09787E-02,  2.00764E-03,  0.00000E+00,     0
   290,  2.90000E-02,  7.25892E+14,  7.26604E+14,  7.27350E+14,  1.27383E-12,  0.00000E+00,  7.11885E+11,  7.45568E+11,  1.58192E-02,  2.00378E-03,  0.00000E+00,     0
   291,  2.91000E-02,  7.27350E+14,  7.28061E+14,  7.28808E+14,  1.27383E-12,  0.00000E+00,  7.11012E+11,  7.47370E+11,  2.30300E-02,  2.00105E-03,  0.00000E+00,     0
   292,  2.92000E-02,  7.28808E+14,  7.29518E+14,  7.30264E+14,  1.27383E-12,  0.00000E+00,  7.10157E+11,  7.45382E+11,  2.84782E-02,  1.99317E-03,  0.00000E+00,     0
   293,  2.93000E-02,  7.30264E+14,  7.30973E+14,  7.31719E+14,  1.27383E-12,  0.00000E+00,  7.09500E+11,  7.46041E+11,  3.32395E-03,  1.98921E-03,  0.00000E+00,     0
   294,  2.94000E-02,  7.31719E+14,  7.32428E+14,  7.33172E+14,  1.27383E-12,  0.00000E+00,  7.08544E+11,  7.44191E+11,  9.07368E-03,  1.98144E-03,  0.00000E+00,     0
   295,  2.95000E-02,  7.33172E+14,  7.33880E+14,  7.34625E+14,  1.27383E-12,  0.00000E+00,  7.07744E+11,  7.44970E+11,  1.79907E-02,  1.97749E-03,  0.00000E+00,     0
   296,  2.96000E-02,  7.34625E+14,  7.35332E+14,  7.36078E+14,  1.27383E-12,  0.00000E+00,  7.06923E+11,  7.46458E+11,  8.35786E-03,  1.97449E-03,  0.00000E+00,     0
   297,  2.97000E-02,  7.36078E+14,  7.36784E+14,  7.37533E+14,  1.27383E-12,  0.00000E+00,  7.06106E+11,  7.48532E+11,  2.80506E-02,  1.97230E-03,  0.00000E+00,     0
   298,  2.98000E-02,  7.37533E+14,  7.38238E+14,  7.38987E+14,  1.27383E-12,  0.00000E+00,  7.05270E+11,  7.48810E+11,  3.26662E-03,  1.96767E-03,  0.00000E+00,     0
   299,  2.99000E-02,  7.38987E+14,  7.39691E+14,  7.40437E+14,  1.27383E-12,  0.00000E+00,  7.04469E+11,  7.45796E+11,  2.22344E-02,  1.95866E-03,  0.00000E+00,     0
   300,  3.00000E-02,  7.40437E+14,  7.41141E+14,  7.41888E+14,  1.27383E-12,  0.00000E+00,  7.03718E+11,  7.46884E+11,  9.24307E-03,  1.95528E-03,  0.00000E+00,     0
   301,  3.01000E-02,  7.41888E+14,  7.42591E+14,  7.43338E+14,  1.27383E-12,  0.00000E+00,  7.02947E+11,  7.47523E+11,  5.99480E-03,  1.95129E-03,  0.00000E+00,     0
   302,  3.02000E-02,  7.43338E+14,  7.44040E+14,  7.44785E+14,  1.27383E-12,  0.00000E+00,  7.02176E+11,  7.44995E+11,  1.32556E-02,  1.94307E-03,  0.00000E+00,     0
   303,  3.03000E-02,  7.44785E+14,  7.45487E+14,  7.46232E+14,  1.27383E-12,  0.00000E+00,  7.01432E+11,  7.45510E+11,  6.53112E-03,  1.93900E-03,  0.00000E+00,     0
   304,  3.04000E-02,  7.46232E+14,  7.46933E+14,  7.47679E+14,  1.27383E-12,  0.00000E+00,  7.00680E+11,  7.46022E+11,  1.75503E-02,  1.93493E-03,  0.00000E+00,     0
   305,  3.05000E-02,  7.47679E+14,  7.48379E+14,  7.49127E+14,  1.27383E-12,  0.00000E+00,  6.99904E+11,  7.47775E+11,  2.87665E-02,  1.93249E-03,  0.00000E+00,     0
   306,  3.06000E-02,  7.49127E+14,  7.49826E+14,  7.50575E+14,  1.27383E-12,  0.00000E+00,  6.99114E+11,  7.49142E+11,  6.11958E-03,  1.92953E-03,  0.00000E+00,     0
   307,  3.07000E-02,  7.50575E+14,  7.51273E+14,  7.52020E+14,  1.27383E-12,  0.00000E+00,  6.98352E+11,  7.47112E+11,  2.00390E-02,  1.92211E-03,  0.00000E+00,     0
   308,  3.08000E-02,  7.52020E+14,  7.52718E+14,  7.53467E+14,  1.27383E-12,  0.00000E+00,  6.97634E+11,  7.48777E+11,  3.49020E-02,  1.91967E-03,  0.00000E+00,     0
   309,  3.09000E-02,  7.53467E+14,  7.54164E+14,  7.54913E+14,  1.27383E-12,  0.00000E+00,  6.96852E+11,  7.49420E+11,  5.63883E-03,  1.91581E-03,  0.00000E+00,     0
   310,  3.10000E-02,  7.54913E+14,  7.55609E+14,  7.56361E+14,  1.27383E-12,  0.00000E+00,  6.96108E+11,  7.51947E+11,  1.39076E-02,  1.91450E-03,  0.00000E+00,     0
   311,  3.11000E-02,  7.56361E+14,  7.57056E+14,  7.57809E+14,  1.27383E-12,  0.00000E+00,  6.95350E+11,  7.52097E+11,  2.12308E-02,  1.91004E-03,  0.00000E+00,     0
   312,  3.12000E-02,  7.57809E+14,  7.58503E+14,  7.59253E+14,  1.27383E-12,  0.00000E+00,  6.94639E+11,  7.49907E+11,  6.87695E-03,  1.90259E-03,  0.00000E+00,     0
   313,  3.13000E-02,  7.59253E+14,  7.59947E+14,  7.60697E+14,  1.27383E-12,  0.00000E+00,  6.93923E+11,  7.50450E+11,  1.64530E-02,  1.89875E-03,  0.00000E+00,     0
   314,  3.14000E-02,  7.60697E+14,  7.61391E+14,  7.62143E+14,  1.27383E-12,  0.00000E+00,  6.93218E+11,  7.52511E+11,  4.02872E-02,  1.89693E-03,  0.00000E+00,     0
   315,  3.15000E-02,  7.62143E+14,  7.62836E+14,  7.63584E+14,  1.27383E-12,  0.00000E+00,  6.92455E+11,  7.48038E+11,  4.23610E-02,  1.88649E-03,  0.00000E+00,     0
   316,  3.16000E-02,  7.63584E+14,  7.64276E+14,  7.65029E+14,  1.27383E-12,  0.00000E+00,  6.91861E+11,  7.53765E+11,  6.68437E-02,  1.88964E-03,  0.00000E+00,     0
   317,  3.17000E-02,  7.65029E+14,  7.65720E+14,  7.66472E+14,  1.27383E-12,  0.00000E+00,  6.91010E+11,  7.51512E+11,  5.48018E-02,  1.88203E-03,  0.00000E+00,     0
   318,  3.18000E-02,  7.66472E+14,  7.67162E+14,  7.67914E+14,  1.27383E-12,  0.00000E+00,  6.90367E+11,  7.51399E+11,  2.09017E-02,  1.87751E-03,  0.00000E+00,     0
   319,  3.19000E-02,  7.67914E+14,  7.68603E+14,  7.69355E+14,  1.27383E-12,  0.00000E+00,  6.89651E+11,  7.51380E+11,  1.00651E-02,  1.87304E-03,  0.00000E+00,     0
   320,  3.20000E-02,  7.69355E+14,  7.70044E+14,  7.70799E+14,  1.27383E-12,  0.00000E+00,  6.88968E+11,  7.55758E+11,  5.45868E-02,  1.87432E-03,  0.00000E+00,     0
   321,  3.21000E-02,  7.70799E+14,  7.71488E+14,  7.72241E+14,  1.27383E-12,  0.00000E+00,  6.88205E+11,  7.53429E+11,  2.44057E-02,  1.86682E-03,  0.00000E+00,     0
   322,  3.22000E-02,  7.72241E+14,  7.72928E+14,  7.73680E+14,  1.27383E-12,  0.00000E+00,  6.87546E+11,  7.51125E+11,  4.37194E-02,  1.85952E-03,  0.00000E+00,     0
   323,  3.23000E-02,  7.73680E+14,  7.74367E+14,  7.75120E+14,  1.27383E-12,  0.00000E+00,  6.86921E+11,  7.53296E+11,  3.30976E-02,  1.85806E-03,  0.00000E+00,     0
   324,  3.24000E-02,  7.75120E+14,  7.75806E+14,  7.76555E+14,  1.27383E-12,  0.00000E+00,  6.86204E+11,  7.49060E+11,  4.24343E-02,  1.84824E-03,  0.00000E+00,     0
   325,  3.25000E-02,  7.76555E+14,  7.77241E+14,  7.77994E+14,  1.27383E-12,  0.00000E+00,  6.85593E+11,  7.53171E+11,  6.12830E-02,  1.84933E-03,  0.00000E+00,     0
   326,  3.26000E-02,  7.77994E+14,  7.78679E+14,  7.79429E+14,  1.27383E-12,  0.00000E+00,  6.84852E+11,  7.50571E+11,  4.67160E-02,  1.84163E-03,  0.00000E+00,     0
   327,  3.27000E-02,  7.79429E+14,  7.80114E+14,  7.80861E+14,  1.27383E-12,  0.00000E+00,  6.84246E+11,  7.47902E+11,  4.56230E-02,  1.83406E-03,  0.00000E+00,     0
   328,  3.28000E-02,  7.80861E+14,  7.81545E+14,  7.82302E+14,  1.27383E-12,  0.00000E+00,  6.83655E+11,  7.56545E+11,  1.11963E-01,  1.84098E-03,  0.00000E+00,     0
   329,  3.29000E-02,  7.82302E+14,  7.82985E+14,  7.83727E+14,  1.27383E-12,  0.00000E+00,  6.82914E+11,  7.41980E+11,  1.43889E-01,  1.81810E-03,  0.00000E+00,     0
   330,  3.30000E-02,  7.83727E+14,  7.84409E+14,  7.85165E+14,  1.27383E-12,  0.00000E+00,  6.82450E+11,  7.55608E+11,  1.31331E-01,  1.83154E-03,  0.00000E+00,     0
   331,  3.31000E-02,  7.85165E+14,  7.85846E+14,  7.86605E+14,  1.27383E-12,  0.00000E+00,  6.81580E+11,  7.59249E+11,  5.85327E-02,  1.83171E-03,  0.00000E+00,     0
   332,  3.32000E-02,  7.86605E+14,  7.87286E+14,  7.88045E+14,  1.27383E-12,  0.00000E+00,  6.80851E+11,  7.59166E+11,  1.11478E-02,  1.82733E-03,  0.00000E+00,     0
   333,  3.33000E-02,  7.88045E+14,  7.88726E+14,  7.89481E+14,  1.27383E-12,  0.00000E+00,  6.80182E+11,  7.55281E+11,  7.26826E-02,  1.81824E-03,  0.00000E+00,     0
   334,  3.34000E-02,  7.89481E+14,  7.90161E+14,  7.90920E+14,  1.27383E-12,  0.00000E+00,  6.79620E+11,  7.59189E+11,  6.59899E-02,  1.81916E-03,  0.00000E+00,     0
   335,  3.35000E-02,  7.90920E+14,  7.91599E+14,  7.92359E+14,  1.27383E-12,  0.00000E+00,  6.78898E+11,  7.60605E+11,  1.25837E-02,  1.81673E-03,  0.00000E+00,     0
   336,  3.36000E-02,  7.92359E+14,  7.93038E+14,  7.93797E+14,  1.27383E-12,  0.00000E+00,  6.78331E+11,  7.59668E+11,  2.88739E-03,  1.81154E-03,  0.00000E+00,     0
   337,  3.37000E-02,  7.93797E+14,  7.94475E+14,  7.95233E+14,  1.27383E-12,  0.00000E+00,  6.77617E+11,  7.58428E+11,  1.94584E-02,  1.80582E-03,  0.00000E+00,     0
   338,  3.38000E-02,  7.95233E+14,  7.95910E+14,  7.96667E+14,  1.27383E-12,  0.00000E+00,  6.77006E+11,  7.56965E+11,  5.81970E-03,  1.79996E-03,  0.00000E+00,     0
   339,  3.39000E-02,  7.96667E+14,  7.97344E+14,  7.98103E+14,  1.27383E-12,  0.00000E+00,  6.76390E+11,  7.59050E+11,  1.76159E-02,  1.79857E-03,  0.00000E+00,     0
   340,  3.40000E-02,  7.98103E+14,  7.98778E+14,  7.99539E+14,  1.27383E-12,  0.00000E+00,  6.75742E+11,  7.60733E+11,  1.37333E-02,  1.79663E-03,  0.00000E+00,     0
   341,  3.41000E-02,  7.99539E+14,  8.00214E+14,  8.00972E+14,  1.27383E-12,  0.00000E+00,  6.75097E+11,  7.57575E+11,  4.61303E-02,  1.78867E-03,  0.00000E+00,     0
   342,  3.42000E-02,  8.00972E+14,  8.01646E+14,  8.02404E+14,  1.27383E-12,  0.00000E+00,  6.74535E+11,  7.57772E+11,  1.20090E-02,  1.78502E-03,  0.00000E+00,     0
   343,  3.43000E-02,  8.02404E+14,  8.03078E+14,  8.03837E+14,  1.27383E-12,  0.00000E+00,  6.73913E+11,  7.59191E+11,  1.44099E-02,  1.78283E-03,  0.00000E+00,     0
   344,  3.44000E-02,  8.03837E+14,  8.04511E+14,  8.05269E+14,  1.27383E-12,  0.00000E+00,  6.73284E+11,  7.58670E+11,  2.81854E-03,  1.77823E-03,  0.00000E+00,     0
   345,  3.45000E-02,  8.05269E+14,  8.05942E+14,  8.06703E+14,  1.27383E-12,  0.00000E+00,  6.72681E+11,  7.61484E+11,  2.33494E-02,  1.77781E-03,  0.00000E+00,     0
   346,  3.46000E-02,  8.06703E+14,  8.07375E+14,  8.08131E+14,  1.27383E-12,  0.00000E+00,  6.72041E+11,  7.55993E+11,  7.72871E-02,  1.76708E-03,  0.00000E+00,     0
   347,  3.47000E-02,  8.08131E+14,  8.08803E+14,  8.09564E+14,  1.27383E-12,  0.00000E+00,  6.71539E+11,  7.61101E+11,  7.77633E-02,  1.76964E-03,  0.00000E+00,     0
   348,  3.48000E-02,  8.09564E+14,  8.10235E+14,  8.10994E+14,  1.27383E-12,  0.00000E+00,  6.70848E+11,  7.58988E+11,  4.99780E-02,  1.76307E-03,  0.00000E+00,     0
   349,  3.49000E-02,  8.10994E+14,  8.11664E+14,  8.12429E+14,  1.27383E-12,  0.00000E+00,  6.70309E+11,  7.64405E+11,  5.94486E-02,  1.76596E-03,  0.00000E+00,     0
   350,  3.50000E-02,  8.12429E+14,  8.13098E+14,  8.13862E+14,  1.27383E-12,  0.00000E+00,  6.69634E+11,  7.63624E+11,  3.14741E-02,  1.76106E-03,  0.00000E+00,     0
   351,  3.51000E-02,  8.13862E+14,  8.14531E+14,  8.15291E+14,  1.27383E-12,  0.00000E+00,  6.69008E+11,  7.59680E+11,  8.30557E-02,  1.75237E-03,  0.00000E+00,     0
   352,  3.52000E-02,  8.15291E+14,  8.15959E+14,  8.16724E+14,  1.27383E-12,  0.00000E+00,  6.68517E+11,  7.65167E+11,  9.29911E-02,  1.75541E-03,  0.00000E+00,     0
   353,  3.53000E-02,  8.16724E+14,  8.17392E+14,  8.18155E+14,  1.27383E-12,  0.00000E+00,  6.67797E+11,  7.62743E+11,  3.60176E-02,  1.74850E-03,  0.00000E+00,     0
   354,  3.54000E-02,  8.18155E+14,  8.18822E+14,  8.19588E+14,  1.27383E-12,  0.00000E+00,  6.67274E+11,  7.65646E+11,  3.87875E-02,  1.74834E-03,  0.00000E+00,     0
   355,  3.55000E-02,  8.19588E+14,  8.20254E+14,  8.21015E+14,  1.27383E-12,  0.00000E+00,  6.66620E+11,  7.61170E+11,  8.73554E-02,  1.73905E-03,  0.00000E+00,     0
   356,  3.56000E-02,  8.21015E+14,  8.21682E+14,  8.22440E+14,  1.27383E-12,  0.00000E+00,  6.66165E+11,  7.58236E+11,  3.11586E-02,  1.73192E-03,  0.00000E+00,     0
   357,  3.57000E-02,  8.22440E+14,  8.23106E+14,  8.23869E+14,  1.27383E-12,  0.00000E+00,  6.65684E+11,  7.63140E+11,  7.23626E-02,  1.73429E-03,  0.00000E+00,     0
   358,  3.58000E-02,  8.23869E+14,  8.24534E+14,  8.25295E+14,  1.27383E-12,  0.00000E+00,  6.64984E+11,  7.61689E+11,  3.39247E-02,  1.72868E-03,  0.00000E+00,     0
   359,  3.59000E-02,  8.25295E+14,  8.25960E+14,  8.26722E+14,  1.27383E-12,  0.00000E+00,  6.64456E+11,  7.61914E+11,  2.69724E-03,  1.72533E-03,  0.00000E+00,     0
   360,  3.60000E-02,  8.26722E+14,  8.27386E+14,  8.28149E+14,  1.27383E-12,  0.00000E+00,  6.63891E+11,  7.63877E+11,  3.68604E-02,  1.72405E-03,  0.00000E+00,     0
   361,  3.61000E-02,  8.28149E+14,  8.28813E+14,  8.29573E+14,  1.27383E-12,  0.00000E+00,  6.63284E+11,  7.60002E+11,  5.15112E-02,  1.71569E-03,  0.00000E+00,     0
   362,  3.62000E-02,  8.29573E+14,  8.30236E+14,  8.31001E+14,  1.27383E-12,  0.00000E+00,  6.62836E+11,  7.65775E+11,  7.87517E-02,  1.71914E-03,  0.00000E+00,     0
   363,  3.63000E-02,  8.31001E+14,  8.31664E+14,  8.32421E+14,  1.27383E-12,  0.00000E+00,  6.62135E+11,  7.57372E+11,  1.09149E-01,  1.70528E-03,  0.00000E+00,     0
   364,  3.64000E-02,  8.32421E+14,  8.33083E+14,  8.33848E+14,  1.27383E-12,  0.00000E+00,  6.61765E+11,  7.65762E+11,  9.42780E-02,  1.71197E-03,  0.00000E+00,     0
   365,  3.65000E-02,  8.33848E+14,  8.34509E+14,  8.35276E+14,  1.27383E-12,  0.00000E+00,  6.61053E+11,  7.66216E+11,  1.54017E-02,  1.70874E-03,  0.00000E+00,     0
   366,  3.66000E-02,  8.35276E+14,  8.35936E+14,  8.36702E+14,  1.27383E-12,  0.00000E+00,  6.60481E+11,  7.66269E+11,  1.31989E-02,  1.70521E-03,  0.00000E+00,     0
   367,  3.67000E-02,  8.36702E+14,  8.37362E+14,  8.38127E+14,  1.27383E-12,  0.00000E+00,  6.59938E+11,  7.64269E+11,  2.35085E-02,  1.69927E-03,  0.00000E+00,     0
   368,  3.68000E-02,  8.38127E+14,  8.38786E+14,  8.39553E+14,  1.27383E-12,  0.00000E+00,  6.59421E+11,  7.66762E+11,  3.98886E-02,  1.69874E-03,  0.00000E+00,     0
   369,  3.69000E-02,  8.39553E+14,  8.40212E+14,  8.40978E+14,  1.27383E-12,  0.00000E+00,  6.58829E+11,  7.66396E+11,  5.46880E-03,  1.69472E-03,  0.00000E+00,     0
   370,  3.70000E-02,  8.40978E+14,  8.41636E+14,  8.42401E+14,  1.27383E-12,  0.00000E+00,  6.58290E+11,  7.65141E+11,  3.46329E-02,  1.68973E-03,  0.00000E+00,     0
   371,  3.71000E-02,  8.42401E+14,  8.43059E+14,  8.43822E+14,  1.27383E-12,  0.00000E+00,  6.57785E+11,  7.62642E+11,  2.67924E-02,  1.68333E-03,  0.00000E+00,     0
   372,  3.72000E-02,  8.43822E+14,  8.44479E+14,  8.45242E+14,  1.27383E-12,  0.00000E+00,  6.57330E+11,  7.62573E+11,  9.74786E-03,  1.67988E-03,  0.00000E+00,     0
   373,  3.73000E-02,  8.45242E+14,  8.45899E+14,  8.46665E+14,  1.27383E-12,  0.00000E+00,  6.56807E+11,  7.65927E+11,  4.38962E-02,  1.68040E-03,  0.00000E+00,     0
   374,  3.74000E-02,  8.46665E+14,  8.47321E+14,  8.48085E+14,  1.27383E-12,  0.00000E+00,  6.56167E+11,  7.64038E+11,  2.58900E-02,  1.67460E-03,  0.00000E+00,     0
   375,  3.75000E-02,  8.48085E+14,  8.48740E+14,  8.49504E+14,  1.27383E-12,  0.00000E+00,  6.55712E+11,  7.63793E+11,  3.14827E-02,  1.67098E-03,  0.00000E+00,     0
   376,  3.76000E-02,  8.49504E+14,  8.50159E+14,  8.50922E+14,  1.27383E-12,  0.00000E+00,  6.55218E+11,  7.62209E+11,  6.15214E-03,  1.66575E-03,  0.00000E+00,     0
   377,  3.77000E-02,  8.50922E+14,  8.51576E+14,  8.52342E+14,  1.27383E-12,  0.00000E+00,  6.54706E+11,  7.66064E+11,  5.24715E-02,  1.66690E-03,  0.00000E+00,     0
   378,  3.78000E-02,  8.52342E+14,  8.52997E+14,  8.53765E+14,  1.27383E-12,  0.00000E+00,  6.54080E+11,  7.68760E+11,  9.16776E-03,  1.66655E-03,  0.00000E+00,     0
   379,  3.79000E-02,  8.53765E+14,  8.54419E+14,  8.55183E+14,  1.27383E-12,  0.00000E+00,  6.53604E+11,  7.64250E+11,  3.26852E-02,  1.65795E-03,  0.00000E+00,     0
   380,  3.80000E-02,  8.55183E+14,  8.55836E+14,  8.56605E+14,  1.27383E-12,  0.00000E+00,  6.53120E+11,  7.69037E+11,  4.96489E-02,  1.66022E-03,  0.00000E+00,     0
   381,  3.81000E-02,  8.56605E+14,  8.57258E+14,  8.58027E+14,  1.27383E-12,  0.00000E+00,  6.52479E+11,  7.69403E+11,  1.44382E-02,  1.65715E-03,  0.00000E+00,     0
   382,  3.82000E-02,  8.58027E+14,  8.58679E+14,  8.59446E+14,  1.27383E-12,  0.00000E+00,  6.52035E+11,  7.66928E+11,  6.71153E-03,  1.65102E-03,  0.00000E+00,     0
   383,  3.83000E-02,  8.59446E+14,  8.60098E+14,  8.60862E+14,  1.27383E-12,  0.00000E+00,  6.51461E+11,  7.64519E+11,  5.70026E-02,  1.64484E-03,  0.00000E+00,     0
   384,  3.84000E-02,  8.60862E+14,  8.61513E+14,  8.62278E+14,  1.27383E-12,  0.00000E+00,  6.51058E+11,  7.64677E+11,  2.51633E-03,  1.64185E-03,  0.00000E+00,     0
   385,  3.85000E-02,  8.62278E+14,  8.62928E+14,  8.63697E+14,  1.27383E-12,  0.00000E+00,  6.50550E+11,  7.68591E+11,  6.93700E-02,  1.64310E-03,  0.00000E+00,     0
   386,  3.86000E-02,  8.63697E+14,  8.64347E+14,  8.65119E+14,  1.27383E-12,  0.00000E+00,  6.49968E+11,  7.72398E+11,  4.10375E-02,  1.64413E-03,  0.00000E+00,     0
   387,  3.87000E-02,  8.65119E+14,  8.65769E+14,  8.66542E+14,  1.27383E-12,  0.00000E+00,  6.49316E+11,  7.73245E+11,  2.58866E-03,  1.64165E-03,  0.00000E+00,     0
   388,  3.88000E-02,  8.66542E+14,  8.67191E+14,  8.67961E+14,  1.27383E-12,  0.00000E+00,  6.48833E+11,  7.70032E+11,  3.77643E-02,  1.63471E-03,  0.00000E+00,     0
   389,  3.89000E-02,  8.67961E+14,  8.68609E+14,  8.69377E+14,  1.27383E-12,  0.00000E+00,  6.48366E+11,  7.68087E+11,  2.98248E-02,  1.62927E-03,  0.00000E+00,     0
   390,  3.90000E-02,  8.69377E+14,  8.70025E+14,  8.70798E+14,  1.27383E-12,  0.00000E+00,  6.47944E+11,  7.72870E+11,  6.32292E-02,  1.63162E-03,  0.00000E+00,     0
   391,  3.91000E-02,  8.70798E+14,  8.71445E+14,  8.72215E+14,  1.27383E-12,  0.00000E+00,  6.47317E+11,  7.69567E+11,  4.90910E-02,  1.62447E-03,  0.00000E+00,     0
   392,  3.92000E-02,  8.72215E+14,  8.72862E+14,  8.73630E+14,  1.27383E-12,  0.00000E+00,  6.46871E+11,  7.67836E+11,  3.42074E-02,  1.61934E-03,  0.00000E+00,     0
   393,  3.93000E-02,  8.73630E+14,  8.74276E+14,  8.75044E+14,  1.27383E-12,  0.00000E+00,  6.46459E+11,  7.67986E+11,  2.45663E-03,  1.61643E-03,  0.00000E+00,     0
   394,  3.94000E-02,  8.75044E+14,  8.75690E+14,  8.76465E+14,  1.27383E-12,  0.00000E+00,  6.45965E+11,  7.74577E+11,  9.10354E-02,  1.62076E-03,  0.00000E+00,     0
   395,  3.95000E-02,  8.76465E+14,  8.77110E+14,  8.77869E+14,  1.27383E-12,  0.00000E+00,  6.45386E+11,  7.58528E+11,  1.59230E-01,  1.59923E-03,  0.00000E+00,     0
   396,  3.96000E-02,  8.77869E+14,  8.78514E+14,  8.79281E+14,  1.27383E-12,  0.00000E+00,  6.45088E+11,  7.67351E+11,  7.63591E-02,  1.60636E-03,  0.00000E+00,     0
   397,  3.97000E-02,  8.79281E+14,  8.79925E+14,  8.80700E+14,  1.27383E-12,  0.00000E+00,  6.44506E+11,  7.74275E+11,  8.77407E-02,  1.61097E-03,  0.00000E+00,     0
   398,  3.98000E-02,  8.80700E+14,  8.81344E+14,  8.82118E+14,  1.27383E-12,  0.00000E+00,  6.43867E+11,  7.74528E+11,  2.42421E-03,  1.60794E-03,  0.00000E+00,     0
   399,  3.99000E-02,  8.82118E+14,  8.82762E+14,  8.83536E+14,  1.27383E-12,  0.00000E+00,  6.43366E+11,  7.74728E+11,  2.41792E-03,  1.60502E-03,  0.00000E+00,     0
   400,  4.00000E-02,  8.83536E+14,  8.84179E+14,  8.84950E+14,  1.27383E-12,  0.00000E+00,  6.42869E+11,  7.71308E+11,  5.06880E-02,  1.59803E-03,  0.00000E+00,     0
   401,  4.01000E-02,  8.84950E+14,  8.85593E+14,  8.86367E+14,  1.27383E-12,  0.00000E+00,  6.42502E+11,  7.74213E+11,  4.44699E-02,  1.59834E-03,  0.00000E+00,     0
   402,  4.02000E-02,  8.86367E+14,  8.87009E+14,  8.87781E+14,  1.27383E-12,  0.00000E+00,  6.42024E+11,  7.72287E+11,  3.88931E-02,  1.59308E-03,  0.00000E+00,     0
   403,  4.03000E-02,  8.87781E+14,  8.88423E+14,  8.89194E+14,  1.27383E-12,  0.00000E+00,  6.41506E+11,  7.70613E+11,  1.50846E-02,  1.58809E-03,  0.00000E+00,     0
   404,  4.04000E-02,  8.89194E+14,  8.89835E+14,  8.90602E+14,  1.27383E-12,  0.00000E+00,  6.41058E+11,  7.67434E+11,  3.11264E-02,  1.58151E-03,  0.00000E+00,     0
   405,  4.05000E-02,  8.90602E+14,  8.91243E+14,  8.92014E+14,  1.27383E-12,  0.00000E+00,  6.40604E+11,  7.70991E+11,  3.37692E-02,  1.58248E-03,  0.00000E+00,     0
   406,  4.06000E-02,  8.92014E+14,  8.92654E+14,  8.93428E+14,  1.27383E-12,  0.00000E+00,  6.40110E+11,  7.73789E+11,  3.16191E-02,  1.58256E-03,  0.00000E+00,     0
   407,  4.07000E-02,  8.93428E+14,  8.94067E+14,  8.94839E+14,  1.27383E-12,  0.00000E+00,  6.39584E+11,  7.71374E+11,  2.97227E-02,  1.57677E-03,  0.00000E+00,     0
   408,  4.08000E-02,  8.94839E+14,  8.95478E+14,  8.96251E+14,  1.27383E-12,  0.00000E+00,  6.39155E+11,  7.73342E+11,  5.19069E-02,  1.57601E-03,  0.00000E+00,     0
   409,  4.09000E-02,  8.96251E+14,  8.96890E+14,  8.97665E+14,  1.27383E-12,  0.00000E+00,  6.38567E+11,  7.75342E+11,  5.10743E-03,  1.57510E-03,  0.00000E+00,     0
   410,  4.10000E-02,  8.97665E+14,  8.98303E+14,  8.99079E+14,  1.27383E-12,  0.00000E+00,  6.38088E+11,  7.75533E+11,  2.35088E-03,  1.57230E-03,  0.00000E+00,     0
   411,  4.11000E-02,  8.99079E+14,  8.99716E+14,  9.00488E+14,  1.27383E-12,  0.00000E+00,  6.37610E+11,  7.72173E+11,  4.51186E-02,  1.56558E-03,  0.00000E+00,     0
   412,  4.12000E-02,  9.00488E+14,  9.01126E+14,  9.01897E+14,  1.27383E-12,  0.00000E+00,  6.37253E+11,  7.70961E+11,  6.22920E-03,  1.56139E-03,  0.00000E+00,     0
   413,  4.13000E-02,  9.01897E+14,  9.02533E+14,  9.03307E+14,  1.27383E-12,  0.00000E+00,  6.36796E+11,  7.73416E+11,  1.90378E-02,  1.56117E-03,  0.00000E+00,     0
   414,  4.14000E-02,  9.03307E+14,  9.03943E+14,  9.04717E+14,  1.27383E-12,  0.00000E+00,  6.36311E+11,  7.73751E+11,  5.94184E-03,  1.55857E-03,  0.00000E+00,     0
   415,  4.15000E-02,  9.04717E+14,  9.05353E+14,  9.06125E+14,  1.27383E-12,  0.00000E+00,  6.35850E+11,  7.72178E+11,  2.06535E-02,  1.55390E-03,  0.00000E+00,     0
   416,  4.16000E-02,  9.06125E+14,  9.06760E+14,  9.07536E+14,  1.27383E-12,  0.00000E+00,  6.35409E+11,  7.75691E+11,  6.86494E-02,  1.55487E-03,  0.00000E+00,     0
   417,  4.17000E-02,  9.07536E+14,  9.08171E+14,  9.08944E+14,  1.27383E-12,  0.00000E+00,  6.34809E+11,  7.73081E+11,  3.90987E-02,  1.54893E-03,  0.00000E+00,     0
   418,  4.18000E-02,  9.08944E+14,  9.09578E+14,  9.10348E+14,  1.27383E-12,  0.00000E+00,  6.34438E+11,  7.69404E+11,  6.68523E-02,  1.54209E-03,  0.00000E+00,     0
   419,  4.19000E-02,  9.10348E+14,  9.10982E+14,  9.11756E+14,  1.27383E-12,  0.00000E+00,  6.34069E+11,  7.74130E+11,  5.56317E-02,  1.54449E-03,  0.00000E+00,     0
   420,  4.20000E-02,  9.11756E+14,  9.12389E+14,  9.13167E+14,  1.27383E-12,  0.00000E+00,  6.33554E+11,  7.77121E+11,  4.02423E-02,  1.54482E-03,  0.00000E+00,     0
   421,  4.21000E-02,  9.13167E+14,  9.13800E+14,  9.14573E+14,  1.27383E-12,  0.00000E+00,  6.33052E+11,  7.73835E+11,  3.61602E-02,  1.53830E-03,  0.00000E+00,     0
   422,  4.22000E-02,  9.14573E+14,  9.15206E+14,  9.15978E+14,  1.27383E-12,  0.00000E+00,  6.32630E+11,  7.72129E+11,  2.14357E-02,  1.53362E-03,  0.00000E+00,     0
   423,  4.23000E-02,  9.15978E+14,  9.16610E+14,  9.17385E+14,  1.27383E-12,  0.00000E+00,  6.32200E+11,  7.74887E+11,  2.19159E-02,  1.53380E-03,  0.00000E+00,     0
   424,  4.24000E-02,  9.17385E+14,  9.18017E+14,  9.18792E+14,  1.27383E-12,  0.00000E+00,  6.31724E+11,  7.74716E+11,  4.28039E-03,  1.53075E-03,  0.00000E+00,     0
   425,  4.25000E-02,  9.18792E+14,  9.19423E+14,  9.20198E+14,  1.27383E-12,  0.00000E+00,  6.31274E+11,  7.74890E+11,  2.26519E-03,  1.52811E-03,  0.00000E+00,     0
   426,  4.26000E-02,  9.20198E+14,  9.20829E+14,  9.21602E+14,  1.27383E-12,  0.00000E+00,  6.30821E+11,  7.73362E+11,  1.35099E-02,  1.52363E-03,  0.00000E+00,     0
   427,  4.27000E-02,  9.21602E+14,  9.22232E+14,  9.23008E+14,  1.27383E-12,  0.00000E+00,  6.30387E+11,  7.75696E+11,  2.13821E-02,  1.52337E-03,  0.00000E+00,     0
   428,  4.28000E-02,  9.23008E+14,  9.23638E+14,  9.24409E+14,  1.27383E-12,  0.00000E+00,  6.29914E+11,  7.70714E+11,  4.09448E-02,  1.51516E-03,  0.00000E+00,     0
   429,  4.29000E-02,  9.24409E+14,  9.25038E+14,  9.25814E+14,  1.27383E-12,  0.00000E+00,  6.29516E+11,  7.75387E+11,  4.70592E-02,  1.51748E-03,  0.00000E+00,     0
   430,  4.30000E-02,  9.25814E+14,  9.26443E+14,  9.27217E+14,  1.27383E-12,  0.00000E+00,  6.29022E+11,  7.73912E+11,  1.27088E-02,  1.51306E-03,  0.00000E+00,     0
   431,  4.31000E-02,  9.27217E+14,  9.27845E+14,  9.28607E+14,  1.27383E-12,  0.00000E+00,  6.28590E+11,  7.62184E+11,  1.11511E-01,  1.49770E-03,  0.00000E+00,     0
   432,  4.32000E-02,  9.28607E+14,  9.29236E+14,  9.30009E+14,  1.27383E-12,  0.00000E+00,  6.28312E+11,  7.73200E+11,  1.04918E-01,  1.50699E-03,  0.00000E+00,     0
   433,  4.33000E-02,  9.30009E+14,  9.30637E+14,  9.31409E+14,  1.27383E-12,  0.00000E+00,  6.27739E+11,  7.72029E+11,  2.38889E-02,  1.50285E-03,  0.00000E+00,     0
   434,  4.34000E-02,  9.31409E+14,  9.32036E+14,  9.32813E+14,  1.27383E-12,  0.00000E+00,  6.27323E+11,  7.76864E+11,  4.70143E-02,  1.50533E-03,  0.00000E+00,     0
   435,  4.35000E-02,  9.32813E+14,  9.33440E+14,  9.34203E+14,  1.27383E-12,  0.00000E+00,  6.26830E+11,  7.62934E+11,  1.29334E-01,  1.48765E-03,  0.00000E+00,     0
   436,  4.36000E-02,  9.34203E+14,  9.34829E+14,  9.35608E+14,  1.27383E-12,  0.00000E+00,  6.26551E+11,  7.78644E+11,  1.54686E-01,  1.50191E-03,  0.00000E+00,     0
   437,  4.37000E-02,  9.35608E+14,  9.36234E+14,  9.37005E+14,  1.27383E-12,  0.00000E+00,  6.25938E+11,  7.71703E+11,  7.74694E-02,  1.49160E-03,  0.00000E+00,     0
   438,  4.38000E-02,  9.37005E+14,  9.37631E+14,  9.38405E+14,  1.27383E-12,  0.00000E+00,  6.25565E+11,  7.74356E+11,  2.97510E-02,  1.49181E-03,  0.00000E+00,     0
   439,  4.39000E-02,  9.38405E+14,  9.39030E+14,  9.39805E+14,  1.27383E-12,  0.00000E+00,  6.25112E+11,  7.74241E+11,  2.96445E-03,  1.48898E-03,  0.00000E+00,     0
   440,  4.40000E-02,  9.39805E+14,  9.40429E+14,  9.41204E+14,  1.27383E-12,  0.00000E+00,  6.24678E+11,  7.74723E+11,  4.53515E-03,  1.48682E-03,  0.00000E+00,     0
   441,  4.41000E-02,  9.41204E+14,  9.41828E+14,  9.42604E+14,  1.27383E-12,  0.00000E+00,  6.24237E+11,  7.75918E+11,  1.08848E-02,  1.48541E-03,  0.00000E+00,     0
   442,  4.42000E-02,  9.42604E+14,  9.43228E+14,  9.44001E+14,  1.27383E-12,  0.00000E+00,  6.23773E+11,  7.73406E+11,  3.10745E-02,  1.48006E-03,  0.00000E+00,     0
   443,  4.43000E-02,  9.44001E+14,  9.44625E+14,  9.45401E+14,  1.27383E-12,  0.00000E+00,  6.23385E+11,  7.76245E+11,  3.28044E-02,  1.48046E-03,  0.00000E+00,     0
   444,  4.44000E-02,  9.45401E+14,  9.46024E+14,  9.46803E+14,  1.27383E-12,  0.00000E+00,  6.22903E+11,  7.78994E+11,  3.20811E-02,  1.48066E-03,  0.00000E+00,     0
   445,  4.45000E-02,  9.46803E+14,  9.47425E+14,  9.48200E+14,  1.27383E-12,  0.00000E+00,  6.22446E+11,  7.74598E+11,  5.55486E-02,  1.47336E-03,  0.00000E+00,     0
   446,  4.46000E-02,  9.48200E+14,  9.48822E+14,  9.49597E+14,  1.27383E-12,  0.00000E+00,  6.22067E+11,  7.75267E+11,  1.67145E-02,  1.47150E-03,  0.00000E+00,     0
   447,  4.47000E-02,  9.49597E+14,  9.50219E+14,  9.51001E+14,  1.27383E-12,  0.00000E+00,  6.21621E+11,  7.82256E+11,  6.28565E-02,  1.47621E-03,  0.00000E+00,     0
   448,  4.48000E-02,  9.51001E+14,  9.51622E+14,  9.52398E+14,  1.27383E-12,  0.00000E+00,  6.21115E+11,  7.75866E+11,  6.43686E-02,  1.46680E-03,  0.00000E+00,     0
   449,  4.49000E-02,  9.52398E+14,  9.53019E+14,  9.53794E+14,  1.27383E-12,  0.00000E+00,  6.20747E+11,  7.74884E+11,  2.10727E-02,  1.46324E-03,  0.00000E+00,     0
   450,  4.50000E-02,  9.53794E+14,  9.54414E+14,  9.55187E+14,  1.27383E-12,  0.00000E+00,  6.20340E+11,  7.72611E+11,  6.08271E-03,  1.45830E-03,  0.00000E+00,     0
   451,  4.51000E-02,  9.55187E+14,  9.55807E+14,  9.56584E+14,  1.27383E-12,  0.00000E+00,  6.19926E+11,  7.77135E+11,  2.48111E-02,  1.46047E-03,  0.00000E+00,     0
   452,  4.52000E-02,  9.56584E+14,  9.57203E+14,  9.57982E+14,  1.27383E-12,  0.00000E+00,  6.19472E+11,  7.78991E+11,  3.34015E-02,  1.45980E-03,  0.00000E+00,     0
   453,  4.53000E-02,  9.57982E+14,  9.58601E+14,  9.59382E+14,  1.27383E-12,  0.00000E+00,  6.19009E+11,  7.81139E+11,  4.63021E-02,  1.45943E-03,  0.00000E+00,     0
   454,  4.54000E-02,  9.59382E+14,  9.60001E+14,  9.60782E+14,  1.27383E-12,  0.00000E+00,  6.18519E+11,  7.81340E+11,  1.90274E-02,  1.45700E-03,  0.00000E+00,     0
   455,  4.55000E-02,  9.60782E+14,  9.61400E+14,  9.62180E+14,  1.27383E-12,  0.00000E+00,  6.18100E+11,  7.79688E+11,  2.37555E-02,  1.45273E-03,  0.00000E+00,     0
   456,  4.56000E-02,  9.62180E+14,  9.62798E+14,  9.63576E+14,  1.27383E-12,  0.00000E+00,  6.17705E+11,  7.78460E+11,  1.47195E-02,  1.44894E-03,  0.00000E+00,     0
   457,  4.57000E-02,  9.63576E+14,  9.64194E+14,  9.64972E+14,  1.27383E-12,  0.00000E+00,  6.17293E+11,  7.77920E+11,  5.55863E-03,  1.44586E-03,  0.00000E+00,     0
   458,  4.58000E-02,  9.64972E+14,  9.65588E+14,  9.66367E+14,  1.27383E-12,  0.00000E+00,  6.16875E+11,  7.78539E+11,  3.02918E-03,  1.44398E-03,  0.00000E+00,     0
   459,  4.59000E-02,  9.66367E+14,  9.66983E+14,  9.67762E+14,  1.27383E-12,  0.00000E+00,  6.16453E+11,  7.78201E+11,  5.73053E-03,  1.44111E-03,  0.00000E+00,     0
   460,  4.60000E-02,  9.67762E+14,  9.68378E+14,  9.69153E+14,  1.27383E-12,  0.00000E+00,  6.16038E+11,  7.75245E+11,  4.19827E-02,  1.43557E-03,  0.00000E+00,     0
   461,  4.61000E-02,  9.69153E+14,  9.69769E+14,  9.70546E+14,  1.27383E-12,  0.00000E+00,  6.15664E+11,  7.77621E+11,  3.89847E-02,  1.43557E-03,  0.00000E+00,     0
   462,  4.62000E-02,  9.70546E+14,  9.71161E+14,  9.71947E+14,  1.27383E-12,  0.00000E+00,  6.15208E+11,  7.86117E+11,  9.67490E-02,  1.44177E-03,  0.00000E+00,     0
   463,  4.63000E-02,  9.71947E+14,  9.72562E+14,  9.73342E+14,  1.27383E-12,  0.00000E+00,  6.14586E+11,  7.79652E+11,  7.93645E-02,  1.43242E-03,  0.00000E+00,     0
   464,  4.64000E-02,  9.73342E+14,  9.73956E+14,  9.74738E+14,  1.27383E-12,  0.00000E+00,  6.14334E+11,  7.82407E+11,  2.67922E-02,  1.43294E-03,  0.00000E+00,     0
   465,  4.65000E-02,  9.74738E+14,  9.75352E+14,  9.76134E+14,  1.27383E-12,  0.00000E+00,  6.13885E+11,  7.81403E+11,  2.15644E-03,  1.42940E-03,  0.00000E+00,     0
   466,  4.66000E-02,  9.76134E+14,  9.76747E+14,  9.77531E+14,  1.27383E-12,  0.00000E+00,  6.13449E+11,  7.84231E+11,  4.91720E-02,  1.42981E-03,  0.00000E+00,     0
   467,  4.67000E-02,  9.77531E+14,  9.78144E+14,  9.78931E+14,  1.27383E-12,  0.00000E+00,  6.12980E+11,  7.86422E+11,  1.19525E-02,  1.42952E-03,  0.00000E+00,     0
   468,  4.68000E-02,  9.78931E+14,  9.79543E+14,  9.80329E+14,  1.27383E-12,  0.00000E+00,  6.12591E+11,  7.85344E+11,  1.35538E-02,  1.42599E-03,  0.00000E+00,     0
   469,  4.69000E-02,  9.80329E+14,  9.80941E+14,  9.81714E+14,  1.27383E-12,  0.00000E+00,  6.12158E+11,  7.73114E+11,  1.35927E-01,  1.41107E-03,  0.00000E+00,     0
   470,  4.70000E-02,  9.81714E+14,  9.82326E+14,  9.83108E+14,  1.27383E-12,  0.00000E+00,  6.11896E+11,  7.82058E+11,  1.03884E-01,  1.41791E-03,  0.00000E+00,     0
   471,  4.71000E-02,  9.83108E+14,  9.83719E+14,  9.84502E+14,  1.27383E-12,  0.00000E+00,  6.11376E+11,  7.82905E+11,  1.46504E-02,  1.41623E-03,  0.00000E+00,     0
   472,  4.72000E-02,  9.84502E+14,  9.85113E+14,  9.85893E+14,  1.27383E-12,  0.00000E+00,  6.10934E+11,  7.79583E+11,  4.04297E-02,  1.41041E-03,  0.00000E+00,     0
   473,  4.73000E-02,  9.85893E+14,  9.86503E+14,  9.87287E+14,  1.27383E-12,  0.00000E+00,  6.10575E+11,  7.83190E+11,  4.14029E-02,  1.41171E-03,  0.00000E+00,     0
   474,  4.74000E-02,  9.87287E+14,  9.87897E+14,  9.88671E+14,  1.27383E-12,  0.00000E+00,  6.10109E+11,  7.74467E+11,  9.51471E-02,  1.40044E-03,  0.00000E+00,     0
   475,  4.75000E-02,  9.88671E+14,  9.89281E+14,  9.90066E+14,  1.27383E-12,  0.00000E+00,  6.09818E+11,  7.84582E+11,  1.01085E-01,  1.40839E-03,  0.00000E+00,     0
   476,  4.76000E-02,  9.90066E+14,  9.90675E+14,  9.91448E+14,  1.27383E-12,  0.00000E+00,  6.09302E+11,  7.72933E+11,  1.29549E-01,  1.39416E-03,  0.00000E+00,     0
   477,  4.77000E-02,  9.91448E+14,  9.92057E+14,  9.92829E+14,  1.27383E-12,  0.00000E+00,  6.09041E+11,  7.72621E+11,  6.65202E-03,  1.39164E-03,  0.00000E+00,     0
   478,  4.78000E-02,  9.92829E+14,  9.93438E+14,  9.94216E+14,  1.27383E-12,  0.00000E+00,  6.08657E+11,  7.77449E+11,  6.11644E-02,  1.39417E-03,  0.00000E+00,     0
   479,  4.79000E-02,  9.94216E+14,  9.94824E+14,  9.95606E+14,  1.27383E-12,  0.00000E+00,  6.08194E+11,  7.81957E+11,  4.80321E-02,  1.39629E-03,  0.00000E+00,     0
   480,  4.80000E-02,  9.95606E+14,  9.96213E+14,  9.96998E+14,  1.27383E-12,  0.00000E+00,  6.07738E+11,  7.84462E+11,  3.43472E-02,  1.39639E-03,  0.00000E+00,     0
   481,  4.81000E-02,  9.96998E+14,  9.97605E+14,  9.98384E+14,  1.27383E-12,  0.00000E+00,  6.07292E+11,  7.79080E+11,  6.05147E-02,  1.38862E-03,  0.00000E+00,     0
   482,  4.82000E-02,  9.98384E+14,  9.98991E+14,  9.99775E+14,  1.27383E-12,  0.00000E+00,  6.06965E+11,  7.83945E+11,  4.24624E-02,  1.39122E-03,  0.00000E+00,     0
   483,  4.83000E-02,  9.99775E+14,  1.00038E+15,  1.00117E+15,  1.27383E-12,  0.00000E+00,  6.06494E+11,  7.84496E+11,  1.59301E-02,  1.38937E-03,  0.00000E+00,     0
   484,  4.84000E-02,  1.00117E+15,  1.00177E+15,  1.00255E+15,  1.27383E-12,  0.00000E+00,  6.06068E+11,  7.78614E+11,  7.49478E-02,  1.38116E-03,  0.00000E+00,     0
   485,  4.85000E-02,  1.00255E+15,  1.00316E+15,  1.00394E+15,  1.27383E-12,  0.00000E+00,  6.05741E+11,  7.86604E+11,  9.83490E-02,  1.38688E-03,  0.00000E+00,     0
   486,  4.86000E-02,  1.00394E+15,  1.00455E+15,  1.00534E+15,  1.27383E-12,  0.00000E+00,  6.05253E+11,  7.89847E+11,  2.33272E-02,  1.38769E-03,  0.00000E+00,     0
   487,  4.87000E-02,  1.00534E+15,  1.00594E+15,  1.00673E+15,  1.27383E-12,  0.00000E+00,  6.04780E+11,  7.82562E+11,  8.86908E-02,  1.37807E-03,  0.00000E+00,     0
   488,  4.88000E-02,  1.00673E+15,  1.00733E+15,  1.00811E+15,  1.27383E-12,  0.00000E+00,  6.04471E+11,  7.79194E+11,  4.29062E-02,  1.37253E-03,  0.00000E+00,     0
   489,  4.89000E-02,  1.00811E+15,  1.00871E+15,  1.00950E+15,  1.27383E-12,  0.00000E+00,  6.04117E+11,  7.86144E+11,  9.37382E-02,  1.37718E-03,  0.00000E+00,     0
   490,  4.90000E-02,  1.00950E+15,  1.01010E+15,  1.01089E+15,  1.27383E-12,  0.00000E+00,  6.03619E+11,  7.87675E+11,  7.86492E-03,  1.37630E-03,  0.00000E+00,     0
   491,  4.91000E-02,  1.01089E+15,  1.01149E+15,  1.01228E+15,  1.27383E-12,  0.00000E+00,  6.03200E+11,  7.86134E+11,  1.96271E-02,  1.37248E-03,  0.00000E+00,     0
   492,  4.92000E-02,  1.01228E+15,  1.01288E+15,  1.01367E+15,  1.27383E-12,  0.00000E+00,  6.02810E+11,  7.86265E+11,  1.94505E-03,  1.37034E-03,  0.00000E+00,     0
   493,  4.93000E-02,  1.01367E+15,  1.01427E+15,  1.01506E+15,  1.27383E-12,  0.00000E+00,  6.02405E+11,  7.89262E+11,  4.89095E-02,  1.37102E-03,  0.00000E+00,     0
   494,  4.94000E-02,  1.01506E+15,  1.01566E+15,  1.01645E+15,  1.27383E-12,  0.00000E+00,  6.01952E+11,  7.89392E+11,  1.93659E-03,  1.36882E-03,  0.00000E+00,     0
   495,  4.95000E-02,  1.01645E+15,  1.01705E+15,  1.01784E+15,  1.27383E-12,  0.00000E+00,  6.01542E+11,  7.85815E+11,  6.31220E-02,  1.36304E-03,  0.00000E+00,     0
   496,  4.96000E-02,  1.01784E+15,  1.01844E+15,  1.01923E+15,  1.27383E-12,  0.00000E+00,  6.01197E+11,  7.89649E+11,  6.31188E-02,  1.36460E-03,  0.00000E+00,     0
   497,  4.97000E-02,  1.01923E+15,  1.01983E+15,  1.02062E+15,  1.27383E-12,  0.00000E+00,  6.00734E+11,  7.89777E+11,  1.92439E-03,  1.36242E-03,  0.00000E+00,     0
   498,  4.98000E-02,  1.02062E+15,  1.02122E+15,  1.02201E+15,  1.27383E-12,  0.00000E+00,  6.00328E+11,  7.89903E+11,  1.92036E-03,  1.36029E-03,  0.00000E+00,     0
   499,  4.99000E-02,  1.02201E+15,  1.02261E+15,  1.02340E+15,  1.27383E-12,  0.00000E+00,  5.99922E+11,  7.90029E+11,  1.91634E-03,  1.35817E-03,  0.00000E+00,     0
   500,  5.00000E-02,  1.02340E+15,  1.02400E+15,  1.02479E+15,  1.27383E-12,  0.00000E+00,  5.99518E+11,  7.90153E+11,  1.91234E-03,  1.35605E-03,  0.00000E+00,     0
   501,  5.01000E-02,  1.02479E+15,  1.02539E+15,  1.02618E+15,  1.27383E-12,  0.00000E+00,  5.99115E+11,  7.89656E+11,  2.29255E-02,  1.35334E-03,  0.00000E+00,     0
   502,  5.02000E-02,  1.02618E+15,  1.02678E+15,  1.02757E+15,  1.27383E-12,  0.00000E+00,  5.98733E+11,  7.90894E+11,  1.01327E-02,  1.35234E-03,  0.00000E+00,     0
   503,  5.03000E-02,  1.02757E+15,  1.02817E+15,  1.02895E+15,  1.27383E-12,  0.00000E+00,  5.98322E+11,  7.84293E+11,  7.69284E-02,  1.34371E-03,  0.00000E+00,     0
   504,  5.04000E-02,  1.02895E+15,  1.02955E+15,  1.03033E+15,  1.27383E-12,  0.00000E+00,  5.98005E+11,  7.84412E+11,  1.92394E-03,  1.34172E-03,  0.00000E+00,     0
   505,  5.05000E-02,  1.03033E+15,  1.03093E+15,  1.03172E+15,  1.27383E-12,  0.00000E+00,  5.97618E+11,  7.90495E+11,  8.09864E-02,  1.34543E-03,  0.00000E+00,     0
   506,  5.06000E-02,  1.03172E+15,  1.03232E+15,  1.03309E+15,  1.27383E-12,  0.00000E+00,  5.97146E+11,  7.74461E+11,  1.70524E-01,  1.32767E-03,  0.00000E+00,     0
   507,  5.07000E-02,  1.03309E+15,  1.03369E+15,  1.03448E+15,  1.27383E-12,  0.00000E+00,  5.96955E+11,  7.89129E+11,  1.58747E-01,  1.33989E-03,  0.00000E+00,     0
   508,  5.08000E-02,  1.03448E+15,  1.03508E+15,  1.03587E+15,  1.27383E-12,  0.00000E+00,  5.96399E+11,  7.91614E+11,  1.28826E-02,  1.33995E-03,  0.00000E+00,     0
   509,  5.09000E-02,  1.03587E+15,  1.03646E+15,  1.03725E+15,  1.27383E-12,  0.00000E+00,  5.95987E+11,  7.84854E+11,  7.26097E-02,  1.33125E-03,  0.00000E+00,     0
   510,  5.10000E-02,  1.03725E+15,  1.03784E+15,  1.03863E+15,  1.27383E-12,  0.00000E+00,  5.95669E+11,  7.82097E+11,  4.60168E-02,  1.32653E-03,  0.00000E+00,     0
   511,  5.11000E-02,  1.03863E+15,  1.03922E+15,  1.04001E+15,  1.27383E-12,  0.00000E+00,  5.95334E+11,  7.89311E+11,  9.42493E-02,  1.33138E-03,  0.00000E+00,     0
   512,  5.12000E-02,  1.04001E+15,  1.04061E+15,  1.04140E+15,  1.27383E-12,  0.00000E+00,  5.94851E+11,  7.90703E+11,  5.19786E-03,  1.33048E-03,  0.00000E+00,     0
   513,  5.13000E-02,  1.04140E+15,  1.04199E+15,  1.04277E+15,  1.27383E-12,  0.00000E+00,  5.94451E+11,  7.81670E+11,  9.92888E-02,  1.31967E-03,  0.00000E+00,     0
   514,  5.14000E-02,  1.04277E+15,  1.04337E+15,  1.04415E+15,  1.27383E-12,  0.00000E+00,  5.94171E+11,  7.85376E+11,  4.01917E-02,  1.32121E-03,  0.00000E+00,     0
   515,  5.15000E-02,  1.04415E+15,  1.04475E+15,  1.04553E+15,  1.27383E-12,  0.00000E+00,  5.93748E+11,  7.86071E+11,  9.93993E-03,  1.31973E-03,  0.00000E+00,     0
   516,  5.16000E-02,  1.04553E+15,  1.04613E+15,  1.04692E+15,  1.27383E-12,  0.00000E+00,  5.93356E+11,  7.92267E+11,  8.43354E-02,  1.32353E-03,  0.00000E+00,     0
   517,  5.17000E-02,  1.04692E+15,  1.04751E+15,  1.04830E+15,  1.27383E-12,  0.00000E+00,  5.92882E+11,  7.85419E+11,  7.26499E-02,  1.31480E-03,  0.00000E+00,     0
   518,  5.18000E-02,  1.04830E+15,  1.04889E+15,  1.04968E+15,  1.27383E-12,  0.00000E+00,  5.92599E+11,  7.87400E+11,  1.28645E-02,  1.31469E-03,  0.00000E+00,     0
   519,  5.19000E-02,  1.04968E+15,  1.05027E+15,  1.05106E+15,  1.27383E-12,  0.00000E+00,  5.92058E+11,  7.86969E+11,  2.10219E-02,  1.31204E-03,  0.00000E+00,     0
   520,  5.20000E-02,  1.05106E+15,  1.05165E+15,  1.05244E+15,  1.27383E-12,  0.00000E+00,  5.91804E+11,  7.90796E+11,  5.69737E-02,  1.31371E-03,  0.00000E+00,     0
   521,  5.21000E-02,  1.05244E+15,  1.05303E+15,  1.05382E+15,  1.27383E-12,  0.00000E+00,  5.91362E+11,  7.88483E+11,  4.48167E-02,  1.30938E-03,  0.00000E+00,     0
   522,  5.22000E-02,  1.05382E+15,  1.05441E+15,  1.05519E+15,  1.27383E-12,  0.00000E+00,  5.91016E+11,  7.85333E+11,  7.96678E-03,  1.30436E-03,  0.00000E+00,     0
   523,  5.23000E-02,  1.05519E+15,  1.05578E+15,  1.05657E+15,  1.27383E-12,  0.00000E+00,  5.90639E+11,  7.87812E+11,  1.34082E-02,  1.30464E-03,  0.00000E+00,     0
   524,  5.24000E-02,  1.05657E+15,  1.05716E+15,  1.05794E+15,  1.27383E-12,  0.00000E+00,  5.90242E+11,  7.81279E+11,  5.79986E-02,  1.29640E-03,  0.00000E+00,     0
   525,  5.25000E-02,  1.05794E+15,  1.05853E+15,  1.05932E+15,  1.27383E-12,  0.00000E+00,  5.89954E+11,  7.86913E+11,  2.37008E-02,  1.29976E-03,  0.00000E+00,     0
   526,  5.26000E-02,  1.05932E+15,  1.05991E+15,  1.06070E+15,  1.27383E-12,  0.00000E+00,  5.89545E+11,  7.87913E+11,  2.30566E-02,  1.29863E-03,  0.00000E+00,     0
   527,  5.27000E-02,  1.06070E+15,  1.06129E+15,  1.06206E+15,  1.27383E-12,  0.00000E+00,  5.89121E+11,  7.76343E+11,  1.14317E-01,  1.28567E-03,  0.00000E+00,     0
   528,  5.28000E-02,  1.06206E+15,  1.06265E+15,  1.06344E+15,  1.27383E-12,  0.00000E+00,  5.88878E+11,  7.88040E+11,  1.17233E-01,  1.29478E-03,  0.00000E+00,     0
   529,  5.29000E-02,  1.06344E+15,  1.06403E+15,  1.06482E+15,  1.27383E-12,  0.00000E+00,  5.88377E+11,  7.88867E+11,  3.13659E-02,  1.29341E-03,  0.00000E+00,     0
   530,  5.30000E-02,  1.06482E+15,  1.06541E+15,  1.06619E+15,  1.27383E-12,  0.00000E+00,  5.87966E+11,  7.87945E+11,  2.27163E-02,  1.29049E-03,  0.00000E+00,     0
   531,  5.31000E-02,  1.06619E+15,  1.06678E+15,  1.06757E+15,  1.27383E-12,  0.00000E+00,  5.87604E+11,  7.88218E+11,  1.52929E-02,  1.28874E-03,  0.00000E+00,     0
   532,  5.32000E-02,  1.06757E+15,  1.06816E+15,  1.06894E+15,  1.27383E-12,  0.00000E+00,  5.87233E+11,  7.82819E+11,  6.79249E-02,  1.28169E-03,  0.00000E+00,     0
   533,  5.33000E-02,  1.06894E+15,  1.06953E+15,  1.07032E+15,  1.27383E-12,  0.00000E+00,  5.86928E+11,  7.89249E+11,  9.37696E-02,  1.28577E-03,  0.00000E+00,     0
   534,  5.34000E-02,  1.07032E+15,  1.07090E+15,  1.07169E+15,  1.27383E-12,  0.00000E+00,  5.86446E+11,  7.86660E+11,  4.83885E-02,  1.28125E-03,  0.00000E+00,     0
   535,  5.35000E-02,  1.07169E+15,  1.07228E+15,  1.07306E+15,  1.27383E-12,  0.00000E+00,  5.86122E+11,  7.81524E+11,  3.73632E-02,  1.27453E-03,  0.00000E+00,     0
   536,  5.36000E-02,  1.07306E+15,  1.07364E+15,  1.07443E+15,  1.27383E-12,  0.00000E+00,  5.85792E+11,  7.87234E+11,  5.17111E-02,  1.27791E-03,  0.00000E+00,     0
   537,  5.37000E-02,  1.07443E+15,  1.07502E+15,  1.07580E+15,  1.27383E-12,  0.00000E+00,  5.85271E+11,  7.88665E+11,  1.70721E-02,  1.27713E-03,  0.00000E+00,     0
   538,  5.38000E-02,  1.07580E+15,  1.07639E+15,  1.07718E+15,  1.27383E-12,  0.00000E+00,  5.84967E+11,  7.89243E+11,  4.34780E-03,  1.27575E-03,  0.00000E+00,     0
   539,  5.39000E-02,  1.07718E+15,  1.07776E+15,  1.07856E+15,  1.27383E-12,  0.00000E+00,  5.84588E+11,  7.93915E+11,  6.03269E-02,  1.27810E-03,  0.00000E+00,     0
   540,  5.40000E-02,  1.07856E+15,  1.07914E+15,  1.07993E+15,  1.27383E-12,  0.00000E+00,  5.84165E+11,  7.90393E+11,  2.09625E-02,  1.27282E-03,  0.00000E+00,     0
   541,  5.41000E-02,  1.07993E+15,  1.08051E+15,  1.08130E+15,  1.27383E-12,  0.00000E+00,  5.83768E+11,  7.89762E+11,  3.13182E-02,  1.27025E-03,  0.00000E+00,     0
   542,  5.42000E-02,  1.08130E+15,  1.08189E+15,  1.08268E+15,  1.27383E-12,  0.00000E+00,  5.83424E+11,  7.87505E+11,  3.57279E-02,  1.26624E-03,  0.00000E+00,     0
   543,  5.43000E-02,  1.08268E+15,  1.08326E+15,  1.08405E+15,  1.27383E-12,  0.00000E+00,  5.83081E+11,  7.88713E+11,  1.28725E-02,  1.26544E-03,  0.00000E+00,     0
   544,  5.44000E-02,  1.08405E+15,  1.08463E+15,  1.08542E+15,  1.27383E-12,  0.00000E+00,  5.82714E+11,  7.90119E+11,  6.16684E-03,  1.26479E-03,  0.00000E+00,     0
   545,  5.45000E-02,  1.08542E+15,  1.08600E+15,  1.08680E+15,  1.27383E-12,  0.00000E+00,  5.82307E+11,  7.93315E+11,  4.36767E-02,  1.26576E-03,  0.00000E+00,     0
   546,  5.46000E-02,  1.08680E+15,  1.08738E+15,  1.08817E+15,  1.27383E-12,  0.00000E+00,  5.81903E+11,  7.90287E+11,  2.00709E-02,  1.26101E-03,  0.00000E+00,     0
   547,  5.47000E-02,  1.08817E+15,  1.08875E+15,  1.08954E+15,  1.27383E-12,  0.00000E+00,  5.81543E+11,  7.89070E+11,  1.83110E-02,  1.25798E-03,  0.00000E+00,     0
   548,  5.48000E-02,  1.08954E+15,  1.09012E+15,  1.09090E+15,  1.27383E-12,  0.00000E+00,  5.81162E+11,  7.79485E+11,  1.08383E-01,  1.24727E-03,  0.00000E+00,     0
   549,  5.49000E-02,  1.09090E+15,  1.09148E+15,  1.09227E+15,  1.27383E-12,  0.00000E+00,  5.80915E+11,  7.94516E+11,  1.45418E-01,  1.25924E-03,  0.00000E+00,     0
   550,  5.50000E-02,  1.09227E+15,  1.09285E+15,  1.09364E+15,  1.27383E-12,  0.00000E+00,  5.80404E+11,  7.86627E+11,  7.04418E-02,  1.24998E-03,  0.00000E+00,     0
   551,  5.51000E-02,  1.09364E+15,  1.09422E+15,  1.09501E+15,  1.27383E-12,  0.00000E+00,  5.80100E+11,  7.87099E+11,  1.06937E-02,  1.24857E-03,  0.00000E+00,     0
   552,  5.52000E-02,  1.09501E+15,  1.09559E+15,  1.09638E+15,  1.27383E-12,  0.00000E+00,  5.79717E+11,  7.89498E+11,  4.45683E-02,  1.24885E-03,  0.00000E+00,     0
   553,  5.53000E-02,  1.09638E+15,  1.09696E+15,  1.09775E+15,  1.27383E-12,  0.00000E+00,  5.79323E+11,  7.91745E+11,  1.34044E-02,  1.24898E-03,  0.00000E+00,     0
   554,  5.54000E-02,  1.09775E+15,  1.09833E+15,  1.09912E+15,  1.27383E-12,  0.00000E+00,  5.78931E+11,  7.89072E+11,  3.49586E-02,  1.24464E-03,  0.00000E+00,     0
   555,  5.55000E-02,  1.09912E+15,  1.09970E+15,  1.10049E+15,  1.27383E-12,  0.00000E+00,  5.78590E+11,  7.93094E+11,  5.00029E-02,  1.24643E-03,  0.00000E+00,     0
   556,  5.56000E-02,  1.10049E+15,  1.10107E+15,  1.10185E+15,  1.27383E-12,  0.00000E+00,  5.78164E+11,  7.85338E+11,  9.33873E-02,  1.23746E-03,  0.00000E+00,     0
   557,  5.57000E-02,  1.10185E+15,  1.10243E+15,  1.10323E+15,  1.27383E-12,  0.00000E+00,  5.77888E+11,  7.95134E+11,  1.27769E-01,  1.24455E-03,  0.00000E+00,     0
   558,  5.58000E-02,  1.10323E+15,  1.10380E+15,  1.10460E+15,  1.27383E-12,  0.00000E+00,  5.77383E+11,  7.92496E+11,  4.79077E-02,  1.24016E-03,  0.00000E+00,     0
   559,  5.59000E-02,  1.10460E+15,  1.10517E+15,  1.10596E+15,  1.27383E-12,  0.00000E+00,  5.77046E+11,  7.92591E+11,  1.70188E-03,  1.23841E-03,  0.00000E+00,     0
   560,  5.60000E-02,  1.10596E+15,  1.10654E+15,  1.10734E+15,  1.27383E-12,  0.00000E+00,  5.76669E+11,  7.97159E+11,  4.43533E-02,  1.24066E-03,  0.00000E+00,     0
   561,  5.61000E-02,  1.10734E+15,  1.10791E+15,  1.10870E+15,  1.27383E-12,  0.00000E+00,  5.76243E+11,  7.87562E+11,  9.25157E-02,  1.23009E-03,  0.00000E+00,     0
   562,  5.62000E-02,  1.10870E+15,  1.10928E+15,  1.11008E+15,  1.27383E-12,  0.00000E+00,  5.75964E+11,  7.97227E+11,  1.23742E-01,  1.23702E-03,  0.00000E+00,     0
   563,  5.63000E-02,  1.11008E+15,  1.11065E+15,  1.11144E+15,  1.27383E-12,  0.00000E+00,  5.75445E+11,  7.92541E+11,  8.02673E-02,  1.23082E-03,  0.00000E+00,     0
   564,  5.64000E-02,  1.11144E+15,  1.11202E+15,  1.11281E+15,  1.27383E-12,  0.00000E+00,  5.75160E+11,  7.90849E+11,  2.85570E-02,  1.22753E-03,  0.00000E+00,     0
   565,  5.65000E-02,  1.11281E+15,  1.11338E+15,  1.11418E+15,  1.27383E-12,  0.00000E+00,  5.74816E+11,  7.90943E+11,  1.68310E-03,  1.22580E-03,  0.00000E+00,     0
   566,  5.66000E-02,  1.11418E+15,  1.11475E+15,  1.11554E+15,  1.27383E-12,  0.00000E+00,  5.74446E+11,  7.92920E+11,  2.96539E-02,  1.22574E-03,  0.00000E+00,     0
   567,  5.67000E-02,  1.11554E+15,  1.11612E+15,  1.11691E+15,  1.27383E-12,  0.00000E+00,  5.74047E+11,  7.89855E+11,  4.54255E-02,  1.22114E-03,  0.00000E+00,     0
   568,  5.68000E-02,  1.11691E+15,  1.11748E+15,  1.11828E+15,  1.27383E-12,  0.00000E+00,  5.73722E+11,  7.96050E+11,  6.35758E-02,  1.22489E-03,  0.00000E+00,     0
   569,  5.69000E-02,  1.11828E+15,  1.11885E+15,  1.11964E+15,  1.27383E-12,  0.00000E+00,  5.73284E+11,  7.91428E+11,  4.79967E-02,  1.21888E-03,  0.00000E+00,     0
   570,  5.70000E-02,  1.11964E+15,  1.12021E+15,  1.12100E+15,  1.27383E-12,  0.00000E+00,  5.72959E+11,  7.82710E+11,  6.76616E-02,  1.20934E-03,  0.00000E+00,     0
   571,  5.71000E-02,  1.12100E+15,  1.12157E+15,  1.12236E+15,  1.27383E-12,  0.00000E+00,  5.72675E+11,  7.86542E+11,  1.02995E-02,  1.21104E-03,  0.00000E+00,     0
   572,  5.72000E-02,  1.12236E+15,  1.12293E+15,  1.12372E+15,  1.27383E-12,  0.00000E+00,  5.72306E+11,  7.90343E+11,  6.43131E-02,  1.21262E-03,  0.00000E+00,     0
   573,  5.73000E-02,  1.12372E+15,  1.12429E+15,  1.12509E+15,  1.27383E-12,  0.00000E+00,  5.71879E+11,  7.95240E+11,  5.93464E-02,  1.21512E-03,  0.00000E+00,     0
   574,  5.74000E-02,  1.12509E+15,  1.12566E+15,  1.12645E+15,  1.27383E-12,  0.00000E+00,  5.71449E+11,  7.95334E+11,  1.65508E-03,  1.21335E-03,  0.00000E+00,     0
   575,  5.75000E-02,  1.12645E+15,  1.12702E+15,  1.12782E+15,  1.27383E-12,  0.00000E+00,  5.71073E+11,  7.95424E+11,  1.65206E-03,  1.21163E-03,  0.00000E+00,     0
   576,  5.76000E-02,  1.12782E+15,  1.12839E+15,  1.12918E+15,  1.27383E-12,  0.00000E+00,  5.70698E+11,  7.92992E+11,  2.65672E-02,  1.20768E-03,  0.00000E+00,     0
   577,  5.77000E-02,  1.12918E+15,  1.12975E+15,  1.13054E+15,  1.27383E-12,  0.00000E+00,  5.70351E+11,  7.91577E+11,  3.15065E-02,  1.20467E-03,  0.00000E+00,     0
   578,  5.78000E-02,  1.13054E+15,  1.13111E+15,  1.13191E+15,  1.27383E-12,  0.00000E+00,  5.70013E+11,  7.96861E+11,  6.25944E-02,  1.20758E-03,  0.00000E+00,     0
   579,  5.79000E-02,  1.13191E+15,  1.13248E+15,  1.13327E+15,  1.27383E-12,  0.00000E+00,  5.69581E+11,  7.92300E+11,  6.43173E-02,  1.20172E-03,  0.00000E+00,     0
   580,  5.80000E-02,  1.13327E+15,  1.13384E+15,  1.13464E+15,  1.27383E-12,  0.00000E+00,  5.69271E+11,  7.98055E+11,  7.33389E-02,  1.20507E-03,  0.00000E+00,     0
   581,  5.81000E-02,  1.13464E+15,  1.13521E+15,  1.13600E+15,  1.27383E-12,  0.00000E+00,  5.68828E+11,  7.91050E+11,  9.89330E-02,  1.19707E-03,  0.00000E+00,     0
   582,  5.82000E-02,  1.13600E+15,  1.13657E+15,  1.13736E+15,  1.27383E-12,  0.00000E+00,  5.68555E+11,  7.91124E+11,  1.96961E-03,  1.19547E-03,  0.00000E+00,     0
   583,  5.83000E-02,  1.13736E+15,  1.13793E+15,  1.13872E+15,  1.27383E-12,  0.00000E+00,  5.68193E+11,  7.94199E+11,  5.37371E-02,  1.19642E-03,  0.00000E+00,     0
   584,  5.84000E-02,  1.13872E+15,  1.13929E+15,  1.14008E+15,  1.27383E-12,  0.00000E+00,  5.67776E+11,  7.91308E+11,  5.31301E-02,  1.19209E-03,  0.00000E+00,     0
   585,  5.85000E-02,  1.14008E+15,  1.14065E+15,  1.14144E+15,  1.27383E-12,  0.00000E+00,  5.67462E+11,  7.91393E+11,  1.62279E-03,  1.19047E-03,  0.00000E+00,     0
   586,  5.86000E-02,  1.14144E+15,  1.14201E+15,  1.14280E+15,  1.27383E-12,  0.00000E+00,  5.67099E+11,  7.94145E+11,  3.50283E-02,  1.19115E-03,  0.00000E+00,     0
   587,  5.87000E-02,  1.14280E+15,  1.14337E+15,  1.14417E+15,  1.27383E-12,  0.00000E+00,  5.66700E+11,  8.00687E+11,  7.06635E-02,  1.19509E-03,  0.00000E+00,     0
   588,  5.88000E-02,  1.14417E+15,  1.14474E+15,  1.14553E+15,  1.27383E-12,  0.00000E+00,  5.66092E+11,  7.93866E+11,  6.66824E-02,  1.18719E-03,  0.00000E+00,     0
   589,  5.89000E-02,  1.14553E+15,  1.14610E+15,  1.14689E+15,  1.27383E-12,  0.00000E+00,  5.65952E+11,  7.95053E+11,  2.15067E-02,  1.18669E-03,  0.00000E+00,     0
   590,  5.90000E-02,  1.14689E+15,  1.14746E+15,  1.14825E+15,  1.27383E-12,  0.00000E+00,  5.65565E+11,  7.97084E+11,  2.27366E-02,  1.18672E-03,  0.00000E+00,     0
   591,  5.91000E-02,  1.14825E+15,  1.14882E+15,  1.14961E+15,  1.27383E-12,  0.00000E+00,  5.65175E+11,  7.91944E+11,  6.65915E-02,  1.18050E-03,  0.00000E+00,     0
   592,  5.92000E-02,  1.14961E+15,  1.15017E+15,  1.15097E+15,  1.27383E-12,  0.00000E+00,  5.64875E+11,  7.97160E+11,  6.32643E-02,  1.18338E-03,  0.00000E+00,     0
   593,  5.93000E-02,  1.15097E+15,  1.15154E+15,  1.15233E+15,  1.27383E-12,  0.00000E+00,  5.64448E+11,  7.97240E+11,  1.59932E-03,  1.18168E-03,  0.00000E+00,     0
   594,  5.94000E-02,  1.15233E+15,  1.15290E+15,  1.15369E+15,  1.27383E-12,  0.00000E+00,  5.64078E+11,  7.95445E+11,  2.28465E-02,  1.17841E-03,  0.00000E+00,     0
   595,  5.95000E-02,  1.15369E+15,  1.15426E+15,  1.15505E+15,  1.27383E-12,  0.00000E+00,  5.63733E+11,  7.92103E+11,  3.50578E-02,  1.17383E-03,  0.00000E+00,     0
   596,  5.96000E-02,  1.15505E+15,  1.15561E+15,  1.15640E+15,  1.27383E-12,  0.00000E+00,  5.63407E+11,  7.88681E+11,  4.26800E-02,  1.16922E-03,  0.00000E+00,     0
   597,  5.97000E-02,  1.15640E+15,  1.15696E+15,  1.15776E+15,  1.27383E-12,  0.00000E+00,  5.63096E+11,  7.93795E+11,  5.84152E-02,  1.17200E-03,  0.00000E+00,     0
   598,  5.98000E-02,  1.15776E+15,  1.15832E+15,  1.15912E+15,  1.27383E-12,  0.00000E+00,  5.62681E+11,  7.96713E+11,  1.44763E-02,  1.17278E-03,  0.00000E+00,     0
   599,  5.99000E-02,  1.15912E+15,  1.15968E+15,  1.16047E+15,  1.27383E-12,  0.00000E+00,  5.62300E+11,  7.93950E+11,  7.07425E-03,  1.16870E-03,  0.00000E+00,     0
   600,  6.00000E-02,  1.16047E+15,  1.16104E+15,  1.16183E+15,  1.27383E-12,  0.00000E+00,  5.61945E+11,  7.90858E+11,  6.04164E-02,  1.16438E-03,  0.00000E+00,     0
   601,  6.01000E-02,  1.16183E+15,  1.16239E+15,  1.16319E+15,  1.27383E-12,  0.00000E+00,  5.61646E+11,  7.96898E+11,  6.65903E-02,  1.16795E-03,  0.00000E+00,     0
   602,  6.02000E-02,  1.16319E+15,  1.16375E+15,  1.16454E+15,  1.27383E-12,  0.00000E+00,  5.61218E+11,  7.97685E+11,  4.09105E-02,  1.16690E-03,  0.00000E+00,     0
   603,  6.03000E-02,  1.16454E+15,  1.16510E+15,  1.16590E+15,  1.27383E-12,  0.00000E+00,  5.60815E+11,  7.90730E+11,  8.51143E-02,  1.15923E-03,  0.00000E+00,     0
   604,  6.04000E-02,  1.16590E+15,  1.16646E+15,  1.16725E+15,  1.27383E-12,  0.00000E+00,  5.60540E+11,  7.95939E+11,  5.44326E-02,  1.16211E-03,  0.00000E+00,     0
   605,  6.05000E-02,  1.16725E+15,  1.16781E+15,  1.16860E+15,  1.27383E-12,  0.00000E+00,  5.60126E+11,  7.88742E+11,  9.21769E-02,  1.15426E-03,  0.00000E+00,     0
   606,  6.06000E-02,  1.16860E+15,  1.16916E+15,  1.16996E+15,  1.27383E-12,  0.00000E+00,  5.59864E+11,  7.99777E+11,  1.51087E-01,  1.16213E-03,  0.00000E+00,     0
   607,  6.07000E-02,  1.16996E+15,  1.17052E+15,  1.17131E+15,  1.27383E-12,  0.00000E+00,  5.59321E+11,  7.94061E+11,  1.02859E-01,  1.15544E-03,  0.00000E+00,     0
   608,  6.08000E-02,  1.17131E+15,  1.17187E+15,  1.17267E+15,  1.27383E-12,  0.00000E+00,  5.59082E+11,  7.95332E+11,  3.49204E-02,  1.15499E-03,  0.00000E+00,     0
   609,  6.09000E-02,  1.17267E+15,  1.17323E+15,  1.17403E+15,  1.27383E-12,  0.00000E+00,  5.58691E+11,  7.98302E+11,  3.71683E-02,  1.15585E-03,  0.00000E+00,     0
   610,  6.10000E-02,  1.17403E+15,  1.17458E+15,  1.17538E+15,  1.27383E-12,  0.00000E+00,  5.58292E+11,  7.98080E+11,  1.89301E-02,  1.15398E-03,  0.00000E+00,     0
   611,  6.11000E-02,  1.17538E+15,  1.17594E+15,  1.17674E+15,  1.27383E-12,  0.00000E+00,  5.57941E+11,  7.95640E+11,  3.87592E-02,  1.15028E-03,  0.00000E+00,     0
   612,  6.12000E-02,  1.17674E+15,  1.17729E+15,  1.17810E+15,  1.27383E-12,  0.00000E+00,  5.57615E+11,  8.02903E+11,  8.75750E-02,  1.15484E-03,  0.00000E+00,     0
   613,  6.13000E-02,  1.17810E+15,  1.17865E+15,  1.17945E+15,  1.27383E-12,  0.00000E+00,  5.57032E+11,  7.97923E+11,  5.96670E-02,  1.14880E-03,  0.00000E+00,     0
   614,  6.14000E-02,  1.17945E+15,  1.18001E+15,  1.18081E+15,  1.27383E-12,  0.00000E+00,  5.56851E+11,  7.98909E+11,  1.33696E-02,  1.14816E-03,  0.00000E+00,     0
   615,  6.15000E-02,  1.18081E+15,  1.18136E+15,  1.18216E+15,  1.27383E-12,  0.00000E+00,  5.56474E+11,  7.96932E+11,  2.12656E-02,  1.14486E-03,  0.00000E+00,     0
   616,  6.16000E-02,  1.18216E+15,  1.18272E+15,  1.18352E+15,  1.27383E-12,  0.00000E+00,  5.56134E+11,  8.00879E+11,  4.44286E-02,  1.14659E-03,  0.00000E+00,     0
   617,  6.17000E-02,  1.18352E+15,  1.18407E+15,  1.18487E+15,  1.27383E-12,  0.00000E+00,  5.55728E+11,  7.97158E+11,  5.81322E-02,  1.14180E-03,  0.00000E+00,     0
   618,  6.18000E-02,  1.18487E+15,  1.18543E+15,  1.18623E+15,  1.27383E-12,  0.00000E+00,  5.55419E+11,  8.00836E+11,  5.39694E-02,  1.14334E-03,  0.00000E+00,     0
   619,  6.19000E-02,  1.18623E+15,  1.18678E+15,  1.18758E+15,  1.27383E-12,  0.00000E+00,  5.55005E+11,  8.00911E+11,  1.52846E-03,  1.14175E-03,  0.00000E+00,     0
   620,  6.20000E-02,  1.18758E+15,  1.18814E+15,  1.18894E+15,  1.27383E-12,  0.00000E+00,  5.54640E+11,  8.00984E+11,  1.52586E-03,  1.14020E-03,  0.00000E+00,     0
   621,  6.21000E-02,  1.18894E+15,  1.18949E+15,  1.19028E+15,  1.27383E-12,  0.00000E+00,  5.54275E+11,  7.92031E+11,  1.07606E-01,  1.13108E-03,  0.00000E+00,     0
   622,  6.22000E-02,  1.19028E+15,  1.19084E+15,  1.19164E+15,  1.27383E-12,  0.00000E+00,  5.54029E+11,  7.99602E+11,  8.54265E-02,  1.13594E-03,  0.00000E+00,     0
   623,  6.23000E-02,  1.19164E+15,  1.19219E+15,  1.19299E+15,  1.27383E-12,  0.00000E+00,  5.53520E+11,  7.94892E+11,  4.45292E-02,  1.13028E-03,  0.00000E+00,     0
   624,  6.24000E-02,  1.19299E+15,  1.19354E+15,  1.19433E+15,  1.27383E-12,  0.00000E+00,  5.53277E+11,  7.94842E+11,  2.68094E-03,  1.12876E-03,  0.00000E+00,     0
   625,  6.25000E-02,  1.19433E+15,  1.19489E+15,  1.19568E+15,  1.27383E-12,  0.00000E+00,  5.52928E+11,  7.96931E+11,  3.69745E-02,  1.12894E-03,  0.00000E+00,     0
   626,  6.26000E-02,  1.19568E+15,  1.19624E+15,  1.19704E+15,  1.27383E-12,  0.00000E+00,  5.52540E+11,  8.02753E+11,  3.68724E-02,  1.13220E-03,  0.00000E+00,     0
   627,  6.27000E-02,  1.19704E+15,  1.19759E+15,  1.19839E+15,  1.27383E-12,  0.00000E+00,  5.52139E+11,  8.02823E+11,  1.93862E-03,  1.13065E-03,  0.00000E+00,     0
   628,  6.28000E-02,  1.19839E+15,  1.19895E+15,  1.19974E+15,  1.27383E-12,  0.00000E+00,  5.51774E+11,  7.89942E+11,  1.26697E-01,  1.11834E-03,  0.00000E+00,     0
   629,  6.29000E-02,  1.19974E+15,  1.20029E+15,  1.20108E+15,  1.27383E-12,  0.00000E+00,  5.51558E+11,  7.92822E+11,  2.79727E-02,  1.11931E-03,  0.00000E+00,     0
   630,  6.30000E-02,  1.20108E+15,  1.20163E+15,  1.20243E+15,  1.27383E-12,  0.00000E+00,  5.51185E+11,  8.01366E+11,  1.23922E-01,  1.12485E-03,  0.00000E+00,     0
   631,  6.31000E-02,  1.20243E+15,  1.20298E+15,  1.20378E+15,  1.27383E-12,  0.00000E+00,  5.50709E+11,  8.01433E+11,  2.50213E-03,  1.12324E-03,  0.00000E+00,     0
   632,  6.32000E-02,  1.20378E+15,  1.20434E+15,  1.20513E+15,  1.27383E-12,  0.00000E+00,  5.50346E+11,  7.95443E+11,  9.95567E-02,  1.11672E-03,  0.00000E+00,     0
   633,  6.33000E-02,  1.20513E+15,  1.20568E+15,  1.20648E+15,  1.27383E-12,  0.00000E+00,  5.50084E+11,  7.99258E+11,  5.77991E-02,  1.11841E-03,  0.00000E+00,     0
   634,  6.34000E-02,  1.20648E+15,  1.20703E+15,  1.20782E+15,  1.27383E-12,  0.00000E+00,  5.49703E+11,  7.95053E+11,  3.64823E-02,  1.11337E-03,  0.00000E+00,     0
   635,  6.35000E-02,  1.20782E+15,  1.20837E+15,  1.20917E+15,  1.27383E-12,  0.00000E+00,  5.49358E+11,  7.99380E+11,  3.67720E-02,  1.11542E-03,  0.00000E+00,     0
   636,  6.36000E-02,  1.20917E+15,  1.20972E+15,  1.21052E+15,  1.27383E-12,  0.00000E+00,  5.48969E+11,  8.01772E+11,  4.44894E-02,  1.11583E-03,  0.00000E+00,     0
   637,  6.37000E-02,  1.21052E+15,  1.21107E+15,  1.21187E+15,  1.27383E-12,  0.00000E+00,  5.48569E+11,  7.95775E+11,  9.96098E-02,  1.10931E-03,  0.00000E+00,     0
   638,  6.38000E-02,  1.21187E+15,  1.21242E+15,  1.21322E+15,  1.27383E-12,  0.00000E+00,  5.48307E+11,  8.01909E+11,  9.96622E-02,  1.11292E-03,  0.00000E+00,     0
   639,  6.39000E-02,  1.21322E+15,  1.21377E+15,  1.21457E+15,  1.27383E-12,  0.00000E+00,  5.47858E+11,  8.01974E+11,  1.55408E-03,  1.11137E-03,  0.00000E+00,     0
   640,  6.40000E-02,  1.21457E+15,  1.21512E+15,  1.21591E+15,  1.27383E-12,  0.00000E+00,  5.47497E+11,  7.95973E+11,  9.95742E-02,  1.10491E-03,  0.00000E+00,     0
   641,  6.41000E-02,  1.21591E+15,  1.21646E+15,  1.21726E+15,  1.27383E-12,  0.00000E+00,  5.47236E+11,  8.00483E+11,  6.84172E-02,  1.10717E-03,  0.00000E+00,     0
   642,  6.42000E-02,  1.21726E+15,  1.21781E+15,  1.21861E+15,  1.27383E-12,  0.00000E+00,  5.46818E+11,  8.02227E+11,  2.12579E-02,  1.10704E-03,  0.00000E+00,     0
   643,  6.43000E-02,  1.21861E+15,  1.21916E+15,  1.21995E+15,  1.27383E-12,  0.00000E+00,  5.46440E+11,  7.95234E+11,  9.41719E-02,  1.09978E-03,  0.00000E+00,     0
   644,  6.44000E-02,  1.21995E+15,  1.22050E+15,  1.22130E+15,  1.27383E-12,  0.00000E+00,  5.46179E+11,  8.00677E+11,  7.46060E-02,  1.10281E-03,  0.00000E+00,     0
   645,  6.45000E-02,  1.22130E+15,  1.22184E+15,  1.22264E+15,  1.27383E-12,  0.00000E+00,  5.45755E+11,  8.00545E+11,  1.35391E-02,  1.10114E-03,  0.00000E+00,     0
   646,  6.46000E-02,  1.22264E+15,  1.22319E+15,  1.22399E+15,  1.27383E-12,  0.00000E+00,  5.45409E+11,  8.04269E+11,  4.96539E-02,  1.10268E-03,  0.00000E+00,     0
   647,  6.47000E-02,  1.22399E+15,  1.22454E+15,  1.22533E+15,  1.27383E-12,  0.00000E+00,  5.45004E+11,  7.95914E+11,  9.68786E-02,  1.09433E-03,  0.00000E+00,     0
   648,  6.48000E-02,  1.22533E+15,  1.22588E+15,  1.22668E+15,  1.27383E-12,  0.00000E+00,  5.44746E+11,  7.96686E+11,  6.30275E-03,  1.09355E-03,  0.00000E+00,     0
   649,  6.49000E-02,  1.22668E+15,  1.22722E+15,  1.22802E+15,  1.27383E-12,  0.00000E+00,  5.44393E+11,  8.02675E+11,  5.93617E-02,  1.09694E-03,  0.00000E+00,     0
   650,  6.50000E-02,  1.22802E+15,  1.22857E+15,  1.22936E+15,  1.27383E-12,  0.00000E+00,  5.43981E+11,  7.97230E+11,  4.40572E-02,  1.09098E-03,  0.00000E+00,     0
   651,  6.51000E-02,  1.22936E+15,  1.22991E+15,  1.23071E+15,  1.27383E-12,  0.00000E+00,  5.43672E+11,  8.00017E+11,  1.06975E-02,  1.09180E-03,  0.00000E+00,     0
   652,  6.52000E-02,  1.23071E+15,  1.23125E+15,  1.23205E+15,  1.27383E-12,  0.00000E+00,  5.43309E+11,  8.00080E+11,  1.44709E-03,  1.09037E-03,  0.00000E+00,     0
   653,  6.53000E-02,  1.23205E+15,  1.23259E+15,  1.23339E+15,  1.27383E-12,  0.00000E+00,  5.42956E+11,  7.92122E+11,  7.22553E-02,  1.08245E-03,  0.00000E+00,     0
   654,  6.54000E-02,  1.23339E+15,  1.23393E+15,  1.23473E+15,  1.27383E-12,  0.00000E+00,  5.42688E+11,  8.00935E+11,  9.49854E-02,  1.08819E-03,  0.00000E+00,     0
   655,  6.55000E-02,  1.23473E+15,  1.23527E+15,  1.23607E+15,  1.27383E-12,  0.00000E+00,  5.42244E+11,  8.02750E+11,  6.98675E-03,  1.08812E-03,  0.00000E+00,     0
   656,  6.56000E-02,  1.23607E+15,  1.23662E+15,  1.23741E+15,  1.27383E-12,  0.00000E+00,  5.41879E+11,  7.95003E+11,  8.32035E-02,  1.08039E-03,  0.00000E+00,     0
   657,  6.57000E-02,  1.23741E+15,  1.23795E+15,  1.23876E+15,  1.27383E-12,  0.00000E+00,  5.41614E+11,  8.04036E+11,  1.06420E-01,  1.08629E-03,  0.00000E+00,     0
   658,  6.58000E-02,  1.23876E+15,  1.23930E+15,  1.24010E+15,  1.27383E-12,  0.00000E+00,  5.41156E+11,  8.02943E+11,  6.77697E-03,  1.08386E-03,  0.00000E+00,     0
   659,  6.59000E-02,  1.24010E+15,  1.24064E+15,  1.24144E+15,  1.27383E-12,  0.00000E+00,  5.40693E+11,  7.94608E+11,  1.10638E-01,  1.07561E-03,  0.00000E+00,     0
   660,  6.60000E-02,  1.24144E+15,  1.24198E+15,  1.24278E+15,  1.27383E-12,  0.00000E+00,  5.40554E+11,  7.99671E+11,  5.00248E-02,  1.07841E-03,  0.00000E+00,     0
   661,  6.61000E-02,  1.24278E+15,  1.24332E+15,  1.24412E+15,  1.27383E-12,  0.00000E+00,  5.40157E+11,  8.04279E+11,  5.75392E-02,  1.08063E-03,  0.00000E+00,     0
   662,  6.62000E-02,  1.24412E+15,  1.24466E+15,  1.24546E+15,  1.27383E-12,  0.00000E+00,  5.39747E+11,  8.02117E+11,  2.91564E-02,  1.07740E-03,  0.00000E+00,     0
   663,  6.63000E-02,  1.24546E+15,  1.24600E+15,  1.24680E+15,  1.27383E-12,  0.00000E+00,  5.39416E+11,  8.02176E+11,  1.42157E-03,  1.07602E-03,  0.00000E+00,     0
   664,  6.64000E-02,  1.24680E+15,  1.24734E+15,  1.24815E+15,  1.27383E-12,  0.00000E+00,  5.39062E+11,  8.02234E+11,  1.41930E-03,  1.07463E-03,  0.00000E+00,     0
   665,  6.65000E-02,  1.24815E+15,  1.24868E+15,  1.24949E+15,  1.27383E-12,  0.00000E+00,  5.38708E+11,  8.02293E+11,  1.41704E-03,  1.07324E-03,  0.00000E+00,     0
   666,  6.66000E-02,  1.24949E+15,  1.25003E+15,  1.25083E+15,  1.27383E-12,  0.00000E+00,  5.38354E+11,  8.02414E+11,  1.41478E-03,  1.07190E-03,  0.00000E+00,     0
   667,  6.67000E-02,  1.25083E+15,  1.25137E+15,  1.25217E+15,  1.27383E-12,  0.00000E+00,  5.38000E+11,  8.02409E+11,  1.41254E-03,  1.07047E-03,  0.00000E+00,     0
   668,  6.68000E-02,  1.25217E+15,  1.25271E+15,  1.25351E+15,  1.27383E-12,  0.00000E+00,  5.37647E+11,  8.04610E+11,  4.86082E-02,  1.07080E-03,  0.00000E+00,     0
   669,  6.69000E-02,  1.25351E+15,  1.25405E+15,  1.25484E+15,  1.27383E-12,  0.00000E+00,  5.37251E+11,  7.96771E+11,  1.11109E-01,  1.06310E-03,  0.00000E+00,     0
   670,  6.70000E-02,  1.25484E+15,  1.25538E+15,  1.25618E+15,  1.27383E-12,  0.00000E+00,  5.37010E+11,  7.94657E+11,  2.66542E-02,  1.06010E-03,  0.00000E+00,     0
   671,  6.71000E-02,  1.25618E+15,  1.25671E+15,  1.25752E+15,  1.27383E-12,  0.00000E+00,  5.36698E+11,  8.04213E+11,  1.01595E-01,  1.06632E-03,  0.00000E+00,     0
   672,  6.72000E-02,  1.25752E+15,  1.25805E+15,  1.25885E+15,  1.27383E-12,  0.00000E+00,  5.36247E+11,  8.00061E+11,  4.93424E-02,  1.06153E-03,  0.00000E+00,     0
   673,  6.73000E-02,  1.25885E+15,  1.25939E+15,  1.26018E+15,  1.27383E-12,  0.00000E+00,  5.35943E+11,  7.94022E+11,  6.81017E-02,  1.05537E-03,  0.00000E+00,     0
   674,  6.74000E-02,  1.26018E+15,  1.26072E+15,  1.26152E+15,  1.27383E-12,  0.00000E+00,  5.35671E+11,  8.01593E+11,  9.41142E-02,  1.06004E-03,  0.00000E+00,     0
   675,  6.75000E-02,  1.26152E+15,  1.26206E+15,  1.26286E+15,  1.27383E-12,  0.00000E+00,  5.35233E+11,  8.06716E+11,  3.28363E-02,  1.06262E-03,  0.00000E+00,     0
   676,  6.76000E-02,  1.26286E+15,  1.26340E+15,  1.26420E+15,  1.27383E-12,  0.00000E+00,  5.34842E+11,  8.00566E+11,  4.65634E-02,  1.05633E-03,  0.00000E+00,     0
   677,  6.77000E-02,  1.26420E+15,  1.26473E+15,  1.26553E+15,  1.27383E-12,  0.00000E+00,  5.34537E+11,  8.00684E+11,  1.39073E-03,  1.05507E-03,  0.00000E+00,     0
   678,  6.78000E-02,  1.26553E+15,  1.26607E+15,  1.26687E+15,  1.27383E-12,  0.00000E+00,  5.34188E+11,  8.02956E+11,  3.61730E-02,  1.05547E-03,  0.00000E+00,     0
   679,  6.79000E-02,  1.26687E+15,  1.26740E+15,  1.26821E+15,  1.27383E-12,  0.00000E+00,  5.33805E+11,  8.00764E+11,  2.40834E-02,  1.05233E-03,  0.00000E+00,     0
   680,  6.80000E-02,  1.26821E+15,  1.26874E+15,  1.26954E+15,  1.27383E-12,  0.00000E+00,  5.33479E+11,  7.98019E+11,  4.84158E-02,  1.04881E-03,  0.00000E+00,     0
   681,  6.81000E-02,  1.26954E+15,  1.27007E+15,  1.27087E+15,  1.27383E-12,  0.00000E+00,  5.33180E+11,  7.96521E+11,  1.41748E-02,  1.04629E-03,  0.00000E+00,     0
   682,  6.82000E-02,  1.27087E+15,  1.27140E+15,  1.27221E+15,  1.27383E-12,  0.00000E+00,  5.32854E+11,  8.06331E+11,  1.30472E-01,  1.05265E-03,  0.00000E+00,     0
   683,  6.83000E-02,  1.27221E+15,  1.27274E+15,  1.27354E+15,  1.27383E-12,  0.00000E+00,  5.32225E+11,  8.05680E+11,  3.31343E-02,  1.05054E-03,  0.00000E+00,     0
   684,  6.84000E-02,  1.27354E+15,  1.27408E+15,  1.27488E+15,  1.27383E-12,  0.00000E+00,  5.32047E+11,  8.01413E+11,  5.48285E-02,  1.04595E-03,  0.00000E+00,     0
   685,  6.85000E-02,  1.27488E+15,  1.27541E+15,  1.27621E+15,  1.27383E-12,  0.00000E+00,  5.31747E+11,  7.97131E+11,  5.23065E-02,  1.04127E-03,  0.00000E+00,     0
   686,  6.86000E-02,  1.27621E+15,  1.27674E+15,  1.27753E+15,  1.27383E-12,  0.00000E+00,  5.31456E+11,  7.97056E+11,  5.44901E-03,  1.03990E-03,  0.00000E+00,     0
   687,  6.87000E-02,  1.27753E+15,  1.27807E+15,  1.27887E+15,  1.27383E-12,  0.00000E+00,  5.31122E+11,  8.00717E+11,  4.63775E-02,  1.04142E-03,  0.00000E+00,     0
   688,  6.88000E-02,  1.27887E+15,  1.27940E+15,  1.28020E+15,  1.27383E-12,  0.00000E+00,  5.30733E+11,  8.01067E+11,  5.79487E-03,  1.04031E-03,  0.00000E+00,     0
   689,  6.89000E-02,  1.28020E+15,  1.28073E+15,  1.28153E+15,  1.27383E-12,  0.00000E+00,  5.30381E+11,  7.97590E+11,  3.62255E-02,  1.03624E-03,  0.00000E+00,     0
   690,  6.90000E-02,  1.28153E+15,  1.28206E+15,  1.28286E+15,  1.27383E-12,  0.00000E+00,  5.30074E+11,  8.02732E+11,  6.95856E-02,  1.03893E-03,  0.00000E+00,     0
   691,  6.91000E-02,  1.28286E+15,  1.28339E+15,  1.28419E+15,  1.27383E-12,  0.00000E+00,  5.29661E+11,  8.06531E+11,  2.05962E-02,  1.04049E-03,  0.00000E+00,     0
   692,  6.92000E-02,  1.28419E+15,  1.28472E+15,  1.28552E+15,  1.27383E-12,  0.00000E+00,  5.29285E+11,  7.96166E+11,  8.39960E-02,  1.03106E-03,  0.00000E+00,     0
   693,  6.93000E-02,  1.28552E+15,  1.28605E+15,  1.28685E+15,  1.27383E-12,  0.00000E+00,  5.29027E+11,  8.03958E+11,  6.26721E-02,  1.03585E-03,  0.00000E+00,     0
   694,  6.94000E-02,  1.28685E+15,  1.28738E+15,  1.28818E+15,  1.27383E-12,  0.00000E+00,  5.28617E+11,  8.02947E+11,  3.88576E-03,  1.03367E-03,  0.00000E+00,     0
   695,  6.95000E-02,  1.28818E+15,  1.28871E+15,  1.28952E+15,  1.27383E-12,  0.00000E+00,  5.28265E+11,  8.04401E+11,  1.49559E-02,  1.03346E-03,  0.00000E+00,     0
   696,  6.96000E-02,  1.28952E+15,  1.29005E+15,  1.29085E+15,  1.27383E-12,  0.00000E+00,  5.27781E+11,  8.03675E+11,  2.77831E-02,  1.03146E-03,  0.00000E+00,     0
   697,  6.97000E-02,  1.29085E+15,  1.29138E+15,  1.29218E+15,  1.27383E-12,  0.00000E+00,  5.27573E+11,  8.04504E+11,  2.74226E-02,  1.03087E-03,  0.00000E+00,     0
   698,  6.98000E-02,  1.29218E+15,  1.29271E+15,  1.29351E+15,  1.27383E-12,  0.00000E+00,  5.27078E+11,  8.06035E+11,  2.45811E-02,  1.03061E-03,  0.00000E+00,     0
   699,  6.99000E-02,  1.29351E+15,  1.29404E+15,  1.29485E+15,  1.27383E-12,  0.00000E+00,  5.26824E+11,  8.04758E+11,  2.23630E-02,  1.02837E-03,  0.00000E+00,     0
   700,  7.00000E-02,  1.29485E+15,  1.29537E+15,  1.29617E+15,  1.27383E-12,  0.00000E+00,  5.26491E+11,  7.97091E+11,  8.92545E-02,  1.02115E-03,  0.00000E+00,     0
   701,  7.01000E-02,  1.29617E+15,  1.29670E+15,  1.29750E+15,  1.27383E-12,  0.00000E+00,  5.26238E+11,  8.03304E+11,  7.31021E-02,  1.02470E-03,  0.00000E+00,     0
   702,  7.02000E-02,  1.29750E+15,  1.29802E+15,  1.29883E+15,  1.27383E-12,  0.00000E+00,  5.25824E+11,  8.03356E+11,  1.45686E-03,  1.02337E-03,  0.00000E+00,     0
   703,  7.03000E-02,  1.29883E+15,  1.29935E+15,  1.30016E+15,  1.27383E-12,  0.00000E+00,  5.25476E+11,  8.07632E+11,  4.58952E-02,  1.02534E-03,  0.00000E+00,     0
   704,  7.04000E-02,  1.30016E+15,  1.30069E+15,  1.30149E+15,  1.27383E-12,  0.00000E+00,  5.25081E+11,  8.03457E+11,  4.64284E-02,  1.02078E-03,  0.00000E+00,     0
   705,  7.05000E-02,  1.30149E+15,  1.30201E+15,  1.30282E+15,  1.27383E-12,  0.00000E+00,  5.24774E+11,  8.03675E+11,  7.11703E-03,  1.01967E-03,  0.00000E+00,     0
   706,  7.06000E-02,  1.30282E+15,  1.30334E+15,  1.30415E+15,  1.27383E-12,  0.00000E+00,  5.24422E+11,  8.03307E+11,  2.29707E-02,  1.01808E-03,  0.00000E+00,     0
   707,  7.07000E-02,  1.30415E+15,  1.30467E+15,  1.30547E+15,  1.27383E-12,  0.00000E+00,  5.24094E+11,  8.02051E+11,  1.57875E-02,  1.01584E-03,  0.00000E+00,     0
   708,  7.08000E-02,  1.30547E+15,  1.30600E+15,  1.30679E+15,  1.27383E-12,  0.00000E+00,  5.23765E+11,  7.96272E+11,  6.30777E-02,  1.01014E-03,  0.00000E+00,     0
   709,  7.09000E-02,  1.30679E+15,  1.30732E+15,  1.30812E+15,  1.27383E-12,  0.00000E+00,  5.23492E+11,  8.00885E+11,  5.67667E-02,  1.01243E-03,  0.00000E+00,     0
   710,  7.10000E-02,  1.30812E+15,  1.30864E+15,  1.30944E+15,  1.27383E-12,  0.00000E+00,  5.23099E+11,  8.04627E+11,  5.98673E-02,  1.01396E-03,  0.00000E+00,     0
   711,  7.11000E-02,  1.30944E+15,  1.30997E+15,  1.31077E+15,  1.27383E-12,  0.00000E+00,  5.22699E+11,  8.06565E+11,  1.42528E-02,  1.01411E-03,  0.00000E+00,     0
   712,  7.12000E-02,  1.31077E+15,  1.31130E+15,  1.31210E+15,  1.27383E-12,  0.00000E+00,  5.22356E+11,  7.99935E+11,  5.47521E-02,  1.00777E-03,  0.00000E+00,     0
   713,  7.13000E-02,  1.31210E+15,  1.31262E+15,  1.31342E+15,  1.27383E-12,  0.00000E+00,  5.22066E+11,  8.01749E+11,  2.11998E-02,  1.00792E-03,  0.00000E+00,     0
   714,  7.14000E-02,  1.31342E+15,  1.31394E+15,  1.31474E+15,  1.27383E-12,  0.00000E+00,  5.21706E+11,  8.02322E+11,  1.86288E-03,  1.00706E-03,  0.00000E+00,     0
   715,  7.15000E-02,  1.31474E+15,  1.31526E+15,  1.31607E+15,  1.27383E-12,  0.00000E+00,  5.21364E+11,  8.01852E+11,  2.29791E-03,  1.00543E-03,  0.00000E+00,     0
   716,  7.16000E-02,  1.31607E+15,  1.31659E+15,  1.31739E+15,  1.27383E-12,  0.00000E+00,  5.21020E+11,  8.02765E+11,  8.23277E-03,  1.00485E-03,  0.00000E+00,     0
   717,  7.17000E-02,  1.31739E+15,  1.31791E+15,  1.31871E+15,  1.27383E-12,  0.00000E+00,  5.20669E+11,  8.00199E+11,  2.84129E-02,  1.00164E-03,  0.00000E+00,     0
   718,  7.18000E-02,  1.31871E+15,  1.31923E+15,  1.32003E+15,  1.27383E-12,  0.00000E+00,  5.20355E+11,  7.97642E+11,  4.16758E-02,  9.98460E-04,  0.00000E+00,     0
   719,  7.19000E-02,  1.32003E+15,  1.32055E+15,  1.32135E+15,  1.27383E-12,  0.00000E+00,  5.20059E+11,  8.01603E+11,  5.25253E-02,  1.00024E-03,  0.00000E+00,     0
   720,  7.20000E-02,  1.32135E+15,  1.32187E+15,  1.32267E+15,  1.27383E-12,  0.00000E+00,  5.19669E+11,  7.97034E+11,  6.79041E-02,  9.95491E-04,  0.00000E+00,     0
   721,  7.21000E-02,  1.32267E+15,  1.32319E+15,  1.32399E+15,  1.27383E-12,  0.00000E+00,  5.19399E+11,  8.05970E+11,  1.24798E-01,  1.00104E-03,  0.00000E+00,     0
   722,  7.22000E-02,  1.32399E+15,  1.32451E+15,  1.32532E+15,  1.27383E-12,  0.00000E+00,  5.18932E+11,  8.04614E+11,  2.07939E-02,  9.98663E-04,  0.00000E+00,     0
   723,  7.23000E-02,  1.32532E+15,  1.32584E+15,  1.32664E+15,  1.27383E-12,  0.00000E+00,  5.18601E+11,  8.00506E+11,  3.96360E-02,  9.94325E-04,  0.00000E+00,     0
   724,  7.24000E-02,  1.32664E+15,  1.32715E+15,  1.32796E+15,  1.27383E-12,  0.00000E+00,  5.18296E+11,  8.06115E+11,  5.95594E-02,  9.97328E-04,  0.00000E+00,     0
   725,  7.25000E-02,  1.32796E+15,  1.32848E+15,  1.32928E+15,  1.27383E-12,  0.00000E+00,  5.17893E+11,  8.02515E+11,  6.07502E-02,  9.93325E-04,  0.00000E+00,     0
   726,  7.26000E-02,  1.32928E+15,  1.32980E+15,  1.33060E+15,  1.27383E-12,  0.00000E+00,  5.17603E+11,  8.02563E+11,  1.29116E-03,  9.92158E-04,  0.00000E+00,     0
   727,  7.27000E-02,  1.33060E+15,  1.33112E+15,  1.33192E+15,  1.27383E-12,  0.00000E+00,  5.17260E+11,  7.98407E+11,  3.52235E-02,  9.87800E-04,  0.00000E+00,     0
   728,  7.28000E-02,  1.33192E+15,  1.33243E+15,  1.33324E+15,  1.27383E-12,  0.00000E+00,  5.16958E+11,  8.03309E+11,  4.91287E-02,  9.90272E-04,  0.00000E+00,     0
   729,  7.29000E-02,  1.33324E+15,  1.33375E+15,  1.33456E+15,  1.27383E-12,  0.00000E+00,  5.16568E+11,  8.05839E+11,  1.87151E-02,  9.90894E-04,  0.00000E+00,     0
   730,  7.30000E-02,  1.33456E+15,  1.33508E+15,  1.33588E+15,  1.27383E-12,  0.00000E+00,  5.16201E+11,  8.01994E+11,  2.68328E-02,  9.86764E-04,  0.00000E+00,     0
   731,  7.31000E-02,  1.33588E+15,  1.33639E+15,  1.33720E+15,  1.27383E-12,  0.00000E+00,  5.15884E+11,  8.08730E+11,  4.00212E-02,  9.90587E-04,  0.00000E+00,     0
   732,  7.32000E-02,  1.33720E+15,  1.33772E+15,  1.33853E+15,  1.27383E-12,  0.00000E+00,  5.15492E+11,  8.08775E+11,  1.74414E-03,  9.89347E-04,  0.00000E+00,     0
   733,  7.33000E-02,  1.33853E+15,  1.33904E+15,  1.33985E+15,  1.27383E-12,  0.00000E+00,  5.15139E+11,  8.08180E+11,  1.52936E-02,  9.87662E-04,  0.00000E+00,     0
   734,  7.34000E-02,  1.33985E+15,  1.34036E+15,  1.34117E+15,  1.27383E-12,  0.00000E+00,  5.14777E+11,  8.07068E+11,  6.75546E-03,  9.85590E-04,  0.00000E+00,     0
   735,  7.35000E-02,  1.34117E+15,  1.34169E+15,  1.34248E+15,  1.27383E-12,  0.00000E+00,  5.14299E+11,  7.95659E+11,  1.44387E-01,  9.75774E-04,  0.00000E+00,     0
   736,  7.36000E-02,  1.34248E+15,  1.34300E+15,  1.34380E+15,  1.27383E-12,  0.00000E+00,  5.14235E+11,  8.08954E+11,  1.26094E-01,  9.84659E-04,  0.00000E+00,     0
   737,  7.37000E-02,  1.34380E+15,  1.34432E+15,  1.34513E+15,  1.27383E-12,  0.00000E+00,  5.13758E+11,  8.07232E+11,  5.84569E-03,  9.82057E-04,  0.00000E+00,     0
   738,  7.38000E-02,  1.34513E+15,  1.34564E+15,  1.34644E+15,  1.27383E-12,  0.00000E+00,  5.13416E+11,  8.00502E+11,  7.22805E-02,  9.75846E-04,  0.00000E+00,     0
   739,  7.39000E-02,  1.34644E+15,  1.34695E+15,  1.34776E+15,  1.27383E-12,  0.00000E+00,  5.13148E+11,  8.05682E+11,  8.04912E-02,  9.78536E-04,  0.00000E+00,     0
   740,  7.40000E-02,  1.34776E+15,  1.34827E+15,  1.34907E+15,  1.27383E-12,  0.00000E+00,  5.12731E+11,  8.02152E+11,  5.29851E-02,  9.74657E-04,  0.00000E+00,     0
   741,  7.41000E-02,  1.34907E+15,  1.34959E+15,  1.35039E+15,  1.27383E-12,  0.00000E+00,  5.12439E+11,  8.00893E+11,  1.71810E-02,  9.72560E-04,  0.00000E+00,     0
   742,  7.42000E-02,  1.35039E+15,  1.35090E+15,  1.35170E+15,  1.27383E-12,  0.00000E+00,  5.12119E+11,  8.03654E+11,  2.79554E-02,  9.73419E-04,  0.00000E+00,     0
   743,  7.43000E-02,  1.35170E+15,  1.35221E+15,  1.35301E+15,  1.27383E-12,  0.00000E+00,  5.11753E+11,  7.98043E+11,  5.22717E-02,  9.68059E-04,  0.00000E+00,     0
   744,  7.44000E-02,  1.35301E+15,  1.35352E+15,  1.35432E+15,  1.27383E-12,  0.00000E+00,  5.11471E+11,  8.01490E+11,  2.60607E-02,  9.69458E-04,  0.00000E+00,     0
   745,  7.45000E-02,  1.35432E+15,  1.35484E+15,  1.35564E+15,  1.27383E-12,  0.00000E+00,  5.11109E+11,  8.06040E+11,  5.46033E-02,  9.71605E-04,  0.00000E+00,     0
   746,  7.46000E-02,  1.35564E+15,  1.35615E+15,  1.35695E+15,  1.27383E-12,  0.00000E+00,  5.10714E+11,  8.02161E+11,  4.48654E-02,  9.67516E-04,  0.00000E+00,     0
   747,  7.47000E-02,  1.35695E+15,  1.35747E+15,  1.35827E+15,  1.27383E-12,  0.00000E+00,  5.10416E+11,  8.06015E+11,  4.39200E-02,  9.69196E-04,  0.00000E+00,     0
   748,  7.48000E-02,  1.35827E+15,  1.35878E+15,  1.35958E+15,  1.27383E-12,  0.00000E+00,  5.10030E+11,  8.02248E+11,  4.38256E-02,  9.65206E-04,  0.00000E+00,     0
   749,  7.49000E-02,  1.35958E+15,  1.36009E+15,  1.36090E+15,  1.27383E-12,  0.00000E+00,  5.09731E+11,  8.03749E+11,  1.24435E-02,  9.65157E-04,  0.00000E+00,     0
   750,  7.50000E-02,  1.36090E+15,  1.36141E+15,  1.36221E+15,  1.27383E-12,  0.00000E+00,  5.09379E+11,  8.07084E+11,  4.07256E-02,  9.66414E-04,  0.00000E+00,     0
   751,  7.51000E-02,  1.36221E+15,  1.36272E+15,  1.36353E+15,  1.27383E-12,  0.00000E+00,  5.08995E+11,  8.06476E+11,  1.35243E-02,  9.64754E-04,  0.00000E+00,     0
   752,  7.52000E-02,  1.36353E+15,  1.36404E+15,  1.36484E+15,  1.27383E-12,  0.00000E+00,  5.08661E+11,  8.06642E+11,  2.04363E-02,  9.63702E-04,  0.00000E+00,     0
   753,  7.53000E-02,  1.36484E+15,  1.36535E+15,  1.36616E+15,  1.27383E-12,  0.00000E+00,  5.08299E+11,  8.05987E+11,  1.93595E-02,  9.62030E-04,  0.00000E+00,     0
   754,  7.54000E-02,  1.36616E+15,  1.36667E+15,  1.36747E+15,  1.27383E-12,  0.00000E+00,  5.07970E+11,  7.99718E+11,  7.81115E-02,  9.56285E-04,  0.00000E+00,     0
   755,  7.55000E-02,  1.36747E+15,  1.36797E+15,  1.36877E+15,  1.27383E-12,  0.00000E+00,  5.07711E+11,  8.00437E+11,  2.30212E-02,  9.55707E-04,  0.00000E+00,     0
   756,  7.56000E-02,  1.36877E+15,  1.36928E+15,  1.37009E+15,  1.27383E-12,  0.00000E+00,  5.07357E+11,  8.06222E+11,  7.00027E-02,  9.58755E-04,  0.00000E+00,     0
   757,  7.57000E-02,  1.37009E+15,  1.37059E+15,  1.37139E+15,  1.27383E-12,  0.00000E+00,  5.06848E+11,  7.97597E+11,  1.08330E-01,  9.51183E-04,  0.00000E+00,     0
   758,  7.58000E-02,  1.37139E+15,  1.37190E+15,  1.37270E+15,  1.27383E-12,  0.00000E+00,  5.06724E+11,  7.98556E+11,  2.67703E-02,  9.50886E-04,  0.00000E+00,     0
   759,  7.59000E-02,  1.37270E+15,  1.37320E+15,  1.37400E+15,  1.27383E-12,  0.00000E+00,  5.06369E+11,  7.97786E+11,  2.39470E-02,  9.49166E-04,  0.00000E+00,     0
   760,  7.60000E-02,  1.37400E+15,  1.37451E+15,  1.37531E+15,  1.27383E-12,  0.00000E+00,  5.06063E+11,  8.06002E+11,  9.70349E-02,  9.54011E-04,  0.00000E+00,     0
   761,  7.61000E-02,  1.37531E+15,  1.37582E+15,  1.37663E+15,  1.27383E-12,  0.00000E+00,  5.05626E+11,  8.06461E+11,  1.27388E-02,  9.53118E-04,  0.00000E+00,     0
   762,  7.62000E-02,  1.37663E+15,  1.37713E+15,  1.37794E+15,  1.27383E-12,  0.00000E+00,  5.05156E+11,  8.06615E+11,  1.22602E-03,  9.51981E-04,  0.00000E+00,     0
   763,  7.63000E-02,  1.37794E+15,  1.37844E+15,  1.37925E+15,  1.27383E-12,  0.00000E+00,  5.04809E+11,  8.06657E+11,  1.22430E-03,  9.50855E-04,  0.00000E+00,     0
   764,  7.64000E-02,  1.37925E+15,  1.37975E+15,  1.38056E+15,  1.27383E-12,  0.00000E+00,  5.04463E+11,  8.03465E+11,  4.51608E-02,  9.47391E-04,  0.00000E+00,     0
   765,  7.65000E-02,  1.38056E+15,  1.38106E+15,  1.38187E+15,  1.27383E-12,  0.00000E+00,  5.04279E+11,  8.06906E+11,  3.42788E-02,  9.48850E-04,  0.00000E+00,     0
   766,  7.66000E-02,  1.38187E+15,  1.38237E+15,  1.38318E+15,  1.27383E-12,  0.00000E+00,  5.03902E+11,  8.05876E+11,  5.04220E-03,  9.46934E-04,  0.00000E+00,     0
   767,  7.67000E-02,  1.38318E+15,  1.38368E+15,  1.38448E+15,  1.27383E-12,  0.00000E+00,  5.03436E+11,  8.02912E+11,  3.68641E-02,  9.43563E-04,  0.00000E+00,     0
   768,  7.68000E-02,  1.38448E+15,  1.38499E+15,  1.38580E+15,  1.27383E-12,  0.00000E+00,  5.03252E+11,  8.07517E+11,  4.97145E-02,  9.45860E-04,  0.00000E+00,     0
   769,  7.69000E-02,  1.38580E+15,  1.38630E+15,  1.38711E+15,  1.27383E-12,  0.00000E+00,  5.02862E+11,  8.07502E+11,  1.21403E-03,  9.44675E-04,  0.00000E+00,     0
   770,  7.70000E-02,  1.38711E+15,  1.38761E+15,  1.38841E+15,  1.27383E-12,  0.00000E+00,  5.02516E+11,  8.04364E+11,  2.25515E-02,  9.41276E-04,  0.00000E+00,     0
   771,  7.71000E-02,  1.38841E+15,  1.38891E+15,  1.38972E+15,  1.27383E-12,  0.00000E+00,  5.02198E+11,  8.01575E+11,  6.19738E-02,  9.38158E-04,  0.00000E+00,     0
   772,  7.72000E-02,  1.38972E+15,  1.39022E+15,  1.39102E+15,  1.27383E-12,  0.00000E+00,  5.01919E+11,  8.03267E+11,  1.81591E-02,  9.38293E-04,  0.00000E+00,     0
   773,  7.73000E-02,  1.39102E+15,  1.39152E+15,  1.39232E+15,  1.27383E-12,  0.00000E+00,  5.01566E+11,  7.97197E+11,  4.90564E-02,  9.32804E-04,  0.00000E+00,     0
   774,  7.74000E-02,  1.39232E+15,  1.39282E+15,  1.39363E+15,  1.27383E-12,  0.00000E+00,  5.01288E+11,  8.08276E+11,  1.25820E-01,  9.39678E-04,  0.00000E+00,     0
   775,  7.75000E-02,  1.39363E+15,  1.39413E+15,  1.39492E+15,  1.27383E-12,  0.00000E+00,  5.00823E+11,  7.90104E+11,  1.83419E-01,  9.25448E-04,  0.00000E+00,     0
   776,  7.76000E-02,  1.39492E+15,  1.39542E+15,  1.39623E+15,  1.27383E-12,  0.00000E+00,  5.00696E+11,  8.06535E+11,  1.51111E-01,  9.36260E-04,  0.00000E+00,     0
   777,  7.77000E-02,  1.39623E+15,  1.39673E+15,  1.39753E+15,  1.27383E-12,  0.00000E+00,  5.00199E+11,  8.05526E+11,  9.13011E-03,  9.34306E-04,  0.00000E+00,     0
   778,  7.78000E-02,  1.39753E+15,  1.39803E+15,  1.39884E+15,  1.27383E-12,  0.00000E+00,  4.99864E+11,  8.08443E+11,  4.80029E-02,  9.35278E-04,  0.00000E+00,     0
   779,  7.79000E-02,  1.39884E+15,  1.39934E+15,  1.40015E+15,  1.27383E-12,  0.00000E+00,  4.99476E+11,  8.05977E+11,  5.52000E-02,  9.32368E-04,  0.00000E+00,     0
   780,  7.80000E-02,  1.40015E+15,  1.40065E+15,  1.40145E+15,  1.27383E-12,  0.00000E+00,  4.99179E+11,  8.01602E+11,  4.59450E-02,  9.28169E-04,  0.00000E+00,     0
   781,  7.81000E-02,  1.40145E+15,  1.40195E+15,  1.40276E+15,  1.27383E-12,  0.00000E+00,  4.98889E+11,  8.07811E+11,  7.65873E-02,  9.31524E-04,  0.00000E+00,     0
   782,  7.82000E-02,  1.40276E+15,  1.40325E+15,  1.40406E+15,  1.27383E-12,  0.00000E+00,  4.98333E+11,  8.02065E+11,  6.19628E-02,  9.26173E-04,  0.00000E+00,     0
   783,  7.83000E-02,  1.40406E+15,  1.40455E+15,  1.40536E+15,  1.27383E-12,  0.00000E+00,  4.98195E+11,  8.03376E+11,  2.08724E-02,  9.26150E-04,  0.00000E+00,     0
   784,  7.84000E-02,  1.40536E+15,  1.40585E+15,  1.40665E+15,  1.27383E-12,  0.00000E+00,  4.97841E+11,  7.99130E+11,  5.65520E-02,  9.22025E-04,  0.00000E+00,     0
   785,  7.85000E-02,  1.40665E+15,  1.40715E+15,  1.40795E+15,  1.27383E-12,  0.00000E+00,  4.97564E+11,  7.94070E+11,  3.79353E-02,  9.17389E-04,  0.00000E+00,     0
   786,  7.86000E-02,  1.40795E+15,  1.40844E+15,  1.40925E+15,  1.27383E-12,  0.00000E+00,  4.97283E+11,  8.04990E+11,  9.05742E-02,  9.24091E-04,  0.00000E+00,     0
   787,  7.87000E-02,  1.40925E+15,  1.40974E+15,  1.41055E+15,  1.27383E-12,  0.00000E+00,  4.96853E+11,  8.03176E+11,  3.75033E-03,  9.21648E-04,  0.00000E+00,     0
   788,  7.88000E-02,  1.41055E+15,  1.41104E+15,  1.41185E+15,  1.27383E-12,  0.00000E+00,  4.96513E+11,  8.04114E+11,  8.13369E-03,  9.21223E-04,  0.00000E+00,     0
   789,  7.89000E-02,  1.41185E+15,  1.41234E+15,  1.41315E+15,  1.27383E-12,  0.00000E+00,  4.96181E+11,  8.02858E+11,  1.23402E-02,  9.19252E-04,  0.00000E+00,     0
   790,  7.90000E-02,  1.41315E+15,  1.41364E+15,  1.41445E+15,  1.27383E-12,  0.00000E+00,  4.95854E+11,  8.03013E+11,  3.56246E-02,  9.18287E-04,  0.00000E+00,     0
   791,  7.91000E-02,  1.41445E+15,  1.41494E+15,  1.41575E+15,  1.27383E-12,  0.00000E+00,  4.95488E+11,  8.08896E+11,  3.75029E-02,  9.21337E-04,  0.00000E+00,     0
   792,  7.92000E-02,  1.41575E+15,  1.41625E+15,  1.41705E+15,  1.27383E-12,  0.00000E+00,  4.95105E+11,  8.00595E+11,  1.08497E-01,  9.14366E-04,  0.00000E+00,     0
   793,  7.93000E-02,  1.41705E+15,  1.41754E+15,  1.41835E+15,  1.27383E-12,  0.00000E+00,  4.94874E+11,  8.10812E+11,  1.29401E-01,  9.20565E-04,  0.00000E+00,     0
   794,  7.94000E-02,  1.41835E+15,  1.41885E+15,  1.41964E+15,  1.27383E-12,  0.00000E+00,  4.94402E+11,  7.93101E+11,  1.87493E-01,  9.06922E-04,  0.00000E+00,     0
   795,  7.95000E-02,  1.41964E+15,  1.42013E+15,  1.42094E+15,  1.27383E-12,  0.00000E+00,  4.94272E+11,  8.07903E+11,  1.62961E-01,  9.16417E-04,  0.00000E+00,     0
   796,  7.96000E-02,  1.42094E+15,  1.42144E+15,  1.42224E+15,  1.27383E-12,  0.00000E+00,  4.93765E+11,  8.05494E+11,  4.64983E-02,  9.13529E-04,  0.00000E+00,     0
   797,  7.97000E-02,  1.42224E+15,  1.42273E+15,  1.42354E+15,  1.27383E-12,  0.00000E+00,  4.93463E+11,  8.05532E+11,  1.16869E-03,  9.12510E-04,  0.00000E+00,     0
   798,  7.98000E-02,  1.42354E+15,  1.42403E+15,  1.42484E+15,  1.27383E-12,  0.00000E+00,  4.93122E+11,  8.08132E+11,  3.78326E-02,  9.13262E-04,  0.00000E+00,     0
   799,  7.99000E-02,  1.42484E+15,  1.42533E+15,  1.42614E+15,  1.27383E-12,  0.00000E+00,  4.92744E+11,  8.09792E+11,  3.44795E-02,  9.13327E-04,  0.00000E+00,     0
   800,  8.00000E-02,  1.42614E+15,  1.42664E+15,  1.42745E+15,  1.27383E-12,  0.00000E+00,  4.92367E+11,  8.10688E+11,  1.31160E-02,  9.12857E-04,  0.00000E+00,     0
   801,  8.01000E-02,  1.42745E+15,  1.42794E+15,  1.42874E+15,  1.27383E-12,  0.00000E+00,  4.92026E+11,  8.05684E+11,  6.01139E-02,  9.08287E-04,  0.00000E+00,     0
   802,  8.02000E-02,  1.42874E+15,  1.42924E+15,  1.43004E+15,  1.27383E-12,  0.00000E+00,  4.91741E+11,  8.05603E+11,  1.94153E-02,  9.07207E-04,  0.00000E+00,     0
   803,  8.03000E-02,  1.43004E+15,  1.43053E+15,  1.43134E+15,  1.27383E-12,  0.00000E+00,  4.91386E+11,  8.08315E+11,  1.88008E-02,  9.08030E-04,  0.00000E+00,     0
   804,  8.04000E-02,  1.43134E+15,  1.43183E+15,  1.43263E+15,  1.27383E-12,  0.00000E+00,  4.91027E+11,  8.02178E+11,  4.81131E-02,  9.02676E-04,  0.00000E+00,     0
   805,  8.05000E-02,  1.43263E+15,  1.43313E+15,  1.43393E+15,  1.27383E-12,  0.00000E+00,  4.90740E+11,  8.05661E+11,  2.21551E-02,  9.04089E-04,  0.00000E+00,     0
   806,  8.06000E-02,  1.43393E+15,  1.43442E+15,  1.43523E+15,  1.27383E-12,  0.00000E+00,  4.90382E+11,  8.08424E+11,  2.67263E-02,  9.04947E-04,  0.00000E+00,     0
   807,  8.07000E-02,  1.43523E+15,  1.43572E+15,  1.43653E+15,  1.27383E-12,  0.00000E+00,  4.90016E+11,  8.11862E+11,  6.13833E-02,  9.06264E-04,  0.00000E+00,     0
   808,  8.08000E-02,  1.43653E+15,  1.43702E+15,  1.43782E+15,  1.27383E-12,  0.00000E+00,  4.89616E+11,  8.02166E+11,  1.25354E-01,  8.98429E-04,  0.00000E+00,     0
   809,  8.09000E-02,  1.43782E+15,  1.43831E+15,  1.43912E+15,  1.27383E-12,  0.00000E+00,  4.89399E+11,  8.04840E+11,  2.56174E-02,  8.99328E-04,  0.00000E+00,     0
   810,  8.10000E-02,  1.43912E+15,  1.43961E+15,  1.44042E+15,  1.27383E-12,  0.00000E+00,  4.89041E+11,  8.08571E+11,  4.37380E-02,  9.00859E-04,  0.00000E+00,     0
   811,  8.11000E-02,  1.44042E+15,  1.44090E+15,  1.44171E+15,  1.27383E-12,  0.00000E+00,  4.88661E+11,  8.04022E+11,  5.86490E-02,  8.96633E-04,  0.00000E+00,     0
   812,  8.12000E-02,  1.44171E+15,  1.44220E+15,  1.44301E+15,  1.27383E-12,  0.00000E+00,  4.88381E+11,  8.10003E+11,  9.17256E-02,  8.99777E-04,  0.00000E+00,     0
   813,  8.13000E-02,  1.44301E+15,  1.44349E+15,  1.44429E+15,  1.27383E-12,  0.00000E+00,  4.87956E+11,  7.98343E+11,  1.44576E-01,  8.90609E-04,  0.00000E+00,     0
   814,  8.14000E-02,  1.44429E+15,  1.44478E+15,  1.44559E+15,  1.27383E-12,  0.00000E+00,  4.87772E+11,  8.05840E+11,  1.05199E-01,  8.94870E-04,  0.00000E+00,     0
   815,  8.15000E-02,  1.44559E+15,  1.44607E+15,  1.44688E+15,  1.27383E-12,  0.00000E+00,  4.87338E+11,  8.09102E+11,  3.32865E-02,  8.96023E-04,  0.00000E+00,     0
   816,  8.16000E-02,  1.44688E+15,  1.44737E+15,  1.44817E+15,  1.27383E-12,  0.00000E+00,  4.86967E+11,  8.04210E+11,  8.09584E-02,  8.91590E-04,  0.00000E+00,     0
   817,  8.17000E-02,  1.44817E+15,  1.44866E+15,  1.44946E+15,  1.27383E-12,  0.00000E+00,  4.86705E+11,  8.01817E+11,  1.46012E-02,  8.88966E-04,  0.00000E+00,     0
   818,  8.18000E-02,  1.44946E+15,  1.44995E+15,  1.45075E+15,  1.27383E-12,  0.00000E+00,  4.86392E+11,  8.03170E+11,  1.31965E-02,  8.88892E-04,  0.00000E+00,     0
   819,  8.19000E-02,  1.45075E+15,  1.45124E+15,  1.45205E+15,  1.27383E-12,  0.00000E+00,  4.86049E+11,  8.06856E+11,  4.10096E-02,  8.90403E-04,  0.00000E+00,     0
   820,  8.20000E-02,  1.45205E+15,  1.45253E+15,  1.45334E+15,  1.27383E-12,  0.00000E+00,  4.85674E+11,  8.08888E+11,  4.06736E-02,  8.90750E-04,  0.00000E+00,     0
   821,  8.21000E-02,  1.45334E+15,  1.45383E+15,  1.45463E+15,  1.27383E-12,  0.00000E+00,  4.85299E+11,  8.08922E+11,  1.13188E-03,  8.89723E-04,  0.00000E+00,     0
   822,  8.22000E-02,  1.45463E+15,  1.45512E+15,  1.45593E+15,  1.27383E-12,  0.00000E+00,  4.84958E+11,  8.08955E+11,  1.13041E-03,  8.88721E-04,  0.00000E+00,     0
   823,  8.23000E-02,  1.45593E+15,  1.45641E+15,  1.45722E+15,  1.27383E-12,  0.00000E+00,  4.84617E+11,  8.08989E+11,  1.12893E-03,  8.87721E-04,  0.00000E+00,     0
   824,  8.24000E-02,  1.45722E+15,  1.45771E+15,  1.45851E+15,  1.27383E-12,  0.00000E+00,  4.84277E+11,  8.09022E+11,  1.12746E-03,  8.86723E-04,  0.00000E+00,     0
   825,  8.25000E-02,  1.45851E+15,  1.45900E+15,  1.45981E+15,  1.27383E-12,  0.00000E+00,  4.83937E+11,  8.09055E+11,  1.12599E-03,  8.85728E-04,  0.00000E+00,     0
   826,  8.26000E-02,  1.45981E+15,  1.46029E+15,  1.46110E+15,  1.27383E-12,  0.00000E+00,  4.83598E+11,  8.09087E+11,  1.12453E-03,  8.84734E-04,  0.00000E+00,     0
   827,  8.27000E-02,  1.46110E+15,  1.46158E+15,  1.46239E+15,  1.27383E-12,  0.00000E+00,  4.83259E+11,  8.09117E+11,  1.12307E-03,  8.83741E-04,  0.00000E+00,     0
   828,  8.28000E-02,  1.46239E+15,  1.46288E+15,  1.46369E+15,  1.27383E-12,  0.00000E+00,  4.82921E+11,  8.09871E+11,  6.92461E-03,  8.83244E-04,  0.00000E+00,     0
   829,  8.29000E-02,  1.46369E+15,  1.46417E+15,  1.46498E+15,  1.27383E-12,  0.00000E+00,  4.82586E+11,  8.11567E+11,  2.48439E-02,  8.83393E-04,  0.00000E+00,     0
   830,  8.30000E-02,  1.46498E+15,  1.46546E+15,  1.46627E+15,  1.27383E-12,  0.00000E+00,  4.82079E+11,  8.06318E+11,  6.85594E-02,  8.78691E-04,  0.00000E+00,     0
   831,  8.31000E-02,  1.46627E+15,  1.46675E+15,  1.46756E+15,  1.27383E-12,  0.00000E+00,  4.81951E+11,  8.11630E+11,  6.82702E-02,  8.81449E-04,  0.00000E+00,     0
   832,  8.32000E-02,  1.46756E+15,  1.46804E+15,  1.46886E+15,  1.27383E-12,  0.00000E+00,  4.81409E+11,  8.11801E+11,  1.35648E-03,  8.80420E-04,  0.00000E+00,     0
   833,  8.33000E-02,  1.46886E+15,  1.46934E+15,  1.47013E+15,  1.27383E-12,  0.00000E+00,  4.81063E+11,  7.97930E+11,  1.69896E-01,  8.69984E-04,  0.00000E+00,     0
   834,  8.34000E-02,  1.47013E+15,  1.47062E+15,  1.47142E+15,  1.27383E-12,  0.00000E+00,  4.81062E+11,  8.07838E+11,  1.08537E-01,  8.75955E-04,  0.00000E+00,     0
   835,  8.35000E-02,  1.47142E+15,  1.47190E+15,  1.47272E+15,  1.27383E-12,  0.00000E+00,  4.80620E+11,  8.11646E+11,  6.89782E-02,  8.77472E-04,  0.00000E+00,     0
   836,  8.36000E-02,  1.47272E+15,  1.47320E+15,  1.47401E+15,  1.27383E-12,  0.00000E+00,  4.80082E+11,  8.11815E+11,  1.30121E-03,  8.76452E-04,  0.00000E+00,     0
   837,  8.37000E-02,  1.47401E+15,  1.47449E+15,  1.47529E+15,  1.27383E-12,  0.00000E+00,  4.79737E+11,  8.07419E+11,  7.17445E-02,  8.72473E-04,  0.00000E+00,     0
   838,  8.38000E-02,  1.47529E+15,  1.47577E+15,  1.47659E+15,  1.27383E-12,  0.00000E+00,  4.79612E+11,  8.11737E+11,  7.20386E-02,  8.74551E-04,  0.00000E+00,     0
   839,  8.39000E-02,  1.47659E+15,  1.47706E+15,  1.47788E+15,  1.27383E-12,  0.00000E+00,  4.79068E+11,  8.11907E+11,  1.19313E-03,  8.73534E-04,  0.00000E+00,     0
   840,  8.40000E-02,  1.47788E+15,  1.47836E+15,  1.47917E+15,  1.27383E-12,  0.00000E+00,  4.78724E+11,  8.11941E+11,  1.10421E-03,  8.72562E-04,  0.00000E+00,     0
   841,  8.41000E-02,  1.47917E+15,  1.47965E+15,  1.48046E+15,  1.27383E-12,  0.00000E+00,  4.78385E+11,  8.11970E+11,  1.10280E-03,  8.71592E-04,  0.00000E+00,     0
   842,  8.42000E-02,  1.48046E+15,  1.48094E+15,  1.48173E+15,  1.27383E-12,  0.00000E+00,  4.78046E+11,  7.99184E+11,  1.57759E-01,  8.61983E-04,  0.00000E+00,     0
   843,  8.43000E-02,  1.48173E+15,  1.48221E+15,  1.48302E+15,  1.27383E-12,  0.00000E+00,  4.78032E+11,  8.11885E+11,  1.59082E-01,  8.69788E-04,  0.00000E+00,     0
   844,  8.44000E-02,  1.48302E+15,  1.48350E+15,  1.48431E+15,  1.27383E-12,  0.00000E+00,  4.77405E+11,  8.12049E+11,  3.21703E-03,  8.68720E-04,  0.00000E+00,     0
   845,  8.45000E-02,  1.48431E+15,  1.48479E+15,  1.48560E+15,  1.27383E-12,  0.00000E+00,  4.77057E+11,  8.04686E+11,  8.34659E-02,  8.62780E-04,  0.00000E+00,     0
   846,  8.46000E-02,  1.48560E+15,  1.48607E+15,  1.48688E+15,  1.27383E-12,  0.00000E+00,  4.76953E+11,  8.11974E+11,  8.41431E-02,  8.66864E-04,  0.00000E+00,     0
   847,  8.47000E-02,  1.48688E+15,  1.48736E+15,  1.48816E+15,  1.27383E-12,  0.00000E+00,  4.76399E+11,  8.02594E+11,  1.07095E-01,  8.59444E-04,  0.00000E+00,     0
   848,  8.48000E-02,  1.48816E+15,  1.48864E+15,  1.48945E+15,  1.27383E-12,  0.00000E+00,  4.76319E+11,  8.07661E+11,  5.06180E-02,  8.62051E-04,  0.00000E+00,     0
   849,  8.49000E-02,  1.48945E+15,  1.48992E+15,  1.49073E+15,  1.27383E-12,  0.00000E+00,  4.75943E+11,  8.07591E+11,  1.09199E-03,  8.61009E-04,  0.00000E+00,     0
   850,  8.50000E-02,  1.49073E+15,  1.49121E+15,  1.49201E+15,  1.27383E-12,  0.00000E+00,  4.75614E+11,  8.07605E+11,  1.09061E-03,  8.60058E-04,  0.00000E+00,     0
   851,  8.51000E-02,  1.49201E+15,  1.49249E+15,  1.49330E+15,  1.27383E-12,  0.00000E+00,  4.75284E+11,  8.07629E+11,  1.08923E-03,  8.59114E-04,  0.00000E+00,     0
   852,  8.52000E-02,  1.49330E+15,  1.49377E+15,  1.49458E+15,  1.27383E-12,  0.00000E+00,  4.74954E+11,  8.07653E+11,  1.08785E-03,  8.58172E-04,  0.00000E+00,     0
   853,  8.53000E-02,  1.49458E+15,  1.49505E+15,  1.49586E+15,  1.27383E-12,  0.00000E+00,  4.74624E+11,  8.07684E+11,  1.08648E-03,  8.57237E-04,  0.00000E+00,     0
   854,  8.54000E-02,  1.49586E+15,  1.49634E+15,  1.49714E+15,  1.27383E-12,  0.00000E+00,  4.74294E+11,  8.07704E+11,  1.08511E-03,  8.56295E-04,  0.00000E+00,     0
   855,  8.55000E-02,  1.49714E+15,  1.49762E+15,  1.49843E+15,  1.27383E-12,  0.00000E+00,  4.73965E+11,  8.07728E+11,  1.08375E-03,  8.55359E-04,  0.00000E+00,     0
   856,  8.56000E-02,  1.49843E+15,  1.49890E+15,  1.49971E+15,  1.27383E-12,  0.00000E+00,  4.73635E+11,  8.07753E+11,  1.08238E-03,  8.54425E-04,  0.00000E+00,     0
   857,  8.57000E-02,  1.49971E+15,  1.50018E+15,  1.50099E+15,  1.27383E-12,  0.00000E+00,  4.73305E+11,  8.07778E+11,  1.08102E-03,  8.53493E-04,  0.00000E+00,     0
   858,  8.58000E-02,  1.50099E+15,  1.50146E+15,  1.50227E+15,  1.27383E-12,  0.00000E+00,  4.72975E+11,  8.07803E+11,  1.07967E-03,  8.52562E-04,  0.00000E+00,     0
   859,  8.59000E-02,  1.50227E+15,  1.50274E+15,  1.50355E+15,  1.27383E-12,  0.00000E+00,  4.72645E+11,  8.07823E+11,  1.07832E-03,  8.51630E-04,  0.00000E+00,     0
   860,  8.60000E-02,  1.50355E+15,  1.50402E+15,  1.50483E+15,  1.27383E-12,  0.00000E+00,  4.72316E+11,  8.07848E+11,  1.07696E-03,  8.50703E-04,  0.00000E+00,     0
   861,  8.61000E-02,  1.50483E+15,  1.50530E+15,  1.50611E+15,  1.27383E-12,  0.00000E+00,  4.71986E+11,  8.07884E+11,  1.07562E-03,  8.49785E-04,  0.00000E+00,     0
   862,  8.62000E-02,  1.50611E+15,  1.50658E+15,  1.50739E+15,  1.27383E-12,  0.00000E+00,  4.71656E+11,  8.07908E+11,  1.07427E-03,  8.48861E-04,  0.00000E+00,     0
   863,  8.63000E-02,  1.50739E+15,  1.50786E+15,  1.50867E+15,  1.27383E-12,  0.00000E+00,  4.71326E+11,  8.07933E+11,  1.07293E-03,  8.47939E-04,  0.00000E+00,     0
   864,  8.64000E-02,  1.50867E+15,  1.50914E+15,  1.50995E+15,  1.27383E-12,  0.00000E+00,  4.70997E+11,  8.07953E+11,  1.07159E-03,  8.47016E-04,  0.00000E+00,     0
   865,  8.65000E-02,  1.50995E+15,  1.51042E+15,  1.51123E+15,  1.27383E-12,  0.00000E+00,  4.70667E+11,  8.07973E+11,  1.07026E-03,  8.46095E-04,  0.00000E+00,     0
   866,  8.66000E-02,  1.51123E+15,  1.51170E+15,  1.51250E+15,  1.27383E-12,  0.00000E+00,  4.70337E+11,  8.07998E+11,  1.06893E-03,  8.45178E-04,  0.00000E+00,     0
   867,  8.67000E-02,  1.51250E+15,  1.51297E+15,  1.51378E+15,  1.27383E-12,  0.00000E+00,  4.70008E+11,  8.08023E+11,  1.06760E-03,  8.44263E-04,  0.00000E+00,     0
   868,  8.68000E-02,  1.51378E+15,  1.51425E+15,  1.51506E+15,  1.27383E-12,  0.00000E+00,  4.69678E+11,  8.08044E+11,  1.06628E-03,  8.43347E-04,  0.00000E+00,     0
   869,  8.69000E-02,  1.51506E+15,  1.51553E+15,  1.51634E+15,  1.27383E-12,  0.00000E+00,  4.69349E+11,  8.10648E+11,  3.25224E-02,  8.44136E-04,  0.00000E+00,     0
   870,  8.70000E-02,  1.51634E+15,  1.51681E+15,  1.51762E+15,  1.27383E-12,  0.00000E+00,  4.68986E+11,  8.10682E+11,  1.06342E-03,  8.43207E-04,  0.00000E+00,     0
   871,  8.71000E-02,  1.51762E+15,  1.51809E+15,  1.51890E+15,  1.27383E-12,  0.00000E+00,  4.68652E+11,  8.10709E+11,  1.06210E-03,  8.42295E-04,  0.00000E+00,     0
   872,  8.72000E-02,  1.51890E+15,  1.51937E+15,  1.52018E+15,  1.27383E-12,  0.00000E+00,  4.68318E+11,  8.10728E+11,  1.06079E-03,  8.41379E-04,  0.00000E+00,     0
   873,  8.73000E-02,  1.52018E+15,  1.52065E+15,  1.52146E+15,  1.27383E-12,  0.00000E+00,  4.67985E+11,  8.10754E+11,  1.05948E-03,  8.40470E-04,  0.00000E+00,     0
   874,  8.74000E-02,  1.52146E+15,  1.52192E+15,  1.52274E+15,  1.27383E-12,  0.00000E+00,  4.67652E+11,  8.10779E+11,  1.05817E-03,  8.39562E-04,  0.00000E+00,     0
   875,  8.75000E-02,  1.52274E+15,  1.52320E+15,  1.52401E+15,  1.27383E-12,  0.00000E+00,  4.67320E+11,  8.10798E+11,  1.05687E-03,  8.38652E-04,  0.00000E+00,     0
   876,  8.76000E-02,  1.52401E+15,  1.52448E+15,  1.52529E+15,  1.27383E-12,  0.00000E+00,  4.66987E+11,  8.10823E+11,  1.05557E-03,  8.37748E-04,  0.00000E+00,     0
   877,  8.77000E-02,  1.52529E+15,  1.52576E+15,  1.52657E+15,  1.27383E-12,  0.00000E+00,  4.66655E+11,  8.10849E+11,  1.05427E-03,  8.36846E-04,  0.00000E+00,     0
   878,  8.78000E-02,  1.52657E+15,  1.52704E+15,  1.52785E+15,  1.27383E-12,  0.00000E+00,  4.66323E+11,  8.10874E+11,  1.05297E-03,  8.35946E-04,  0.00000E+00,     0
   879,  8.79000E-02,  1.52785E+15,  1.52831E+15,  1.52912E+15,  1.27383E-12,  0.00000E+00,  4.65992E+11,  8.10892E+11,  1.05168E-03,  8.35043E-04,  0.00000E+00,     0
   880,  8.80000E-02,  1.52912E+15,  1.52959E+15,  1.53040E+15,  1.27383E-12,  0.00000E+00,  4.65661E+11,  8.10917E+11,  1.05039E-03,  8.34147E-04,  0.00000E+00,     0
   881,  8.81000E-02,  1.53040E+15,  1.53087E+15,  1.53168E+15,  1.27383E-12,  0.00000E+00,  4.65330E+11,  8.10942E+11,  1.04911E-03,  8.33252E-04,  0.00000E+00,     0
   882,  8.82000E-02,  1.53168E+15,  1.53214E+15,  1.53295E+15,  1.27383E-12,  0.00000E+00,  4.64999E+11,  8.11250E+11,  9.24132E-03,  8.32543E-04,  0.00000E+00,     0
   883,  8.83000E-02,  1.53295E+15,  1.53342E+15,  1.53423E+15,  1.27383E-12,  0.00000E+00,  4.64659E+11,  8.13499E+11,  1.97491E-02,  8.33094E-04,  0.00000E+00,     0
   884,  8.84000E-02,  1.53423E+15,  1.53469E+15,  1.53551E+15,  1.27383E-12,  0.00000E+00,  4.64308E+11,  8.11019E+11,  2.95166E-02,  8.30558E-04,  0.00000E+00,     0
   885,  8.85000E-02,  1.53551E+15,  1.53597E+15,  1.53678E+15,  1.27383E-12,  0.00000E+00,  4.64003E+11,  8.11037E+11,  1.04399E-03,  8.29682E-04,  0.00000E+00,     0
   886,  8.86000E-02,  1.53678E+15,  1.53724E+15,  1.53806E+15,  1.27383E-12,  0.00000E+00,  4.63674E+11,  8.11060E+11,  1.04272E-03,  8.28796E-04,  0.00000E+00,     0
   887,  8.87000E-02,  1.53806E+15,  1.53852E+15,  1.53933E+15,  1.27383E-12,  0.00000E+00,  4.63344E+11,  8.11079E+11,  1.04145E-03,  8.27908E-04,  0.00000E+00,     0
   888,  8.88000E-02,  1.53933E+15,  1.53979E+15,  1.54060E+15,  1.27383E-12,  0.00000E+00,  4.63015E+11,  8.11103E+11,  1.04018E-03,  8.27025E-04,  0.00000E+00,     0
   889,  8.89000E-02,  1.54060E+15,  1.54107E+15,  1.54188E+15,  1.27383E-12,  0.00000E+00,  4.62686E+11,  8.15131E+11,  1.29379E-02,  8.28739E-04,  0.00000E+00,     0
   890,  8.90000E-02,  1.54188E+15,  1.54234E+15,  1.54316E+15,  1.27383E-12,  0.00000E+00,  4.62338E+11,  8.14791E+11,  2.69146E-02,  8.27607E-04,  0.00000E+00,     0
   891,  8.91000E-02,  1.54316E+15,  1.54362E+15,  1.54444E+15,  1.27383E-12,  0.00000E+00,  4.61983E+11,  8.14813E+11,  1.03610E-03,  8.26707E-04,  0.00000E+00,     0
   892,  8.92000E-02,  1.54444E+15,  1.54490E+15,  1.54571E+15,  1.27383E-12,  0.00000E+00,  4.61649E+11,  8.13906E+11,  2.70240E-02,  8.25222E-04,  0.00000E+00,     0
   893,  8.93000E-02,  1.54571E+15,  1.54617E+15,  1.54699E+15,  1.27383E-12,  0.00000E+00,  4.61337E+11,  8.13450E+11,  3.92113E-03,  8.24045E-04,  0.00000E+00,     0
   894,  8.94000E-02,  1.54699E+15,  1.54745E+15,  1.54826E+15,  1.27383E-12,  0.00000E+00,  4.61009E+11,  8.13891E+11,  3.13867E-02,  8.23440E-04,  0.00000E+00,     0
   895,  8.95000E-02,  1.54826E+15,  1.54872E+15,  1.54954E+15,  1.27383E-12,  0.00000E+00,  4.60654E+11,  8.15268E+11,  2.95661E-02,  8.23422E-04,  0.00000E+00,     0
   896,  8.96000E-02,  1.54954E+15,  1.55000E+15,  1.55081E+15,  1.27383E-12,  0.00000E+00,  4.60341E+11,  8.15153E+11,  1.74416E-03,  8.22468E-04,  0.00000E+00,     0
   897,  8.97000E-02,  1.55081E+15,  1.55127E+15,  1.55209E+15,  1.27383E-12,  0.00000E+00,  4.60010E+11,  8.15312E+11,  2.07834E-03,  8.21682E-04,  0.00000E+00,     0
   898,  8.98000E-02,  1.55209E+15,  1.55255E+15,  1.55336E+15,  1.27383E-12,  0.00000E+00,  4.59675E+11,  8.15335E+11,  1.82405E-03,  8.20807E-04,  0.00000E+00,     0
   899,  8.99000E-02,  1.55336E+15,  1.55382E+15,  1.55463E+15,  1.27383E-12,  0.00000E+00,  4.59342E+11,  8.12364E+11,  1.16898E-02,  8.18010E-04,  0.00000E+00,     0
   900,  9.00000E-02,  1.55463E+15,  1.55509E+15,  1.55590E+15,  1.27383E-12,  0.00000E+00,  4.58859E+11,  8.11221E+11,  4.04636E-03,  8.16297E-04,  0.00000E+00,     0
   901,  9.01000E-02,  1.55590E+15,  1.55636E+15,  1.55718E+15,  1.27383E-12,  0.00000E+00,  4.58705E+11,  8.14042E+11,  3.38848E-02,  8.17342E-04,  0.00000E+00,     0
   902,  9.02000E-02,  1.55718E+15,  1.55764E+15,  1.55845E+15,  1.27383E-12,  0.00000E+00,  4.58347E+11,  8.13645E+11,  3.18992E-02,  8.16191E-04,  0.00000E+00,     0
   903,  9.03000E-02,  1.55845E+15,  1.55891E+15,  1.55972E+15,  1.27383E-12,  0.00000E+00,  4.58044E+11,  8.15442E+11,  6.77692E-03,  8.16482E-04,  0.00000E+00,     0
   904,  9.04000E-02,  1.55972E+15,  1.56018E+15,  1.56099E+15,  1.27383E-12,  0.00000E+00,  4.57707E+11,  8.14105E+11,  2.53694E-02,  8.14745E-04,  0.00000E+00,     0
   905,  9.05000E-02,  1.56099E+15,  1.56145E+15,  1.56227E+15,  1.27383E-12,  0.00000E+00,  4.57361E+11,  8.13707E+11,  3.18829E-02,  8.13606E-04,  0.00000E+00,     0
   906,  9.06000E-02,  1.56227E+15,  1.56272E+15,  1.56354E+15,  1.27383E-12,  0.00000E+00,  4.57059E+11,  8.13727E+11,  1.01769E-03,  8.12764E-04,  0.00000E+00,     0
   907,  9.07000E-02,  1.56354E+15,  1.56399E+15,  1.56481E+15,  1.27383E-12,  0.00000E+00,  4.56733E+11,  8.15157E+11,  2.95665E-02,  8.12809E-04,  0.00000E+00,     0
   908,  9.08000E-02,  1.56481E+15,  1.56526E+15,  1.56608E+15,  1.27383E-12,  0.00000E+00,  4.56381E+11,  8.15541E+11,  2.68883E-02,  8.12169E-04,  0.00000E+00,     0
   909,  9.09000E-02,  1.56608E+15,  1.56654E+15,  1.56734E+15,  1.27383E-12,  0.00000E+00,  4.56071E+11,  8.02401E+11,  9.64568E-02,  8.02935E-04,  0.00000E+00,     0
   910,  9.10000E-02,  1.56734E+15,  1.56779E+15,  1.56861E+15,  1.27383E-12,  0.00000E+00,  4.55862E+11,  8.14167E+11,  1.09674E-01,  8.09653E-04,  0.00000E+00,     0
   911,  9.11000E-02,  1.56861E+15,  1.56906E+15,  1.56987E+15,  1.27383E-12,  0.00000E+00,  4.55431E+11,  8.08860E+11,  6.59117E-02,  8.05346E-04,  0.00000E+00,     0
   912,  9.12000E-02,  1.56987E+15,  1.57033E+15,  1.57113E+15,  1.27383E-12,  0.00000E+00,  4.55173E+11,  8.05677E+11,  2.34097E-02,  8.02510E-04,  0.00000E+00,     0
   913,  9.13000E-02,  1.57113E+15,  1.57159E+15,  1.57240E+15,  1.27383E-12,  0.00000E+00,  4.54884E+11,  8.13081E+11,  8.99511E-02,  8.06387E-04,  0.00000E+00,     0
   914,  9.14000E-02,  1.57240E+15,  1.57286E+15,  1.57366E+15,  1.27383E-12,  0.00000E+00,  4.54476E+11,  8.00561E+11,  1.70907E-01,  7.97530E-04,  0.00000E+00,     0
   915,  9.15000E-02,  1.57366E+15,  1.57411E+15,  1.57491E+15,  1.27383E-12,  0.00000E+00,  4.54344E+11,  8.00817E+11,  3.46483E-02,  7.96972E-04,  0.00000E+00,     0
   916,  9.16000E-02,  1.57491E+15,  1.57537E+15,  1.57617E+15,  1.27383E-12,  0.00000E+00,  4.54008E+11,  8.01142E+11,  1.96474E-02,  7.96330E-04,  0.00000E+00,     0
   917,  9.17000E-02,  1.57617E+15,  1.57662E+15,  1.57743E+15,  1.27383E-12,  0.00000E+00,  4.53685E+11,  8.13306E+11,  1.27726E-01,  8.03197E-04,  0.00000E+00,     0
   918,  9.18000E-02,  1.57743E+15,  1.57789E+15,  1.57870E+15,  1.27383E-12,  0.00000E+00,  4.53233E+11,  8.10993E+11,  3.34836E-02,  8.00803E-04,  0.00000E+00,     0
   919,  9.19000E-02,  1.57870E+15,  1.57915E+15,  1.57996E+15,  1.27383E-12,  0.00000E+00,  4.52937E+11,  8.11015E+11,  1.00237E-03,  7.99989E-04,  0.00000E+00,     0
   920,  9.20000E-02,  1.57996E+15,  1.58041E+15,  1.58122E+15,  1.27383E-12,  0.00000E+00,  4.52611E+11,  8.09020E+11,  1.78343E-02,  7.97883E-04,  0.00000E+00,     0
   921,  9.21000E-02,  1.58122E+15,  1.58168E+15,  1.58249E+15,  1.27383E-12,  0.00000E+00,  4.52306E+11,  8.11848E+11,  2.42708E-02,  7.98839E-04,  0.00000E+00,     0
   922,  9.22000E-02,  1.58249E+15,  1.58294E+15,  1.58374E+15,  1.27383E-12,  0.00000E+00,  4.51958E+11,  8.04050E+11,  8.15569E-02,  7.93062E-04,  0.00000E+00,     0
   923,  9.23000E-02,  1.58374E+15,  1.58420E+15,  1.58501E+15,  1.27383E-12,  0.00000E+00,  4.51721E+11,  8.09182E+11,  5.55353E-02,  7.95520E-04,  0.00000E+00,     0
   924,  9.24000E-02,  1.58501E+15,  1.58546E+15,  1.58627E+15,  1.27383E-12,  0.00000E+00,  4.51348E+11,  8.13344E+11,  5.45799E-02,  7.97274E-04,  0.00000E+00,     0
   925,  9.25000E-02,  1.58627E+15,  1.58672E+15,  1.58753E+15,  1.27383E-12,  0.00000E+00,  4.50970E+11,  8.13368E+11,  1.27532E-03,  7.96416E-04,  0.00000E+00,     0
   926,  9.26000E-02,  1.58753E+15,  1.58798E+15,  1.58879E+15,  1.27383E-12,  0.00000E+00,  4.50640E+11,  8.08324E+11,  5.73856E-02,  7.92403E-04,  0.00000E+00,     0
   927,  9.27000E-02,  1.58879E+15,  1.58924E+15,  1.59005E+15,  1.27383E-12,  0.00000E+00,  4.50371E+11,  8.07133E+11,  3.51446E-02,  7.90858E-04,  0.00000E+00,     0
   928,  9.28000E-02,  1.59005E+15,  1.59050E+15,  1.59132E+15,  1.27383E-12,  0.00000E+00,  4.50084E+11,  8.16285E+11,  1.17092E-01,  7.95799E-04,  0.00000E+00,     0
   929,  9.29000E-02,  1.59132E+15,  1.59177E+15,  1.59257E+15,  1.27383E-12,  0.00000E+00,  4.49657E+11,  8.02282E+11,  1.61998E-01,  7.86113E-04,  0.00000E+00,     0
   930,  9.30000E-02,  1.59257E+15,  1.59302E+15,  1.59383E+15,  1.27383E-12,  0.00000E+00,  4.49489E+11,  8.08586E+11,  7.21921E-02,  7.89342E-04,  0.00000E+00,     0
   931,  9.31000E-02,  1.59383E+15,  1.59428E+15,  1.59509E+15,  1.27383E-12,  0.00000E+00,  4.49099E+11,  8.11975E+11,  4.47742E-02,  7.90598E-04,  0.00000E+00,     0
   932,  9.32000E-02,  1.59509E+15,  1.59554E+15,  1.59635E+15,  1.27383E-12,  0.00000E+00,  4.48731E+11,  8.16380E+11,  5.50900E-02,  7.92501E-04,  0.00000E+00,     0
   933,  9.33000E-02,  1.59635E+15,  1.59680E+15,  1.59762E+15,  1.27383E-12,  0.00000E+00,  4.48363E+11,  8.16388E+11,  1.32472E-03,  7.91648E-04,  0.00000E+00,     0
   934,  9.34000E-02,  1.59762E+15,  1.59807E+15,  1.59888E+15,  1.27383E-12,  0.00000E+00,  4.48028E+11,  8.10101E+11,  8.26323E-02,  7.86883E-04,  0.00000E+00,     0
   935,  9.35000E-02,  1.59888E+15,  1.59932E+15,  1.60013E+15,  1.27383E-12,  0.00000E+00,  4.47763E+11,  8.10777E+11,  6.38881E-03,  7.86521E-04,  0.00000E+00,     0
   936,  9.36000E-02,  1.60013E+15,  1.60058E+15,  1.60139E+15,  1.27383E-12,  0.00000E+00,  4.47433E+11,  8.10364E+11,  1.16102E-03,  7.85440E-04,  0.00000E+00,     0
   937,  9.37000E-02,  1.60139E+15,  1.60184E+15,  1.60265E+15,  1.27383E-12,  0.00000E+00,  4.47110E+11,  8.09555E+11,  2.81237E-03,  7.84117E-04,  0.00000E+00,     0
   938,  9.38000E-02,  1.60265E+15,  1.60310E+15,  1.60391E+15,  1.27383E-12,  0.00000E+00,  4.46787E+11,  8.16493E+11,  4.93603E-02,  7.87624E-04,  0.00000E+00,     0
   939,  9.39000E-02,  1.60391E+15,  1.60436E+15,  1.60516E+15,  1.27383E-12,  0.00000E+00,  4.46407E+11,  8.01585E+11,  1.38902E-01,  7.77487E-04,  0.00000E+00,     0
   940,  9.40000E-02,  1.60516E+15,  1.60561E+15,  1.60642E+15,  1.27383E-12,  0.00000E+00,  4.46236E+11,  8.12176E+11,  1.12005E-01,  7.83365E-04,  0.00000E+00,     0
   941,  9.41000E-02,  1.60642E+15,  1.60686E+15,  1.60768E+15,  1.27383E-12,  0.00000E+00,  4.45802E+11,  8.14797E+11,  1.20061E-02,  7.84111E-04,  0.00000E+00,     0
   942,  9.42000E-02,  1.60768E+15,  1.60812E+15,  1.60894E+15,  1.27383E-12,  0.00000E+00,  4.45460E+11,  8.11199E+11,  2.58596E-02,  7.81049E-04,  0.00000E+00,     0
   943,  9.43000E-02,  1.60894E+15,  1.60938E+15,  1.61019E+15,  1.27383E-12,  0.00000E+00,  4.45158E+11,  8.11694E+11,  2.19099E-03,  7.80560E-04,  0.00000E+00,     0
   944,  9.44000E-02,  1.61019E+15,  1.61064E+15,  1.61145E+15,  1.27383E-12,  0.00000E+00,  4.44833E+11,  8.11869E+11,  8.64495E-03,  7.79858E-04,  0.00000E+00,     0
   945,  9.45000E-02,  1.61145E+15,  1.61189E+15,  1.61270E+15,  1.27383E-12,  0.00000E+00,  4.44500E+11,  8.02825E+11,  1.02756E-01,  7.73441E-04,  0.00000E+00,     0
   946,  9.46000E-02,  1.61270E+15,  1.61314E+15,  1.61395E+15,  1.27383E-12,  0.00000E+00,  4.44290E+11,  8.09718E+11,  6.59369E-02,  7.76980E-04,  0.00000E+00,     0
   947,  9.47000E-02,  1.61395E+15,  1.61439E+15,  1.61520E+15,  1.27383E-12,  0.00000E+00,  4.43905E+11,  8.06923E+11,  2.08560E-02,  7.74410E-04,  0.00000E+00,     0
   948,  9.48000E-02,  1.61520E+15,  1.61565E+15,  1.61646E+15,  1.27383E-12,  0.00000E+00,  4.43608E+11,  8.11960E+11,  6.05203E-02,  7.76741E-04,  0.00000E+00,     0
   949,  9.49000E-02,  1.61646E+15,  1.61690E+15,  1.61770E+15,  1.27383E-12,  0.00000E+00,  4.43227E+11,  8.00275E+11,  1.21567E-01,  7.68685E-04,  0.00000E+00,     0
   950,  9.50000E-02,  1.61770E+15,  1.61814E+15,  1.61895E+15,  1.27383E-12,  0.00000E+00,  4.43041E+11,  8.08732E+11,  8.52744E-02,  7.73199E-04,  0.00000E+00,     0
   951,  9.51000E-02,  1.61895E+15,  1.61940E+15,  1.62019E+15,  1.27383E-12,  0.00000E+00,  4.42638E+11,  7.97362E+11,  1.10969E-01,  7.65341E-04,  0.00000E+00,     0
   952,  9.52000E-02,  1.62019E+15,  1.62063E+15,  1.62144E+15,  1.27383E-12,  0.00000E+00,  4.42449E+11,  8.06179E+11,  8.16812E-02,  7.70073E-04,  0.00000E+00,     0
   953,  9.53000E-02,  1.62144E+15,  1.62188E+15,  1.62269E+15,  1.27383E-12,  0.00000E+00,  4.42050E+11,  8.10108E+11,  6.80205E-02,  7.71654E-04,  0.00000E+00,     0
   954,  9.54000E-02,  1.62269E+15,  1.62313E+15,  1.62393E+15,  1.27383E-12,  0.00000E+00,  4.41664E+11,  7.91459E+11,  1.98313E-01,  7.59346E-04,  0.00000E+00,     0
   955,  9.55000E-02,  1.62393E+15,  1.62437E+15,  1.62518E+15,  1.27383E-12,  0.00000E+00,  4.41584E+11,  8.12644E+11,  1.82358E-01,  7.71747E-04,  0.00000E+00,     0
   956,  9.56000E-02,  1.62518E+15,  1.62562E+15,  1.62643E+15,  1.27383E-12,  0.00000E+00,  4.41055E+11,  8.08859E+11,  1.82999E-02,  7.68501E-04,  0.00000E+00,     0
   957,  9.57000E-02,  1.62643E+15,  1.62687E+15,  1.62768E+15,  1.27383E-12,  0.00000E+00,  4.40746E+11,  8.12799E+11,  5.01549E-02,  7.70141E-04,  0.00000E+00,     0
   958,  9.58000E-02,  1.62768E+15,  1.62812E+15,  1.62893E+15,  1.27383E-12,  0.00000E+00,  4.40369E+11,  8.06209E+11,  7.38107E-02,  7.65274E-04,  0.00000E+00,     0
   959,  9.59000E-02,  1.62893E+15,  1.62937E+15,  1.63018E+15,  1.27383E-12,  0.00000E+00,  4.40118E+11,  8.05690E+11,  6.18217E-03,  7.64216E-04,  0.00000E+00,     0
   960,  9.60000E-02,  1.63018E+15,  1.63062E+15,  1.63142E+15,  1.27383E-12,  0.00000E+00,  4.39805E+11,  8.07941E+11,  1.57229E-02,  7.64820E-04,  0.00000E+00,     0
   961,  9.61000E-02,  1.63142E+15,  1.63186E+15,  1.63266E+15,  1.27383E-12,  0.00000E+00,  4.39467E+11,  8.00743E+11,  6.91160E-02,  7.59624E-04,  0.00000E+00,     0
   962,  9.62000E-02,  1.63266E+15,  1.63310E+15,  1.63391E+15,  1.27383E-12,  0.00000E+00,  4.39226E+11,  8.10235E+11,  1.18141E-01,  7.64704E-04,  0.00000E+00,     0
   963,  9.63000E-02,  1.63391E+15,  1.63435E+15,  1.63516E+15,  1.27383E-12,  0.00000E+00,  4.38785E+11,  8.02390E+11,  1.06402E-01,  7.59056E-04,  0.00000E+00,     0
   964,  9.64000E-02,  1.63516E+15,  1.63559E+15,  1.63640E+15,  1.27383E-12,  0.00000E+00,  4.38572E+11,  8.10495E+11,  1.02852E-01,  7.63299E-04,  0.00000E+00,     0
   965,  9.65000E-02,  1.63640E+15,  1.63684E+15,  1.63765E+15,  1.27383E-12,  0.00000E+00,  4.38146E+11,  8.05914E+11,  5.16535E-02,  7.59662E-04,  0.00000E+00,     0
   966,  9.66000E-02,  1.63765E+15,  1.63809E+15,  1.63888E+15,  1.27383E-12,  0.00000E+00,  4.37872E+11,  7.97821E+11,  1.01499E-01,  7.53984E-04,  0.00000E+00,     0
   967,  9.67000E-02,  1.63888E+15,  1.63932E+15,  1.64013E+15,  1.27383E-12,  0.00000E+00,  4.37668E+11,  8.10412E+11,  1.39149E-01,  7.60963E-04,  0.00000E+00,     0
   968,  9.68000E-02,  1.64013E+15,  1.64057E+15,  1.64137E+15,  1.27383E-12,  0.00000E+00,  4.37199E+11,  8.04859E+11,  9.39883E-02,  7.56719E-04,  0.00000E+00,     0
   969,  9.69000E-02,  1.64137E+15,  1.64181E+15,  1.64262E+15,  1.27383E-12,  0.00000E+00,  4.36968E+11,  8.08808E+11,  7.93400E-02,  7.58408E-04,  0.00000E+00,     0
   970,  9.70000E-02,  1.64262E+15,  1.64306E+15,  1.64387E+15,  1.27383E-12,  0.00000E+00,  4.36567E+11,  8.09363E+11,  7.29308E-03,  7.57927E-04,  0.00000E+00,     0
   971,  9.71000E-02,  1.64387E+15,  1.64430E+15,  1.64512E+15,  1.27383E-12,  0.00000E+00,  4.36245E+11,  8.14919E+11,  7.71242E-02,  7.60532E-04,  0.00000E+00,     0
   972,  9.72000E-02,  1.64512E+15,  1.64555E+15,  1.64637E+15,  1.27383E-12,  0.00000E+00,  4.35839E+11,  8.16363E+11,  1.25880E-02,  7.60584E-04,  0.00000E+00,     0
   973,  9.73000E-02,  1.64637E+15,  1.64680E+15,  1.64762E+15,  1.27383E-12,  0.00000E+00,  4.35489E+11,  8.13042E+11,  3.87358E-02,  7.57779E-04,  0.00000E+00,     0
   974,  9.74000E-02,  1.64762E+15,  1.64805E+15,  1.64887E+15,  1.27383E-12,  0.00000E+00,  4.35189E+11,  8.14990E+11,  2.56454E-02,  7.58205E-04,  0.00000E+00,     0
   975,  9.75000E-02,  1.64887E+15,  1.64930E+15,  1.65012E+15,  1.27383E-12,  0.00000E+00,  4.34832E+11,  8.13088E+11,  2.66611E-02,  7.56262E-04,  0.00000E+00,     0
   976,  9.76000E-02,  1.65012E+15,  1.65055E+15,  1.65137E+15,  1.27383E-12,  0.00000E+00,  4.34523E+11,  8.15036E+11,  2.56995E-02,  7.56682E-04,  0.00000E+00,     0
   977,  9.77000E-02,  1.65137E+15,  1.65180E+15,  1.65261E+15,  1.27383E-12,  0.00000E+00,  4.34167E+11,  8.07977E+11,  1.00450E-01,  7.51627E-04,  0.00000E+00,     0
   978,  9.78000E-02,  1.65261E+15,  1.65304E+15,  1.65386E+15,  1.27383E-12,  0.00000E+00,  4.33938E+11,  8.16590E+11,  1.10302E-01,  7.56128E-04,  0.00000E+00,     0
   979,  9.79000E-02,  1.65386E+15,  1.65429E+15,  1.65510E+15,  1.27383E-12,  0.00000E+00,  4.33502E+11,  8.10698E+11,  6.62383E-02,  7.51736E-04,  0.00000E+00,     0
   980,  9.80000E-02,  1.65510E+15,  1.65554E+15,  1.65635E+15,  1.27383E-12,  0.00000E+00,  4.33235E+11,  8.13202E+11,  2.95822E-02,  7.52520E-04,  0.00000E+00,     0
   981,  9.81000E-02,  1.65635E+15,  1.65678E+15,  1.65759E+15,  1.27383E-12,  0.00000E+00,  4.32880E+11,  8.13224E+11,  9.33713E-04,  7.51754E-04,  0.00000E+00,     1
   982,  9.82000E-02,  1.65759E+15,  1.65803E+15,  1.65884E+15,  1.27383E-12,  0.00000E+00,  4.32552E+11,  8.15171E+11,  2.57865E-02,  7.52165E-04,  0.00000E+00,     0
   983,  9.83000E-02,  1.65884E+15,  1.65927E+15,  1.66009E+15,  1.27383E-12,  0.00000E+00,  4.32199E+11,  8.15138E+11,  6.76954E-03,  7.51367E-04,  0.00000E+00,     0
   984,  9.84000E-02,  1.66009E+15,  1.66052E+15,  1.66133E+15,  1.27383E-12,  0.00000E+00,  4.31873E+11,  8.12442E+11,  3.18045E-02,  7.48985E-04,  0.00000E+00,     0
   985,  9.85000E-02,  1.66133E+15,  1.66177E+15,  1.66258E+15,  1.27383E-12,  0.00000E+00,  4.31574E+11,  8.13756E+11,  3.35430E-02,  7.49035E-04,  0.00000E+00,     0
   986,  9.86000E-02,  1.66258E+15,  1.66301E+15,  1.66382E+15,  1.27383E-12,  0.00000E+00,  4.31221E+11,  8.12081E+11,  4.27948E-02,  7.47256E-04,  0.00000E+00,     0
   987,  9.87000E-02,  1.66382E+15,  1.66425E+15,  1.66505E+15,  1.27383E-12,  0.00000E+00,  4.30933E+11,  7.92197E+11,  1.78792E-01,  7.34592E-04,  0.00000E+00,     0
   988,  9.88000E-02,  1.66505E+15,  1.66548E+15,  1.66629E+15,  1.27383E-12,  0.00000E+00,  4.30837E+11,  8.11419E+11,  1.73286E-01,  7.45522E-04,  0.00000E+00,     0
   989,  9.89000E-02,  1.66629E+15,  1.66672E+15,  1.66753E+15,  1.27383E-12,  0.00000E+00,  4.30330E+11,  8.11206E+11,  5.26193E-03,  7.44536E-04,  0.00000E+00,     0
   990,  9.90000E-02,  1.66753E+15,  1.66796E+15,  1.66876E+15,  1.27383E-12,  0.00000E+00,  4.30011E+11,  8.04326E+11,  7.37040E-02,  7.39671E-04,  0.00000E+00,     0
   991,  9.91000E-02,  1.66876E+15,  1.66919E+15,  1.67001E+15,  1.27383E-12,  0.00000E+00,  4.29771E+11,  8.12557E+11,  9.80819E-02,  7.43906E-04,  0.00000E+00,     0
   992,  9.92000E-02,  1.67001E+15,  1.67044E+15,  1.67125E+15,  1.27383E-12,  0.00000E+00,  4.29352E+11,  8.12457E+11,  1.75077E-03,  7.43043E-04,  0.00000E+00,     0
   993,  9.93000E-02,  1.67125E+15,  1.67168E+15,  1.67249E+15,  1.27383E-12,  0.00000E+00,  4.29028E+11,  8.13138E+11,  6.18168E-03,  7.42704E-04,  0.00000E+00,     0
   994,  9.94000E-02,  1.67249E+15,  1.67292E+15,  1.67373E+15,  1.27383E-12,  0.00000E+00,  4.28696E+11,  8.13039E+11,  6.36074E-03,  7.41896E-04,  0.00000E+00,     0
   995,  9.95000E-02,  1.67373E+15,  1.67416E+15,  1.67497E+15,  1.27383E-12,  0.00000E+00,  4.28375E+11,  8.12838E+11,  1.92000E-02,  7.41034E-04,  0.00000E+00,     0
   996,  9.96000E-02,  1.67497E+15,  1.67540E+15,  1.67622E+15,  1.27383E-12,  0.00000E+00,  4.28035E+11,  8.17996E+11,  2.45198E-02,  7.43358E-04,  0.00000E+00,     0
   997,  9.97000E-02,  1.67622E+15,  1.67665E+15,  1.67746E+15,  1.27383E-12,  0.00000E+00,  4.27678E+11,  8.12489E+11,  4.37564E-02,  7.39313E-04,  0.00000E+00,     0
   998,  9.98000E-02,  1.67746E+15,  1.67789E+15,  1.67869E+15,  1.27383E-12,  0.00000E+00,  4.27393E+11,  8.07046E+11,  5.22092E-02,  7.35357E-04,  0.00000E+00,     0
   999,  9.99000E-02,  1.67869E+15,  1.67912E+15,  1.67992E+15,  1.27383E-12,  0.00000E+00,  4.27129E+11,  7.97624E+11,  9.73179E-02,  7.29055E-04,  0.00000E+00,     0
  1000,  1.00000E-01,  1.67992E+15,  1.68035E+15,  1.68116E+15,  1.27383E-12,  0.00000E+00,  4.26931E+11,  8.11967E+11,  1.37332E-01,  7.36932E-04,  0.00000E+00,     0
  1001,  1.00100E-01,  1.68116E+15,  1.68158E+15,  1.68239E+15,  1.27383E-12,  0.00000E+00,  4.26471E+11,  8.02534E+11,  7.78796E-02,  7.30513E-04,  0.00000E+00,     0
  1002,  1.00200E-01,  1.68239E+15,  1.68281E+15,  1.68362E+15,  1.27383E-12,  0.00000E+00,  4.26239E+11,  8.04400E+11,  5.43899E-03,  7.30949E-04,  0.00000E+00,     0
  1003,  1.00300E-01,  1.68362E+15,  1.68404E+15,  1.68486E+15,  1.27383E-12,  0.00000E+00,  4.25924E+11,  8.13329E+11,  9.04954E-02,  7.35524E-04,  0.00000E+00,     0
  1004,  1.00400E-01,  1.68486E+15,  1.68528E+15,  1.68610E+15,  1.27383E-12,  0.00000E+00,  4.25512E+11,  8.14556E+11,  2.87049E-02,  7.35467E-04,  0.00000E+00,     0
  1005,  1.00500E-01,  1.68610E+15,  1.68652E+15,  1.68734E+15,  1.27383E-12,  0.00000E+00,  4.25159E+11,  8.14005E+11,  3.34500E-03,  7.34390E-04,  0.00000E+00,     0
  1006,  1.00600E-01,  1.68734E+15,  1.68776E+15,  1.68857E+15,  1.27383E-12,  0.00000E+00,  4.24835E+11,  8.11441E+11,  2.36215E-02,  7.32142E-04,  0.00000E+00,     0
  1007,  1.00700E-01,  1.68857E+15,  1.68900E+15,  1.68981E+15,  1.27383E-12,  0.00000E+00,  4.24533E+11,  8.18073E+11,  2.36409E-02,  7.35350E-04,  0.00000E+00,     0
  1008,  1.00800E-01,  1.68981E+15,  1.69024E+15,  1.69105E+15,  1.27383E-12,  0.00000E+00,  4.24235E+11,  8.13117E+11,  2.93111E-02,  7.31706E-04,  0.00000E+00,     0
  1009,  1.00900E-01,  1.69105E+15,  1.69148E+15,  1.69229E+15,  1.27383E-12,  0.00000E+00,  4.23878E+11,  8.15397E+11,  4.03723E-02,  7.32306E-04,  0.00000E+00,     0
  1010,  1.01000E-01,  1.69229E+15,  1.69271E+15,  1.69353E+15,  1.27383E-12,  0.00000E+00,  4.23517E+11,  8.12092E+11,  5.04915E-02,  7.29607E-04,  0.00000E+00,     0
  1011,  1.01100E-01,  1.69353E+15,  1.69395E+15,  1.69476E+15,  1.27383E-12,  0.00000E+00,  4.23238E+11,  8.07260E+11,  5.80279E-02,  7.26061E-04,  0.00000E+00,     0
  1012,  1.01200E-01,  1.69476E+15,  1.69518E+15,  1.69599E+15,  1.27383E-12,  0.00000E+00,  4.22979E+11,  8.13198E+11,  7.29634E-02,  7.28881E-04,  0.00000E+00,     0
  1013,  1.01300E-01,  1.69599E+15,  1.69642E+15,  1.69723E+15,  1.27383E-12,  0.00000E+00,  4.22589E+11,  8.15092E+11,  2.70398E-02,  7.29236E-04,  0.00000E+00,     0
  1014,  1.01400E-01,  1.69723E+15,  1.69765E+15,  1.69847E+15,  1.27383E-12,  0.00000E+00,  4.22241E+11,  8.11712E+11,  4.72929E-02,  7.26510E-04,  0.00000E+00,     0
  1015,  1.01500E-01,  1.69847E+15,  1.69889E+15,  1.69971E+15,  1.27383E-12,  0.00000E+00,  4.21961E+11,  8.18224E+11,  5.27510E-02,  7.29647E-04,  0.00000E+00,     0
  1016,  1.01600E-01,  1.69971E+15,  1.70013E+15,  1.70093E+15,  1.27383E-12,  0.00000E+00,  4.21582E+11,  8.05948E+11,  1.15283E-01,  7.21681E-04,  0.00000E+00,     0
  1017,  1.01700E-01,  1.70093E+15,  1.70135E+15,  1.70216E+15,  1.27383E-12,  0.00000E+00,  4.21382E+11,  8.09354E+11,  2.76652E-02,  7.23042E-04,  0.00000E+00,     0
  1018,  1.01800E-01,  1.70216E+15,  1.70258E+15,  1.70340E+15,  1.27383E-12,  0.00000E+00,  4.21042E+11,  8.13005E+11,  4.98465E-02,  7.24462E-04,  0.00000E+00,     0
  1019,  1.01900E-01,  1.70340E+15,  1.70382E+15,  1.70463E+15,  1.27383E-12,  0.00000E+00,  4.20676E+11,  8.12334E+11,  3.85989E-03,  7.23330E-04,  0.00000E+00,     0
  1020,  1.02000E-01,  1.70463E+15,  1.70505E+15,  1.70587E+15,  1.27383E-12,  0.00000E+00,  4.20359E+11,  8.15533E+11,  2.23708E-02,  7.24495E-04,  0.00000E+00,     0
  1021,  1.02100E-01,  1.70587E+15,  1.70629E+15,  1.70710E+15,  1.27383E-12,  0.00000E+00,  4.20014E+11,  8.16069E+11,  2.15753E-02,  7.24082E-04,  0.00000E+00,     0
  1022,  1.02200E-01,  1.70710E+15,  1.70752E+15,  1.70834E+15,  1.27383E-12,  0.00000E+00,  4.19670E+11,  8.15295E+11,  1.17342E-02,  7.22905E-04,  0.00000E+00,     0
  1023,  1.02300E-01,  1.70834E+15,  1.70876E+15,  1.70956E+15,  1.27383E-12,  0.00000E+00,  4.19355E+11,  8.01030E+11,  1.35502E-01,  7.13860E-04,  0.00000E+00,     0
  1024,  1.02400E-01,  1.70956E+15,  1.70998E+15,  1.71078E+15,  1.27383E-12,  0.00000E+00,  4.19190E+11,  8.05461E+11,  4.07699E-02,  7.15842E-04,  0.00000E+00,     0
  1025,  1.02500E-01,  1.71078E+15,  1.71120E+15,  1.71202E+15,  1.27383E-12,  0.00000E+00,  4.18844E+11,  8.17648E+11,  1.25885E-01,  7.22242E-04,  0.00000E+00,     0
  1026,  1.02600E-01,  1.71202E+15,  1.71244E+15,  1.71325E+15,  1.27383E-12,  0.00000E+00,  4.18398E+11,  8.10292E+11,  7.32654E-02,  7.17170E-04,  0.00000E+00,     0
  1027,  1.02700E-01,  1.71325E+15,  1.71367E+15,  1.71448E+15,  1.27383E-12,  0.00000E+00,  4.18147E+11,  8.15275E+11,  5.16151E-02,  7.19414E-04,  0.00000E+00,     0
  1028,  1.02800E-01,  1.71448E+15,  1.71490E+15,  1.71571E+15,  1.27383E-12,  0.00000E+00,  4.17777E+11,  8.07895E+11,  8.31261E-02,  7.14383E-04,  0.00000E+00,     0
  1029,  1.02900E-01,  1.71571E+15,  1.71612E+15,  1.71694E+15,  1.27383E-12,  0.00000E+00,  4.17542E+11,  8.14509E+11,  8.12225E-02,  7.17586E-04,  0.00000E+00,     0
  1030,  1.03000E-01,  1.71694E+15,  1.71736E+15,  1.71817E+15,  1.27383E-12,  0.00000E+00,  4.17146E+11,  8.15284E+11,  1.63782E-02,  7.17292E-04,  0.00000E+00,     0
  1031,  1.03100E-01,  1.71817E+15,  1.71859E+15,  1.71939E+15,  1.27383E-12,  0.00000E+00,  4.16834E+11,  8.06137E+11,  9.47057E-02,  7.11280E-04,  0.00000E+00,     0
  1032,  1.03200E-01,  1.71939E+15,  1.71981E+15,  1.72062E+15,  1.27383E-12,  0.00000E+00,  4.16616E+11,  8.10125E+11,  4.97008E-02,  7.12964E-04,  0.00000E+00,     0
  1033,  1.03300E-01,  1.72062E+15,  1.72104E+15,  1.72185E+15,  1.27383E-12,  0.00000E+00,  4.16256E+11,  8.09507E+11,  2.13187E-02,  7.11888E-04,  0.00000E+00,     0
  1034,  1.03400E-01,  1.72185E+15,  1.72226E+15,  1.72307E+15,  1.27383E-12,  0.00000E+00,  4.15961E+11,  8.09747E+11,  3.01677E-03,  7.11350E-04,  0.00000E+00,     0
  1035,  1.03500E-01,  1.72307E+15,  1.72349E+15,  1.72430E+15,  1.27383E-12,  0.00000E+00,  4.15645E+11,  8.14775E+11,  7.49054E-02,  7.13575E-04,  0.00000E+00,     0
  1036,  1.03600E-01,  1.72430E+15,  1.72472E+15,  1.72552E+15,  1.27383E-12,  0.00000E+00,  4.15255E+11,  8.01972E+11,  1.42751E-01,  7.05426E-04,  0.00000E+00,     0
  1037,  1.03700E-01,  1.72552E+15,  1.72594E+15,  1.72674E+15,  1.27383E-12,  0.00000E+00,  4.15094E+11,  8.02774E+11,  8.39991E-03,  7.05300E-04,  0.00000E+00,     0
  1038,  1.03800E-01,  1.72674E+15,  1.72715E+15,  1.72795E+15,  1.27383E-12,  0.00000E+00,  4.14785E+11,  7.99318E+11,  3.37446E-02,  7.02625E-04,  0.00000E+00,     0
  1039,  1.03900E-01,  1.72795E+15,  1.72837E+15,  1.72918E+15,  1.27383E-12,  0.00000E+00,  4.14523E+11,  8.09888E+11,  1.00486E-01,  7.08089E-04,  0.00000E+00,     0
  1040,  1.04000E-01,  1.72918E+15,  1.72959E+15,  1.73041E+15,  1.27383E-12,  0.00000E+00,  4.14106E+11,  8.14876E+11,  7.48071E-02,  7.10227E-04,  0.00000E+00,     0
  1041,  1.04100E-01,  1.73041E+15,  1.73082E+15,  1.73163E+15,  1.27383E-12,  0.00000E+00,  4.13714E+11,  8.15722E+11,  1.26109E-02,  7.09985E-04,  0.00000E+00,     0
  1042,  1.04200E-01,  1.73163E+15,  1.73205E+15,  1.73286E+15,  1.27383E-12,  0.00000E+00,  4.13376E+11,  8.13354E+11,  4.15936E-02,  7.07922E-04,  0.00000E+00,     0
  1043,  1.04300E-01,  1.73286E+15,  1.73327E+15,  1.73408E+15,  1.27383E-12,  0.00000E+00,  4.13087E+11,  8.07748E+11,  6.43512E-02,  7.04024E-04,  0.00000E+00,     0
  1044,  1.04400E-01,  1.73408E+15,  1.73450E+15,  1.73530E+15,  1.27383E-12,  0.00000E+00,  4.12835E+11,  8.08803E+11,  1.38975E-02,  7.03991E-04,  0.00000E+00,     0
  1045,  1.04500E-01,  1.73530E+15,  1.73572E+15,  1.73653E+15,  1.27383E-12,  0.00000E+00,  4.12509E+11,  8.17874E+11,  7.11093E-02,  7.08528E-04,  0.00000E+00,     0
  1046,  1.04600E-01,  1.73653E+15,  1.73695E+15,  1.73776E+15,  1.27383E-12,  0.00000E+00,  4.12126E+11,  8.17879E+11,  2.51360E-03,  7.07809E-04,  0.00000E+00,     0
  1047,  1.04700E-01,  1.73776E+15,  1.73818E+15,  1.73898E+15,  1.27383E-12,  0.00000E+00,  4.11797E+11,  8.01187E+11,  1.42444E-01,  6.97527E-04,  0.00000E+00,     0
  1048,  1.04800E-01,  1.73898E+15,  1.73939E+15,  1.74019E+15,  1.27383E-12,  0.00000E+00,  4.11627E+11,  8.04826E+11,  3.14474E-02,  6.99033E-04,  0.00000E+00,     0
  1049,  1.04900E-01,  1.74019E+15,  1.74061E+15,  1.74142E+15,  1.27383E-12,  0.00000E+00,  4.11291E+11,  8.11727E+11,  8.73341E-02,  7.02312E-04,  0.00000E+00,     0
  1050,  1.05000E-01,  1.74142E+15,  1.74183E+15,  1.74265E+15,  1.27383E-12,  0.00000E+00,  4.10890E+11,  8.17980E+11,  3.37789E-02,  7.05175E-04,  0.00000E+00,     0
  1051,  1.05100E-01,  1.74265E+15,  1.74306E+15,  1.74387E+15,  1.27383E-12,  0.00000E+00,  4.10544E+11,  8.17984E+11,  1.92326E-03,  7.04482E-04,  0.00000E+00,     0
  1052,  1.05200E-01,  1.74387E+15,  1.74428E+15,  1.74509E+15,  1.27383E-12,  0.00000E+00,  4.10215E+11,  8.07971E+11,  8.06233E-02,  6.98064E-04,  0.00000E+00,     0
  1053,  1.05300E-01,  1.74509E+15,  1.74550E+15,  1.74631E+15,  1.27383E-12,  0.00000E+00,  4.09966E+11,  8.06826E+11,  9.74349E-03,  6.96779E-04,  0.00000E+00,     0
  1054,  1.05400E-01,  1.74631E+15,  1.74672E+15,  1.74754E+15,  1.27383E-12,  0.00000E+00,  4.09667E+11,  8.16150E+11,  9.93489E-02,  7.01455E-04,  0.00000E+00,     0
  1055,  1.05500E-01,  1.74754E+15,  1.74794E+15,  1.74876E+15,  1.27383E-12,  0.00000E+00,  4.09250E+11,  8.18080E+11,  1.06636E-02,  7.01827E-04,  0.00000E+00,     0
  1056,  1.05600E-01,  1.74876E+15,  1.74917E+15,  1.74999E+15,  1.27383E-12,  0.00000E+00,  4.08942E+11,  8.18666E+11,  2.33589E-02,  7.01494E-04,  0.00000E+00,     0
  1057,  1.05700E-01,  1.74999E+15,  1.75040E+15,  1.75120E+15,  1.27383E-12,  0.00000E+00,  4.08579E+11,  7.97875E+11,  1.79706E-01,  6.88931E-04,  0.00000E+00,     0
  1058,  1.05800E-01,  1.75120E+15,  1.75161E+15,  1.75241E+15,  1.27383E-12,  0.00000E+00,  4.08471E+11,  8.09123E+11,  1.06684E-01,  6.94809E-04,  0.00000E+00,     0
  1059,  1.05900E-01,  1.75241E+15,  1.75282E+15,  1.75363E+15,  1.27383E-12,  0.00000E+00,  4.08054E+11,  8.03556E+11,  6.27325E-02,  6.90917E-04,  0.00000E+00,     0
  1060,  1.06000E-01,  1.75363E+15,  1.75403E+15,  1.75485E+15,  1.27383E-12,  0.00000E+00,  4.07812E+11,  8.14837E+11,  1.27589E-01,  6.96726E-04,  0.00000E+00,     0
  1061,  1.06100E-01,  1.75485E+15,  1.75526E+15,  1.75607E+15,  1.27383E-12,  0.00000E+00,  4.07369E+11,  8.18203E+11,  1.13003E-02,  6.97904E-04,  0.00000E+00,     0
  1062,  1.06200E-01,  1.75607E+15,  1.75648E+15,  1.75730E+15,  1.27383E-12,  0.00000E+00,  4.07058E+11,  8.18207E+11,  1.26000E-03,  6.97243E-04,  0.00000E+00,     0
  1063,  1.06300E-01,  1.75730E+15,  1.75771E+15,  1.75851E+15,  1.27383E-12,  0.00000E+00,  4.06730E+11,  8.00340E+11,  1.50987E-01,  6.86418E-04,  0.00000E+00,     0
  1064,  1.06400E-01,  1.75851E+15,  1.75891E+15,  1.75972E+15,  1.27383E-12,  0.00000E+00,  4.06573E+11,  8.09651E+11,  9.10699E-02,  6.91146E-04,  0.00000E+00,     0
  1065,  1.06500E-01,  1.75972E+15,  1.76013E+15,  1.76095E+15,  1.27383E-12,  0.00000E+00,  4.06171E+11,  8.18076E+11,  1.08694E-01,  6.95221E-04,  0.00000E+00,     0
  1066,  1.06600E-01,  1.76095E+15,  1.76135E+15,  1.76215E+15,  1.27383E-12,  0.00000E+00,  4.05703E+11,  8.00448E+11,  1.89399E-01,  6.84476E-04,  0.00000E+00,     0
  1067,  1.06700E-01,  1.76215E+15,  1.76256E+15,  1.76336E+15,  1.27383E-12,  0.00000E+00,  4.05638E+11,  8.04951E+11,  3.57763E-02,  6.86523E-04,  0.00000E+00,     0
  1068,  1.06800E-01,  1.76336E+15,  1.76377E+15,  1.76458E+15,  1.27383E-12,  0.00000E+00,  4.05298E+11,  8.15506E+11,  1.17050E-01,  6.91837E-04,  0.00000E+00,     0
  1069,  1.06900E-01,  1.76458E+15,  1.76499E+15,  1.76580E+15,  1.27383E-12,  0.00000E+00,  4.04756E+11,  8.15038E+11,  8.23222E-03,  6.90787E-04,  0.00000E+00,     0
  1070,  1.07000E-01,  1.76580E+15,  1.76621E+15,  1.76701E+15,  1.27383E-12,  0.00000E+00,  4.04534E+11,  8.03305E+11,  1.21903E-01,  6.83549E-04,  0.00000E+00,     0
  1071,  1.07100E-01,  1.76701E+15,  1.76742E+15,  1.76822E+15,  1.27383E-12,  0.00000E+00,  4.04349E+11,  8.07791E+11,  4.02887E-02,  6.85512E-04,  0.00000E+00,     0
  1072,  1.07200E-01,  1.76822E+15,  1.76863E+15,  1.76944E+15,  1.27383E-12,  0.00000E+00,  4.04001E+11,  8.14964E+11,  6.99901E-02,  6.88897E-04,  0.00000E+00,     0
  1073,  1.07300E-01,  1.76944E+15,  1.76985E+15,  1.77065E+15,  1.27383E-12,  0.00000E+00,  4.03613E+11,  8.08089E+11,  7.20980E-02,  6.84325E-04,  0.00000E+00,     0
  1074,  1.07400E-01,  1.77065E+15,  1.77106E+15,  1.77187E+15,  1.27383E-12,  0.00000E+00,  4.03369E+11,  8.07726E+11,  3.97960E-03,  6.83514E-04,  0.00000E+00,     0
  1075,  1.07500E-01,  1.77187E+15,  1.77227E+15,  1.77308E+15,  1.27383E-12,  0.00000E+00,  4.03057E+11,  8.14274E+11,  6.19439E-02,  6.86561E-04,  0.00000E+00,     0
  1076,  1.07600E-01,  1.77308E+15,  1.77349E+15,  1.77430E+15,  1.27383E-12,  0.00000E+00,  4.02678E+11,  8.18309E+11,  6.31891E-02,  6.88150E-04,  0.00000E+00,     0
  1077,  1.07700E-01,  1.77430E+15,  1.77471E+15,  1.77552E+15,  1.27383E-12,  0.00000E+00,  4.02253E+11,  8.11494E+11,  7.61008E-02,  6.83602E-04,  0.00000E+00,     0
  1078,  1.07800E-01,  1.77552E+15,  1.77592E+15,  1.77674E+15,  1.27383E-12,  0.00000E+00,  4.02046E+11,  8.15712E+11,  2.85395E-02,  6.85391E-04,  0.00000E+00,     0
  1079,  1.07900E-01,  1.77674E+15,  1.77714E+15,  1.77796E+15,  1.27383E-12,  0.00000E+00,  4.01598E+11,  8.19414E+11,  1.75827E-02,  6.86750E-04,  0.00000E+00,     0
  1080,  1.08000E-01,  1.77796E+15,  1.77836E+15,  1.77917E+15,  1.27383E-12,  0.00000E+00,  4.01352E+11,  8.09278E+11,  8.21318E-02,  6.80447E-04,  0.00000E+00,     0
  1081,  1.08100E-01,  1.77917E+15,  1.77957E+15,  1.78038E+15,  1.27383E-12,  0.00000E+00,  4.01119E+11,  8.07564E+11,  1.27407E-02,  6.78892E-04,  0.00000E+00,     0
  1082,  1.08200E-01,  1.78038E+15,  1.78078E+15,  1.78159E+15,  1.27383E-12,  0.00000E+00,  4.00825E+11,  8.09616E+11,  1.53797E-02,  6.79417E-04,  0.00000E+00,     0
  1083,  1.08300E-01,  1.78159E+15,  1.78199E+15,  1.78281E+15,  1.27383E-12,  0.00000E+00,  4.00500E+11,  8.18444E+11,  1.08840E-01,  6.83723E-04,  0.00000E+00,     0
  1084,  1.08400E-01,  1.78281E+15,  1.78321E+15,  1.78401E+15,  1.27383E-12,  0.00000E+00,  4.00033E+11,  8.03809E+11,  1.57643E-01,  6.74796E-04,  0.00000E+00,     0
  1085,  1.08500E-01,  1.78401E+15,  1.78441E+15,  1.78522E+15,  1.27383E-12,  0.00000E+00,  3.99927E+11,  8.14468E+11,  1.00917E-01,  6.80248E-04,  0.00000E+00,     0
  1086,  1.08600E-01,  1.78522E+15,  1.78562E+15,  1.78643E+15,  1.27383E-12,  0.00000E+00,  3.99511E+11,  8.04290E+11,  1.03815E-01,  6.73860E-04,  0.00000E+00,     0
  1087,  1.08700E-01,  1.78643E+15,  1.78683E+15,  1.78763E+15,  1.27383E-12,  0.00000E+00,  3.99310E+11,  8.04346E+11,  2.41348E-03,  6.73325E-04,  0.00000E+00,     0
  1088,  1.08800E-01,  1.78763E+15,  1.78803E+15,  1.78883E+15,  1.27383E-12,  0.00000E+00,  3.99008E+11,  8.02107E+11,  2.00151E-02,  6.71452E-04,  0.00000E+00,     0
  1089,  1.08900E-01,  1.78883E+15,  1.78923E+15,  1.79004E+15,  1.27383E-12,  0.00000E+00,  3.98731E+11,  8.07336E+11,  5.73770E-02,  6.73765E-04,  0.00000E+00,     0
  1090,  1.09000E-01,  1.79004E+15,  1.79044E+15,  1.79125E+15,  1.27383E-12,  0.00000E+00,  3.98367E+11,  8.10253E+11,  2.88662E-02,  6.74737E-04,  0.00000E+00,     0
  1091,  1.09100E-01,  1.79125E+15,  1.79164E+15,  1.79246E+15,  1.27383E-12,  0.00000E+00,  3.98027E+11,  8.11355E+11,  4.79017E-03,  6.74707E-04,  0.00000E+00,     0
  1092,  1.09200E-01,  1.79246E+15,  1.79285E+15,  1.79366E+15,  1.27383E-12,  0.00000E+00,  3.97706E+11,  8.04082E+11,  7.05881E-02,  6.70021E-04,  0.00000E+00,     0
  1093,  1.09300E-01,  1.79366E+15,  1.79406E+15,  1.79487E+15,  1.27383E-12,  0.00000E+00,  3.97472E+11,  8.13737E+11,  9.72840E-02,  6.74817E-04,  0.00000E+00,     0
  1094,  1.09400E-01,  1.79487E+15,  1.79527E+15,  1.79608E+15,  1.27383E-12,  0.00000E+00,  3.97058E+11,  8.13760E+11,  2.38282E-03,  6.74145E-04,  0.00000E+00,     0
  1095,  1.09500E-01,  1.79608E+15,  1.79648E+15,  1.79728E+15,  1.27383E-12,  0.00000E+00,  3.96738E+11,  8.07926E+11,  5.44031E-02,  6.70269E-04,  0.00000E+00,     0
  1096,  1.09600E-01,  1.79728E+15,  1.79768E+15,  1.79850E+15,  1.27383E-12,  0.00000E+00,  3.96479E+11,  8.17036E+11,  8.06577E-02,  6.74738E-04,  0.00000E+00,     0
  1097,  1.09700E-01,  1.79850E+15,  1.79889E+15,  1.79970E+15,  1.27383E-12,  0.00000E+00,  3.96078E+11,  8.03120E+11,  1.39784E-01,  6.66333E-04,  0.00000E+00,     0
  1098,  1.09800E-01,  1.79970E+15,  1.80009E+15,  1.80090E+15,  1.27383E-12,  0.00000E+00,  3.95915E+11,  8.11183E+11,  9.25313E-02,  6.70273E-04,  0.00000E+00,     0
  1099,  1.09900E-01,  1.80090E+15,  1.80130E+15,  1.80211E+15,  1.27383E-12,  0.00000E+00,  3.95511E+11,  8.13817E+11,  2.27304E-02,  6.71061E-04,  0.00000E+00,     0
  1100,  1.10000E-01,  1.80211E+15,  1.80251E+15,  1.80331E+15,  1.27383E-12,  0.00000E+00,  3.95170E+11,  8.03285E+11,  1.13537E-01,  6.64585E-04,  0.00000E+00,     0
  1101,  1.10100E-01,  1.80331E+15,  1.80371E+15,  1.80452E+15,  1.27383E-12,  0.00000E+00,  3.94981E+11,  8.15572E+11,  1.18217E-01,  6.70844E-04,  0.00000E+00,     0
  1102,  1.10200E-01,  1.80452E+15,  1.80492E+15,  1.80573E+15,  1.27383E-12,  0.00000E+00,  3.94541E+11,  8.15535E+11,  1.53505E-02,  6.70130E-04,  0.00000E+00,     0
  1103,  1.10300E-01,  1.80573E+15,  1.80613E+15,  1.80694E+15,  1.27383E-12,  0.00000E+00,  3.94206E+11,  8.14953E+11,  9.02823E-04,  6.69175E-04,  0.00000E+00,     1
  1104,  1.10400E-01,  1.80694E+15,  1.80734E+15,  1.80815E+15,  1.27383E-12,  0.00000E+00,  3.93885E+11,  8.13174E+11,  2.85999E-02,  6.67566E-04,  0.00000E+00,     0
  1105,  1.10500E-01,  1.80815E+15,  1.80854E+15,  1.80934E+15,  1.27383E-12,  0.00000E+00,  3.93592E+11,  7.99279E+11,  1.39716E-01,  6.59285E-04,  0.00000E+00,     0
  1106,  1.10600E-01,  1.80934E+15,  1.80974E+15,  1.81054E+15,  1.27383E-12,  0.00000E+00,  3.93444E+11,  8.01426E+11,  2.61262E-02,  6.59953E-04,  0.00000E+00,     0
  1107,  1.10700E-01,  1.81054E+15,  1.81093E+15,  1.81172E+15,  1.27383E-12,  0.00000E+00,  3.93122E+11,  7.90904E+11,  9.52749E-02,  6.53537E-04,  0.00000E+00,     0
  1108,  1.10800E-01,  1.81172E+15,  1.81211E+15,  1.81292E+15,  1.27383E-12,  0.00000E+00,  3.92949E+11,  8.03488E+11,  1.21333E-01,  6.59951E-04,  0.00000E+00,     0
  1109,  1.10900E-01,  1.81292E+15,  1.81331E+15,  1.81412E+15,  1.27383E-12,  0.00000E+00,  3.92515E+11,  8.06121E+11,  3.44520E-02,  6.60727E-04,  0.00000E+00,     0
  1110,  1.11000E-01,  1.81412E+15,  1.81451E+15,  1.81532E+15,  1.27383E-12,  0.00000E+00,  3.92174E+11,  8.11200E+11,  5.37820E-02,  6.62899E-04,  0.00000E+00,     0
  1111,  1.11100E-01,  1.81532E+15,  1.81571E+15,  1.81653E+15,  1.27383E-12,  0.00000E+00,  3.91805E+11,  8.14119E+11,  1.98578E-02,  6.63863E-04,  0.00000E+00,     0
  1112,  1.11200E-01,  1.81653E+15,  1.81692E+15,  1.81772E+15,  1.27383E-12,  0.00000E+00,  3.91464E+11,  8.02150E+11,  1.26762E-01,  6.56655E-04,  0.00000E+00,     0
  1113,  1.11300E-01,  1.81772E+15,  1.81811E+15,  1.81891E+15,  1.27383E-12,  0.00000E+00,  3.91288E+11,  8.02285E+11,  3.02119E-03,  6.56201E-04,  0.00000E+00,     0
  1114,  1.11400E-01,  1.81891E+15,  1.81930E+15,  1.82012E+15,  1.27383E-12,  0.00000E+00,  3.90984E+11,  8.12796E+11,  1.17112E-01,  6.61376E-04,  0.00000E+00,     0
  1115,  1.11500E-01,  1.82012E+15,  1.82051E+15,  1.82131E+15,  1.27383E-12,  0.00000E+00,  3.90548E+11,  8.03645E+11,  9.52850E-02,  6.55678E-04,  0.00000E+00,     0
  1116,  1.11600E-01,  1.82131E+15,  1.82170E+15,  1.82251E+15,  1.27383E-12,  0.00000E+00,  3.90335E+11,  8.09641E+11,  7.47782E-02,  6.58419E-04,  0.00000E+00,     0
  1117,  1.11700E-01,  1.82251E+15,  1.82290E+15,  1.82371E+15,  1.27383E-12,  0.00000E+00,  3.89949E+11,  8.12863E+11,  2.25955E-02,  6.59540E-04,  0.00000E+00,     0
  1118,  1.11800E-01,  1.82371E+15,  1.82410E+15,  1.82492E+15,  1.27383E-12,  0.00000E+00,  3.89607E+11,  8.14381E+11,  6.03785E-03,  6.59749E-04,  0.00000E+00,     0
  1119,  1.11900E-01,  1.82492E+15,  1.82531E+15,  1.82613E+15,  1.27383E-12,  0.00000E+00,  3.89277E+11,  8.18816E+11,  6.90904E-02,  6.61561E-04,  0.00000E+00,     0
  1120,  1.12000E-01,  1.82613E+15,  1.82651E+15,  1.82733E+15,  1.27383E-12,  0.00000E+00,  3.88798E+11,  8.13303E+11,  7.28989E-02,  6.57846E-04,  0.00000E+00,     0
  1121,  1.12100E-01,  1.82733E+15,  1.82772E+15,  1.82853E+15,  1.27383E-12,  0.00000E+00,  3.88630E+11,  8.09745E+11,  2.63162E-02,  6.55377E-04,  0.00000E+00,     0
  1122,  1.12200E-01,  1.82853E+15,  1.82891E+15,  1.82972E+15,  1.27383E-12,  0.00000E+00,  3.88341E+11,  8.06873E+11,  4.16691E-02,  6.53222E-04,  0.00000E+00,     0
  1123,  1.12300E-01,  1.82972E+15,  1.83011E+15,  1.83092E+15,  1.27383E-12,  0.00000E+00,  3.88072E+11,  8.06897E+11,  9.51050E-04,  6.52662E-04,  0.00000E+00,     1
  1124,  1.12400E-01,  1.83092E+15,  1.83130E+15,  1.83211E+15,  1.27383E-12,  0.00000E+00,  3.87765E+11,  8.04807E+11,  2.64993E-02,  6.50928E-04,  0.00000E+00,     0
  1125,  1.12500E-01,  1.83211E+15,  1.83250E+15,  1.83330E+15,  1.27383E-12,  0.00000E+00,  3.87486E+11,  8.06945E+11,  2.76206E-02,  6.51518E-04,  0.00000E+00,     0
  1126,  1.12600E-01,  1.83330E+15,  1.83369E+15,  1.83451E+15,  1.27383E-12,  0.00000E+00,  3.87152E+11,  8.17943E+11,  1.26001E-01,  6.56904E-04,  0.00000E+00,     0
  1127,  1.12700E-01,  1.83451E+15,  1.83489E+15,  1.83570E+15,  1.27383E-12,  0.00000E+00,  3.86708E+11,  8.00293E+11,  1.95687E-01,  6.46622E-04,  0.00000E+00,     0
  1128,  1.12800E-01,  1.83570E+15,  1.83608E+15,  1.83689E+15,  1.27383E-12,  0.00000E+00,  3.86608E+11,  8.07015E+11,  8.04295E-02,  6.49807E-04,  0.00000E+00,     0
  1129,  1.12900E-01,  1.83689E+15,  1.83727E+15,  1.83808E+15,  1.27383E-12,  0.00000E+00,  3.86220E+11,  8.07037E+11,  1.35124E-03,  6.49186E-04,  0.00000E+00,     0
  1130,  1.13000E-01,  1.83808E+15,  1.83847E+15,  1.83928E+15,  1.27383E-12,  0.00000E+00,  3.85912E+11,  8.07060E+11,  8.00473E-04,  6.48610E-04,  0.00000E+00,     1
  1131,  1.13100E-01,  1.83928E+15,  1.83966E+15,  1.84046E+15,  1.27383E-12,  0.00000E+00,  3.85603E+11,  8.02235E+11,  4.86391E-02,  6.45402E-04,  0.00000E+00,     0
  1132,  1.13200E-01,  1.84046E+15,  1.84085E+15,  1.84165E+15,  1.27383E-12,  0.00000E+00,  3.85350E+11,  7.99533E+11,  4.09307E-02,  6.43382E-04,  0.00000E+00,     0
  1133,  1.13300E-01,  1.84165E+15,  1.84203E+15,  1.84283E+15,  1.27383E-12,  0.00000E+00,  3.85096E+11,  7.99557E+11,  1.19655E-03,  6.42843E-04,  0.00000E+00,     0
  1134,  1.13400E-01,  1.84283E+15,  1.84322E+15,  1.84402E+15,  1.27383E-12,  0.00000E+00,  3.84799E+11,  7.99579E+11,  1.14972E-03,  6.42282E-04,  0.00000E+00,     0
  1135,  1.13500E-01,  1.84402E+15,  1.84440E+15,  1.84520E+15,  1.27383E-12,  0.00000E+00,  3.84500E+11,  7.99603E+11,  1.11393E-03,  6.41720E-04,  0.00000E+00,     0
  1136,  1.13600E-01,  1.84520E+15,  1.84559E+15,  1.84639E+15,  1.27383E-12,  0.00000E+00,  3.84201E+11,  8.06605E+11,  8.48239E-02,  6.44937E-04,  0.00000E+00,     0
  1137,  1.13700E-01,  1.84639E+15,  1.84678E+15,  1.84758E+15,  1.27383E-12,  0.00000E+00,  3.83804E+11,  8.00797E+11,  7.22633E-02,  6.41165E-04,  0.00000E+00,     0
  1138,  1.13800E-01,  1.84758E+15,  1.84796E+15,  1.84876E+15,  1.27383E-12,  0.00000E+00,  3.83574E+11,  7.99583E+11,  1.21976E-02,  6.39973E-04,  0.00000E+00,     0
  1139,  1.13900E-01,  1.84876E+15,  1.84914E+15,  1.84994E+15,  1.27383E-12,  0.00000E+00,  3.83286E+11,  7.99609E+11,  1.03511E-03,  6.39423E-04,  0.00000E+00,     0
  1140,  1.14000E-01,  1.84994E+15,  1.85033E+15,  1.85112E+15,  1.27383E-12,  0.00000E+00,  3.82985E+11,  7.99635E+11,  1.00268E-03,  6.38865E-04,  0.00000E+00,     0
  1141,  1.14100E-01,  1.85112E+15,  1.85151E+15,  1.85231E+15,  1.27383E-12,  0.00000E+00,  3.82683E+11,  7.99661E+11,  9.73001E-04,  6.38309E-04,  0.00000E+00,     1
  1142,  1.14200E-01,  1.85231E+15,  1.85269E+15,  1.85349E+15,  1.27383E-12,  0.00000E+00,  3.82380E+11,  7.99688E+11,  9.44522E-04,  6.37753E-04,  0.00000E+00,     2
  1143,  1.14300E-01,  1.85349E+15,  1.85387E+15,  1.85469E+15,  1.27383E-12,  0.00000E+00,  3.82076E+11,  8.15672E+11,  1.80622E-01,  6.45795E-04,  0.00000E+00,     0
  1144,  1.14400E-01,  1.85469E+15,  1.85507E+15,  1.85589E+15,  1.27383E-12,  0.00000E+00,  3.81563E+11,  8.16533E+11,  6.81862E-03,  6.45566E-04,  0.00000E+00,     0
  1145,  1.14500E-01,  1.85589E+15,  1.85627E+15,  1.85706E+15,  1.27383E-12,  0.00000E+00,  3.81223E+11,  7.98076E+11,  1.92252E-01,  6.35034E-04,  0.00000E+00,     0
  1146,  1.14600E-01,  1.85706E+15,  1.85745E+15,  1.85825E+15,  1.27383E-12,  0.00000E+00,  3.81119E+11,  8.07275E+11,  8.72413E-02,  6.39522E-04,  0.00000E+00,     0
  1147,  1.14700E-01,  1.85825E+15,  1.85863E+15,  1.85945E+15,  1.27383E-12,  0.00000E+00,  3.80714E+11,  8.13566E+11,  8.94927E-02,  6.42277E-04,  0.00000E+00,     0
  1148,  1.14800E-01,  1.85945E+15,  1.85983E+15,  1.86065E+15,  1.27383E-12,  0.00000E+00,  3.80306E+11,  8.18266E+11,  4.15982E-02,  6.44170E-04,  0.00000E+00,     0
  1149,  1.14900E-01,  1.86065E+15,  1.86103E+15,  1.86183E+15,  1.27383E-12,  0.00000E+00,  3.79935E+11,  8.07782E+11,  1.19336E-01,  6.37929E-04,  0.00000E+00,     0
  1150,  1.15000E-01,  1.86183E+15,  1.86221E+15,  1.86303E+15,  1.27383E-12,  0.00000E+00,  3.79730E+11,  8.17211E+11,  9.51304E-02,  6.42470E-04,  0.00000E+00,     0
  1151,  1.15100E-01,  1.86303E+15,  1.86341E+15,  1.86421E+15,  1.27383E-12,  0.00000E+00,  3.79311E+11,  8.02693E+11,  1.51774E-01,  6.34050E-04,  0.00000E+00,     0
  1152,  1.15200E-01,  1.86421E+15,  1.86459E+15,  1.86541E+15,  1.27383E-12,  0.00000E+00,  3.79156E+11,  8.15480E+11,  1.53849E-01,  6.40416E-04,  0.00000E+00,     0
  1153,  1.15300E-01,  1.86541E+15,  1.86579E+15,  1.86660E+15,  1.27383E-12,  0.00000E+00,  3.78680E+11,  8.13195E+11,  3.12409E-02,  6.38528E-04,  0.00000E+00,     0
  1154,  1.15400E-01,  1.86660E+15,  1.86698E+15,  1.86779E+15,  1.27383E-12,  0.00000E+00,  3.78384E+11,  8.15485E+11,  9.04450E-03,  6.39187E-04,  0.00000E+00,     0
  1155,  1.15500E-01,  1.86779E+15,  1.86817E+15,  1.86898E+15,  1.27383E-12,  0.00000E+00,  3.78051E+11,  8.06709E+11,  8.94890E-02,  6.33908E-04,  0.00000E+00,     0
  1156,  1.15600E-01,  1.86898E+15,  1.86936E+15,  1.87017E+15,  1.27383E-12,  0.00000E+00,  3.77826E+11,  8.18980E+11,  1.33795E-01,  6.39944E-04,  0.00000E+00,     0
  1157,  1.15700E-01,  1.87017E+15,  1.87055E+15,  1.87137E+15,  1.27383E-12,  0.00000E+00,  3.77372E+11,  8.21356E+11,  1.07653E-02,  6.40560E-04,  0.00000E+00,     0
  1158,  1.15800E-01,  1.87137E+15,  1.87175E+15,  1.87257E+15,  1.27383E-12,  0.00000E+00,  3.77027E+11,  8.17139E+11,  4.55779E-02,  6.37716E-04,  0.00000E+00,     0
  1159,  1.15900E-01,  1.87257E+15,  1.87294E+15,  1.87376E+15,  1.27383E-12,  0.00000E+00,  3.76742E+11,  8.17979E+11,  8.76973E-03,  6.37606E-04,  0.00000E+00,     0
  1160,  1.16000E-01,  1.87376E+15,  1.87414E+15,  1.87495E+15,  1.27383E-12,  0.00000E+00,  3.76409E+11,  8.09753E+11,  9.41690E-02,  6.32637E-04,  0.00000E+00,     0
  1161,  1.16100E-01,  1.87495E+15,  1.87532E+15,  1.87613E+15,  1.27383E-12,  0.00000E+00,  3.76186E+11,  8.02008E+11,  7.44279E-02,  6.27993E-04,  0.00000E+00,     0
  1162,  1.16200E-01,  1.87613E+15,  1.87650E+15,  1.87731E+15,  1.27383E-12,  0.00000E+00,  3.75967E+11,  8.08011E+11,  7.05574E-02,  6.30678E-04,  0.00000E+00,     0
  1163,  1.16300E-01,  1.87731E+15,  1.87769E+15,  1.87850E+15,  1.27383E-12,  0.00000E+00,  3.75592E+11,  8.15482E+11,  6.60695E-02,  6.34056E-04,  0.00000E+00,     0
  1164,  1.16400E-01,  1.87850E+15,  1.87888E+15,  1.87970E+15,  1.27383E-12,  0.00000E+00,  3.75212E+11,  8.21667E+11,  7.83992E-02,  6.36740E-04,  0.00000E+00,     0
  1165,  1.16500E-01,  1.87970E+15,  1.88007E+15,  1.88089E+15,  1.27383E-12,  0.00000E+00,  3.74815E+11,  8.18070E+11,  3.33509E-02,  6.34212E-04,  0.00000E+00,     0
  1166,  1.16600E-01,  1.88089E+15,  1.88127E+15,  1.88209E+15,  1.27383E-12,  0.00000E+00,  3.74520E+11,  8.19399E+11,  1.11894E-02,  6.34360E-04,  0.00000E+00,     0
  1167,  1.16700E-01,  1.88209E+15,  1.88246E+15,  1.88326E+15,  1.27383E-12,  0.00000E+00,  3.74203E+11,  8.03303E+11,  1.50857E-01,  6.25248E-04,  0.00000E+00,     0
  1168,  1.16800E-01,  1.88326E+15,  1.88364E+15,  1.88445E+15,  1.27383E-12,  0.00000E+00,  3.74058E+11,  8.16899E+11,  1.38577E-01,  6.31991E-04,  0.00000E+00,     0
  1169,  1.16900E-01,  1.88445E+15,  1.88483E+15,  1.88563E+15,  1.27383E-12,  0.00000E+00,  3.73606E+11,  8.07485E+11,  9.56645E-02,  6.26363E-04,  0.00000E+00,     0
  1170,  1.17000E-01,  1.88563E+15,  1.88601E+15,  1.88680E+15,  1.27383E-12,  0.00000E+00,  3.73394E+11,  7.96131E+11,  1.15544E-01,  6.19845E-04,  0.00000E+00,     0
  1171,  1.17100E-01,  1.88680E+15,  1.88718E+15,  1.88798E+15,  1.27383E-12,  0.00000E+00,  3.73236E+11,  8.00889E+11,  4.13913E-02,  6.21895E-04,  0.00000E+00,     0
  1172,  1.17200E-01,  1.88798E+15,  1.88835E+15,  1.88917E+15,  1.27383E-12,  0.00000E+00,  3.72903E+11,  8.18512E+11,  1.83434E-01,  6.30656E-04,  0.00000E+00,     0
  1173,  1.17300E-01,  1.88917E+15,  1.88954E+15,  1.89034E+15,  1.27383E-12,  0.00000E+00,  3.72396E+11,  8.02084E+11,  1.50884E-01,  6.21305E-04,  0.00000E+00,     0
  1174,  1.17400E-01,  1.89034E+15,  1.89072E+15,  1.89153E+15,  1.27383E-12,  0.00000E+00,  3.72251E+11,  8.16677E+11,  1.43551E-01,  6.28553E-04,  0.00000E+00,     0
  1175,  1.17500E-01,  1.89153E+15,  1.89190E+15,  1.89272E+15,  1.27383E-12,  0.00000E+00,  3.71683E+11,  8.17438E+11,  5.11025E-03,  6.28260E-04,  0.00000E+00,     0
  1176,  1.17600E-01,  1.89272E+15,  1.89309E+15,  1.89391E+15,  1.27383E-12,  0.00000E+00,  3.71468E+11,  8.20990E+11,  1.55164E-02,  6.29626E-04,  0.00000E+00,     0
  1177,  1.17700E-01,  1.89391E+15,  1.89429E+15,  1.89510E+15,  1.27383E-12,  0.00000E+00,  3.71127E+11,  8.19117E+11,  4.87995E-03,  6.28062E-04,  0.00000E+00,     0
  1178,  1.17800E-01,  1.89510E+15,  1.89548E+15,  1.89629E+15,  1.27383E-12,  0.00000E+00,  3.70811E+11,  8.15453E+11,  5.02770E-02,  6.25570E-04,  0.00000E+00,     0
  1179,  1.17900E-01,  1.89629E+15,  1.89666E+15,  1.89748E+15,  1.27383E-12,  0.00000E+00,  3.70540E+11,  8.17216E+11,  2.13444E-02,  6.25965E-04,  0.00000E+00,     0
  1180,  1.18000E-01,  1.89748E+15,  1.89785E+15,  1.89867E+15,  1.27383E-12,  0.00000E+00,  3.70205E+11,  8.16006E+11,  2.02499E-02,  6.24761E-04,  0.00000E+00,     0
  1181,  1.18100E-01,  1.89867E+15,  1.89904E+15,  1.89985E+15,  1.27383E-12,  0.00000E+00,  3.69909E+11,  8.16655E+11,  1.46429E-02,  6.24556E-04,  0.00000E+00,     0
  1182,  1.18200E-01,  1.89985E+15,  1.90022E+15,  1.90103E+15,  1.27383E-12,  0.00000E+00,  3.69584E+11,  8.13463E+11,  3.37538E-02,  6.22318E-04,  0.00000E+00,     0
  1183,  1.18300E-01,  1.90103E+15,  1.90140E+15,  1.90222E+15,  1.27383E-12,  0.00000E+00,  3.69307E+11,  8.17666E+11,  4.61199E-02,  6.23993E-04,  0.00000E+00,     0
  1184,  1.18400E-01,  1.90222E+15,  1.90259E+15,  1.90341E+15,  1.27383E-12,  0.00000E+00,  3.68952E+11,  8.16035E+11,  2.24998E-02,  6.22561E-04,  0.00000E+00,     0
  1185,  1.18500E-01,  1.90341E+15,  1.90378E+15,  1.90459E+15,  1.27383E-12,  0.00000E+00,  3.68660E+11,  8.14691E+11,  1.09848E-02,  6.21315E-04,  0.00000E+00,     0
  1186,  1.18600E-01,  1.90459E+15,  1.90496E+15,  1.90578E+15,  1.27383E-12,  0.00000E+00,  3.68345E+11,  8.17078E+11,  1.28931E-02,  6.22016E-04,  0.00000E+00,     0
  1187,  1.18700E-01,  1.90578E+15,  1.90614E+15,  1.90695E+15,  1.27383E-12,  0.00000E+00,  3.68022E+11,  8.08717E+11,  1.03533E-01,  6.17078E-04,  0.00000E+00,     0
  1188,  1.18800E-01,  1.90695E+15,  1.90732E+15,  1.90813E+15,  1.27383E-12,  0.00000E+00,  3.67821E+11,  8.11020E+11,  2.87293E-02,  6.17799E-04,  0.00000E+00,     0
  1189,  1.18900E-01,  1.90813E+15,  1.90850E+15,  1.90931E+15,  1.27383E-12,  0.00000E+00,  3.67495E+11,  8.06736E+11,  4.86955E-02,  6.15004E-04,  0.00000E+00,     0
  1190,  1.19000E-01,  1.90931E+15,  1.90967E+15,  1.91049E+15,  1.27383E-12,  0.00000E+00,  3.67248E+11,  8.15867E+11,  9.91133E-02,  6.19274E-04,  0.00000E+00,     0
  1191,  1.19100E-01,  1.91049E+15,  1.91086E+15,  1.91168E+15,  1.27383E-12,  0.00000E+00,  3.66845E+11,  8.21026E+11,  6.74877E-02,  6.21377E-04,  0.00000E+00,     0
  1192,  1.19200E-01,  1.91168E+15,  1.91204E+15,  1.91286E+15,  1.27383E-12,  0.00000E+00,  3.66470E+11,  8.21039E+11,  1.66345E-03,  6.20802E-04,  0.00000E+00,     0
  1193,  1.19300E-01,  1.91286E+15,  1.91323E+15,  1.91403E+15,  1.27383E-12,  0.00000E+00,  3.66153E+11,  7.98922E+11,  2.27174E-01,  6.08703E-04,  0.00000E+00,     0
  1194,  1.19400E-01,  1.91403E+15,  1.91439E+15,  1.91521E+15,  1.27383E-12,  0.00000E+00,  3.66109E+11,  8.10457E+11,  1.20125E-01,  6.14329E-04,  0.00000E+00,     0
  1195,  1.19500E-01,  1.91521E+15,  1.91557E+15,  1.91638E+15,  1.27383E-12,  0.00000E+00,  3.65687E+11,  8.10446E+11,  2.41059E-03,  6.13726E-04,  0.00000E+00,     0
  1196,  1.19600E-01,  1.91638E+15,  1.91675E+15,  1.91756E+15,  1.27383E-12,  0.00000E+00,  3.65388E+11,  8.10459E+11,  7.51638E-04,  6.13200E-04,  0.00000E+00,     1
  1197,  1.19700E-01,  1.91756E+15,  1.91792E+15,  1.91874E+15,  1.27383E-12,  0.00000E+00,  3.65088E+11,  8.19865E+11,  9.76851E-02,  6.17568E-04,  0.00000E+00,     0
  1198,  1.19800E-01,  1.91874E+15,  1.91911E+15,  1.91992E+15,  1.27383E-12,  0.00000E+00,  3.64588E+11,  8.16087E+11,  4.23641E-02,  6.14959E-04,  0.00000E+00,     0
  1199,  1.19900E-01,  1.91992E+15,  1.92029E+15,  1.92111E+15,  1.27383E-12,  0.00000E+00,  3.64410E+11,  8.19610E+11,  5.28581E-02,  6.16322E-04,  0.00000E+00,     0
  1200,  1.20000E-01,  1.92111E+15,  1.92147E+15,  1.92229E+15,  1.27383E-12,  0.00000E+00,  3.64052E+11,  8.17909E+11,  4.22374E-02,  6.14872E-04,  0.00000E+00,     0
  1201,  1.20100E-01,  1.92229E+15,  1.92265E+15,  1.92346E+15,  1.27383E-12,  0.00000E+00,  3.63775E+11,  8.03770E+11,  1.37059E-01,  6.07003E-04,  0.00000E+00,     0
  1202,  1.20200E-01,  1.92346E+15,  1.92382E+15,  1.92464E+15,  1.27383E-12,  0.00000E+00,  3.63625E+11,  8.22089E+11,  1.60899E-01,  6.16070E-04,  0.00000E+00,     0
  1203,  1.20300E-01,  1.92464E+15,  1.92501E+15,  1.92583E+15,  1.27383E-12,  0.00000E+00,  3.63149E+11,  8.21211E+11,  2.96939E-02,  6.14988E-04,  0.00000E+00,     0
  1204,  1.20400E-01,  1.92583E+15,  1.92619E+15,  1.92699E+15,  1.27383E-12,  0.00000E+00,  3.62809E+11,  8.00554E+11,  2.18104E-01,  6.03721E-04,  0.00000E+00,     0
  1205,  1.20500E-01,  1.92699E+15,  1.92735E+15,  1.92817E+15,  1.27383E-12,  0.00000E+00,  3.62753E+11,  8.18164E+11,  1.72820E-01,  6.12454E-04,  0.00000E+00,     0
  1206,  1.20600E-01,  1.92817E+15,  1.92853E+15,  1.92934E+15,  1.27383E-12,  0.00000E+00,  3.62265E+11,  8.10727E+11,  7.24973E-02,  6.07974E-04,  0.00000E+00,     0
  1207,  1.20700E-01,  1.92934E+15,  1.92971E+15,  1.93052E+15,  1.27383E-12,  0.00000E+00,  3.62035E+11,  8.11045E+11,  1.36337E-02,  6.07651E-04,  0.00000E+00,     0
  1208,  1.20800E-01,  1.93052E+15,  1.93088E+15,  1.93170E+15,  1.27383E-12,  0.00000E+00,  3.61726E+11,  8.17984E+11,  6.25998E-02,  6.10712E-04,  0.00000E+00,     0
  1209,  1.20900E-01,  1.93170E+15,  1.93206E+15,  1.93288E+15,  1.27383E-12,  0.00000E+00,  3.61360E+11,  8.17691E+11,  1.25982E-02,  6.09998E-04,  0.00000E+00,     0
  1210,  1.21000E-01,  1.93288E+15,  1.93324E+15,  1.93405E+15,  1.27383E-12,  0.00000E+00,  3.61039E+11,  8.12231E+11,  6.24972E-02,  6.06639E-04,  0.00000E+00,     0
  1211,  1.21100E-01,  1.93405E+15,  1.93441E+15,  1.93523E+15,  1.27383E-12,  0.00000E+00,  3.60797E+11,  8.19005E+11,  7.18934E-02,  6.09645E-04,  0.00000E+00,     0
  1212,  1.21200E-01,  1.93523E+15,  1.93559E+15,  1.93641E+15,  1.27383E-12,  0.00000E+00,  3.60422E+11,  8.17992E+11,  1.74754E-02,  6.08557E-04,  0.00000E+00,     0
  1213,  1.21300E-01,  1.93641E+15,  1.93677E+15,  1.93758E+15,  1.27383E-12,  0.00000E+00,  3.60126E+11,  8.11609E+11,  5.98373E-02,  6.04742E-04,  0.00000E+00,     0
  1214,  1.21400E-01,  1.93758E+15,  1.93794E+15,  1.93876E+15,  1.27383E-12,  0.00000E+00,  3.59884E+11,  8.17968E+11,  6.85835E-02,  6.07530E-04,  0.00000E+00,     0
  1215,  1.21500E-01,  1.93876E+15,  1.93912E+15,  1.93993E+15,  1.27383E-12,  0.00000E+00,  3.59515E+11,  8.17982E+11,  1.51217E-03,  6.06978E-04,  0.00000E+00,     0
  1216,  1.21600E-01,  1.93993E+15,  1.94029E+15,  1.94110E+15,  1.27383E-12,  0.00000E+00,  3.59208E+11,  8.10869E+11,  8.99907E-02,  6.02789E-04,  0.00000E+00,     0
  1217,  1.21700E-01,  1.94110E+15,  1.94146E+15,  1.94229E+15,  1.27383E-12,  0.00000E+00,  3.58995E+11,  8.22309E+11,  9.59731E-02,  6.08203E-04,  0.00000E+00,     0
  1218,  1.21800E-01,  1.94229E+15,  1.94264E+15,  1.94346E+15,  1.27383E-12,  0.00000E+00,  3.58594E+11,  8.20657E+11,  7.41109E-03,  6.06778E-04,  0.00000E+00,     0
  1219,  1.21900E-01,  1.94346E+15,  1.94382E+15,  1.94462E+15,  1.27383E-12,  0.00000E+00,  3.58278E+11,  7.95842E+11,  2.35529E-01,  5.93494E-04,  0.00000E+00,     0
  1220,  1.22000E-01,  1.94462E+15,  1.94498E+15,  1.94578E+15,  1.27383E-12,  0.00000E+00,  3.58262E+11,  8.07620E+11,  1.29765E-01,  5.99183E-04,  0.00000E+00,     0
  1221,  1.22100E-01,  1.94578E+15,  1.94614E+15,  1.94695E+15,  1.27383E-12,  0.00000E+00,  3.57836E+11,  8.09678E+11,  1.58325E-02,  5.99662E-04,  0.00000E+00,     0
  1222,  1.22200E-01,  1.94695E+15,  1.94731E+15,  1.94811E+15,  1.27383E-12,  0.00000E+00,  3.57527E+11,  8.03545E+11,  6.28304E-02,  5.95998E-04,  0.00000E+00,     0
  1223,  1.22300E-01,  1.94811E+15,  1.94847E+15,  1.94929E+15,  1.27383E-12,  0.00000E+00,  3.57307E+11,  8.18106E+11,  1.54195E-01,  6.02996E-04,  0.00000E+00,     0
  1224,  1.22400E-01,  1.94929E+15,  1.94965E+15,  1.95046E+15,  1.27383E-12,  0.00000E+00,  3.56847E+11,  8.17598E+11,  6.88038E-03,  6.02136E-04,  0.00000E+00,     0
  1225,  1.22500E-01,  1.95046E+15,  1.95082E+15,  1.95164E+15,  1.27383E-12,  0.00000E+00,  3.56460E+11,  8.17212E+11,  7.50596E-04,  6.01378E-04,  0.00000E+00,     1
  1226,  1.22600E-01,  1.95164E+15,  1.95199E+15,  1.95281E+15,  1.27383E-12,  0.00000E+00,  3.56236E+11,  8.18205E+11,  2.57217E-03,  6.01411E-04,  0.00000E+00,     0
  1227,  1.22700E-01,  1.95281E+15,  1.95317E+15,  1.95397E+15,  1.27383E-12,  0.00000E+00,  3.55927E+11,  8.07539E+11,  1.09001E-01,  5.95436E-04,  0.00000E+00,     0
  1228,  1.22800E-01,  1.95397E+15,  1.95433E+15,  1.95514E+15,  1.27383E-12,  0.00000E+00,  3.55741E+11,  8.08081E+11,  8.96295E-03,  5.95263E-04,  0.00000E+00,     0
  1229,  1.22900E-01,  1.95514E+15,  1.95549E+15,  1.95630E+15,  1.27383E-12,  0.00000E+00,  3.55443E+11,  8.08097E+11,  7.29512E-04,  5.94765E-04,  0.00000E+00,     1
  1230,  1.23000E-01,  1.95630E+15,  1.95666E+15,  1.95748E+15,  1.27383E-12,  0.00000E+00,  3.55152E+11,  8.20366E+11,  1.15328E-01,  6.00527E-04,  0.00000E+00,     0
  1231,  1.23100E-01,  1.95748E+15,  1.95783E+15,  1.95864E+15,  1.27383E-12,  0.00000E+00,  3.54640E+11,  8.07187E+11,  1.21875E-01,  5.93180E-04,  0.00000E+00,     0
  1232,  1.23200E-01,  1.95864E+15,  1.95899E+15,  1.95980E+15,  1.27383E-12,  0.00000E+00,  3.54557E+11,  8.05584E+11,  2.71077E-02,  5.91969E-04,  0.00000E+00,     0
  1233,  1.23300E-01,  1.95980E+15,  1.96015E+15,  1.96096E+15,  1.27383E-12,  0.00000E+00,  3.54296E+11,  8.02900E+11,  3.66293E-02,  5.90118E-04,  0.00000E+00,     0
  1234,  1.23400E-01,  1.96096E+15,  1.96131E+15,  1.96211E+15,  1.27383E-12,  0.00000E+00,  3.54050E+11,  7.99916E+11,  1.76017E-02,  5.88125E-04,  0.00000E+00,     0
  1235,  1.23500E-01,  1.96211E+15,  1.96246E+15,  1.96328E+15,  1.27383E-12,  0.00000E+00,  3.53791E+11,  8.11390E+11,  1.02895E-01,  5.93488E-04,  0.00000E+00,     0
  1236,  1.23600E-01,  1.96328E+15,  1.96363E+15,  1.96445E+15,  1.27383E-12,  0.00000E+00,  3.53385E+11,  8.20705E+11,  1.10215E-01,  5.97669E-04,  0.00000E+00,     0
  1237,  1.23700E-01,  1.96445E+15,  1.96480E+15,  1.96561E+15,  1.27383E-12,  0.00000E+00,  3.52968E+11,  8.04133E+11,  1.66645E-01,  5.88673E-04,  0.00000E+00,     0
  1238,  1.23800E-01,  1.96561E+15,  1.96596E+15,  1.96676E+15,  1.27383E-12,  0.00000E+00,  3.52844E+11,  8.00907E+11,  3.74578E-02,  5.86625E-04,  0.00000E+00,     0
  1239,  1.23900E-01,  1.96676E+15,  1.96711E+15,  1.96792E+15,  1.27383E-12,  0.00000E+00,  3.52601E+11,  8.11216E+11,  1.04630E-01,  5.91393E-04,  0.00000E+00,     0
  1240,  1.24000E-01,  1.96792E+15,  1.96828E+15,  1.96908E+15,  1.27383E-12,  0.00000E+00,  3.52210E+11,  8.05715E+11,  5.72164E-02,  5.88053E-04,  0.00000E+00,     0
  1241,  1.24100E-01,  1.96908E+15,  1.96943E+15,  1.97025E+15,  1.27383E-12,  0.00000E+00,  3.51958E+11,  8.14624E+11,  8.72582E-02,  5.92099E-04,  0.00000E+00,     0
  1242,  1.24200E-01,  1.97025E+15,  1.97060E+15,  1.97142E+15,  1.27383E-12,  0.00000E+00,  3.51499E+11,  8.18477E+11,  4.75934E-02,  5.93469E-04,  0.00000E+00,     0
  1243,  1.24300E-01,  1.97142E+15,  1.97177E+15,  1.97259E+15,  1.27383E-12,  0.00000E+00,  3.51211E+11,  8.14675E+11,  4.83691E-02,  5.91044E-04,  0.00000E+00,     0
  1244,  1.24400E-01,  1.97259E+15,  1.97294E+15,  1.97376E+15,  1.27383E-12,  0.00000E+00,  3.50790E+11,  8.19487E+11,  3.92383E-02,  5.92919E-04,  0.00000E+00,     0
  1245,  1.24500E-01,  1.97376E+15,  1.97411E+15,  1.97491E+15,  1.27383E-12,  0.00000E+00,  3.50594E+11,  8.05718E+11,  1.17611E-01,  5.85500E-04,  0.00000E+00,     0
  1246,  1.24600E-01,  1.97491E+15,  1.97526E+15,  1.97605E+15,  1.27383E-12,  0.00000E+00,  3.50420E+11,  7.91619E+11,  1.35824E-01,  5.77939E-04,  0.00000E+00,     0
  1247,  1.24700E-01,  1.97605E+15,  1.97640E+15,  1.97722E+15,  1.27383E-12,  0.00000E+00,  3.50306E+11,  8.18138E+11,  2.30030E-01,  5.90952E-04,  0.00000E+00,     0
  1248,  1.24800E-01,  1.97722E+15,  1.97757E+15,  1.97838E+15,  1.27383E-12,  0.00000E+00,  3.49737E+11,  8.11781E+11,  6.30050E-02,  5.87104E-04,  0.00000E+00,     0
  1249,  1.24900E-01,  1.97838E+15,  1.97873E+15,  1.97956E+15,  1.27383E-12,  0.00000E+00,  3.49446E+11,  8.21868E+11,  1.11457E-01,  5.91705E-04,  0.00000E+00,     0
  1250,  1.25000E-01,  1.97956E+15,  1.97990E+15,  1.98070E+15,  1.27383E-12,  0.00000E+00,  3.49071E+11,  7.92254E+11,  2.63654E-01,  5.76224E-04,  0.00000E+00,     0
  1251,  1.25100E-01,  1.98070E+15,  1.98105E+15,  1.98185E+15,  1.27383E-12,  0.00000E+00,  3.49095E+11,  8.08061E+11,  1.59680E-01,  5.83876E-04,  0.00000E+00,     0
  1252,  1.25200E-01,  1.98185E+15,  1.98220E+15,  1.98302E+15,  1.27383E-12,  0.00000E+00,  3.48624E+11,  8.16854E+11,  7.41366E-02,  5.87729E-04,  0.00000E+00,     0
  1253,  1.25300E-01,  1.98302E+15,  1.98337E+15,  1.98416E+15,  1.27383E-12,  0.00000E+00,  3.48243E+11,  7.94377E+11,  2.08988E-01,  5.75871E-04,  0.00000E+00,     0
  1254,  1.25400E-01,  1.98416E+15,  1.98451E+15,  1.98531E+15,  1.27383E-12,  0.00000E+00,  3.48198E+11,  8.02749E+11,  8.09078E-02,  5.79731E-04,  0.00000E+00,     0
  1255,  1.25500E-01,  1.98531E+15,  1.98566E+15,  1.98647E+15,  1.27383E-12,  0.00000E+00,  3.47824E+11,  8.13664E+11,  1.25688E-01,  5.84698E-04,  0.00000E+00,     0
  1256,  1.25600E-01,  1.98647E+15,  1.98682E+15,  1.98764E+15,  1.27383E-12,  0.00000E+00,  3.47392E+11,  8.16238E+11,  1.08033E-02,  5.85433E-04,  0.00000E+00,     0
  1257,  1.25700E-01,  1.98764E+15,  1.98798E+15,  1.98880E+15,  1.27383E-12,  0.00000E+00,  3.47068E+11,  8.14157E+11,  2.45221E-02,  5.83883E-04,  0.00000E+00,     0
  1258,  1.25800E-01,  1.98880E+15,  1.98915E+15,  1.98995E+15,  1.27383E-12,  0.00000E+00,  3.46782E+11,  8.02903E+11,  1.12938E-01,  5.77746E-04,  0.00000E+00,     0
  1259,  1.25900E-01,  1.98995E+15,  1.99030E+15,  1.99111E+15,  1.27383E-12,  0.00000E+00,  3.46606E+11,  8.12798E+11,  8.59356E-02,  5.82291E-04,  0.00000E+00,     0
  1260,  1.26000E-01,  1.99111E+15,  1.99145E+15,  1.99227E+15,  1.27383E-12,  0.00000E+00,  3.46215E+11,  8.20587E+11,  9.41708E-02,  5.85663E-04,  0.00000E+00,     0
  1261,  1.26100E-01,  1.99227E+15,  1.99262E+15,  1.99342E+15,  1.27383E-12,  0.00000E+00,  3.45810E+11,  8.01600E+11,  1.85216E-01,  5.75598E-04,  0.00000E+00,     0
  1262,  1.26200E-01,  1.99342E+15,  1.99377E+15,  1.99459E+15,  1.27383E-12,  0.00000E+00,  3.45713E+11,  8.17314E+11,  1.54258E-01,  5.83092E-04,  0.00000E+00,     0
  1263,  1.26300E-01,  1.99459E+15,  1.99493E+15,  1.99573E+15,  1.27383E-12,  0.00000E+00,  3.45244E+11,  7.98897E+11,  1.74605E-01,  5.73294E-04,  0.00000E+00,     0
  1264,  1.26400E-01,  1.99573E+15,  1.99607E+15,  1.99688E+15,  1.27383E-12,  0.00000E+00,  3.45145E+11,  8.06229E+11,  7.22048E-02,  5.76586E-04,  0.00000E+00,     0
  1265,  1.26500E-01,  1.99688E+15,  1.99723E+15,  1.99803E+15,  1.27383E-12,  0.00000E+00,  3.44777E+11,  8.02738E+11,  3.79383E-02,  5.74324E-04,  0.00000E+00,     0
  1266,  1.26600E-01,  1.99803E+15,  1.99837E+15,  1.99919E+15,  1.27383E-12,  0.00000E+00,  3.44527E+11,  8.17980E+11,  1.41327E-01,  5.81489E-04,  0.00000E+00,     0
  1267,  1.26700E-01,  1.99919E+15,  1.99953E+15,  2.00034E+15,  1.27383E-12,  0.00000E+00,  3.44070E+11,  8.02656E+11,  1.42174E-01,  5.73266E-04,  0.00000E+00,     0
  1268,  1.26800E-01,  2.00034E+15,  2.00068E+15,  2.00149E+15,  1.27383E-12,  0.00000E+00,  3.43924E+11,  8.05151E+11,  3.93300E-02,  5.74111E-04,  0.00000E+00,     0
  1269,  1.26900E-01,  2.00149E+15,  2.00183E+15,  2.00265E+15,  1.27383E-12,  0.00000E+00,  3.43594E+11,  8.21504E+11,  1.62015E-01,  5.81777E-04,  0.00000E+00,     0
  1270,  1.27000E-01,  2.00265E+15,  2.00299E+15,  2.00380E+15,  1.27383E-12,  0.00000E+00,  3.43115E+11,  8.03610E+11,  1.87592E-01,  5.72276E-04,  0.00000E+00,     0
  1271,  1.27100E-01,  2.00380E+15,  2.00414E+15,  2.00496E+15,  1.27383E-12,  0.00000E+00,  3.43011E+11,  8.18547E+11,  1.64867E-01,  5.79342E-04,  0.00000E+00,     0
  1272,  1.27200E-01,  2.00496E+15,  2.00530E+15,  2.00611E+15,  1.27383E-12,  0.00000E+00,  3.42532E+11,  8.04635E+11,  1.44166E-01,  5.71838E-04,  0.00000E+00,     0
  1273,  1.27300E-01,  2.00611E+15,  2.00645E+15,  2.00726E+15,  1.27383E-12,  0.00000E+00,  3.42381E+11,  8.14316E+11,  9.38067E-02,  5.76256E-04,  0.00000E+00,     0
  1274,  1.27400E-01,  2.00726E+15,  2.00761E+15,  2.00842E+15,  1.27383E-12,  0.00000E+00,  3.41981E+11,  8.15393E+11,  4.59569E-03,  5.76261E-04,  0.00000E+00,     0
  1275,  1.27500E-01,  2.00842E+15,  2.00876E+15,  2.00957E+15,  1.27383E-12,  0.00000E+00,  3.41667E+11,  8.09718E+11,  5.53258E-02,  5.72950E-04,  0.00000E+00,     0
  1276,  1.27600E-01,  2.00957E+15,  2.00991E+15,  2.01072E+15,  1.27383E-12,  0.00000E+00,  3.41419E+11,  8.08099E+11,  7.54224E-03,  5.71694E-04,  0.00000E+00,     0
  1277,  1.27700E-01,  2.01072E+15,  2.01106E+15,  2.01188E+15,  1.27383E-12,  0.00000E+00,  3.41131E+11,  8.21475E+11,  1.16128E-01,  5.77869E-04,  0.00000E+00,     0
  1278,  1.27800E-01,  2.01188E+15,  2.01223E+15,  2.01304E+15,  1.27383E-12,  0.00000E+00,  3.40701E+11,  8.18673E+11,  4.26855E-02,  5.75931E-04,  0.00000E+00,     0
  1279,  1.27900E-01,  2.01304E+15,  2.01338E+15,  2.01418E+15,  1.27383E-12,  0.00000E+00,  3.40422E+11,  7.96023E+11,  1.96819E-01,  5.64222E-04,  0.00000E+00,     0
  1280,  1.28000E-01,  2.01418E+15,  2.01452E+15,  2.01534E+15,  1.27383E-12,  0.00000E+00,  3.40362E+11,  8.17763E+11,  1.99405E-01,  5.74656E-04,  0.00000E+00,     0
  1281,  1.28100E-01,  2.01534E+15,  2.01568E+15,  2.01650E+15,  1.27383E-12,  0.00000E+00,  3.39811E+11,  8.19170E+11,  3.72398E-02,  5.74750E-04,  0.00000E+00,     0
  1282,  1.28200E-01,  2.01650E+15,  2.01684E+15,  2.01765E+15,  1.27383E-12,  0.00000E+00,  3.39428E+11,  8.16427E+11,  4.98734E-02,  5.72871E-04,  0.00000E+00,     0
  1283,  1.28300E-01,  2.01765E+15,  2.01799E+15,  2.01879E+15,  1.27383E-12,  0.00000E+00,  3.39225E+11,  8.01915E+11,  1.44276E-01,  5.65258E-04,  0.00000E+00,     0
  1284,  1.28400E-01,  2.01879E+15,  2.01913E+15,  2.01994E+15,  1.27383E-12,  0.00000E+00,  3.39090E+11,  8.10043E+11,  4.74360E-02,  5.68893E-04,  0.00000E+00,     0
  1285,  1.28500E-01,  2.01994E+15,  2.02028E+15,  2.02110E+15,  1.27383E-12,  0.00000E+00,  3.38743E+11,  8.13993E+11,  6.13545E-02,  5.70352E-04,  0.00000E+00,     0
  1286,  1.28600E-01,  2.02110E+15,  2.02144E+15,  2.02225E+15,  1.27383E-12,  0.00000E+00,  3.38381E+11,  8.18823E+11,  5.25280E-02,  5.72234E-04,  0.00000E+00,     0
  1287,  1.28700E-01,  2.02225E+15,  2.02259E+15,  2.02340E+15,  1.27383E-12,  0.00000E+00,  3.38019E+11,  8.06822E+11,  9.60021E-02,  5.65801E-04,  0.00000E+00,     0
  1288,  1.28800E-01,  2.02340E+15,  2.02374E+15,  2.02456E+15,  1.27383E-12,  0.00000E+00,  3.37823E+11,  8.19006E+11,  1.30300E-01,  5.71399E-04,  0.00000E+00,     0
  1289,  1.28900E-01,  2.02456E+15,  2.02489E+15,  2.02571E+15,  1.27383E-12,  0.00000E+00,  3.37304E+11,  8.21270E+11,  1.65071E-02,  5.71933E-04,  0.00000E+00,     0
  1290,  1.29000E-01,  2.02571E+15,  2.02605E+15,  2.02687E+15,  1.27383E-12,  0.00000E+00,  3.37058E+11,  8.17584E+11,  4.42810E-02,  5.69668E-04,  0.00000E+00,     0
  1291,  1.29100E-01,  2.02687E+15,  2.02721E+15,  2.02800E+15,  1.27383E-12,  0.00000E+00,  3.36804E+11,  7.99058E+11,  1.83457E-01,  5.60089E-04,  0.00000E+00,     0
  1292,  1.29200E-01,  2.02800E+15,  2.02834E+15,  2.02915E+15,  1.27383E-12,  0.00000E+00,  3.36705E+11,  8.10261E+11,  1.23880E-01,  5.65244E-04,  0.00000E+00,     0
  1293,  1.29300E-01,  2.02915E+15,  2.02949E+15,  2.03030E+15,  1.27383E-12,  0.00000E+00,  3.36282E+11,  8.11619E+11,  1.16121E-02,  5.65385E-04,  0.00000E+00,     0
  1294,  1.29400E-01,  2.03030E+15,  2.03064E+15,  2.03145E+15,  1.27383E-12,  0.00000E+00,  3.35974E+11,  8.11964E+11,  1.81263E-02,  5.65084E-04,  0.00000E+00,     0
  1295,  1.29500E-01,  2.03145E+15,  2.03178E+15,  2.03260E+15,  1.27383E-12,  0.00000E+00,  3.35692E+11,  8.18608E+11,  9.14698E-02,  5.67893E-04,  0.00000E+00,     0
  1296,  1.29600E-01,  2.03260E+15,  2.03294E+15,  2.03376E+15,  1.27383E-12,  0.00000E+00,  3.35305E+11,  8.20284E+11,  5.14326E-03,  5.68204E-04,  0.00000E+00,     0
  1297,  1.29700E-01,  2.03376E+15,  2.03409E+15,  2.03489E+15,  1.27383E-12,  0.00000E+00,  3.34986E+11,  8.02230E+11,  1.62585E-01,  5.58857E-04,  0.00000E+00,     0
  1298,  1.29800E-01,  2.03489E+15,  2.03523E+15,  2.03604E+15,  1.27383E-12,  0.00000E+00,  3.34870E+11,  8.10928E+11,  8.96335E-02,  5.62758E-04,  0.00000E+00,     0
  1299,  1.29900E-01,  2.03604E+15,  2.03637E+15,  2.03720E+15,  1.27383E-12,  0.00000E+00,  3.34486E+11,  8.20227E+11,  7.96419E-02,  5.66815E-04,  0.00000E+00,     0
  1300,  1.30000E-01,  2.03720E+15,  2.03753E+15,  2.03834E+15,  1.27383E-12,  0.00000E+00,  3.34101E+11,  8.09948E+11,  8.95180E-02,  5.61265E-04,  0.00000E+00,     0
  1301,  1.30100E-01,  2.03834E+15,  2.03867E+15,  2.03948E+15,  1.27383E-12,  0.00000E+00,  3.33891E+11,  8.09187E+11,  1.09254E-02,  5.60475E-04,  0.00000E+00,     0
  1302,  1.30200E-01,  2.03948E+15,  2.03982E+15,  2.04063E+15,  1.27383E-12,  0.00000E+00,  3.33610E+11,  8.19177E+11,  8.10714E-02,  5.64916E-04,  0.00000E+00,     0
  1303,  1.30300E-01,  2.04063E+15,  2.04097E+15,  2.04179E+15,  1.27383E-12,  0.00000E+00,  3.33225E+11,  8.19895E+11,  1.06358E-02,  5.64760E-04,  0.00000E+00,     0
  1304,  1.30400E-01,  2.04179E+15,  2.04212E+15,  2.04293E+15,  1.27383E-12,  0.00000E+00,  3.32912E+11,  8.04131E+11,  1.49708E-01,  5.56576E-04,  0.00000E+00,     0
  1305,  1.30500E-01,  2.04293E+15,  2.04326E+15,  2.04407E+15,  1.27383E-12,  0.00000E+00,  3.32774E+11,  8.15373E+11,  1.15976E-01,  5.61695E-04,  0.00000E+00,     0
  1306,  1.30600E-01,  2.04407E+15,  2.04441E+15,  2.04521E+15,  1.27383E-12,  0.00000E+00,  3.32358E+11,  8.03259E+11,  1.22095E-01,  5.55257E-04,  0.00000E+00,     0
  1307,  1.30700E-01,  2.04521E+15,  2.04554E+15,  2.04636E+15,  1.27383E-12,  0.00000E+00,  3.32200E+11,  8.20431E+11,  1.71450E-01,  5.63259E-04,  0.00000E+00,     0
  1308,  1.30800E-01,  2.04636E+15,  2.04669E+15,  2.04751E+15,  1.27383E-12,  0.00000E+00,  3.31724E+11,  8.20328E+11,  2.12988E-02,  5.62659E-04,  0.00000E+00,     0
  1309,  1.30900E-01,  2.04751E+15,  2.04784E+15,  2.04864E+15,  1.27383E-12,  0.00000E+00,  3.31421E+11,  7.99426E+11,  1.91158E-01,  5.51998E-04,  0.00000E+00,     0
  1310,  1.31000E-01,  2.04864E+15,  2.04898E+15,  2.04978E+15,  1.27383E-12,  0.00000E+00,  3.31354E+11,  8.07637E+11,  9.21038E-02,  5.55664E-04,  0.00000E+00,     0
  1311,  1.31100E-01,  2.04978E+15,  2.05011E+15,  2.05093E+15,  1.27383E-12,  0.00000E+00,  3.30972E+11,  8.19731E+11,  1.23354E-01,  5.61062E-04,  0.00000E+00,     0
  1312,  1.31200E-01,  2.05093E+15,  2.05126E+15,  2.05207E+15,  1.27383E-12,  0.00000E+00,  3.30544E+11,  8.09008E+11,  1.07070E-01,  5.55318E-04,  0.00000E+00,     0
  1313,  1.31300E-01,  2.05207E+15,  2.05240E+15,  2.05322E+15,  1.27383E-12,  0.00000E+00,  3.30355E+11,  8.18399E+11,  9.95261E-02,  5.59489E-04,  0.00000E+00,     0
  1314,  1.31400E-01,  2.05322E+15,  2.05355E+15,  2.05437E+15,  1.27383E-12,  0.00000E+00,  3.29956E+11,  8.17780E+11,  1.80133E-02,  5.58680E-04,  0.00000E+00,     0
  1315,  1.31500E-01,  2.05437E+15,  2.05470E+15,  2.05552E+15,  1.27383E-12,  0.00000E+00,  3.29665E+11,  8.20322E+11,  3.83910E-02,  5.59463E-04,  0.00000E+00,     0
  1316,  1.31600E-01,  2.05552E+15,  2.05585E+15,  2.05667E+15,  1.27383E-12,  0.00000E+00,  3.29324E+11,  8.20415E+11,  8.81975E-04,  5.59029E-04,  0.00000E+00,     1
  1317,  1.31700E-01,  2.05667E+15,  2.05700E+15,  2.05782E+15,  1.27383E-12,  0.00000E+00,  3.29016E+11,  8.20741E+11,  9.94477E-03,  5.58726E-04,  0.00000E+00,     0
  1318,  1.31800E-01,  2.05782E+15,  2.05815E+15,  2.05897E+15,  1.27383E-12,  0.00000E+00,  3.28716E+11,  8.23800E+11,  2.48054E-02,  5.59753E-04,  0.00000E+00,     0
  1319,  1.31900E-01,  2.05897E+15,  2.05930E+15,  2.06010E+15,  1.27383E-12,  0.00000E+00,  3.28388E+11,  8.01805E+11,  2.09102E-01,  5.48610E-04,  0.00000E+00,     0
  1320,  1.32000E-01,  2.06010E+15,  2.06043E+15,  2.06123E+15,  1.27383E-12,  0.00000E+00,  3.28325E+11,  7.99248E+11,  2.41175E-02,  5.47039E-04,  0.00000E+00,     0
  1321,  1.32100E-01,  2.06123E+15,  2.06156E+15,  2.06237E+15,  1.27383E-12,  0.00000E+00,  3.28084E+11,  8.08197E+11,  9.36268E-02,  5.50960E-04,  0.00000E+00,     0
  1322,  1.32200E-01,  2.06237E+15,  2.06269E+15,  2.06351E+15,  1.27383E-12,  0.00000E+00,  3.27701E+11,  8.16881E+11,  1.06861E-01,  5.54677E-04,  0.00000E+00,     0
  1323,  1.32300E-01,  2.06351E+15,  2.06384E+15,  2.06465E+15,  1.27383E-12,  0.00000E+00,  3.27299E+11,  8.09646E+11,  7.78215E-02,  5.50673E-04,  0.00000E+00,     0
  1324,  1.32400E-01,  2.06465E+15,  2.06497E+15,  2.06579E+15,  1.27383E-12,  0.00000E+00,  3.27082E+11,  8.10361E+11,  1.15812E-02,  5.50611E-04,  0.00000E+00,     0
  1325,  1.32500E-01,  2.06579E+15,  2.06611E+15,  2.06693E+15,  1.27383E-12,  0.00000E+00,  3.26802E+11,  8.19664E+11,  1.02410E-01,  5.54670E-04,  0.00000E+00,     0
  1326,  1.32600E-01,  2.06693E+15,  2.06726E+15,  2.06808E+15,  1.27383E-12,  0.00000E+00,  3.26400E+11,  8.20831E+11,  1.93958E-02,  5.54733E-04,  0.00000E+00,     0
  1327,  1.32700E-01,  2.06808E+15,  2.06840E+15,  2.06921E+15,  1.27383E-12,  0.00000E+00,  3.26106E+11,  8.00110E+11,  1.79376E-01,  5.44274E-04,  0.00000E+00,     0
  1328,  1.32800E-01,  2.06921E+15,  2.06953E+15,  2.07035E+15,  1.27383E-12,  0.00000E+00,  3.26025E+11,  8.21665E+11,  2.20079E-01,  5.54345E-04,  0.00000E+00,     0
  1329,  1.32900E-01,  2.07035E+15,  2.07068E+15,  2.07150E+15,  1.27383E-12,  0.00000E+00,  3.25488E+11,  8.18506E+11,  5.63556E-02,  5.52255E-04,  0.00000E+00,     0
  1330,  1.33000E-01,  2.07150E+15,  2.07182E+15,  2.07263E+15,  1.27383E-12,  0.00000E+00,  3.25231E+11,  8.05917E+11,  1.03220E-01,  5.45756E-04,  0.00000E+00,     0
  1331,  1.33100E-01,  2.07263E+15,  2.07295E+15,  2.07377E+15,  1.27383E-12,  0.00000E+00,  3.25052E+11,  8.20217E+11,  1.29834E-01,  5.52263E-04,  0.00000E+00,     0
  1332,  1.33200E-01,  2.07377E+15,  2.07410E+15,  2.07492E+15,  1.27383E-12,  0.00000E+00,  3.24621E+11,  8.22003E+11,  8.05717E-03,  5.52611E-04,  0.00000E+00,     0
  1333,  1.33300E-01,  2.07492E+15,  2.07524E+15,  2.07606E+15,  1.27383E-12,  0.00000E+00,  3.24316E+11,  8.20829E+11,  2.31282E-03,  5.51594E-04,  0.00000E+00,     0
  1334,  1.33400E-01,  2.07606E+15,  2.07639E+15,  2.07720E+15,  1.27383E-12,  0.00000E+00,  3.24008E+11,  8.06190E+11,  1.44974E-01,  5.44098E-04,  0.00000E+00,     0
  1335,  1.33500E-01,  2.07720E+15,  2.07752E+15,  2.07834E+15,  1.27383E-12,  0.00000E+00,  3.23866E+11,  8.18148E+11,  1.31474E-01,  5.49484E-04,  0.00000E+00,     0
  1336,  1.33600E-01,  2.07834E+15,  2.07866E+15,  2.07948E+15,  1.27383E-12,  0.00000E+00,  3.23444E+11,  8.18996E+11,  9.26598E-03,  5.49388E-04,  0.00000E+00,     0
  1337,  1.33700E-01,  2.07948E+15,  2.07980E+15,  2.08060E+15,  1.27383E-12,  0.00000E+00,  3.23144E+11,  7.95260E+11,  2.22205E-01,  5.37540E-04,  0.00000E+00,     0
  1338,  1.33800E-01,  2.08060E+15,  2.08092E+15,  2.08174E+15,  1.27383E-12,  0.00000E+00,  3.23129E+11,  8.22171E+11,  2.67176E-01,  5.50164E-04,  0.00000E+00,     0
  1339,  1.33900E-01,  2.08174E+15,  2.08207E+15,  2.08288E+15,  1.27383E-12,  0.00000E+00,  3.22530E+11,  8.15230E+11,  1.13016E-01,  5.46244E-04,  0.00000E+00,     0
  1340,  1.34000E-01,  2.08288E+15,  2.08320E+15,  2.08402E+15,  1.27383E-12,  0.00000E+00,  3.22335E+11,  8.19927E+11,  8.32062E-02,  5.48104E-04,  0.00000E+00,     0
  1341,  1.34100E-01,  2.08402E+15,  2.08435E+15,  2.08515E+15,  1.27383E-12,  0.00000E+00,  3.21958E+11,  8.06174E+11,  1.46509E-01,  5.41031E-04,  0.00000E+00,     0
  1342,  1.34200E-01,  2.08515E+15,  2.08547E+15,  2.08629E+15,  1.27383E-12,  0.00000E+00,  3.21822E+11,  8.21504E+11,  1.59802E-01,  5.48018E-04,  0.00000E+00,     0
  1343,  1.34300E-01,  2.08629E+15,  2.08662E+15,  2.08742E+15,  1.27383E-12,  0.00000E+00,  3.21361E+11,  8.07291E+11,  1.54412E-01,  5.40691E-04,  0.00000E+00,     0
  1344,  1.34400E-01,  2.08742E+15,  2.08774E+15,  2.08854E+15,  1.27383E-12,  0.00000E+00,  3.21230E+11,  7.92424E+11,  1.36842E-01,  5.33222E-04,  0.00000E+00,     0
  1345,  1.34500E-01,  2.08854E+15,  2.08886E+15,  2.08968E+15,  1.27383E-12,  0.00000E+00,  3.21130E+11,  8.18138E+11,  2.20813E-01,  5.45189E-04,  0.00000E+00,     0
  1346,  1.34600E-01,  2.08968E+15,  2.09000E+15,  2.09080E+15,  1.27383E-12,  0.00000E+00,  3.20580E+11,  7.99025E+11,  1.72557E-01,  5.35492E-04,  0.00000E+00,     0
  1347,  1.34700E-01,  2.09080E+15,  2.09112E+15,  2.09194E+15,  1.27383E-12,  0.00000E+00,  3.20496E+11,  8.19822E+11,  2.12068E-01,  5.45102E-04,  0.00000E+00,     0
  1348,  1.34800E-01,  2.09194E+15,  2.09226E+15,  2.09305E+15,  1.27383E-12,  0.00000E+00,  3.19974E+11,  7.97733E+11,  2.18431E-01,  5.34008E-04,  0.00000E+00,     0
  1349,  1.34900E-01,  2.09305E+15,  2.09337E+15,  2.09418E+15,  1.27383E-12,  0.00000E+00,  3.19934E+11,  8.06341E+11,  9.27361E-02,  5.37812E-04,  0.00000E+00,     0
  1350,  1.35000E-01,  2.09418E+15,  2.09450E+15,  2.09532E+15,  1.27383E-12,  0.00000E+00,  3.19553E+11,  8.16920E+11,  1.03194E-01,  5.42387E-04,  0.00000E+00,     0
  1351,  1.35100E-01,  2.09532E+15,  2.09564E+15,  2.09644E+15,  1.27383E-12,  0.00000E+00,  3.19152E+11,  8.00006E+11,  1.71141E-01,  5.33838E-04,  0.00000E+00,     0
  1352,  1.35200E-01,  2.09644E+15,  2.09675E+15,  2.09757E+15,  1.27383E-12,  0.00000E+00,  3.19058E+11,  8.16963E+11,  1.72048E-01,  5.41589E-04,  0.00000E+00,     0
  1353,  1.35300E-01,  2.09757E+15,  2.09789E+15,  2.09871E+15,  1.27383E-12,  0.00000E+00,  3.18577E+11,  8.19117E+11,  3.60814E-02,  5.42092E-04,  0.00000E+00,     0
  1354,  1.35400E-01,  2.09871E+15,  2.09903E+15,  2.09985E+15,  1.27383E-12,  0.00000E+00,  3.18240E+11,  8.18379E+11,  1.77894E-02,  5.41287E-04,  0.00000E+00,     0
  1355,  1.35500E-01,  2.09985E+15,  2.10016E+15,  2.10098E+15,  1.27383E-12,  0.00000E+00,  3.17949E+11,  8.19562E+11,  1.33143E-02,  5.41419E-04,  0.00000E+00,     0
  1356,  1.35600E-01,  2.10098E+15,  2.10130E+15,  2.10212E+15,  1.27383E-12,  0.00000E+00,  3.17654E+11,  8.17579E+11,  9.88461E-03,  5.40042E-04,  0.00000E+00,     0
  1357,  1.35700E-01,  2.10212E+15,  2.10244E+15,  2.10326E+15,  1.27383E-12,  0.00000E+00,  3.17346E+11,  8.24352E+11,  6.09557E-02,  5.42823E-04,  0.00000E+00,     0
  1358,  1.35800E-01,  2.10326E+15,  2.10358E+15,  2.10439E+15,  1.27383E-12,  0.00000E+00,  3.16981E+11,  8.08596E+11,  1.56424E-01,  5.34872E-04,  0.00000E+00,     0
  1359,  1.35900E-01,  2.10439E+15,  2.10470E+15,  2.10551E+15,  1.27383E-12,  0.00000E+00,  3.16846E+11,  8.04125E+11,  4.15006E-02,  5.32400E-04,  0.00000E+00,     0
  1360,  1.36000E-01,  2.10551E+15,  2.10582E+15,  2.10664E+15,  1.27383E-12,  0.00000E+00,  3.16612E+11,  8.16814E+11,  1.17628E-01,  5.38025E-04,  0.00000E+00,     0
  1361,  1.36100E-01,  2.10664E+15,  2.10696E+15,  2.10777E+15,  1.27383E-12,  0.00000E+00,  3.16197E+11,  8.17971E+11,  2.39537E-02,  5.38088E-04,  0.00000E+00,     0
  1362,  1.36200E-01,  2.10777E+15,  2.10809E+15,  2.10891E+15,  1.27383E-12,  0.00000E+00,  3.15876E+11,  8.17495E+11,  1.42267E-02,  5.37420E-04,  0.00000E+00,     0
  1363,  1.36300E-01,  2.10891E+15,  2.10922E+15,  2.10998E+15,  1.27383E-12,  0.00000E+00,  3.15595E+11,  7.61108E+11,  4.20014E-01,  5.10290E-04,  0.00000E+00,     0
  1364,  1.36400E-01,  2.10998E+15,  2.11030E+15,  2.11112E+15,  1.27383E-12,  0.00000E+00,  3.16001E+11,  8.20755E+11,  4.45648E-01,  5.38461E-04,  0.00000E+00,     0
  1365,  1.36500E-01,  2.11112E+15,  2.11144E+15,  2.11224E+15,  1.27383E-12,  0.00000E+00,  3.15045E+11,  8.05838E+11,  1.60709E-01,  5.30660E-04,  0.00000E+00,     0
  1366,  1.36600E-01,  2.11224E+15,  2.11256E+15,  2.11337E+15,  1.27383E-12,  0.00000E+00,  3.14920E+11,  8.07648E+11,  3.66541E-02,  5.31176E-04,  0.00000E+00,     0
  1367,  1.36700E-01,  2.11337E+15,  2.11368E+15,  2.11450E+15,  1.27383E-12,  0.00000E+00,  3.14599E+11,  8.20659E+11,  1.25089E-01,  5.36892E-04,  0.00000E+00,     0
  1368,  1.36800E-01,  2.11450E+15,  2.11481E+15,  2.11564E+15,  1.27383E-12,  0.00000E+00,  3.14170E+11,  8.20543E+11,  3.21761E-03,  5.36346E-04,  0.00000E+00,     0
  1369,  1.36900E-01,  2.11564E+15,  2.11595E+15,  2.11677E+15,  1.27383E-12,  0.00000E+00,  3.13863E+11,  8.22557E+11,  2.81698E-02,  5.36864E-04,  0.00000E+00,     0
  1370,  1.37000E-01,  2.11677E+15,  2.11708E+15,  2.11788E+15,  1.27383E-12,  0.00000E+00,  3.13529E+11,  7.98097E+11,  2.37062E-01,  5.24876E-04,  0.00000E+00,     0
  1371,  1.37100E-01,  2.11788E+15,  2.11820E+15,  2.11902E+15,  1.27383E-12,  0.00000E+00,  3.13513E+11,  8.20883E+11,  2.16572E-01,  5.35341E-04,  0.00000E+00,     0
  1372,  1.37200E-01,  2.11902E+15,  2.11933E+15,  2.12013E+15,  1.27383E-12,  0.00000E+00,  3.13012E+11,  8.01445E+11,  1.92694E-01,  5.25655E-04,  0.00000E+00,     0
  1373,  1.37300E-01,  2.12013E+15,  2.12044E+15,  2.12124E+15,  1.27383E-12,  0.00000E+00,  3.12901E+11,  7.92805E+11,  7.62330E-02,  5.21255E-04,  0.00000E+00,     0
  1374,  1.37400E-01,  2.12124E+15,  2.12155E+15,  2.12235E+15,  1.27383E-12,  0.00000E+00,  3.12729E+11,  8.02026E+11,  8.35103E-02,  5.25245E-04,  0.00000E+00,     0
  1375,  1.37500E-01,  2.12235E+15,  2.12266E+15,  2.12347E+15,  1.27383E-12,  0.00000E+00,  3.12360E+11,  8.00581E+11,  7.36682E-03,  5.24115E-04,  0.00000E+00,     0
  1376,  1.37600E-01,  2.12347E+15,  2.12378E+15,  2.12460E+15,  1.27383E-12,  0.00000E+00,  3.12093E+11,  8.22347E+11,  2.16499E-01,  5.33955E-04,  0.00000E+00,     0
  1377,  1.37700E-01,  2.12460E+15,  2.12491E+15,  2.12574E+15,  1.27383E-12,  0.00000E+00,  3.11556E+11,  8.24255E+11,  2.06062E-02,  5.34315E-04,  0.00000E+00,     0
  1378,  1.37800E-01,  2.12574E+15,  2.12605E+15,  2.12686E+15,  1.27383E-12,  0.00000E+00,  3.11222E+11,  8.13129E+11,  1.20858E-01,  5.28644E-04,  0.00000E+00,     0
  1379,  1.37900E-01,  2.12686E+15,  2.12717E+15,  2.12799E+15,  1.27383E-12,  0.00000E+00,  3.11034E+11,  8.22703E+11,  1.07554E-01,  5.32773E-04,  0.00000E+00,     0
  1380,  1.38000E-01,  2.12799E+15,  2.12830E+15,  2.12912E+15,  1.27383E-12,  0.00000E+00,  3.10626E+11,  8.18965E+11,  5.71073E-02,  5.30543E-04,  0.00000E+00,     0
  1381,  1.38100E-01,  2.12912E+15,  2.12943E+15,  2.13026E+15,  1.27383E-12,  0.00000E+00,  3.10376E+11,  8.22917E+11,  4.58995E-02,  5.31998E-04,  0.00000E+00,     0
  1382,  1.38200E-01,  2.13026E+15,  2.13057E+15,  2.13138E+15,  1.27383E-12,  0.00000E+00,  3.10026E+11,  8.16327E+11,  8.49270E-02,  5.28461E-04,  0.00000E+00,     0
  1383,  1.38300E-01,  2.13138E+15,  2.13169E+15,  2.13251E+15,  1.27383E-12,  0.00000E+00,  3.09796E+11,  8.18816E+11,  4.41031E-02,  5.29241E-04,  0.00000E+00,     0
  1384,  1.38400E-01,  2.13251E+15,  2.13282E+15,  2.13364E+15,  1.27383E-12,  0.00000E+00,  3.09457E+11,  8.18620E+11,  6.70609E-03,  5.28710E-04,  0.00000E+00,     0
  1385,  1.38500E-01,  2.13364E+15,  2.13395E+15,  2.13477E+15,  1.27383E-12,  0.00000E+00,  3.09168E+11,  8.19365E+11,  1.43589E-03,  5.28645E-04,  0.00000E+00,     0
  1386,  1.38600E-01,  2.13477E+15,  2.13508E+15,  2.13590E+15,  1.27383E-12,  0.00000E+00,  3.08866E+11,  8.19257E+11,  6.06433E-03,  5.28173E-04,  0.00000E+00,     0
  1387,  1.38700E-01,  2.13590E+15,  2.13620E+15,  2.13703E+15,  1.27383E-12,  0.00000E+00,  3.08562E+11,  8.22422E+11,  3.60972E-02,  5.29232E-04,  0.00000E+00,     0
  1388,  1.38800E-01,  2.13703E+15,  2.13734E+15,  2.13816E+15,  1.27383E-12,  0.00000E+00,  3.08220E+11,  8.22800E+11,  1.71916E-03,  5.28970E-04,  0.00000E+00,     0
  1389,  1.38900E-01,  2.13816E+15,  2.13847E+15,  2.13928E+15,  1.27383E-12,  0.00000E+00,  3.07923E+11,  8.16165E+11,  8.52956E-02,  5.25451E-04,  0.00000E+00,     0
  1390,  1.39000E-01,  2.13928E+15,  2.13959E+15,  2.14041E+15,  1.27383E-12,  0.00000E+00,  3.07706E+11,  8.17667E+11,  3.05010E-02,  5.25775E-04,  0.00000E+00,     0
  1391,  1.39100E-01,  2.14041E+15,  2.14072E+15,  2.14154E+15,  1.27383E-12,  0.00000E+00,  3.07380E+11,  8.20353E+11,  3.62168E-02,  5.26600E-04,  0.00000E+00,     0
  1392,  1.39200E-01,  2.14154E+15,  2.14184E+15,  2.14265E+15,  1.27383E-12,  0.00000E+00,  3.07052E+11,  8.02899E+11,  1.72351E-01,  5.18028E-04,  0.00000E+00,     0
  1393,  1.39300E-01,  2.14265E+15,  2.14295E+15,  2.14377E+15,  1.27383E-12,  0.00000E+00,  3.06960E+11,  8.22379E+11,  1.89189E-01,  5.26799E-04,  0.00000E+00,     0
  1394,  1.39400E-01,  2.14377E+15,  2.14408E+15,  2.14490E+15,  1.27383E-12,  0.00000E+00,  3.06467E+11,  8.23338E+11,  3.02217E-02,  5.26739E-04,  0.00000E+00,     0
  1395,  1.39500E-01,  2.14490E+15,  2.14521E+15,  2.14603E+15,  1.27383E-12,  0.00000E+00,  3.06192E+11,  8.20654E+11,  6.86029E-03,  5.25084E-04,  0.00000E+00,     0
  1396,  1.39600E-01,  2.14603E+15,  2.14634E+15,  2.14715E+15,  1.27383E-12,  0.00000E+00,  3.05886E+11,  8.08369E+11,  1.34617E-01,  5.18947E-04,  0.00000E+00,     0
  1397,  1.39700E-01,  2.14715E+15,  2.14745E+15,  2.14825E+15,  1.27383E-12,  0.00000E+00,  3.05741E+11,  8.02205E+11,  6.03577E-02,  5.15743E-04,  0.00000E+00,     0
  1398,  1.39800E-01,  2.14825E+15,  2.14856E+15,  2.14936E+15,  1.27383E-12,  0.00000E+00,  3.05540E+11,  8.00917E+11,  1.10089E-02,  5.14784E-04,  0.00000E+00,     0
  1399,  1.39900E-01,  2.14936E+15,  2.14967E+15,  2.15048E+15,  1.27383E-12,  0.00000E+00,  3.05289E+11,  8.16360E+11,  1.59347E-01,  5.21580E-04,  0.00000E+00,     0
  1400,  1.40000E-01,  2.15048E+15,  2.15079E+15,  2.15161E+15,  1.27383E-12,  0.00000E+00,  3.04831E+11,  8.20532E+11,  4.45067E-02,  5.23034E-04,  0.00000E+00,     0
  1401,  1.40100E-01,  2.15161E+15,  2.15191E+15,  2.15272E+15,  1.27383E-12,  0.00000E+00,  3.04493E+11,  8.11868E+11,  9.86144E-02,  5.18581E-04,  0.00000E+00,     0
  1402,  1.40200E-01,  2.15272E+15,  2.15303E+15,  2.15385E+15,  1.27383E-12,  0.00000E+00,  3.04301E+11,  8.23570E+11,  1.11793E-01,  5.23653E-04,  0.00000E+00,     0
  1403,  1.40300E-01,  2.15385E+15,  2.15416E+15,  2.15498E+15,  1.27383E-12,  0.00000E+00,  3.03899E+11,  8.23695E+11,  6.03464E-03,  5.23251E-04,  0.00000E+00,     0
  1404,  1.40400E-01,  2.15498E+15,  2.15528E+15,  2.15608E+15,  1.27383E-12,  0.00000E+00,  3.03581E+11,  8.01976E+11,  2.07818E-01,  5.12761E-04,  0.00000E+00,     0
  1405,  1.40500E-01,  2.15608E+15,  2.15639E+15,  2.15721E+15,  1.27383E-12,  0.00000E+00,  3.03535E+11,  8.24335E+11,  2.27223E-01,  5.22837E-04,  0.00000E+00,     0
  1406,  1.40600E-01,  2.15721E+15,  2.15752E+15,  2.15834E+15,  1.27383E-12,  0.00000E+00,  3.02997E+11,  8.23094E+11,  2.45056E-02,  5.21740E-04,  0.00000E+00,     0
  1407,  1.40700E-01,  2.15834E+15,  2.15864E+15,  2.15944E+15,  1.27383E-12,  0.00000E+00,  3.02719E+11,  7.99031E+11,  2.34876E-01,  5.10201E-04,  0.00000E+00,     0
  1408,  1.40800E-01,  2.15944E+15,  2.15974E+15,  2.16056E+15,  1.27383E-12,  0.00000E+00,  3.02708E+11,  8.17040E+11,  1.85687E-01,  5.18268E-04,  0.00000E+00,     0
  1409,  1.40900E-01,  2.16056E+15,  2.16086E+15,  2.16168E+15,  1.27383E-12,  0.00000E+00,  3.02220E+11,  8.21300E+11,  4.01860E-02,  5.19743E-04,  0.00000E+00,     0
  1410,  1.41000E-01,  2.16168E+15,  2.16199E+15,  2.16279E+15,  1.27383E-12,  0.00000E+00,  3.01886E+11,  8.00306E+11,  2.04933E-01,  5.09617E-04,  0.00000E+00,     0
  1411,  1.41100E-01,  2.16279E+15,  2.16309E+15,  2.16389E+15,  1.27383E-12,  0.00000E+00,  3.01841E+11,  7.98539E+11,  9.43910E-03,  5.08520E-04,  0.00000E+00,     0
  1412,  1.41200E-01,  2.16389E+15,  2.16419E+15,  2.16501E+15,  1.27383E-12,  0.00000E+00,  3.01587E+11,  8.20989E+11,  2.15066E-01,  5.18509E-04,  0.00000E+00,     0
  1413,  1.41300E-01,  2.16501E+15,  2.16531E+15,  2.16613E+15,  1.27383E-12,  0.00000E+00,  3.01067E+11,  8.19987E+11,  3.29352E-02,  5.17538E-04,  0.00000E+00,     0
  1414,  1.41400E-01,  2.16613E+15,  2.16643E+15,  2.16725E+15,  1.27383E-12,  0.00000E+00,  3.00794E+11,  8.16918E+11,  2.66344E-02,  5.15729E-04,  0.00000E+00,     0
  1415,  1.41500E-01,  2.16725E+15,  2.16755E+15,  2.16837E+15,  1.27383E-12,  0.00000E+00,  3.00521E+11,  8.20211E+11,  3.99464E-02,  5.16855E-04,  0.00000E+00,     0
  1416,  1.41600E-01,  2.16837E+15,  2.16867E+15,  2.16948E+15,  1.27383E-12,  0.00000E+00,  3.00194E+11,  8.08221E+11,  1.36630E-01,  5.10914E-04,  0.00000E+00,     0
  1417,  1.41700E-01,  2.16948E+15,  2.16978E+15,  2.17058E+15,  1.27383E-12,  0.00000E+00,  3.00053E+11,  8.03345E+11,  3.77007E-02,  5.08343E-04,  0.00000E+00,     0
  1418,  1.41800E-01,  2.17058E+15,  2.17088E+15,  2.17171E+15,  1.27383E-12,  0.00000E+00,  2.99818E+11,  8.25490E+11,  2.20042E-01,  5.18168E-04,  0.00000E+00,     0
  1419,  1.41900E-01,  2.17171E+15,  2.17200E+15,  2.17280E+15,  1.27383E-12,  0.00000E+00,  2.99288E+11,  7.99363E+11,  2.51318E-01,  5.05637E-04,  0.00000E+00,     0
  1420,  1.42000E-01,  2.17280E+15,  2.17310E+15,  2.17392E+15,  1.27383E-12,  0.00000E+00,  2.99294E+11,  8.17577E+11,  1.77913E-01,  5.13759E-04,  0.00000E+00,     0
  1421,  1.42100E-01,  2.17392E+15,  2.17422E+15,  2.17504E+15,  1.27383E-12,  0.00000E+00,  2.98811E+11,  8.21974E+11,  5.91068E-02,  5.15294E-04,  0.00000E+00,     0
  1422,  1.42200E-01,  2.17504E+15,  2.17534E+15,  2.17616E+15,  1.27383E-12,  0.00000E+00,  2.98459E+11,  8.21624E+11,  7.15542E-04,  5.14706E-04,  0.00000E+00,     1
  1423,  1.42300E-01,  2.17616E+15,  2.17646E+15,  2.17725E+15,  1.27383E-12,  0.00000E+00,  2.98159E+11,  7.94996E+11,  2.60049E-01,  5.02080E-04,  0.00000E+00,     0
  1424,  1.42400E-01,  2.17725E+15,  2.17755E+15,  2.17838E+15,  1.27383E-12,  0.00000E+00,  2.98195E+11,  8.23422E+11,  2.61479E-01,  5.14887E-04,  0.00000E+00,     0
  1425,  1.42500E-01,  2.17838E+15,  2.17867E+15,  2.17949E+15,  1.27383E-12,  0.00000E+00,  2.97592E+11,  8.16064E+11,  6.87826E-02,  5.10971E-04,  0.00000E+00,     0
  1426,  1.42600E-01,  2.17949E+15,  2.17979E+15,  2.18059E+15,  1.27383E-12,  0.00000E+00,  2.97379E+11,  8.01065E+11,  1.57635E-01,  5.03737E-04,  0.00000E+00,     0
  1427,  1.42700E-01,  2.18059E+15,  2.18089E+15,  2.18171E+15,  1.27383E-12,  0.00000E+00,  2.97274E+11,  8.22665E+11,  2.10931E-01,  5.13331E-04,  0.00000E+00,     0
  1428,  1.42800E-01,  2.18171E+15,  2.18201E+15,  2.18280E+15,  1.27383E-12,  0.00000E+00,  2.96752E+11,  7.97345E+11,  2.39803E-01,  5.01235E-04,  0.00000E+00,     0
  1429,  1.42900E-01,  2.18280E+15,  2.18310E+15,  2.18390E+15,  1.27383E-12,  0.00000E+00,  2.96755E+11,  8.02587E+11,  5.65254E-02,  5.03384E-04,  0.00000E+00,     0
  1430,  1.43000E-01,  2.18390E+15,  2.18420E+15,  2.18502E+15,  1.27383E-12,  0.00000E+00,  2.96426E+11,  8.19023E+11,  1.71686E-01,  5.10499E-04,  0.00000E+00,     0
  1431,  1.43100E-01,  2.18502E+15,  2.18531E+15,  2.18614E+15,  1.27383E-12,  0.00000E+00,  2.95954E+11,  8.24722E+11,  6.10975E-02,  5.12628E-04,  0.00000E+00,     0
  1432,  1.43200E-01,  2.18614E+15,  2.18643E+15,  2.18724E+15,  1.27383E-12,  0.00000E+00,  2.95593E+11,  8.09484E+11,  1.59593E-01,  5.05237E-04,  0.00000E+00,     0
  1433,  1.43300E-01,  2.18724E+15,  2.18754E+15,  2.18835E+15,  1.27383E-12,  0.00000E+00,  2.95472E+11,  8.14226E+11,  4.39126E-02,  5.07093E-04,  0.00000E+00,     0
  1434,  1.43400E-01,  2.18835E+15,  2.18865E+15,  2.18945E+15,  1.27383E-12,  0.00000E+00,  2.95142E+11,  8.03097E+11,  1.12478E-01,  5.01605E-04,  0.00000E+00,     0
  1435,  1.43500E-01,  2.18945E+15,  2.18975E+15,  2.19057E+15,  1.27383E-12,  0.00000E+00,  2.94982E+11,  8.22917E+11,  1.75353E-01,  5.10324E-04,  0.00000E+00,     0
  1436,  1.43600E-01,  2.19057E+15,  2.19086E+15,  2.19169E+15,  1.27383E-12,  0.00000E+00,  2.94497E+11,  8.21794E+11,  8.59908E-03,  5.09330E-04,  0.00000E+00,     0
  1437,  1.43700E-01,  2.19169E+15,  2.19198E+15,  2.19280E+15,  1.27383E-12,  0.00000E+00,  2.94191E+11,  8.22216E+11,  1.68038E-02,  5.09123E-04,  0.00000E+00,     0
  1438,  1.43800E-01,  2.19280E+15,  2.19310E+15,  2.19391E+15,  1.27383E-12,  0.00000E+00,  2.93882E+11,  8.12292E+11,  1.31574E-01,  5.04203E-04,  0.00000E+00,     0
  1439,  1.43900E-01,  2.19391E+15,  2.19420E+15,  2.19502E+15,  1.27383E-12,  0.00000E+00,  2.93723E+11,  8.19985E+11,  1.04136E-01,  5.07379E-04,  0.00000E+00,     0
  1440,  1.44000E-01,  2.19502E+15,  2.19531E+15,  2.19614E+15,  1.27383E-12,  0.00000E+00,  2.93328E+11,  8.21024E+11,  1.23155E-02,  5.07415E-04,  0.00000E+00,     0
  1441,  1.44100E-01,  2.19614E+15,  2.19643E+15,  2.19723E+15,  1.27383E-12,  0.00000E+00,  2.93021E+11,  8.04698E+11,  1.67096E-01,  4.99591E-04,  0.00000E+00,     0
  1442,  1.44200E-01,  2.19723E+15,  2.19753E+15,  2.19834E+15,  1.27383E-12,  0.00000E+00,  2.92915E+11,  8.18232E+11,  1.36924E-01,  5.05447E-04,  0.00000E+00,     0
  1443,  1.44300E-01,  2.19834E+15,  2.19864E+15,  2.19946E+15,  1.27383E-12,  0.00000E+00,  2.92485E+11,  8.18516E+11,  1.60142E-02,  5.05126E-04,  0.00000E+00,     0
  1444,  1.44400E-01,  2.19946E+15,  2.19975E+15,  2.20056E+15,  1.27383E-12,  0.00000E+00,  2.92211E+11,  8.07562E+11,  9.53743E-02,  4.99771E-04,  0.00000E+00,     0
  1445,  1.44500E-01,  2.20056E+15,  2.20085E+15,  2.20165E+15,  1.27383E-12,  0.00000E+00,  2.92034E+11,  7.97629E+11,  1.03465E-01,  4.94932E-04,  0.00000E+00,     0
  1446,  1.44600E-01,  2.20165E+15,  2.20194E+15,  2.20276E+15,  1.27383E-12,  0.00000E+00,  2.91884E+11,  8.18727E+11,  2.07403E-01,  5.04192E-04,  0.00000E+00,     0
  1447,  1.44700E-01,  2.20276E+15,  2.20305E+15,  2.20387E+15,  1.27383E-12,  0.00000E+00,  2.91365E+11,  8.20294E+11,  2.71568E-02,  5.04413E-04,  0.00000E+00,     0
  1448,  1.44800E-01,  2.20387E+15,  2.20416E+15,  2.20496E+15,  1.27383E-12,  0.00000E+00,  2.91045E+11,  7.97161E+11,  2.33964E-01,  4.93528E-04,  0.00000E+00,     0
  1449,  1.44900E-01,  2.20496E+15,  2.20525E+15,  2.20605E+15,  1.27383E-12,  0.00000E+00,  2.91045E+11,  8.05999E+11,  9.88482E-02,  4.97288E-04,  0.00000E+00,     0
  1450,  1.45000E-01,  2.20605E+15,  2.20634E+15,  2.20715E+15,  1.27383E-12,  0.00000E+00,  2.90665E+11,  8.06015E+11,  1.75793E-03,  4.96876E-04,  0.00000E+00,     0
  1451,  1.45100E-01,  2.20715E+15,  2.20744E+15,  2.20825E+15,  1.27383E-12,  0.00000E+00,  2.90391E+11,  8.06032E+11,  9.15793E-04,  4.96513E-04,  0.00000E+00,     1
  1452,  1.45200E-01,  2.20825E+15,  2.20854E+15,  2.20934E+15,  1.27383E-12,  0.00000E+00,  2.90117E+11,  8.06744E+11,  7.46565E-03,  4.96465E-04,  0.00000E+00,     0
  1453,  1.45300E-01,  2.20934E+15,  2.20963E+15,  2.21044E+15,  1.27383E-12,  0.00000E+00,  2.89840E+11,  8.06753E+11,  8.04540E-04,  4.96097E-04,  0.00000E+00,     1
  1454,  1.45400E-01,  2.21044E+15,  2.21073E+15,  2.21154E+15,  1.27383E-12,  0.00000E+00,  2.89563E+11,  8.06787E+11,  9.21976E-04,  4.95742E-04,  0.00000E+00,     2
  1455,  1.45500E-01,  2.21154E+15,  2.21182E+15,  2.21263E+15,  1.27383E-12,  0.00000E+00,  2.89285E+11,  8.07141E+11,  3.71161E-03,  4.95530E-04,  0.00000E+00,     0
  1456,  1.45600E-01,  2.21263E+15,  2.21292E+15,  2.21373E+15,  1.27383E-12,  0.00000E+00,  2.89003E+11,  8.07180E+11,  8.29384E-04,  4.95175E-04,  0.00000E+00,     1
  1457,  1.45700E-01,  2.21373E+15,  2.21402E+15,  2.21482E+15,  1.27383E-12,  0.00000E+00,  2.88723E+11,  8.07199E+11,  6.52276E-04,  4.94812E-04,  0.00000E+00,     2
  1458,  1.45800E-01,  2.21482E+15,  2.21511E+15,  2.21592E+15,  1.27383E-12,  0.00000E+00,  2.88443E+11,  8.07217E+11,  6.32746E-04,  4.94449E-04,  0.00000E+00,     3
  1459,  1.45900E-01,  2.21592E+15,  2.21621E+15,  2.21702E+15,  1.27383E-12,  0.00000E+00,  2.88162E+11,  8.07237E+11,  6.13923E-04,  4.94087E-04,  0.00000E+00,     4
  1460,  1.46000E-01,  2.21702E+15,  2.21730E+15,  2.21811E+15,  1.27383E-12,  0.00000E+00,  2.87881E+11,  8.07256E+11,  6.01711E-04,  4.93725E-04,  0.00000E+00,     5
  1461,  1.46100E-01,  2.21811E+15,  2.21840E+15,  2.21920E+15,  1.27383E-12,  0.00000E+00,  2.87600E+11,  8.06523E+11,  5.96995E-03,  4.93025E-04,  0.00000E+00,     0
  1462,  1.46200E-01,  2.21920E+15,  2.21949E+15,  2.22030E+15,  1.27383E-12,  0.00000E+00,  2.87319E+11,  8.07305E+11,  7.16630E-03,  4.93007E-04,  0.00000E+00,     0
  1463,  1.46300E-01,  2.22030E+15,  2.22059E+15,  2.22139E+15,  1.27383E-12,  0.00000E+00,  2.87037E+11,  8.07315E+11,  6.00312E-04,  4.92642E-04,  0.00000E+00,     1
  1464,  1.46400E-01,  2.22139E+15,  2.22168E+15,  2.22250E+15,  1.27383E-12,  0.00000E+00,  2.86755E+11,  8.18889E+11,  1.19201E-01,  4.97478E-04,  0.00000E+00,     0
  1465,  1.46500E-01,  2.22250E+15,  2.22279E+15,  2.22360E+15,  1.27383E-12,  0.00000E+00,  2.86335E+11,  8.11890E+11,  6.66944E-02,  4.93896E-04,  0.00000E+00,     0
  1466,  1.46600E-01,  2.22360E+15,  2.22388E+15,  2.22469E+15,  1.27383E-12,  0.00000E+00,  2.86108E+11,  8.07757E+11,  5.46572E-02,  4.91693E-04,  0.00000E+00,     0
  1467,  1.46700E-01,  2.22469E+15,  2.22498E+15,  2.22579E+15,  1.27383E-12,  0.00000E+00,  2.85879E+11,  8.17054E+11,  9.85946E-02,  4.95523E-04,  0.00000E+00,     0
  1468,  1.46800E-01,  2.22579E+15,  2.22608E+15,  2.22690E+15,  1.27383E-12,  0.00000E+00,  2.85485E+11,  8.19409E+11,  1.64886E-02,  4.96158E-04,  0.00000E+00,     0
  1469,  1.46900E-01,  2.22690E+15,  2.22718E+15,  2.22801E+15,  1.27383E-12,  0.00000E+00,  2.85167E+11,  8.21989E+11,  2.06142E-02,  4.96927E-04,  0.00000E+00,     0
  1470,  1.47000E-01,  2.22801E+15,  2.22829E+15,  2.22910E+15,  1.27383E-12,  0.00000E+00,  2.84844E+11,  8.12278E+11,  8.62243E-02,  4.92181E-04,  0.00000E+00,     0
  1471,  1.47100E-01,  2.22910E+15,  2.22939E+15,  2.23019E+15,  1.27383E-12,  0.00000E+00,  2.84636E+11,  8.02278E+11,  1.10397E-01,  4.87364E-04,  0.00000E+00,     0
  1472,  1.47200E-01,  2.23019E+15,  2.23047E+15,  2.23130E+15,  1.27383E-12,  0.00000E+00,  2.84474E+11,  8.23119E+11,  1.96581E-01,  4.96389E-04,  0.00000E+00,     0
  1473,  1.47300E-01,  2.23130E+15,  2.23158E+15,  2.23241E+15,  1.27383E-12,  0.00000E+00,  2.83971E+11,  8.25077E+11,  3.55664E-02,  4.96795E-04,  0.00000E+00,     0
  1474,  1.47400E-01,  2.23241E+15,  2.23269E+15,  2.23352E+15,  1.27383E-12,  0.00000E+00,  2.83633E+11,  8.25047E+11,  4.06233E-02,  4.96383E-04,  0.00000E+00,     0
  1475,  1.47500E-01,  2.23352E+15,  2.23380E+15,  2.23462E+15,  1.27383E-12,  0.00000E+00,  2.83352E+11,  8.23595E+11,  1.66842E-02,  4.95362E-04,  0.00000E+00,     0
  1476,  1.47600E-01,  2.23462E+15,  2.23491E+15,  2.23571E+15,  1.27383E-12,  0.00000E+00,  2.83040E+11,  8.05841E+11,  1.78114E-01,  4.87040E-04,  0.00000E+00,     0
  1477,  1.47700E-01,  2.23571E+15,  2.23599E+15,  2.23682E+15,  1.27383E-12,  0.00000E+00,  2.82948E+11,  8.21348E+11,  1.65385E-01,  4.93691E-04,  0.00000E+00,     0
  1478,  1.47800E-01,  2.23682E+15,  2.23710E+15,  2.23792E+15,  1.27383E-12,  0.00000E+00,  2.82484E+11,  8.25247E+11,  1.94928E-02,  4.94982E-04,  0.00000E+00,     0
  1479,  1.47900E-01,  2.23792E+15,  2.23821E+15,  2.23903E+15,  1.27383E-12,  0.00000E+00,  2.82163E+11,  8.20719E+11,  3.66123E-02,  4.92572E-04,  0.00000E+00,     0
  1480,  1.48000E-01,  2.23903E+15,  2.23931E+15,  2.24013E+15,  1.27383E-12,  0.00000E+00,  2.81899E+11,  8.22851E+11,  4.63152E-02,  4.93163E-04,  0.00000E+00,     0
  1481,  1.48100E-01,  2.24013E+15,  2.24041E+15,  2.24124E+15,  1.27383E-12,  0.00000E+00,  2.81564E+11,  8.22813E+11,  2.60558E-02,  4.92754E-04,  0.00000E+00,     0
  1482,  1.48200E-01,  2.24124E+15,  2.24152E+15,  2.24232E+15,  1.27383E-12,  0.00000E+00,  2.81285E+11,  8.04492E+11,  1.81988E-01,  4.84221E-04,  0.00000E+00,     0
  1483,  1.48300E-01,  2.24232E+15,  2.24260E+15,  2.24342E+15,  1.27383E-12,  0.00000E+00,  2.81208E+11,  8.15818E+11,  1.26016E-01,  4.88998E-04,  0.00000E+00,     0
  1484,  1.48400E-01,  2.24342E+15,  2.24370E+15,  2.24451E+15,  1.27383E-12,  0.00000E+00,  2.80790E+11,  8.07666E+11,  8.96970E-02,  4.84942E-04,  0.00000E+00,     0
  1485,  1.48500E-01,  2.24451E+15,  2.24479E+15,  2.24561E+15,  1.27383E-12,  0.00000E+00,  2.80615E+11,  8.21000E+11,  1.28799E-01,  4.90564E-04,  0.00000E+00,     0
  1486,  1.48600E-01,  2.24561E+15,  2.24589E+15,  2.24671E+15,  1.27383E-12,  0.00000E+00,  2.80194E+11,  8.20412E+11,  1.25872E-02,  4.89875E-04,  0.00000E+00,     0
  1487,  1.48700E-01,  2.24671E+15,  2.24699E+15,  2.24781E+15,  1.27383E-12,  0.00000E+00,  2.79912E+11,  8.24966E+11,  5.47086E-02,  4.91535E-04,  0.00000E+00,     0
  1488,  1.48800E-01,  2.24781E+15,  2.24809E+15,  2.24890E+15,  1.27383E-12,  0.00000E+00,  2.79563E+11,  8.06120E+11,  1.88317E-01,  4.82762E-04,  0.00000E+00,     0
  1489,  1.48900E-01,  2.24890E+15,  2.24918E+15,  2.25000E+15,  1.27383E-12,  0.00000E+00,  2.79490E+11,  8.23624E+11,  1.80952E-01,  4.90272E-04,  0.00000E+00,     0
  1490,  1.49000E-01,  2.25000E+15,  2.25028E+15,  2.25108E+15,  1.27383E-12,  0.00000E+00,  2.79010E+11,  8.00654E+11,  2.21562E-01,  4.79620E-04,  0.00000E+00,     0
  1491,  1.49100E-01,  2.25108E+15,  2.25136E+15,  2.25218E+15,  1.27383E-12,  0.00000E+00,  2.78991E+11,  8.23065E+11,  1.90589E-01,  4.89328E-04,  0.00000E+00,     0
  1492,  1.49200E-01,  2.25218E+15,  2.25246E+15,  2.25328E+15,  1.27383E-12,  0.00000E+00,  2.78490E+11,  8.21665E+11,  1.49746E-02,  4.88245E-04,  0.00000E+00,     0
  1493,  1.49300E-01,  2.25328E+15,  2.25356E+15,  2.25439E+15,  1.27383E-12,  0.00000E+00,  2.78187E+11,  8.26155E+11,  5.18170E-02,  4.89863E-04,  0.00000E+00,     0
  1494,  1.49400E-01,  2.25439E+15,  2.25467E+15,  2.25548E+15,  1.27383E-12,  0.00000E+00,  2.77844E+11,  8.16096E+11,  1.09178E-01,  4.85014E-04,  0.00000E+00,     0
  1495,  1.49500E-01,  2.25548E+15,  2.25576E+15,  2.25657E+15,  1.27383E-12,  0.00000E+00,  2.77660E+11,  8.04739E+11,  1.19720E-01,  4.79667E-04,  0.00000E+00,     0
  1496,  1.49600E-01,  2.25657E+15,  2.25684E+15,  2.25766E+15,  1.27383E-12,  0.00000E+00,  2.77521E+11,  8.21780E+11,  1.85903E-01,  4.86920E-04,  0.00000E+00,     0
  1497,  1.49700E-01,  2.25766E+15,  2.25794E+15,  2.25875E+15,  1.27383E-12,  0.00000E+00,  2.77042E+11,  8.12344E+11,  1.16681E-01,  4.82295E-04,  0.00000E+00,     0
  1498,  1.49800E-01,  2.25875E+15,  2.25903E+15,  2.25986E+15,  1.27383E-12,  0.00000E+00,  2.76875E+11,  8.24501E+11,  1.31562E-01,  4.87366E-04,  0.00000E+00,     0
  1499,  1.49900E-01,  2.25986E+15,  2.26013E+15,  2.26095E+15,  1.27383E-12,  0.00000E+00,  2.76457E+11,  8.23010E+11,  2.56153E-02,  4.86284E-04,  0.00000E+00,     0
  1500,  1.50000E-01,  2.26095E+15,  2.26123E+15,  2.26205E+15,  1.27383E-12,  0.00000E+00,  2.76184E+11,  8.22133E+11,  1.11376E-02,  4.85540E-04,  0.00000E+00,     0
  1501,  1.50100E-01,  2.26205E+15,  2.26233E+15,  2.26316E+15,  1.27383E-12,  0.00000E+00,  2.75903E+11,  8.26682E+11,  3.51686E-02,  4.87189E-04,  0.00000E+00,     0
  1502,  1.50200E-01,  2.26316E+15,  2.26343E+15,  2.26425E+15,  1.27383E-12,  0.00000E+00,  2.75574E+11,  8.23069E+11,  7.68387E-03,  4.85212E-04,  0.00000E+00,     0
  1503,  1.50300E-01,  2.26425E+15,  2.26453E+15,  2.26533E+15,  1.27383E-12,  0.00000E+00,  2.75289E+11,  8.04937E+11,  1.98520E-01,  4.76851E-04,  0.00000E+00,     0
  1504,  1.50400E-01,  2.26533E+15,  2.26561E+15,  2.26641E+15,  1.27383E-12,  0.00000E+00,  2.75232E+11,  8.00721E+11,  4.21134E-02,  4.74739E-04,  0.00000E+00,     0
  1505,  1.50500E-01,  2.26641E+15,  2.26669E+15,  2.26750E+15,  1.27383E-12,  0.00000E+00,  2.75027E+11,  8.16662E+11,  1.69557E-01,  4.81450E-04,  0.00000E+00,     0
  1506,  1.50600E-01,  2.26750E+15,  2.26778E+15,  2.26859E+15,  1.27383E-12,  0.00000E+00,  2.74568E+11,  8.14564E+11,  1.67870E-02,  4.80092E-04,  0.00000E+00,     0
  1507,  1.50700E-01,  2.26859E+15,  2.26887E+15,  2.26969E+15,  1.27383E-12,  0.00000E+00,  2.74306E+11,  8.22426E+11,  6.41248E-02,  4.83208E-04,  0.00000E+00,     0
  1508,  1.50800E-01,  2.26969E+15,  2.26996E+15,  2.27078E+15,  1.27383E-12,  0.00000E+00,  2.73967E+11,  8.16410E+11,  5.98743E-02,  4.80178E-04,  0.00000E+00,     0
  1509,  1.50900E-01,  2.27078E+15,  2.27105E+15,  2.27187E+15,  1.27383E-12,  0.00000E+00,  2.73730E+11,  8.14405E+11,  2.72267E-02,  4.78961E-04,  0.00000E+00,     0
  1510,  1.51000E-01,  2.27187E+15,  2.27214E+15,  2.27297E+15,  1.27383E-12,  0.00000E+00,  2.73479E+11,  8.26145E+11,  9.36055E-02,  4.83784E-04,  0.00000E+00,     0
  1511,  1.51100E-01,  2.27297E+15,  2.27324E+15,  2.27404E+15,  1.27383E-12,  0.00000E+00,  2.73093E+11,  8.02477E+11,  2.01146E-01,  4.72977E-04,  0.00000E+00,     0
  1512,  1.51200E-01,  2.27404E+15,  2.27431E+15,  2.27513E+15,  1.27383E-12,  0.00000E+00,  2.73053E+11,  8.10604E+11,  9.08995E-02,  4.76306E-04,  0.00000E+00,     0
  1513,  1.51300E-01,  2.27513E+15,  2.27540E+15,  2.27622E+15,  1.27383E-12,  0.00000E+00,  2.72689E+11,  8.22242E+11,  1.12523E-01,  4.81031E-04,  0.00000E+00,     0
  1514,  1.51400E-01,  2.27622E+15,  2.27649E+15,  2.27731E+15,  1.27383E-12,  0.00000E+00,  2.72291E+11,  8.15212E+11,  7.43991E-02,  4.77539E-04,  0.00000E+00,     0
  1515,  1.51500E-01,  2.27731E+15,  2.27758E+15,  2.27840E+15,  1.27383E-12,  0.00000E+00,  2.72081E+11,  8.21686E+11,  5.90442E-02,  4.80059E-04,  0.00000E+00,     0
  1516,  1.51600E-01,  2.27840E+15,  2.27867E+15,  2.27949E+15,  1.27383E-12,  0.00000E+00,  2.71739E+11,  8.17877E+11,  3.49872E-02,  4.78008E-04,  0.00000E+00,     0
  1517,  1.51700E-01,  2.27949E+15,  2.27976E+15,  2.28058E+15,  1.27383E-12,  0.00000E+00,  2.71468E+11,  8.20375E+11,  3.31290E-02,  4.78756E-04,  0.00000E+00,     0
  1518,  1.51800E-01,  2.28058E+15,  2.28085E+15,  2.28168E+15,  1.27383E-12,  0.00000E+00,  2.71173E+11,  8.25299E+11,  2.23824E-02,  4.80555E-04,  0.00000E+00,     0
  1519,  1.51900E-01,  2.28168E+15,  2.28195E+15,  2.28277E+15,  1.27383E-12,  0.00000E+00,  2.70858E+11,  8.21589E+11,  2.44224E-02,  4.78562E-04,  0.00000E+00,     0
  1520,  1.52000E-01,  2.28277E+15,  2.28304E+15,  2.28387E+15,  1.27383E-12,  0.00000E+00,  2.70592E+11,  8.22807E+11,  2.09678E-02,  4.78749E-04,  0.00000E+00,     0
  1521,  1.52100E-01,  2.28387E+15,  2.28414E+15,  2.28496E+15,  1.27383E-12,  0.00000E+00,  2.70288E+11,  8.26147E+11,  8.46530E-03,  4.79848E-04,  0.00000E+00,     0
  1522,  1.52200E-01,  2.28496E+15,  2.28523E+15,  2.28606E+15,  1.27383E-12,  0.00000E+00,  2.69987E+11,  8.26154E+11,  1.04532E-03,  4.79490E-04,  0.00000E+00,     0
  1523,  1.52300E-01,  2.28606E+15,  2.28633E+15,  2.28714E+15,  1.27383E-12,  0.00000E+00,  2.69696E+11,  8.11488E+11,  1.22207E-01,  4.72723E-04,  0.00000E+00,     0
  1524,  1.52400E-01,  2.28714E+15,  2.28741E+15,  2.28823E+15,  1.27383E-12,  0.00000E+00,  2.69551E+11,  8.26358E+11,  1.29797E-01,  4.78932E-04,  0.00000E+00,     0
  1525,  1.52500E-01,  2.28823E+15,  2.28850E+15,  2.28933E+15,  1.27383E-12,  0.00000E+00,  2.69131E+11,  8.26178E+11,  9.92327E-03,  4.78441E-04,  0.00000E+00,     0
  1526,  1.52600E-01,  2.28933E+15,  2.28960E+15,  2.29042E+15,  1.27383E-12,  0.00000E+00,  2.68849E+11,  8.17411E+11,  6.78366E-02,  4.74263E-04,  0.00000E+00,     0
  1527,  1.52700E-01,  2.29042E+15,  2.29069E+15,  2.29151E+15,  1.27383E-12,  0.00000E+00,  2.68640E+11,  8.22895E+11,  6.18111E-02,  4.76339E-04,  0.00000E+00,     0
  1528,  1.52800E-01,  2.29151E+15,  2.29178E+15,  2.29260E+15,  1.27383E-12,  0.00000E+00,  2.68301E+11,  8.26398E+11,  4.53335E-02,  4.77492E-04,  0.00000E+00,     0
  1529,  1.52900E-01,  2.29260E+15,  2.29287E+15,  2.29370E+15,  1.27383E-12,  0.00000E+00,  2.67973E+11,  8.26200E+11,  4.14163E-02,  4.77034E-04,  0.00000E+00,     0
  1530,  1.53000E-01,  2.29370E+15,  2.29396E+15,  2.29478E+15,  1.27383E-12,  0.00000E+00,  2.67715E+11,  8.18068E+11,  5.91023E-02,  4.73153E-04,  0.00000E+00,     0
  1531,  1.53100E-01,  2.29478E+15,  2.29505E+15,  2.29585E+15,  1.27383E-12,  0.00000E+00,  2.67498E+11,  8.02414E+11,  1.50126E-01,  4.66020E-04,  0.00000E+00,     0
  1532,  1.53200E-01,  2.29585E+15,  2.29612E+15,  2.29694E+15,  1.27383E-12,  0.00000E+00,  2.67412E+11,  8.16113E+11,  1.40128E-01,  4.71726E-04,  0.00000E+00,     0
  1533,  1.53300E-01,  2.29694E+15,  2.29720E+15,  2.29801E+15,  1.27383E-12,  0.00000E+00,  2.66993E+11,  8.05530E+11,  1.14649E-01,  4.66718E-04,  0.00000E+00,     0
  1534,  1.53400E-01,  2.29801E+15,  2.29828E+15,  2.29909E+15,  1.27383E-12,  0.00000E+00,  2.66858E+11,  8.15948E+11,  1.11012E-01,  4.70971E-04,  0.00000E+00,     0
  1535,  1.53500E-01,  2.29909E+15,  2.29936E+15,  2.30016E+15,  1.27383E-12,  0.00000E+00,  2.66472E+11,  8.05580E+11,  1.09364E-01,  4.66077E-04,  0.00000E+00,     0
  1536,  1.53600E-01,  2.30016E+15,  2.30043E+15,  2.30125E+15,  1.27383E-12,  0.00000E+00,  2.66329E+11,  8.17054E+11,  1.16030E-01,  4.70781E-04,  0.00000E+00,     0
  1537,  1.53700E-01,  2.30125E+15,  2.30151E+15,  2.30233E+15,  1.27383E-12,  0.00000E+00,  2.65934E+11,  8.15515E+11,  1.92979E-02,  4.69720E-04,  0.00000E+00,     0
  1538,  1.53800E-01,  2.30233E+15,  2.30259E+15,  2.30342E+15,  1.27383E-12,  0.00000E+00,  2.65679E+11,  8.24136E+11,  9.82050E-02,  4.73129E-04,  0.00000E+00,     0
  1539,  1.53900E-01,  2.30342E+15,  2.30368E+15,  2.30451E+15,  1.27383E-12,  0.00000E+00,  2.65300E+11,  8.24088E+11,  2.30706E-03,  4.72720E-04,  0.00000E+00,     0
  1540,  1.54000E-01,  2.30451E+15,  2.30477E+15,  2.30558E+15,  1.27383E-12,  0.00000E+00,  2.65013E+11,  8.10613E+11,  1.31557E-01,  4.66531E-04,  0.00000E+00,     0
  1541,  1.54100E-01,  2.30558E+15,  2.30585E+15,  2.30667E+15,  1.27383E-12,  0.00000E+00,  2.64875E+11,  8.26584E+11,  1.47031E-01,  4.73174E-04,  0.00000E+00,     0
  1542,  1.54200E-01,  2.30667E+15,  2.30694E+15,  2.30776E+15,  1.27383E-12,  0.00000E+00,  2.64451E+11,  8.24143E+11,  2.78434E-02,  4.71709E-04,  0.00000E+00,     0
  1543,  1.54300E-01,  2.30776E+15,  2.30803E+15,  2.30885E+15,  1.27383E-12,  0.00000E+00,  2.64177E+11,  8.20893E+11,  3.10936E-02,  4.69962E-04,  0.00000E+00,     0
  1544,  1.54400E-01,  2.30885E+15,  2.30911E+15,  2.30994E+15,  1.27383E-12,  0.00000E+00,  2.63923E+11,  8.23440E+11,  4.07814E-02,  4.70733E-04,  0.00000E+00,     0
  1545,  1.54500E-01,  2.30994E+15,  2.31020E+15,  2.31102E+15,  1.27383E-12,  0.00000E+00,  2.63604E+11,  8.17130E+11,  8.18973E-02,  4.67645E-04,  0.00000E+00,     0
  1546,  1.54600E-01,  2.31102E+15,  2.31128E+15,  2.31210E+15,  1.27383E-12,  0.00000E+00,  2.63404E+11,  8.23799E+11,  8.51240E-02,  4.70222E-04,  0.00000E+00,     0
  1547,  1.54700E-01,  2.31210E+15,  2.31237E+15,  2.31319E+15,  1.27383E-12,  0.00000E+00,  2.63044E+11,  8.25214E+11,  2.89136E-02,  4.70458E-04,  0.00000E+00,     0
  1548,  1.54800E-01,  2.31319E+15,  2.31345E+15,  2.31428E+15,  1.27383E-12,  0.00000E+00,  2.62776E+11,  8.23356E+11,  2.30382E-02,  4.69318E-04,  0.00000E+00,     0
  1549,  1.54900E-01,  2.31428E+15,  2.31454E+15,  2.31536E+15,  1.27383E-12,  0.00000E+00,  2.62480E+11,  8.17160E+11,  8.12184E-02,  4.66295E-04,  0.00000E+00,     0
  1550,  1.55000E-01,  2.31536E+15,  2.31562E+15,  2.31643E+15,  1.27383E-12,  0.00000E+00,  2.62280E+11,  8.08963E+11,  8.64270E-02,  4.62454E-04,  0.00000E+00,     0
  1551,  1.55100E-01,  2.31643E+15,  2.31669E+15,  2.31752E+15,  1.27383E-12,  0.00000E+00,  2.62109E+11,  8.26657E+11,  1.75178E-01,  4.69798E-04,  0.00000E+00,     0
  1552,  1.55200E-01,  2.31752E+15,  2.31778E+15,  2.31860E+15,  1.27383E-12,  0.00000E+00,  2.61657E+11,  8.25276E+11,  4.96902E-03,  4.68788E-04,  0.00000E+00,     0
  1553,  1.55300E-01,  2.31860E+15,  2.31887E+15,  2.31969E+15,  1.27383E-12,  0.00000E+00,  2.61365E+11,  8.27392E+11,  1.62494E-02,  4.69354E-04,  0.00000E+00,     0
  1554,  1.55400E-01,  2.31969E+15,  2.31995E+15,  2.32076E+15,  1.27383E-12,  0.00000E+00,  2.61032E+11,  8.02805E+11,  2.20824E-01,  4.58401E-04,  0.00000E+00,     0
  1555,  1.55500E-01,  2.32076E+15,  2.32102E+15,  2.32184E+15,  1.27383E-12,  0.00000E+00,  2.61048E+11,  8.22884E+11,  1.84583E-01,  4.66842E-04,  0.00000E+00,     0
  1556,  1.55600E-01,  2.32184E+15,  2.32210E+15,  2.32292E+15,  1.27383E-12,  0.00000E+00,  2.60574E+11,  8.17603E+11,  6.32603E-02,  4.64148E-04,  0.00000E+00,     0
  1557,  1.55700E-01,  2.32292E+15,  2.32318E+15,  2.32400E+15,  1.27383E-12,  0.00000E+00,  2.60359E+11,  8.23455E+11,  4.69036E-02,  4.66357E-04,  0.00000E+00,     0
  1558,  1.55800E-01,  2.32400E+15,  2.32426E+15,  2.32507E+15,  1.27383E-12,  0.00000E+00,  2.60031E+11,  8.03862E+11,  1.75355E-01,  4.57575E-04,  0.00000E+00,     0
  1559,  1.55900E-01,  2.32507E+15,  2.32533E+15,  2.32614E+15,  1.27383E-12,  0.00000E+00,  2.59971E+11,  8.17627E+11,  1.35996E-01,  4.63255E-04,  0.00000E+00,     0
  1560,  1.56000E-01,  2.32614E+15,  2.32640E+15,  2.32722E+15,  1.27383E-12,  0.00000E+00,  2.59556E+11,  8.20828E+11,  4.49710E-02,  4.64237E-04,  0.00000E+00,     0
  1561,  1.56100E-01,  2.32722E+15,  2.32748E+15,  2.32828E+15,  1.27383E-12,  0.00000E+00,  2.59237E+11,  8.00398E+11,  1.98723E-01,  4.55114E-04,  0.00000E+00,     0
  1562,  1.56200E-01,  2.32828E+15,  2.32854E+15,  2.32937E+15,  1.27383E-12,  0.00000E+00,  2.59208E+11,  8.22096E+11,  2.09570E-01,  4.64205E-04,  0.00000E+00,     0
  1563,  1.56300E-01,  2.32937E+15,  2.32962E+15,  2.33045E+15,  1.27383E-12,  0.00000E+00,  2.58700E+11,  8.22774E+11,  6.90859E-03,  4.64063E-04,  0.00000E+00,     0
  1564,  1.56400E-01,  2.33045E+15,  2.33071E+15,  2.33151E+15,  1.27383E-12,  0.00000E+00,  2.58412E+11,  8.03842E+11,  1.88459E-01,  4.55607E-04,  0.00000E+00,     0
  1565,  1.56500E-01,  2.33151E+15,  2.33177E+15,  2.33259E+15,  1.27383E-12,  0.00000E+00,  2.58359E+11,  8.20950E+11,  1.60811E-01,  4.62709E-04,  0.00000E+00,     0
  1566,  1.56600E-01,  2.33259E+15,  2.33285E+15,  2.33367E+15,  1.27383E-12,  0.00000E+00,  2.57910E+11,  8.26708E+11,  6.58708E-02,  4.64768E-04,  0.00000E+00,     0
  1567,  1.56700E-01,  2.33367E+15,  2.33393E+15,  2.33475E+15,  1.27383E-12,  0.00000E+00,  2.57562E+11,  8.19250E+11,  6.64826E-02,  4.61211E-04,  0.00000E+00,     0
  1568,  1.56800E-01,  2.33475E+15,  2.33501E+15,  2.33582E+15,  1.27383E-12,  0.00000E+00,  2.57343E+11,  8.15326E+11,  4.11840E-02,  4.59225E-04,  0.00000E+00,     0
  1569,  1.56900E-01,  2.33582E+15,  2.33608E+15,  2.33688E+15,  1.27383E-12,  0.00000E+00,  2.57111E+11,  8.01820E+11,  1.46533E-01,  4.53138E-04,  0.00000E+00,     0
  1570,  1.57000E-01,  2.33688E+15,  2.33714E+15,  2.33796E+15,  1.27383E-12,  0.00000E+00,  2.57021E+11,  8.25611E+11,  2.12829E-01,  4.63066E-04,  0.00000E+00,     0
  1571,  1.57100E-01,  2.33796E+15,  2.33822E+15,  2.33902E+15,  1.27383E-12,  0.00000E+00,  2.56499E+11,  8.00451E+11,  2.10623E-01,  4.51877E-04,  0.00000E+00,     0
  1572,  1.57200E-01,  2.33902E+15,  2.33928E+15,  2.34010E+15,  1.27383E-12,  0.00000E+00,  2.56484E+11,  8.24789E+11,  2.15680E-01,  4.62062E-04,  0.00000E+00,     0
  1573,  1.57300E-01,  2.34010E+15,  2.34036E+15,  2.34118E+15,  1.27383E-12,  0.00000E+00,  2.55963E+11,  8.21502E+11,  2.23347E-02,  4.60223E-04,  0.00000E+00,     0
  1574,  1.57400E-01,  2.34118E+15,  2.34144E+15,  2.34225E+15,  1.27383E-12,  0.00000E+00,  2.55520E+11,  8.11593E+11,  1.05129E-01,  4.55593E-04,  0.00000E+00,     0
  1575,  1.57500E-01,  2.34225E+15,  2.34250E+15,  2.34331E+15,  1.27383E-12,  0.00000E+00,  2.55536E+11,  8.10511E+11,  4.99070E-03,  4.54932E-04,  0.00000E+00,     0
  1576,  1.57600E-01,  2.34331E+15,  2.34357E+15,  2.34439E+15,  1.27383E-12,  0.00000E+00,  2.55277E+11,  8.23014E+11,  1.22068E-01,  4.59945E-04,  0.00000E+00,     0
  1577,  1.57700E-01,  2.34439E+15,  2.34465E+15,  2.34547E+15,  1.27383E-12,  0.00000E+00,  2.54874E+11,  8.26236E+11,  2.46811E-02,  4.60935E-04,  0.00000E+00,     0
  1578,  1.57800E-01,  2.34547E+15,  2.34573E+15,  2.34653E+15,  1.27383E-12,  0.00000E+00,  2.54560E+11,  8.01631E+11,  2.32070E-01,  4.50108E-04,  0.00000E+00,     0
  1579,  1.57900E-01,  2.34653E+15,  2.34678E+15,  2.34760E+15,  1.27383E-12,  0.00000E+00,  2.54562E+11,  8.13989E+11,  1.38849E-01,  4.55168E-04,  0.00000E+00,     0
  1580,  1.58000E-01,  2.34760E+15,  2.34785E+15,  2.34868E+15,  1.27383E-12,  0.00000E+00,  2.54144E+11,  8.25373E+11,  8.59953E-02,  4.59628E-04,  0.00000E+00,     0
  1581,  1.58100E-01,  2.34868E+15,  2.34893E+15,  2.34974E+15,  1.27383E-12,  0.00000E+00,  2.53770E+11,  8.11492E+11,  1.16777E-01,  4.53353E-04,  0.00000E+00,     0
  1582,  1.58200E-01,  2.34974E+15,  2.35000E+15,  2.35082E+15,  1.27383E-12,  0.00000E+00,  2.53620E+11,  8.24724E+11,  1.35592E-01,  4.58710E-04,  0.00000E+00,     0
  1583,  1.58300E-01,  2.35082E+15,  2.35107E+15,  2.35190E+15,  1.27383E-12,  0.00000E+00,  2.53202E+11,  8.24734E+11,  3.18249E-03,  4.58326E-04,  0.00000E+00,     0
  1584,  1.58400E-01,  2.35190E+15,  2.35215E+15,  2.35298E+15,  1.27383E-12,  0.00000E+00,  2.52914E+11,  8.24757E+11,  7.34285E-04,  4.58003E-04,  0.00000E+00,     1
  1585,  1.58500E-01,  2.35298E+15,  2.35323E+15,  2.35405E+15,  1.27383E-12,  0.00000E+00,  2.52627E+11,  8.23324E+11,  3.62171E-02,  4.57063E-04,  0.00000E+00,     0
  1586,  1.58600E-01,  2.35405E+15,  2.35430E+15,  2.35512E+15,  1.27383E-12,  0.00000E+00,  2.52370E+11,  8.16297E+11,  5.81998E-02,  4.53763E-04,  0.00000E+00,     0
  1587,  1.58700E-01,  2.35512E+15,  2.35537E+15,  2.35618E+15,  1.27383E-12,  0.00000E+00,  2.52154E+11,  8.07520E+11,  7.97101E-02,  4.49742E-04,  0.00000E+00,     0
  1588,  1.58800E-01,  2.35618E+15,  2.35643E+15,  2.35724E+15,  1.27383E-12,  0.00000E+00,  2.51979E+11,  8.07570E+11,  2.49474E-03,  4.49487E-04,  0.00000E+00,     0
  1589,  1.58900E-01,  2.35724E+15,  2.35749E+15,  2.35831E+15,  1.27383E-12,  0.00000E+00,  2.51721E+11,  8.22543E+11,  1.37888E-01,  4.55522E-04,  0.00000E+00,     0
  1590,  1.59000E-01,  2.35831E+15,  2.35857E+15,  2.35939E+15,  1.27383E-12,  0.00000E+00,  2.51299E+11,  8.25761E+11,  1.18303E-02,  4.56499E-04,  0.00000E+00,     0
  1591,  1.59100E-01,  2.35939E+15,  2.35964E+15,  2.36045E+15,  1.27383E-12,  0.00000E+00,  2.51003E+11,  8.11119E+11,  1.17039E-01,  4.49965E-04,  0.00000E+00,     0
  1592,  1.59200E-01,  2.36045E+15,  2.36070E+15,  2.36151E+15,  1.27383E-12,  0.00000E+00,  2.50858E+11,  8.02632E+11,  8.72045E-02,  4.46109E-04,  0.00000E+00,     0
  1593,  1.59300E-01,  2.36151E+15,  2.36176E+15,  2.36257E+15,  1.27383E-12,  0.00000E+00,  2.50702E+11,  8.16193E+11,  1.41764E-01,  4.51582E-04,  0.00000E+00,     0
  1594,  1.59400E-01,  2.36257E+15,  2.36282E+15,  2.36365E+15,  1.27383E-12,  0.00000E+00,  2.50280E+11,  8.26964E+11,  1.08331E-01,  4.55754E-04,  0.00000E+00,     0
  1595,  1.59500E-01,  2.36365E+15,  2.36390E+15,  2.36470E+15,  1.27383E-12,  0.00000E+00,  2.49888E+11,  8.02026E+11,  2.36252E-01,  4.44840E-04,  0.00000E+00,     0
  1596,  1.59600E-01,  2.36470E+15,  2.36495E+15,  2.36577E+15,  1.27383E-12,  0.00000E+00,  2.49890E+11,  8.16446E+11,  1.42145E-01,  4.50736E-04,  0.00000E+00,     0
  1597,  1.59700E-01,  2.36577E+15,  2.36602E+15,  2.36684E+15,  1.27383E-12,  0.00000E+00,  2.49466E+11,  8.21423E+11,  4.71328E-02,  4.52455E-04,  0.00000E+00,     0
  1598,  1.59800E-01,  2.36684E+15,  2.36709E+15,  2.36792E+15,  1.27383E-12,  0.00000E+00,  2.49138E+11,  8.28213E+11,  7.95014E-02,  4.54978E-04,  0.00000E+00,     0
  1599,  1.59900E-01,  2.36792E+15,  2.36817E+15,  2.36899E+15,  1.27383E-12,  0.00000E+00,  2.48774E+11,  8.23009E+11,  6.18716E-02,  4.52422E-04,  0.00000E+00,     0
  1600,  1.60000E-01,  2.36899E+15,  2.36924E+15,  2.37006E+15,  1.27383E-12,  0.00000E+00,  2.48543E+11,  8.22676E+11,  2.04979E-03,  4.51979E-04,  0.00000E+00,     0
  1601,  1.60100E-01,  2.37006E+15,  2.37031E+15,  2.37113E+15,  1.27383E-12,  0.00000E+00,  2.48258E+11,  8.22832E+11,  1.71623E-02,  4.51721E-04,  0.00000E+00,     0
  1602,  1.60200E-01,  2.37113E+15,  2.37138E+15,  2.37220E+15,  1.27383E-12,  0.00000E+00,  2.47963E+11,  8.22778E+11,  9.29518E-03,  4.51370E-04,  0.00000E+00,     0
  1603,  1.60300E-01,  2.37220E+15,  2.37245E+15,  2.37328E+15,  1.27383E-12,  0.00000E+00,  2.47688E+11,  8.25485E+11,  1.59865E-02,  4.52191E-04,  0.00000E+00,     0
  1604,  1.60400E-01,  2.37328E+15,  2.37352E+15,  2.37435E+15,  1.27383E-12,  0.00000E+00,  2.47410E+11,  8.22240E+11,  7.45222E-03,  4.50503E-04,  0.00000E+00,     0
  1605,  1.60500E-01,  2.37435E+15,  2.37459E+15,  2.37542E+15,  1.27383E-12,  0.00000E+00,  2.47130E+11,  8.25505E+11,  7.32493E-03,  4.51556E-04,  0.00000E+00,     0
  1606,  1.60600E-01,  2.37542E+15,  2.37566E+15,  2.37649E+15,  1.27383E-12,  0.00000E+00,  2.46846E+11,  8.25502E+11,  7.04946E-03,  4.51232E-04,  0.00000E+00,     0
  1607,  1.60700E-01,  2.37649E+15,  2.37674E+15,  2.37755E+15,  1.27383E-12,  0.00000E+00,  2.46569E+11,  8.10574E+11,  1.09551E-01,  4.44636E-04,  0.00000E+00,     0
  1608,  1.60800E-01,  2.37755E+15,  2.37779E+15,  2.37861E+15,  1.27383E-12,  0.00000E+00,  2.46424E+11,  8.16389E+11,  4.92395E-02,  4.46821E-04,  0.00000E+00,     0
  1609,  1.60900E-01,  2.37861E+15,  2.37886E+15,  2.37967E+15,  1.27383E-12,  0.00000E+00,  2.46108E+11,  8.16400E+11,  1.08817E-03,  4.46493E-04,  0.00000E+00,     0
  1610,  1.61000E-01,  2.37967E+15,  2.37992E+15,  2.38073E+15,  1.27383E-12,  0.00000E+00,  2.45840E+11,  8.16410E+11,  5.37673E-04,  4.46185E-04,  0.00000E+00,     1
  1611,  1.61100E-01,  2.38073E+15,  2.38098E+15,  2.38180E+15,  1.27383E-12,  0.00000E+00,  2.45571E+11,  8.22366E+11,  7.85018E-02,  4.48373E-04,  0.00000E+00,     0
  1612,  1.61200E-01,  2.38180E+15,  2.38205E+15,  2.38287E+15,  1.27383E-12,  0.00000E+00,  2.45221E+11,  8.25515E+11,  9.34154E-03,  4.49347E-04,  0.00000E+00,     0
  1613,  1.61300E-01,  2.38287E+15,  2.38312E+15,  2.38394E+15,  1.27383E-12,  0.00000E+00,  2.44937E+11,  8.22384E+11,  6.69882E-03,  4.47713E-04,  0.00000E+00,     0
  1614,  1.61400E-01,  2.38394E+15,  2.38419E+15,  2.38500E+15,  1.27383E-12,  0.00000E+00,  2.44660E+11,  8.16446E+11,  7.86016E-02,  4.44908E-04,  0.00000E+00,     0
  1615,  1.61500E-01,  2.38500E+15,  2.38525E+15,  2.38606E+15,  1.27383E-12,  0.00000E+00,  2.44463E+11,  8.13087E+11,  2.85187E-02,  4.43221E-04,  0.00000E+00,     0
  1616,  1.61600E-01,  2.38606E+15,  2.38630E+15,  2.38713E+15,  1.27383E-12,  0.00000E+00,  2.44230E+11,  8.25550E+11,  9.93036E-02,  4.48145E-04,  0.00000E+00,     0
  1617,  1.61700E-01,  2.38713E+15,  2.38737E+15,  2.38819E+15,  1.27383E-12,  0.00000E+00,  2.43847E+11,  8.16110E+11,  7.60219E-02,  4.43833E-04,  0.00000E+00,     0
  1618,  1.61800E-01,  2.38819E+15,  2.38843E+15,  2.38925E+15,  1.27383E-12,  0.00000E+00,  2.43655E+11,  8.13103E+11,  2.49895E-02,  4.42298E-04,  0.00000E+00,     0
  1619,  1.61900E-01,  2.38925E+15,  2.38949E+15,  2.39031E+15,  1.27383E-12,  0.00000E+00,  2.43418E+11,  8.16122E+11,  2.60350E-02,  4.43266E-04,  0.00000E+00,     0
  1620,  1.62000E-01,  2.39031E+15,  2.39055E+15,  2.39137E+15,  1.27383E-12,  0.00000E+00,  2.43125E+11,  8.22446E+11,  8.19534E-02,  4.45590E-04,  0.00000E+00,     0
  1621,  1.62100E-01,  2.39137E+15,  2.39161E+15,  2.39244E+15,  1.27383E-12,  0.00000E+00,  2.42773E+11,  8.25596E+11,  9.51508E-03,  4.46561E-04,  0.00000E+00,     0
  1622,  1.62200E-01,  2.39244E+15,  2.39268E+15,  2.39350E+15,  1.27383E-12,  0.00000E+00,  2.42489E+11,  8.22464E+11,  6.68160E-03,  4.44935E-04,  0.00000E+00,     0
  1623,  1.62300E-01,  2.39350E+15,  2.39375E+15,  2.39457E+15,  1.27383E-12,  0.00000E+00,  2.42212E+11,  8.22916E+11,  2.70960E-03,  4.44810E-04,  0.00000E+00,     0
  1624,  1.62400E-01,  2.39457E+15,  2.39481E+15,  2.39562E+15,  1.27383E-12,  0.00000E+00,  2.41929E+11,  8.10724E+11,  1.25774E-01,  4.39407E-04,  0.00000E+00,     0
  1625,  1.62500E-01,  2.39562E+15,  2.39586E+15,  2.39668E+15,  1.27383E-12,  0.00000E+00,  2.41797E+11,  8.17460E+11,  5.20193E-02,  4.41968E-04,  0.00000E+00,     0
  1626,  1.62600E-01,  2.39668E+15,  2.39692E+15,  2.39774E+15,  1.27383E-12,  0.00000E+00,  2.41477E+11,  8.13158E+11,  3.17467E-02,  4.39846E-04,  0.00000E+00,     0
  1627,  1.62700E-01,  2.39774E+15,  2.39798E+15,  2.39880E+15,  1.27383E-12,  0.00000E+00,  2.41247E+11,  8.22373E+11,  9.77496E-02,  4.43397E-04,  0.00000E+00,     0
  1628,  1.62800E-01,  2.39880E+15,  2.39904E+15,  2.39986E+15,  1.27383E-12,  0.00000E+00,  2.40875E+11,  8.24054E+11,  6.72607E-03,  4.43746E-04,  0.00000E+00,     0
  1629,  1.62900E-01,  2.39986E+15,  2.40011E+15,  2.40092E+15,  1.27383E-12,  0.00000E+00,  2.40591E+11,  8.17401E+11,  5.91823E-02,  4.40661E-04,  0.00000E+00,     0
  1630,  1.63000E-01,  2.40092E+15,  2.40116E+15,  2.40198E+15,  1.27383E-12,  0.00000E+00,  2.40376E+11,  8.12489E+11,  4.26061E-02,  4.38333E-04,  0.00000E+00,     0
  1631,  1.63100E-01,  2.40198E+15,  2.40222E+15,  2.40304E+15,  1.27383E-12,  0.00000E+00,  2.40158E+11,  8.19636E+11,  5.94188E-02,  4.41023E-04,  0.00000E+00,     0
  1632,  1.63200E-01,  2.40304E+15,  2.40328E+15,  2.40410E+15,  1.27383E-12,  0.00000E+00,  2.39829E+11,  8.25111E+11,  7.13681E-02,  4.42968E-04,  0.00000E+00,     0
  1633,  1.63300E-01,  2.40410E+15,  2.40434E+15,  2.40517E+15,  1.27383E-12,  0.00000E+00,  2.39481E+11,  8.27841E+11,  8.49999E-03,  4.43762E-04,  0.00000E+00,     0
  1634,  1.63400E-01,  2.40517E+15,  2.40541E+15,  2.40623E+15,  1.27383E-12,  0.00000E+00,  2.39196E+11,  8.27846E+11,  1.02191E-03,  4.43449E-04,  0.00000E+00,     0
  1635,  1.63500E-01,  2.40623E+15,  2.40647E+15,  2.40729E+15,  1.27383E-12,  0.00000E+00,  2.38911E+11,  8.20533E+11,  5.02874E-02,  4.40097E-04,  0.00000E+00,     0
  1636,  1.63600E-01,  2.40729E+15,  2.40753E+15,  2.40835E+15,  1.27383E-12,  0.00000E+00,  2.38539E+11,  8.14747E+11,  7.04331E-02,  4.37348E-04,  0.00000E+00,     0
  1637,  1.63700E-01,  2.40835E+15,  2.40859E+15,  2.40941E+15,  1.27383E-12,  0.00000E+00,  2.38490E+11,  8.26800E+11,  9.31607E-02,  4.42137E-04,  0.00000E+00,     0
  1638,  1.63800E-01,  2.40941E+15,  2.40965E+15,  2.41048E+15,  1.27383E-12,  0.00000E+00,  2.38114E+11,  8.24431E+11,  1.92069E-02,  4.40803E-04,  0.00000E+00,     0
  1639,  1.63900E-01,  2.41048E+15,  2.41071E+15,  2.41152E+15,  1.27383E-12,  0.00000E+00,  2.37826E+11,  8.06971E+11,  1.76005E-01,  4.33252E-04,  0.00000E+00,     0
  1640,  1.64000E-01,  2.41152E+15,  2.41176E+15,  2.41258E+15,  1.27383E-12,  0.00000E+00,  2.37758E+11,  8.23068E+11,  1.51240E-01,  4.39706E-04,  0.00000E+00,     0
  1641,  1.64100E-01,  2.41258E+15,  2.41282E+15,  2.41364E+15,  1.27383E-12,  0.00000E+00,  2.37326E+11,  8.22415E+11,  5.24203E-03,  4.39063E-04,  0.00000E+00,     0
  1642,  1.64200E-01,  2.41364E+15,  2.41388E+15,  2.41470E+15,  1.27383E-12,  0.00000E+00,  2.37048E+11,  8.22180E+11,  3.71254E-03,  4.38658E-04,  0.00000E+00,     0
  1643,  1.64300E-01,  2.41470E+15,  2.41494E+15,  2.41574E+15,  1.27383E-12,  0.00000E+00,  2.36759E+11,  8.03448E+11,  1.84685E-01,  4.30596E-04,  0.00000E+00,     0
  1644,  1.64400E-01,  2.41574E+15,  2.41598E+15,  2.41680E+15,  1.27383E-12,  0.00000E+00,  2.36732E+11,  8.22204E+11,  1.86124E-01,  4.38156E-04,  0.00000E+00,     0
  1645,  1.64500E-01,  2.41680E+15,  2.41704E+15,  2.41786E+15,  1.27383E-12,  0.00000E+00,  2.36242E+11,  8.22228E+11,  4.39329E-03,  4.37772E-04,  0.00000E+00,     0
  1646,  1.64600E-01,  2.41786E+15,  2.41809E+15,  2.41892E+15,  1.27383E-12,  0.00000E+00,  2.35954E+11,  8.22246E+11,  5.23734E-04,  4.37469E-04,  0.00000E+00,     1
  1647,  1.64700E-01,  2.41892E+15,  2.41915E+15,  2.41997E+15,  1.27383E-12,  0.00000E+00,  2.35680E+11,  8.22254E+11,  5.23368E-04,  4.37167E-04,  0.00000E+00,     2
  1648,  1.64800E-01,  2.41997E+15,  2.42021E+15,  2.42103E+15,  1.27383E-12,  0.00000E+00,  2.35406E+11,  8.23473E+11,  3.90624E-03,  4.37367E-04,  0.00000E+00,     0
  1649,  1.64900E-01,  2.42103E+15,  2.42127E+15,  2.42209E+15,  1.27383E-12,  0.00000E+00,  2.35159E+11,  8.25774E+11,  3.04601E-02,  4.38023E-04,  0.00000E+00,     0
  1650,  1.65000E-01,  2.42209E+15,  2.42233E+15,  2.42315E+15,  1.27383E-12,  0.00000E+00,  2.34854E+11,  8.23222E+11,  1.96791E-02,  4.36653E-04,  0.00000E+00,     0
  1651,  1.65100E-01,  2.42315E+15,  2.42339E+15,  2.42421E+15,  1.27383E-12,  0.00000E+00,  2.34595E+11,  8.25787E+11,  1.86408E-02,  4.37413E-04,  0.00000E+00,     0
  1652,  1.65200E-01,  2.42421E+15,  2.42445E+15,  2.42525E+15,  1.27383E-12,  0.00000E+00,  2.34301E+11,  8.03597E+11,  2.02985E-01,  4.27955E-04,  0.00000E+00,     0
  1653,  1.65300E-01,  2.42525E+15,  2.42548E+15,  2.42631E+15,  1.27383E-12,  0.00000E+00,  2.34276E+11,  8.25041E+11,  1.96639E-01,  4.36596E-04,  0.00000E+00,     0
  1654,  1.65400E-01,  2.42631E+15,  2.42654E+15,  2.42737E+15,  1.27383E-12,  0.00000E+00,  2.33787E+11,  8.26276E+11,  7.88767E-03,  4.36713E-04,  0.00000E+00,     0
  1655,  1.65500E-01,  2.42737E+15,  2.42760E+15,  2.42843E+15,  1.27383E-12,  0.00000E+00,  2.33504E+11,  8.22615E+11,  2.13029E-02,  4.34899E-04,  0.00000E+00,     0
  1656,  1.65600E-01,  2.42843E+15,  2.42866E+15,  2.42948E+15,  1.27383E-12,  0.00000E+00,  2.33251E+11,  8.22290E+11,  4.14098E-03,  4.34472E-04,  0.00000E+00,     0
  1657,  1.65700E-01,  2.42948E+15,  2.42971E+15,  2.43054E+15,  1.27383E-12,  0.00000E+00,  2.32965E+11,  8.23744E+11,  1.42167E-02,  4.34763E-04,  0.00000E+00,     0
  1658,  1.65800E-01,  2.43054E+15,  2.43077E+15,  2.43157E+15,  1.27383E-12,  0.00000E+00,  2.32696E+11,  8.01440E+11,  2.16568E-01,  4.25295E-04,  0.00000E+00,     0
  1659,  1.65900E-01,  2.43157E+15,  2.43180E+15,  2.43263E+15,  1.27383E-12,  0.00000E+00,  2.32697E+11,  8.26347E+11,  2.38474E-01,  4.35349E-04,  0.00000E+00,     0
  1660,  1.66000E-01,  2.43263E+15,  2.43286E+15,  2.43369E+15,  1.27383E-12,  0.00000E+00,  2.32154E+11,  8.23302E+11,  3.04819E-02,  4.33686E-04,  0.00000E+00,     0
  1661,  1.66100E-01,  2.43369E+15,  2.43392E+15,  2.43474E+15,  1.27383E-12,  0.00000E+00,  2.31908E+11,  8.26338E+11,  1.48020E-02,  4.34643E-04,  0.00000E+00,     0
  1662,  1.66200E-01,  2.43474E+15,  2.43498E+15,  2.43578E+15,  1.27383E-12,  0.00000E+00,  2.31614E+11,  8.02756E+11,  2.05083E-01,  4.24657E-04,  0.00000E+00,     0
  1663,  1.66300E-01,  2.43578E+15,  2.43601E+15,  2.43681E+15,  1.27383E-12,  0.00000E+00,  2.31598E+11,  7.97834E+11,  5.38877E-02,  4.22451E-04,  0.00000E+00,     0
  1664,  1.66400E-01,  2.43681E+15,  2.43704E+15,  2.43784E+15,  1.27383E-12,  0.00000E+00,  2.31428E+11,  8.05022E+11,  7.23569E-02,  4.25150E-04,  0.00000E+00,     0
  1665,  1.66500E-01,  2.43784E+15,  2.43808E+15,  2.43889E+15,  1.27383E-12,  0.00000E+00,  2.31101E+11,  8.14471E+11,  8.44675E-02,  4.28708E-04,  0.00000E+00,     0
  1666,  1.66600E-01,  2.43889E+15,  2.43912E+15,  2.43995E+15,  1.27383E-12,  0.00000E+00,  2.30749E+11,  8.28964E+11,  1.61512E-01,  4.34318E-04,  0.00000E+00,     0
  1667,  1.66700E-01,  2.43995E+15,  2.44018E+15,  2.44101E+15,  1.27383E-12,  0.00000E+00,  2.30305E+11,  8.27048E+11,  5.94124E-02,  4.33163E-04,  0.00000E+00,     0
  1668,  1.66800E-01,  2.44101E+15,  2.44124E+15,  2.44204E+15,  1.27383E-12,  0.00000E+00,  2.30065E+11,  7.97842E+11,  2.41302E-01,  4.20922E-04,  0.00000E+00,     0
  1669,  1.66900E-01,  2.44204E+15,  2.44227E+15,  2.44306E+15,  1.27383E-12,  0.00000E+00,  2.30108E+11,  7.99362E+11,  1.94395E-02,  4.21385E-04,  0.00000E+00,     0
  1670,  1.67000E-01,  2.44306E+15,  2.44329E+15,  2.44410E+15,  1.27383E-12,  0.00000E+00,  2.29849E+11,  8.10098E+11,  1.04337E-01,  4.25492E-04,  0.00000E+00,     0
  1671,  1.67100E-01,  2.44410E+15,  2.44433E+15,  2.44516E+15,  1.27383E-12,  0.00000E+00,  2.29476E+11,  8.27107E+11,  1.43587E-01,  4.32112E-04,  0.00000E+00,     0
  1672,  1.67200E-01,  2.44516E+15,  2.44539E+15,  2.44621E+15,  1.27383E-12,  0.00000E+00,  2.29041E+11,  8.20341E+11,  3.97904E-02,  4.28983E-04,  0.00000E+00,     0
  1673,  1.67300E-01,  2.44621E+15,  2.44644E+15,  2.44727E+15,  1.27383E-12,  0.00000E+00,  2.28802E+11,  8.26502E+11,  6.00006E-02,  4.31217E-04,  0.00000E+00,     0
  1674,  1.67400E-01,  2.44727E+15,  2.44749E+15,  2.44829E+15,  1.27383E-12,  0.00000E+00,  2.28459E+11,  7.97526E+11,  2.64406E-01,  4.19061E-04,  0.00000E+00,     0
  1675,  1.67500E-01,  2.44829E+15,  2.44852E+15,  2.44932E+15,  1.27383E-12,  0.00000E+00,  2.28525E+11,  7.99386E+11,  2.22506E-02,  4.19672E-04,  0.00000E+00,     0
  1676,  1.67600E-01,  2.44932E+15,  2.44955E+15,  2.45037E+15,  1.27383E-12,  0.00000E+00,  2.28260E+11,  8.21857E+11,  2.09726E-01,  4.28555E-04,  0.00000E+00,     0
  1677,  1.67700E-01,  2.45037E+15,  2.45060E+15,  2.45142E+15,  1.27383E-12,  0.00000E+00,  2.27748E+11,  8.26560E+11,  5.10208E-02,  4.30080E-04,  0.00000E+00,     0
  1678,  1.67800E-01,  2.45142E+15,  2.45165E+15,  2.45246E+15,  1.27383E-12,  0.00000E+00,  2.27410E+11,  8.06982E+11,  1.90300E-01,  4.21777E-04,  0.00000E+00,     0
  1679,  1.67900E-01,  2.45246E+15,  2.45269E+15,  2.45351E+15,  1.27383E-12,  0.00000E+00,  2.27354E+11,  8.29003E+11,  2.10560E-01,  4.30548E-04,  0.00000E+00,     0
  1680,  1.68000E-01,  2.45351E+15,  2.45374E+15,  2.45455E+15,  1.27383E-12,  0.00000E+00,  2.26847E+11,  8.04808E+11,  2.24880E-01,  4.20304E-04,  0.00000E+00,     0
  1681,  1.68100E-01,  2.45455E+15,  2.45477E+15,  2.45559E+15,  1.27383E-12,  0.00000E+00,  2.26830E+11,  8.15778E+11,  1.13449E-01,  4.24586E-04,  0.00000E+00,     0
  1682,  1.68200E-01,  2.45559E+15,  2.45582E+15,  2.45664E+15,  1.27383E-12,  0.00000E+00,  2.26443E+11,  8.24126E+11,  7.32424E-02,  4.27645E-04,  0.00000E+00,     0
  1683,  1.68300E-01,  2.45664E+15,  2.45687E+15,  2.45769E+15,  1.27383E-12,  0.00000E+00,  2.26122E+11,  8.20430E+11,  2.90890E-02,  4.25828E-04,  0.00000E+00,     0
  1684,  1.68400E-01,  2.45769E+15,  2.45791E+15,  2.45871E+15,  1.27383E-12,  0.00000E+00,  2.25838E+11,  7.97641E+11,  2.16861E-01,  4.16267E-04,  0.00000E+00,     0
  1685,  1.68500E-01,  2.45871E+15,  2.45894E+15,  2.45976E+15,  1.27383E-12,  0.00000E+00,  2.25844E+11,  8.21979E+11,  2.25711E-01,  4.25986E-04,  0.00000E+00,     0
  1686,  1.68600E-01,  2.45976E+15,  2.45998E+15,  2.46081E+15,  1.27383E-12,  0.00000E+00,  2.25310E+11,  8.24728E+11,  3.92728E-02,  4.26705E-04,  0.00000E+00,     0
  1687,  1.68700E-01,  2.46081E+15,  2.46103E+15,  2.46185E+15,  1.27383E-12,  0.00000E+00,  2.24990E+11,  8.21558E+11,  4.29559E-02,  4.25106E-04,  0.00000E+00,     0
  1688,  1.68800E-01,  2.46185E+15,  2.46208E+15,  2.46291E+15,  1.27383E-12,  0.00000E+00,  2.24664E+11,  8.26830E+11,  5.33959E-02,  4.26932E-04,  0.00000E+00,     0
  1689,  1.68900E-01,  2.46291E+15,  2.46313E+15,  2.46393E+15,  1.27383E-12,  0.00000E+00,  2.24409E+11,  7.97709E+11,  2.64672E-01,  4.14833E-04,  0.00000E+00,     0
  1690,  1.69000E-01,  2.46393E+15,  2.46415E+15,  2.46497E+15,  1.27383E-12,  0.00000E+00,  2.24475E+11,  8.20874E+11,  2.10952E-01,  4.24081E-04,  0.00000E+00,     0
  1691,  1.69100E-01,  2.46497E+15,  2.46520E+15,  2.46601E+15,  1.27383E-12,  0.00000E+00,  2.23960E+11,  8.14033E+11,  6.72849E-02,  4.20920E-04,  0.00000E+00,     0
  1692,  1.69200E-01,  2.46601E+15,  2.46623E+15,  2.46706E+15,  1.27383E-12,  0.00000E+00,  2.23759E+11,  8.20913E+11,  6.72651E-02,  4.23449E-04,  0.00000E+00,     0
  1693,  1.69300E-01,  2.46706E+15,  2.46728E+15,  2.46810E+15,  1.27383E-12,  0.00000E+00,  2.23416E+11,  8.20926E+11,  1.73429E-03,  4.23136E-04,  0.00000E+00,     0
  1694,  1.69400E-01,  2.46810E+15,  2.46832E+15,  2.46914E+15,  1.27383E-12,  0.00000E+00,  2.23138E+11,  8.20939E+11,  5.06787E-04,  4.22850E-04,  0.00000E+00,     1
  1695,  1.69500E-01,  2.46914E+15,  2.46937E+15,  2.47019E+15,  1.27383E-12,  0.00000E+00,  2.22862E+11,  8.23846E+11,  4.92487E-02,  4.23736E-04,  0.00000E+00,     0
  1696,  1.69600E-01,  2.47019E+15,  2.47041E+15,  2.47124E+15,  1.27383E-12,  0.00000E+00,  2.22539E+11,  8.23513E+11,  1.54559E-02,  4.23291E-04,  0.00000E+00,     0
  1697,  1.69700E-01,  2.47124E+15,  2.47146E+15,  2.47227E+15,  1.27383E-12,  0.00000E+00,  2.22270E+11,  8.10950E+11,  1.20719E-01,  4.17923E-04,  0.00000E+00,     0
  1698,  1.69800E-01,  2.47227E+15,  2.47249E+15,  2.47332E+15,  1.27383E-12,  0.00000E+00,  2.22131E+11,  8.23880E+11,  1.33860E-01,  4.22918E-04,  0.00000E+00,     0
  1699,  1.69900E-01,  2.47332E+15,  2.47354E+15,  2.47436E+15,  1.27383E-12,  0.00000E+00,  2.21721E+11,  8.21004E+11,  5.02297E-02,  4.21412E-04,  0.00000E+00,     0
  1700,  1.70000E-01,  2.47436E+15,  2.47458E+15,  2.47541E+15,  1.27383E-12,  0.00000E+00,  2.21488E+11,  8.27853E+11,  4.10132E-02,  4.23906E-04,  0.00000E+00,     0
  1701,  1.70100E-01,  2.47541E+15,  2.47563E+15,  2.47645E+15,  1.27383E-12,  0.00000E+00,  2.21160E+11,  8.21562E+11,  3.64694E-02,  4.21055E-04,  0.00000E+00,     0
  1702,  1.70200E-01,  2.47645E+15,  2.47667E+15,  2.47749E+15,  1.27383E-12,  0.00000E+00,  2.20922E+11,  8.21566E+11,  1.51832E-03,  4.20784E-04,  0.00000E+00,     0
  1703,  1.70300E-01,  2.47749E+15,  2.47771E+15,  2.47853E+15,  1.27383E-12,  0.00000E+00,  2.20649E+11,  8.11785E+11,  8.68410E-02,  4.16552E-04,  0.00000E+00,     0
  1704,  1.70400E-01,  2.47853E+15,  2.47875E+15,  2.47957E+15,  1.27383E-12,  0.00000E+00,  2.20479E+11,  8.21587E+11,  8.73222E-02,  4.20261E-04,  0.00000E+00,     0
  1705,  1.70500E-01,  2.47957E+15,  2.47979E+15,  2.48061E+15,  1.27383E-12,  0.00000E+00,  2.20119E+11,  8.21599E+11,  2.32344E-03,  4.19944E-04,  0.00000E+00,     0
  1706,  1.70600E-01,  2.48061E+15,  2.48083E+15,  2.48165E+15,  1.27383E-12,  0.00000E+00,  2.19846E+11,  8.21610E+11,  5.02623E-04,  4.19662E-04,  0.00000E+00,     1
  1707,  1.70700E-01,  2.48165E+15,  2.48187E+15,  2.48269E+15,  1.27383E-12,  0.00000E+00,  2.19573E+11,  8.23977E+11,  4.31054E-02,  4.20329E-04,  0.00000E+00,     0
  1708,  1.70800E-01,  2.48269E+15,  2.48291E+15,  2.48374E+15,  1.27383E-12,  0.00000E+00,  2.19261E+11,  8.23986E+11,  6.43516E-04,  4.20031E-04,  0.00000E+00,     1
  1709,  1.70900E-01,  2.48374E+15,  2.48396E+15,  2.48478E+15,  1.27383E-12,  0.00000E+00,  2.18985E+11,  8.27944E+11,  1.05180E-02,  4.21336E-04,  0.00000E+00,     0
  1710,  1.71000E-01,  2.48478E+15,  2.48500E+15,  2.48583E+15,  1.27383E-12,  0.00000E+00,  2.18702E+11,  8.21653E+11,  3.64560E-02,  4.18515E-04,  0.00000E+00,     0
  1711,  1.71100E-01,  2.48583E+15,  2.48604E+15,  2.48687E+15,  1.27383E-12,  0.00000E+00,  2.18468E+11,  8.24217E+11,  4.62277E-02,  4.19277E-04,  0.00000E+00,     0
  1712,  1.71200E-01,  2.48687E+15,  2.48709E+15,  2.48791E+15,  1.27383E-12,  0.00000E+00,  2.18156E+11,  8.24225E+11,  5.18690E-04,  4.18979E-04,  0.00000E+00,     1
  1713,  1.71300E-01,  2.48791E+15,  2.48813E+15,  2.48896E+15,  1.27383E-12,  0.00000E+00,  2.17883E+11,  8.28158E+11,  1.09861E-02,  4.20273E-04,  0.00000E+00,     0
  1714,  1.71400E-01,  2.48896E+15,  2.48917E+15,  2.48998E+15,  1.27383E-12,  0.00000E+00,  2.17602E+11,  8.09407E+11,  1.40670E-01,  4.12456E-04,  0.00000E+00,     0
  1715,  1.71500E-01,  2.48998E+15,  2.49020E+15,  2.49103E+15,  1.27383E-12,  0.00000E+00,  2.17504E+11,  8.24235E+11,  1.36042E-01,  4.18197E-04,  0.00000E+00,     0
  1716,  1.71600E-01,  2.49103E+15,  2.49124E+15,  2.49205E+15,  1.27383E-12,  0.00000E+00,  2.17094E+11,  8.09454E+11,  1.35073E-01,  4.11929E-04,  0.00000E+00,     0
  1717,  1.71700E-01,  2.49205E+15,  2.49227E+15,  2.49309E+15,  1.27383E-12,  0.00000E+00,  2.16983E+11,  8.24268E+11,  1.49599E-01,  4.17654E-04,  0.00000E+00,     0
  1718,  1.71800E-01,  2.49309E+15,  2.49331E+15,  2.49413E+15,  1.27383E-12,  0.00000E+00,  2.16561E+11,  8.24278E+11,  3.56963E-03,  4.17315E-04,  0.00000E+00,     0
  1719,  1.71900E-01,  2.49413E+15,  2.49435E+15,  2.49518E+15,  1.27383E-12,  0.00000E+00,  2.16288E+11,  8.29333E+11,  3.82769E-02,  4.19056E-04,  0.00000E+00,     0
  1720,  1.72000E-01,  2.49518E+15,  2.49540E+15,  2.49620E+15,  1.27383E-12,  0.00000E+00,  2.15972E+11,  8.09426E+11,  1.82957E-01,  4.10783E-04,  0.00000E+00,     0
  1721,  1.72100E-01,  2.49620E+15,  2.49642E+15,  2.49723E+15,  1.27383E-12,  0.00000E+00,  2.15908E+11,  8.09532E+11,  4.99588E-03,  4.10631E-04,  0.00000E+00,     0
  1722,  1.72200E-01,  2.49723E+15,  2.49745E+15,  2.49826E+15,  1.27383E-12,  0.00000E+00,  2.15659E+11,  8.13645E+11,  3.75229E-02,  4.12009E-04,  0.00000E+00,     0
  1723,  1.72300E-01,  2.49826E+15,  2.49847E+15,  2.49929E+15,  1.27383E-12,  0.00000E+00,  2.15366E+11,  8.13642E+11,  1.00514E-03,  4.11721E-04,  0.00000E+00,     0
  1724,  1.72400E-01,  2.49929E+15,  2.49950E+15,  2.50032E+15,  1.27383E-12,  0.00000E+00,  2.15110E+11,  8.15600E+11,  1.84236E-02,  4.12231E-04,  0.00000E+00,     0
  1725,  1.72500E-01,  2.50032E+15,  2.50053E+15,  2.50135E+15,  1.27383E-12,  0.00000E+00,  2.14832E+11,  8.15613E+11,  5.72007E-04,  4.11956E-04,  0.00000E+00,     1
  1726,  1.72600E-01,  2.50135E+15,  2.50156E+15,  2.50238E+15,  1.27383E-12,  0.00000E+00,  2.14571E+11,  8.15625E+11,  4.96390E-04,  4.11686E-04,  0.00000E+00,     2
  1727,  1.72700E-01,  2.50238E+15,  2.50259E+15,  2.50341E+15,  1.27383E-12,  0.00000E+00,  2.14309E+11,  8.15638E+11,  4.96057E-04,  4.11418E-04,  0.00000E+00,     3
  1728,  1.72800E-01,  2.50341E+15,  2.50362E+15,  2.50444E+15,  1.27383E-12,  0.00000E+00,  2.14048E+11,  8.15650E+11,  4.95724E-04,  4.11149E-04,  0.00000E+00,     4
  1729,  1.72900E-01,  2.50444E+15,  2.50465E+15,  2.50548E+15,  1.27383E-12,  0.00000E+00,  2.13786E+11,  8.21735E+11,  6.64841E-02,  4.13303E-04,  0.00000E+00,     0
  1730,  1.73000E-01,  2.50548E+15,  2.50569E+15,  2.50652E+15,  1.27383E-12,  0.00000E+00,  2.13451E+11,  8.29429E+11,  6.90372E-02,  4.16067E-04,  0.00000E+00,     0
  1731,  1.73100E-01,  2.50652E+15,  2.50673E+15,  2.50755E+15,  1.27383E-12,  0.00000E+00,  2.13106E+11,  8.21429E+11,  7.12540E-02,  4.12568E-04,  0.00000E+00,     0
  1732,  1.73200E-01,  2.50755E+15,  2.50777E+15,  2.50859E+15,  1.27383E-12,  0.00000E+00,  2.12897E+11,  8.25180E+11,  3.06424E-02,  4.13809E-04,  0.00000E+00,     0
  1733,  1.73300E-01,  2.50859E+15,  2.50880E+15,  2.50963E+15,  1.27383E-12,  0.00000E+00,  2.12593E+11,  8.25254E+11,  6.39757E-03,  4.13546E-04,  0.00000E+00,     0
  1734,  1.73400E-01,  2.50963E+15,  2.50984E+15,  2.51064E+15,  1.27383E-12,  0.00000E+00,  2.12312E+11,  8.00332E+11,  2.33047E-01,  4.03341E-04,  0.00000E+00,     0
  1735,  1.73500E-01,  2.51064E+15,  2.51085E+15,  2.51168E+15,  1.27383E-12,  0.00000E+00,  2.12338E+11,  8.25280E+11,  2.34081E-01,  4.13117E-04,  0.00000E+00,     0
  1736,  1.73600E-01,  2.51168E+15,  2.51189E+15,  2.51272E+15,  1.27383E-12,  0.00000E+00,  2.11803E+11,  8.25289E+11,  5.98166E-03,  4.12738E-04,  0.00000E+00,     0
  1737,  1.73700E-01,  2.51272E+15,  2.51293E+15,  2.51374E+15,  1.27383E-12,  0.00000E+00,  2.11527E+11,  8.12276E+11,  1.33850E-01,  4.07283E-04,  0.00000E+00,     0
  1738,  1.73800E-01,  2.51374E+15,  2.51395E+15,  2.51478E+15,  1.27383E-12,  0.00000E+00,  2.11405E+11,  8.25311E+11,  1.33933E-01,  4.12249E-04,  0.00000E+00,     0
  1739,  1.73900E-01,  2.51478E+15,  2.51499E+15,  2.51581E+15,  1.27383E-12,  0.00000E+00,  2.10998E+11,  8.25320E+11,  3.11423E-03,  4.11921E-04,  0.00000E+00,     0
  1740,  1.74000E-01,  2.51581E+15,  2.51602E+15,  2.51685E+15,  1.27383E-12,  0.00000E+00,  2.10722E+11,  8.25326E+11,  5.97948E-04,  4.11645E-04,  0.00000E+00,     1
  1741,  1.74100E-01,  2.51685E+15,  2.51706E+15,  2.51788E+15,  1.27383E-12,  0.00000E+00,  2.10448E+11,  8.25335E+11,  6.82141E-04,  4.11370E-04,  0.00000E+00,     2
  1742,  1.74200E-01,  2.51788E+15,  2.51809E+15,  2.51889E+15,  1.27383E-12,  0.00000E+00,  2.10174E+11,  7.98918E+11,  2.43180E-01,  4.00609E-04,  0.00000E+00,     0
  1743,  1.74300E-01,  2.51889E+15,  2.51910E+15,  2.51990E+15,  1.27383E-12,  0.00000E+00,  2.10219E+11,  7.99853E+11,  8.75306E-03,  4.00837E-04,  0.00000E+00,     0
  1744,  1.74400E-01,  2.51990E+15,  2.52011E+15,  2.52092E+15,  1.27383E-12,  0.00000E+00,  2.09978E+11,  8.09294E+11,  8.95237E-02,  4.04325E-04,  0.00000E+00,     0
  1745,  1.74500E-01,  2.52092E+15,  2.52113E+15,  2.52195E+15,  1.27383E-12,  0.00000E+00,  2.09629E+11,  8.20071E+11,  1.15781E-01,  4.08295E-04,  0.00000E+00,     0
  1746,  1.74600E-01,  2.52195E+15,  2.52216E+15,  2.52299E+15,  1.27383E-12,  0.00000E+00,  2.09244E+11,  8.26493E+11,  5.11588E-02,  4.10520E-04,  0.00000E+00,     0
  1747,  1.74700E-01,  2.52299E+15,  2.52320E+15,  2.52402E+15,  1.27383E-12,  0.00000E+00,  2.08914E+11,  8.21064E+11,  4.93181E-02,  4.08071E-04,  0.00000E+00,     0
  1748,  1.74800E-01,  2.52402E+15,  2.52423E+15,  2.52505E+15,  1.27383E-12,  0.00000E+00,  2.08689E+11,  8.24193E+11,  3.89627E-02,  4.09054E-04,  0.00000E+00,     0
  1749,  1.74900E-01,  2.52505E+15,  2.52526E+15,  2.52609E+15,  1.27383E-12,  0.00000E+00,  2.08380E+11,  8.27897E+11,  2.24407E-02,  4.10230E-04,  0.00000E+00,     0
  1750,  1.75000E-01,  2.52609E+15,  2.52630E+15,  2.52709E+15,  1.27383E-12,  0.00000E+00,  2.08074E+11,  7.97581E+11,  2.62168E-01,  3.97949E-04,  0.00000E+00,     0
  1751,  1.75100E-01,  2.52709E+15,  2.52730E+15,  2.52813E+15,  1.27383E-12,  0.00000E+00,  2.08150E+11,  8.24833E+11,  2.50761E-01,  4.08596E-04,  0.00000E+00,     0
  1752,  1.75200E-01,  2.52813E+15,  2.52833E+15,  2.52915E+15,  1.27383E-12,  0.00000E+00,  2.07588E+11,  8.18306E+11,  5.40520E-02,  4.05628E-04,  0.00000E+00,     0
  1753,  1.75300E-01,  2.52915E+15,  2.52936E+15,  2.53016E+15,  1.27383E-12,  0.00000E+00,  2.07376E+11,  8.03669E+11,  1.60469E-01,  3.99597E-04,  0.00000E+00,     0
  1754,  1.75400E-01,  2.53016E+15,  2.53037E+15,  2.53120E+15,  1.27383E-12,  0.00000E+00,  2.07306E+11,  8.29092E+11,  2.45860E-01,  4.09449E-04,  0.00000E+00,     0
  1755,  1.75500E-01,  2.53120E+15,  2.53141E+15,  2.53222E+15,  1.27383E-12,  0.00000E+00,  2.06756E+11,  8.18272E+11,  1.11461E-01,  4.04794E-04,  0.00000E+00,     0
  1756,  1.75600E-01,  2.53222E+15,  2.53243E+15,  2.53325E+15,  1.27383E-12,  0.00000E+00,  2.06595E+11,  8.17382E+11,  3.96404E-03,  4.04215E-04,  0.00000E+00,     0
  1757,  1.75700E-01,  2.53325E+15,  2.53345E+15,  2.53425E+15,  1.27383E-12,  0.00000E+00,  2.06334E+11,  7.97470E+11,  1.97403E-01,  3.96095E-04,  0.00000E+00,     0
  1758,  1.75800E-01,  2.53425E+15,  2.53446E+15,  2.53528E+15,  1.27383E-12,  0.00000E+00,  2.06329E+11,  8.23582E+11,  2.46669E-01,  4.06231E-04,  0.00000E+00,     0
  1759,  1.75900E-01,  2.53528E+15,  2.53549E+15,  2.53632E+15,  1.27383E-12,  0.00000E+00,  2.05771E+11,  8.28701E+11,  4.37938E-02,  4.07864E-04,  0.00000E+00,     0
  1760,  1.76000E-01,  2.53632E+15,  2.53652E+15,  2.53732E+15,  1.27383E-12,  0.00000E+00,  2.05452E+11,  8.02009E+11,  2.47848E-01,  3.97056E-04,  0.00000E+00,     0
  1761,  1.76100E-01,  2.53732E+15,  2.53753E+15,  2.53833E+15,  1.27383E-12,  0.00000E+00,  2.05483E+11,  8.02511E+11,  5.93261E-03,  3.97109E-04,  0.00000E+00,     0
  1762,  1.76200E-01,  2.53833E+15,  2.53854E+15,  2.53934E+15,  1.27383E-12,  0.00000E+00,  2.05238E+11,  8.02553E+11,  2.06184E-03,  3.96871E-04,  0.00000E+00,     0
  1763,  1.76300E-01,  2.53934E+15,  2.53954E+15,  2.54037E+15,  1.27383E-12,  0.00000E+00,  2.04995E+11,  8.28766E+11,  2.52457E-01,  4.06933E-04,  0.00000E+00,     0
  1764,  1.76400E-01,  2.54037E+15,  2.54058E+15,  2.54141E+15,  1.27383E-12,  0.00000E+00,  2.04433E+11,  8.28785E+11,  7.08489E-03,  4.06554E-04,  0.00000E+00,     0
  1765,  1.76500E-01,  2.54141E+15,  2.54161E+15,  2.54244E+15,  1.27383E-12,  0.00000E+00,  2.04147E+11,  8.28788E+11,  1.32429E-02,  4.06277E-04,  0.00000E+00,     0
  1766,  1.76600E-01,  2.54244E+15,  2.54264E+15,  2.54345E+15,  1.27383E-12,  0.00000E+00,  2.03874E+11,  8.10462E+11,  1.83366E-01,  3.98803E-04,  0.00000E+00,     0
  1767,  1.76700E-01,  2.54345E+15,  2.54366E+15,  2.54449E+15,  1.27383E-12,  0.00000E+00,  2.03804E+11,  8.28809E+11,  1.85165E-01,  4.05824E-04,  0.00000E+00,     0
  1768,  1.76800E-01,  2.54449E+15,  2.54469E+15,  2.54552E+15,  1.27383E-12,  0.00000E+00,  2.03335E+11,  8.28820E+11,  4.40961E-03,  4.05479E-04,  0.00000E+00,     0
  1769,  1.76900E-01,  2.54552E+15,  2.54572E+15,  2.54655E+15,  1.27383E-12,  0.00000E+00,  2.03052E+11,  8.28828E+11,  3.76535E-03,  4.05207E-04,  0.00000E+00,     0
  1770,  1.77000E-01,  2.54655E+15,  2.54675E+15,  2.54758E+15,  1.27383E-12,  0.00000E+00,  2.02772E+11,  8.28836E+11,  1.21005E-03,  4.04936E-04,  0.00000E+00,     0
  1771,  1.77100E-01,  2.54758E+15,  2.54778E+15,  2.54858E+15,  1.27383E-12,  0.00000E+00,  2.02492E+11,  7.96545E+11,  2.82516E-01,  3.91997E-04,  0.00000E+00,     0
  1772,  1.77200E-01,  2.54858E+15,  2.54878E+15,  2.54959E+15,  1.27383E-12,  0.00000E+00,  2.02592E+11,  8.08981E+11,  1.20768E-01,  3.96758E-04,  0.00000E+00,     0
  1773,  1.77300E-01,  2.54959E+15,  2.54980E+15,  2.55061E+15,  1.27383E-12,  0.00000E+00,  2.02206E+11,  8.10320E+11,  6.32910E-03,  3.96975E-04,  0.00000E+00,     0
  1774,  1.77400E-01,  2.55061E+15,  2.55081E+15,  2.55162E+15,  1.27383E-12,  0.00000E+00,  2.01949E+11,  8.10031E+11,  1.97506E-03,  3.96603E-04,  0.00000E+00,     0
  1775,  1.77500E-01,  2.55162E+15,  2.55182E+15,  2.55263E+15,  1.27383E-12,  0.00000E+00,  2.01699E+11,  8.10043E+11,  9.47907E-04,  3.96353E-04,  0.00000E+00,     1
  1776,  1.77600E-01,  2.55263E+15,  2.55283E+15,  2.55364E+15,  1.27383E-12,  0.00000E+00,  2.01446E+11,  8.09155E+11,  2.65541E-03,  3.95749E-04,  0.00000E+00,     0
  1777,  1.77700E-01,  2.55364E+15,  2.55384E+15,  2.55465E+15,  1.27383E-12,  0.00000E+00,  2.01193E+11,  8.09173E+11,  1.04343E-03,  3.95501E-04,  0.00000E+00,     0
  1778,  1.77800E-01,  2.55465E+15,  2.55485E+15,  2.55566E+15,  1.27383E-12,  0.00000E+00,  2.00940E+11,  8.10082E+11,  1.94711E-03,  3.95601E-04,  0.00000E+00,     0
  1779,  1.77900E-01,  2.55566E+15,  2.55586E+15,  2.55667E+15,  1.27383E-12,  0.00000E+00,  2.00686E+11,  8.10096E+11,  8.24560E-04,  3.95351E-04,  0.00000E+00,     1
  1780,  1.78000E-01,  2.55667E+15,  2.55687E+15,  2.55770E+15,  1.27383E-12,  0.00000E+00,  2.00430E+11,  8.26863E+11,  1.77010E-01,  4.01647E-04,  0.00000E+00,     0
  1781,  1.78100E-01,  2.55770E+15,  2.55790E+15,  2.55871E+15,  1.27383E-12,  0.00000E+00,  1.99968E+11,  8.10888E+11,  1.66377E-01,  3.95064E-04,  0.00000E+00,     0
  1782,  1.78200E-01,  2.55871E+15,  2.55891E+15,  2.55974E+15,  1.27383E-12,  0.00000E+00,  1.99876E+11,  8.29625E+11,  1.69759E-01,  4.02190E-04,  0.00000E+00,     0
  1783,  1.78300E-01,  2.55974E+15,  2.55994E+15,  2.56076E+15,  1.27383E-12,  0.00000E+00,  1.99416E+11,  8.16247E+11,  1.27385E-01,  3.96627E-04,  0.00000E+00,     0
  1784,  1.78400E-01,  2.56076E+15,  2.56095E+15,  2.56177E+15,  1.27383E-12,  0.00000E+00,  1.99274E+11,  8.10941E+11,  4.89797E-02,  3.94343E-04,  0.00000E+00,     0
  1785,  1.78500E-01,  2.56177E+15,  2.56196E+15,  2.56276E+15,  1.27383E-12,  0.00000E+00,  1.99068E+11,  7.92614E+11,  1.64532E-01,  3.86959E-04,  0.00000E+00,     0
  1786,  1.78600E-01,  2.56276E+15,  2.56296E+15,  2.56377E+15,  1.27383E-12,  0.00000E+00,  1.99039E+11,  8.18201E+11,  2.37533E-01,  3.96775E-04,  0.00000E+00,     0
  1787,  1.78700E-01,  2.56377E+15,  2.56397E+15,  2.56478E+15,  1.27383E-12,  0.00000E+00,  1.98488E+11,  8.10786E+11,  9.20343E-02,  3.93513E-04,  0.00000E+00,     0
  1788,  1.78800E-01,  2.56478E+15,  2.56498E+15,  2.56581E+15,  1.27383E-12,  0.00000E+00,  1.98321E+11,  8.24041E+11,  1.40468E-01,  3.98456E-04,  0.00000E+00,     0
  1789,  1.78900E-01,  2.56581E+15,  2.56600E+15,  2.56683E+15,  1.27383E-12,  0.00000E+00,  1.97903E+11,  8.25860E+11,  1.79035E-02,  3.98843E-04,  0.00000E+00,     0
  1790,  1.79000E-01,  2.56683E+15,  2.56703E+15,  2.56784E+15,  1.27383E-12,  0.00000E+00,  1.97602E+11,  8.10838E+11,  1.56860E-01,  3.92719E-04,  0.00000E+00,     0
  1791,  1.79100E-01,  2.56784E+15,  2.56804E+15,  2.56885E+15,  1.27383E-12,  0.00000E+00,  1.97502E+11,  8.10848E+11,  4.01469E-03,  3.92530E-04,  0.00000E+00,     0
  1792,  1.79200E-01,  2.56885E+15,  2.56904E+15,  2.56987E+15,  1.27383E-12,  0.00000E+00,  1.97246E+11,  8.29895E+11,  1.83272E-01,  3.99685E-04,  0.00000E+00,     0
  1793,  1.79300E-01,  2.56987E+15,  2.57007E+15,  2.57090E+15,  1.27383E-12,  0.00000E+00,  1.96770E+11,  8.28383E+11,  3.73356E-02,  3.98753E-04,  0.00000E+00,     0
  1794,  1.79400E-01,  2.57090E+15,  2.57110E+15,  2.57192E+15,  1.27383E-12,  0.00000E+00,  1.96515E+11,  8.28275E+11,  9.32096E-04,  3.98453E-04,  0.00000E+00,     1
  1795,  1.79500E-01,  2.57192E+15,  2.57212E+15,  2.57295E+15,  1.27383E-12,  0.00000E+00,  1.96232E+11,  8.28407E+11,  1.30917E-03,  3.98235E-04,  0.00000E+00,     0
  1796,  1.79600E-01,  2.57295E+15,  2.57314E+15,  2.57397E+15,  1.27383E-12,  0.00000E+00,  1.95950E+11,  8.21764E+11,  4.20880E-02,  3.95387E-04,  0.00000E+00,     0
  1797,  1.79700E-01,  2.57397E+15,  2.57416E+15,  2.57498E+15,  1.27383E-12,  0.00000E+00,  1.95721E+11,  8.14270E+11,  7.40251E-02,  3.92233E-04,  0.00000E+00,     0
  1798,  1.79800E-01,  2.57498E+15,  2.57517E+15,  2.57598E+15,  1.27383E-12,  0.00000E+00,  1.95536E+11,  8.13253E+11,  9.92201E-03,  3.91613E-04,  0.00000E+00,     0
  1799,  1.79900E-01,  2.57598E+15,  2.57618E+15,  2.57701E+15,  1.27383E-12,  0.00000E+00,  1.95291E+11,  8.28127E+11,  1.48836E-01,  3.97134E-04,  0.00000E+00,     0
  1800,  1.80000E-01,  2.57701E+15,  2.57720E+15,  2.57800E+15,  1.27383E-12,  0.00000E+00,  1.94868E+11,  7.97998E+11,  2.76882E-01,  3.85130E-04,  0.00000E+00,     0
  1801,  1.80100E-01,  2.57800E+15,  2.57820E+15,  2.57902E+15,  1.27383E-12,  0.00000E+00,  1.94952E+11,  8.24547E+11,  2.47117E-01,  3.95305E-04,  0.00000E+00,     0
  1802,  1.80200E-01,  2.57902E+15,  2.57922E+15,  2.58001E+15,  1.27383E-12,  0.00000E+00,  1.94398E+11,  7.97761E+11,  2.47045E-01,  3.84556E-04,  0.00000E+00,     0
  1803,  1.80300E-01,  2.58001E+15,  2.58021E+15,  2.58103E+15,  1.27383E-12,  0.00000E+00,  1.94449E+11,  8.24617E+11,  2.42077E-01,  3.94829E-04,  0.00000E+00,     0
  1804,  1.80400E-01,  2.58103E+15,  2.58123E+15,  2.58203E+15,  1.27383E-12,  0.00000E+00,  1.93897E+11,  8.00566E+11,  2.26169E-01,  3.85149E-04,  0.00000E+00,     0
  1805,  1.80500E-01,  2.58203E+15,  2.58222E+15,  2.58305E+15,  1.27383E-12,  0.00000E+00,  1.93914E+11,  8.24942E+11,  2.43068E-01,  3.94440E-04,  0.00000E+00,     0
  1806,  1.80600E-01,  2.58305E+15,  2.58324E+15,  2.58404E+15,  1.27383E-12,  0.00000E+00,  1.93367E+11,  8.02647E+11,  2.19335E-01,  3.85448E-04,  0.00000E+00,     0
  1807,  1.80700E-01,  2.58404E+15,  2.58423E+15,  2.58506E+15,  1.27383E-12,  0.00000E+00,  1.93364E+11,  8.22032E+11,  1.86937E-01,  3.92794E-04,  0.00000E+00,     0
  1808,  1.80800E-01,  2.58506E+15,  2.58525E+15,  2.58606E+15,  1.27383E-12,  0.00000E+00,  1.92889E+11,  8.08538E+11,  1.27379E-01,  3.87241E-04,  0.00000E+00,     0
  1809,  1.80900E-01,  2.58606E+15,  2.58625E+15,  2.58708E+15,  1.27383E-12,  0.00000E+00,  1.92768E+11,  8.30033E+11,  1.72982E-01,  3.95350E-04,  0.00000E+00,     0
  1810,  1.81000E-01,  2.58708E+15,  2.58727E+15,  2.58810E+15,  1.27383E-12,  0.00000E+00,  1.92302E+11,  8.22686E+11,  6.37426E-02,  3.92175E-04,  0.00000E+00,     0
  1811,  1.81100E-01,  2.58810E+15,  2.58829E+15,  2.58912E+15,  1.27383E-12,  0.00000E+00,  1.92087E+11,  8.27179E+11,  5.59199E-02,  3.93674E-04,  0.00000E+00,     0
  1812,  1.81200E-01,  2.58912E+15,  2.58931E+15,  2.59011E+15,  1.27383E-12,  0.00000E+00,  1.91758E+11,  8.00494E+11,  2.47327E-01,  3.83093E-04,  0.00000E+00,     0
  1813,  1.81300E-01,  2.59011E+15,  2.59030E+15,  2.59111E+15,  1.27383E-12,  0.00000E+00,  1.91800E+11,  8.15166E+11,  1.56175E-01,  3.88623E-04,  0.00000E+00,     0
  1814,  1.81400E-01,  2.59111E+15,  2.59131E+15,  2.59212E+15,  1.27383E-12,  0.00000E+00,  1.91368E+11,  8.12418E+11,  3.10883E-02,  3.87245E-04,  0.00000E+00,     0
  1815,  1.81500E-01,  2.59212E+15,  2.59231E+15,  2.59312E+15,  1.27383E-12,  0.00000E+00,  1.91143E+11,  8.08015E+11,  3.90983E-02,  3.85311E-04,  0.00000E+00,     0
  1816,  1.81600E-01,  2.59312E+15,  2.59331E+15,  2.59414E+15,  1.27383E-12,  0.00000E+00,  1.90934E+11,  8.29977E+11,  2.00973E-01,  3.93545E-04,  0.00000E+00,     0
  1817,  1.81700E-01,  2.59414E+15,  2.59433E+15,  2.59515E+15,  1.27383E-12,  0.00000E+00,  1.90446E+11,  8.21700E+11,  1.08118E-01,  3.90014E-04,  0.00000E+00,     0
  1818,  1.81800E-01,  2.59515E+15,  2.59534E+15,  2.59616E+15,  1.27383E-12,  0.00000E+00,  1.90268E+11,  8.19734E+11,  1.97814E-02,  3.89037E-04,  0.00000E+00,     0
  1819,  1.81900E-01,  2.59616E+15,  2.59635E+15,  2.59718E+15,  1.27383E-12,  0.00000E+00,  1.90021E+11,  8.25285E+11,  7.43245E-02,  3.90927E-04,  0.00000E+00,     0
  1820,  1.82000E-01,  2.59718E+15,  2.59737E+15,  2.59817E+15,  1.27383E-12,  0.00000E+00,  1.89676E+11,  8.04492E+11,  1.91385E-01,  3.82642E-04,  0.00000E+00,     0
  1821,  1.82100E-01,  2.59817E+15,  2.59836E+15,  2.59917E+15,  1.27383E-12,  0.00000E+00,  1.89640E+11,  8.14335E+11,  1.01674E-01,  3.86267E-04,  0.00000E+00,     0
  1822,  1.82200E-01,  2.59917E+15,  2.59936E+15,  2.60018E+15,  1.27383E-12,  0.00000E+00,  1.89275E+11,  8.17397E+11,  1.67853E-02,  3.87155E-04,  0.00000E+00,     0
  1823,  1.82300E-01,  2.60018E+15,  2.60037E+15,  2.60118E+15,  1.27383E-12,  0.00000E+00,  1.88996E+11,  8.14548E+11,  2.00928E-02,  3.85803E-04,  0.00000E+00,     0
  1824,  1.82400E-01,  2.60118E+15,  2.60137E+15,  2.60220E+15,  1.27383E-12,  0.00000E+00,  1.88757E+11,  8.25758E+11,  1.13651E-01,  3.89869E-04,  0.00000E+00,     0
  1825,  1.82500E-01,  2.60220E+15,  2.60239E+15,  2.60321E+15,  1.27383E-12,  0.00000E+00,  1.88371E+11,  8.26398E+11,  1.27673E-02,  3.89814E-04,  0.00000E+00,     0
  1826,  1.82600E-01,  2.60321E+15,  2.60340E+15,  2.60423E+15,  1.27383E-12,  0.00000E+00,  1.88102E+11,  8.24171E+11,  5.01449E-03,  3.88704E-04,  0.00000E+00,     0
  1827,  1.82700E-01,  2.60423E+15,  2.60441E+15,  2.60523E+15,  1.27383E-12,  0.00000E+00,  1.87837E+11,  8.20058E+11,  3.87104E-02,  3.86873E-04,  0.00000E+00,     0
  1828,  1.82800E-01,  2.60523E+15,  2.60542E+15,  2.60625E+15,  1.27383E-12,  0.00000E+00,  1.87606E+11,  8.28000E+11,  7.65447E-02,  3.89681E-04,  0.00000E+00,     0
  1829,  1.82900E-01,  2.60625E+15,  2.60644E+15,  2.60726E+15,  1.27383E-12,  0.00000E+00,  1.87258E+11,  8.23511E+11,  5.83883E-02,  3.87675E-04,  0.00000E+00,     0
  1830,  1.83000E-01,  2.60726E+15,  2.60745E+15,  2.60824E+15,  1.27383E-12,  0.00000E+00,  1.87039E+11,  7.98117E+11,  2.20903E-01,  3.77708E-04,  0.00000E+00,     0
  1831,  1.83100E-01,  2.60824E+15,  2.60843E+15,  2.60926E+15,  1.27383E-12,  0.00000E+00,  1.87064E+11,  8.25726E+11,  2.42248E-01,  3.88152E-04,  0.00000E+00,     0
  1832,  1.83200E-01,  2.60926E+15,  2.60944E+15,  2.61025E+15,  1.27383E-12,  0.00000E+00,  1.86518E+11,  8.07150E+11,  1.75082E-01,  3.80679E-04,  0.00000E+00,     0
  1833,  1.83300E-01,  2.61025E+15,  2.61044E+15,  2.61125E+15,  1.27383E-12,  0.00000E+00,  1.86457E+11,  8.09807E+11,  2.54004E-02,  3.81528E-04,  0.00000E+00,     0
  1834,  1.83400E-01,  2.61125E+15,  2.61143E+15,  2.61224E+15,  1.27383E-12,  0.00000E+00,  1.86184E+11,  8.04922E+11,  6.00074E-02,  3.79409E-04,  0.00000E+00,     0
  1835,  1.83500E-01,  2.61224E+15,  2.61242E+15,  2.61325E+15,  1.27383E-12,  0.00000E+00,  1.86008E+11,  8.28969E+11,  2.27439E-01,  3.88396E-04,  0.00000E+00,     0
  1836,  1.83600E-01,  2.61325E+15,  2.61344E+15,  2.61424E+15,  1.27383E-12,  0.00000E+00,  1.85476E+11,  8.03887E+11,  2.29016E-01,  3.78451E-04,  0.00000E+00,     0
  1837,  1.83700E-01,  2.61424E+15,  2.61443E+15,  2.61523E+15,  1.27383E-12,  0.00000E+00,  1.85491E+11,  8.04796E+11,  1.22928E-02,  3.78661E-04,  0.00000E+00,     0
  1838,  1.83800E-01,  2.61523E+15,  2.61542E+15,  2.61625E+15,  1.27383E-12,  0.00000E+00,  1.85238E+11,  8.30299E+11,  2.25072E-01,  3.88165E-04,  0.00000E+00,     0
  1839,  1.83900E-01,  2.61625E+15,  2.61643E+15,  2.61726E+15,  1.27383E-12,  0.00000E+00,  1.84712E+11,  8.28876E+11,  2.91399E-03,  3.87270E-04,  0.00000E+00,     0
  1840,  1.84000E-01,  2.61726E+15,  2.61745E+15,  2.61826E+15,  1.27383E-12,  0.00000E+00,  1.84433E+11,  8.16209E+11,  1.19531E-01,  3.82178E-04,  0.00000E+00,     0
  1841,  1.84100E-01,  2.61826E+15,  2.61845E+15,  2.61925E+15,  1.27383E-12,  0.00000E+00,  1.84290E+11,  8.04157E+11,  1.27952E-01,  3.77377E-04,  0.00000E+00,     0
  1842,  1.84200E-01,  2.61925E+15,  2.61944E+15,  2.62025E+15,  1.27383E-12,  0.00000E+00,  1.84186E+11,  8.13605E+11,  1.00954E-01,  3.80800E-04,  0.00000E+00,     0
  1843,  1.84300E-01,  2.62025E+15,  2.62043E+15,  2.62126E+15,  1.27383E-12,  0.00000E+00,  1.83824E+11,  8.29111E+11,  1.48568E-01,  3.86430E-04,  0.00000E+00,     0
  1844,  1.84400E-01,  2.62126E+15,  2.62145E+15,  2.62227E+15,  1.27383E-12,  0.00000E+00,  1.83398E+11,  8.22413E+11,  8.09873E-02,  3.83565E-04,  0.00000E+00,     0
  1845,  1.84500E-01,  2.62227E+15,  2.62245E+15,  2.62328E+15,  1.27383E-12,  0.00000E+00,  1.83200E+11,  8.24911E+11,  1.48127E-02,  3.84295E-04,  0.00000E+00,     0
  1846,  1.84600E-01,  2.62328E+15,  2.62346E+15,  2.62427E+15,  1.27383E-12,  0.00000E+00,  1.82909E+11,  8.13710E+11,  8.86210E-02,  3.79769E-04,  0.00000E+00,     0
  1847,  1.84700E-01,  2.62427E+15,  2.62446E+15,  2.62527E+15,  1.27383E-12,  0.00000E+00,  1.82749E+11,  8.09697E+11,  3.60964E-02,  3.78036E-04,  0.00000E+00,     0
  1848,  1.84800E-01,  2.62527E+15,  2.62545E+15,  2.62626E+15,  1.27383E-12,  0.00000E+00,  1.82540E+11,  8.11618E+11,  1.65239E-02,  3.78545E-04,  0.00000E+00,     0
  1849,  1.84900E-01,  2.62626E+15,  2.62644E+15,  2.62725E+15,  1.27383E-12,  0.00000E+00,  1.82274E+11,  8.05769E+11,  6.60989E-02,  3.76075E-04,  0.00000E+00,     0
  1850,  1.85000E-01,  2.62725E+15,  2.62743E+15,  2.62825E+15,  1.27383E-12,  0.00000E+00,  1.82102E+11,  8.19584E+11,  1.35289E-01,  3.81123E-04,  0.00000E+00,     0
  1851,  1.85100E-01,  2.62825E+15,  2.62843E+15,  2.62926E+15,  1.27383E-12,  0.00000E+00,  1.81694E+11,  8.30420E+11,  1.10197E-01,  3.84942E-04,  0.00000E+00,     0
  1852,  1.85200E-01,  2.62926E+15,  2.62944E+15,  2.63025E+15,  1.27383E-12,  0.00000E+00,  1.81310E+11,  8.06744E+11,  2.25773E-01,  3.75651E-04,  0.00000E+00,     0
  1853,  1.85300E-01,  2.63025E+15,  2.63043E+15,  2.63126E+15,  1.27383E-12,  0.00000E+00,  1.81305E+11,  8.30732E+11,  2.31497E-01,  3.84621E-04,  0.00000E+00,     0
  1854,  1.85400E-01,  2.63126E+15,  2.63144E+15,  2.63225E+15,  1.27383E-12,  0.00000E+00,  1.80780E+11,  8.08848E+11,  1.99784E-01,  3.75963E-04,  0.00000E+00,     0
  1855,  1.85500E-01,  2.63225E+15,  2.63243E+15,  2.63326E+15,  1.27383E-12,  0.00000E+00,  1.80737E+11,  8.24865E+11,  1.35497E-01,  3.81885E-04,  0.00000E+00,     0
  1856,  1.85600E-01,  2.63326E+15,  2.63344E+15,  2.63426E+15,  1.27383E-12,  0.00000E+00,  1.80326E+11,  8.23420E+11,  1.91775E-02,  3.81035E-04,  0.00000E+00,     0
  1857,  1.85700E-01,  2.63426E+15,  2.63444E+15,  2.63524E+15,  1.27383E-12,  0.00000E+00,  1.80069E+11,  7.98177E+11,  2.15464E-01,  3.71217E-04,  0.00000E+00,     0
  1858,  1.85800E-01,  2.63524E+15,  2.63542E+15,  2.63623E+15,  1.27383E-12,  0.00000E+00,  1.80093E+11,  8.10868E+11,  1.24394E-01,  3.75901E-04,  0.00000E+00,     0
  1859,  1.85900E-01,  2.63623E+15,  2.63641E+15,  2.63721E+15,  1.27383E-12,  0.00000E+00,  1.79704E+11,  7.97476E+11,  1.38111E-01,  3.70536E-04,  0.00000E+00,     0
  1860,  1.86000E-01,  2.63721E+15,  2.63739E+15,  2.63820E+15,  1.27383E-12,  0.00000E+00,  1.79635E+11,  8.17104E+11,  1.97057E-01,  3.77810E-04,  0.00000E+00,     0
  1861,  1.86100E-01,  2.63820E+15,  2.63838E+15,  2.63921E+15,  1.27383E-12,  0.00000E+00,  1.79151E+11,  8.30786E+11,  1.21087E-01,  3.82666E-04,  0.00000E+00,     0
  1862,  1.86200E-01,  2.63921E+15,  2.63939E+15,  2.64021E+15,  1.27383E-12,  0.00000E+00,  1.78745E+11,  8.18884E+11,  1.10590E-01,  3.77860E-04,  0.00000E+00,     0
  1863,  1.86300E-01,  2.64021E+15,  2.64039E+15,  2.64122E+15,  1.27383E-12,  0.00000E+00,  1.78587E+11,  8.26045E+11,  5.96950E-02,  3.80367E-04,  0.00000E+00,     0
  1864,  1.86400E-01,  2.64122E+15,  2.64139E+15,  2.64221E+15,  1.27383E-12,  0.00000E+00,  1.78256E+11,  8.16679E+11,  8.01565E-02,  3.76554E-04,  0.00000E+00,     0
  1865,  1.86500E-01,  2.64221E+15,  2.64239E+15,  2.64319E+15,  1.27383E-12,  0.00000E+00,  1.78076E+11,  8.04728E+11,  1.28324E-01,  3.71825E-04,  0.00000E+00,     0
  1866,  1.86600E-01,  2.64319E+15,  2.64337E+15,  2.64419E+15,  1.27383E-12,  0.00000E+00,  1.77973E+11,  8.17919E+11,  1.37312E-01,  3.76634E-04,  0.00000E+00,     0
  1867,  1.86700E-01,  2.64419E+15,  2.64437E+15,  2.64518E+15,  1.27383E-12,  0.00000E+00,  1.77565E+11,  8.17928E+11,  3.20543E-03,  3.76342E-04,  0.00000E+00,     0
  1868,  1.86800E-01,  2.64518E+15,  2.64536E+15,  2.64619E+15,  1.27383E-12,  0.00000E+00,  1.77304E+11,  8.27499E+11,  1.08443E-01,  3.79717E-04,  0.00000E+00,     0
  1869,  1.86900E-01,  2.64619E+15,  2.64637E+15,  2.64718E+15,  1.27383E-12,  0.00000E+00,  1.76929E+11,  8.11335E+11,  1.65708E-01,  3.73327E-04,  0.00000E+00,     0
  1870,  1.87000E-01,  2.64718E+15,  2.64735E+15,  2.64818E+15,  1.27383E-12,  0.00000E+00,  1.76842E+11,  8.25053E+11,  1.26755E-01,  3.78333E-04,  0.00000E+00,     0
  1871,  1.87100E-01,  2.64818E+15,  2.64836E+15,  2.64917E+15,  1.27383E-12,  0.00000E+00,  1.76443E+11,  8.11776E+11,  1.24183E-01,  3.73030E-04,  0.00000E+00,     0
  1872,  1.87200E-01,  2.64917E+15,  2.64934E+15,  2.65017E+15,  1.27383E-12,  0.00000E+00,  1.76318E+11,  8.29200E+11,  1.45595E-01,  3.79416E-04,  0.00000E+00,     0
  1873,  1.87300E-01,  2.65017E+15,  2.65035E+15,  2.65116E+15,  1.27383E-12,  0.00000E+00,  1.75891E+11,  8.11274E+11,  1.49998E-01,  3.72352E-04,  0.00000E+00,     0
  1874,  1.87400E-01,  2.65116E+15,  2.65134E+15,  2.65213E+15,  1.27383E-12,  0.00000E+00,  1.75797E+11,  7.98428E+11,  1.30398E-01,  3.67336E-04,  0.00000E+00,     0
  1875,  1.87500E-01,  2.65213E+15,  2.65231E+15,  2.65313E+15,  1.27383E-12,  0.00000E+00,  1.75719E+11,  8.23952E+11,  2.36089E-01,  3.76789E-04,  0.00000E+00,     0
  1876,  1.87600E-01,  2.65313E+15,  2.65331E+15,  2.65411E+15,  1.27383E-12,  0.00000E+00,  1.75180E+11,  8.04489E+11,  1.89869E-01,  3.69114E-04,  0.00000E+00,     0
  1877,  1.87700E-01,  2.65411E+15,  2.65429E+15,  2.65510E+15,  1.27383E-12,  0.00000E+00,  1.75146E+11,  8.09590E+11,  6.54658E-02,  3.70885E-04,  0.00000E+00,     0
  1878,  1.87800E-01,  2.65510E+15,  2.65527E+15,  2.65610E+15,  1.27383E-12,  0.00000E+00,  1.74830E+11,  8.25492E+11,  1.49597E-01,  3.76613E-04,  0.00000E+00,     0
  1879,  1.87900E-01,  2.65610E+15,  2.65627E+15,  2.65709E+15,  1.27383E-12,  0.00000E+00,  1.74407E+11,  8.18099E+11,  7.55863E-02,  3.73531E-04,  0.00000E+00,     0
  1880,  1.88000E-01,  2.65709E+15,  2.65727E+15,  2.65810E+15,  1.27383E-12,  0.00000E+00,  1.74213E+11,  8.29157E+11,  7.79071E-02,  3.77477E-04,  0.00000E+00,     0
  1881,  1.88100E-01,  2.65810E+15,  2.65827E+15,  2.65910E+15,  1.27383E-12,  0.00000E+00,  1.73857E+11,  8.29144E+11,  2.66717E-03,  3.77196E-04,  0.00000E+00,     0
  1882,  1.88200E-01,  2.65910E+15,  2.65927E+15,  2.66008E+15,  1.27383E-12,  0.00000E+00,  1.73577E+11,  8.04591E+11,  2.09166E-01,  3.67722E-04,  0.00000E+00,     0
  1883,  1.88300E-01,  2.66008E+15,  2.66025E+15,  2.66108E+15,  1.27383E-12,  0.00000E+00,  1.73571E+11,  8.25560E+11,  2.04428E-01,  3.75461E-04,  0.00000E+00,     0
  1884,  1.88400E-01,  2.66108E+15,  2.66125E+15,  2.66207E+15,  1.27383E-12,  0.00000E+00,  1.73082E+11,  8.20566E+11,  5.47049E-02,  3.73262E-04,  0.00000E+00,     0
  1885,  1.88500E-01,  2.66207E+15,  2.66224E+15,  2.66304E+15,  1.27383E-12,  0.00000E+00,  1.72867E+11,  8.00105E+11,  1.92707E-01,  3.65361E-04,  0.00000E+00,     0
  1886,  1.88600E-01,  2.66304E+15,  2.66322E+15,  2.66403E+15,  1.27383E-12,  0.00000E+00,  1.72856E+11,  8.17816E+11,  1.73054E-01,  3.71869E-04,  0.00000E+00,     0
  1887,  1.88700E-01,  2.66403E+15,  2.66421E+15,  2.66501E+15,  1.27383E-12,  0.00000E+00,  1.72404E+11,  8.00128E+11,  1.71438E-01,  3.64927E-04,  0.00000E+00,     0
  1888,  1.88800E-01,  2.66501E+15,  2.66518E+15,  2.66600E+15,  1.27383E-12,  0.00000E+00,  1.72367E+11,  8.17740E+11,  1.78888E-01,  3.71384E-04,  0.00000E+00,     0
  1889,  1.88900E-01,  2.66600E+15,  2.66617E+15,  2.66698E+15,  1.27383E-12,  0.00000E+00,  1.71911E+11,  8.11312E+11,  7.01404E-02,  3.68665E-04,  0.00000E+00,     0
  1890,  1.89000E-01,  2.66698E+15,  2.66715E+15,  2.66796E+15,  1.27383E-12,  0.00000E+00,  1.71727E+11,  8.08147E+11,  4.10028E-02,  3.67275E-04,  0.00000E+00,     0
  1891,  1.89100E-01,  2.66796E+15,  2.66813E+15,  2.66896E+15,  1.27383E-12,  0.00000E+00,  1.71525E+11,  8.29275E+11,  1.74533E-01,  3.74978E-04,  0.00000E+00,     0
  1892,  1.89200E-01,  2.66896E+15,  2.66913E+15,  2.66993E+15,  1.27383E-12,  0.00000E+00,  1.71059E+11,  7.96257E+11,  2.65952E-01,  3.62301E-04,  0.00000E+00,     0
  1893,  1.89300E-01,  2.66993E+15,  2.67010E+15,  2.67092E+15,  1.27383E-12,  0.00000E+00,  1.71148E+11,  8.24450E+11,  2.53450E-01,  3.72754E-04,  0.00000E+00,     0
  1894,  1.89400E-01,  2.67092E+15,  2.67109E+15,  2.67190E+15,  1.27383E-12,  0.00000E+00,  1.70582E+11,  8.12030E+11,  1.17503E-01,  3.67757E-04,  0.00000E+00,     0
  1895,  1.89500E-01,  2.67190E+15,  2.67208E+15,  2.67289E+15,  1.27383E-12,  0.00000E+00,  1.70446E+11,  8.11619E+11,  3.75749E-03,  3.67417E-04,  0.00000E+00,     0
  1896,  1.89600E-01,  2.67289E+15,  2.67306E+15,  2.67387E+15,  1.27383E-12,  0.00000E+00,  1.70199E+11,  8.17220E+11,  5.84467E-02,  3.69284E-04,  0.00000E+00,     0
  1897,  1.89700E-01,  2.67387E+15,  2.67404E+15,  2.67486E+15,  1.27383E-12,  0.00000E+00,  1.69883E+11,  8.18137E+11,  3.68559E-03,  3.69372E-04,  0.00000E+00,     0
  1898,  1.89800E-01,  2.67486E+15,  2.67503E+15,  2.67584E+15,  1.27383E-12,  0.00000E+00,  1.69616E+11,  8.09546E+11,  8.70671E-02,  3.65927E-04,  0.00000E+00,     0
  1899,  1.89900E-01,  2.67584E+15,  2.67601E+15,  2.67682E+15,  1.27383E-12,  0.00000E+00,  1.69458E+11,  8.10805E+11,  1.26931E-02,  3.66204E-04,  0.00000E+00,     0
  1900,  1.90000E-01,  2.67682E+15,  2.67699E+15,  2.67782E+15,  1.27383E-12,  0.00000E+00,  1.69195E+11,  8.25662E+11,  1.44672E-01,  3.71518E-04,  0.00000E+00,     0
  1901,  1.90100E-01,  2.67782E+15,  2.67799E+15,  2.67881E+15,  1.27383E-12,  0.00000E+00,  1.68775E+11,  8.27850E+11,  2.61554E-02,  3.72040E-04,  0.00000E+00,     0
  1902,  1.90200E-01,  2.67881E+15,  2.67898E+15,  2.67981E+15,  1.27383E-12,  0.00000E+00,  1.68452E+11,  8.27894E+11,  1.38908E-03,  3.71797E-04,  0.00000E+00,     0
  1903,  1.90300E-01,  2.67981E+15,  2.67998E+15,  2.68079E+15,  1.27383E-12,  0.00000E+00,  1.68178E+11,  8.09653E+11,  1.78311E-01,  3.64755E-04,  0.00000E+00,     0
  1904,  1.90400E-01,  2.68079E+15,  2.68096E+15,  2.68177E+15,  1.27383E-12,  0.00000E+00,  1.68136E+11,  8.17720E+11,  8.91798E-02,  3.67613E-04,  0.00000E+00,     0
  1905,  1.90500E-01,  2.68177E+15,  2.68194E+15,  2.68276E+15,  1.27383E-12,  0.00000E+00,  1.67790E+11,  8.17735E+11,  1.63644E-03,  3.67355E-04,  0.00000E+00,     0
  1906,  1.90600E-01,  2.68276E+15,  2.68293E+15,  2.68374E+15,  1.27383E-12,  0.00000E+00,  1.67531E+11,  8.11787E+11,  6.14612E-02,  3.64908E-04,  0.00000E+00,     0
  1907,  1.90700E-01,  2.68374E+15,  2.68391E+15,  2.68474E+15,  1.27383E-12,  0.00000E+00,  1.67342E+11,  8.31058E+11,  1.57694E-01,  3.71880E-04,  0.00000E+00,     0
  1908,  1.90800E-01,  2.68474E+15,  2.68490E+15,  2.68571E+15,  1.27383E-12,  0.00000E+00,  1.66901E+11,  8.02928E+11,  2.38230E-01,  3.61107E-04,  0.00000E+00,     0
  1909,  1.90900E-01,  2.68571E+15,  2.68587E+15,  2.68670E+15,  1.27383E-12,  0.00000E+00,  1.66932E+11,  8.30616E+11,  2.31751E-01,  3.71291E-04,  0.00000E+00,     0
  1910,  1.91000E-01,  2.68670E+15,  2.68687E+15,  2.68768E+15,  1.27383E-12,  0.00000E+00,  1.66397E+11,  8.05960E+11,  2.10751E-01,  3.61784E-04,  0.00000E+00,     0
  1911,  1.91100E-01,  2.68768E+15,  2.68784E+15,  2.68866E+15,  1.27383E-12,  0.00000E+00,  1.66386E+11,  8.13747E+11,  8.85752E-02,  3.64544E-04,  0.00000E+00,     0
  1912,  1.91200E-01,  2.68866E+15,  2.68882E+15,  2.68965E+15,  1.27383E-12,  0.00000E+00,  1.66043E+11,  8.27986E+11,  1.37034E-01,  3.69576E-04,  0.00000E+00,     0
  1913,  1.91300E-01,  2.68965E+15,  2.68982E+15,  2.69063E+15,  1.27383E-12,  0.00000E+00,  1.65616E+11,  8.14802E+11,  1.21617E-01,  3.64382E-04,  0.00000E+00,     0
  1914,  1.91400E-01,  2.69063E+15,  2.69080E+15,  2.69163E+15,  1.27383E-12,  0.00000E+00,  1.65502E+11,  8.30782E+11,  1.20756E-01,  3.70142E-04,  0.00000E+00,     0
  1915,  1.91500E-01,  2.69163E+15,  2.69179E+15,  2.69259E+15,  1.27383E-12,  0.00000E+00,  1.65101E+11,  7.99657E+11,  2.57287E-01,  3.58301E-04,  0.00000E+00,     0
  1916,  1.91600E-01,  2.69259E+15,  2.69276E+15,  2.69359E+15,  1.27383E-12,  0.00000E+00,  1.65170E+11,  8.32103E+11,  2.68365E-01,  3.70239E-04,  0.00000E+00,     0
  1917,  1.91700E-01,  2.69359E+15,  2.69375E+15,  2.69456E+15,  1.27383E-12,  0.00000E+00,  1.64581E+11,  8.10462E+11,  1.85293E-01,  3.61856E-04,  0.00000E+00,     0
  1918,  1.91800E-01,  2.69456E+15,  2.69473E+15,  2.69556E+15,  1.27383E-12,  0.00000E+00,  1.64531E+11,  8.32130E+11,  1.84585E-01,  3.69742E-04,  0.00000E+00,     0
  1919,  1.91900E-01,  2.69556E+15,  2.69572E+15,  2.69654E+15,  1.27383E-12,  0.00000E+00,  1.64059E+11,  8.10489E+11,  1.85252E-01,  3.61407E-04,  0.00000E+00,     0
  1920,  1.92000E-01,  2.69654E+15,  2.69670E+15,  2.69753E+15,  1.27383E-12,  0.00000E+00,  1.64010E+11,  8.27351E+11,  1.60990E-01,  3.67507E-04,  0.00000E+00,     0
  1921,  1.92100E-01,  2.69753E+15,  2.69769E+15,  2.69852E+15,  1.27383E-12,  0.00000E+00,  1.63576E+11,  8.27176E+11,  1.85096E-02,  3.67147E-04,  0.00000E+00,     0
  1922,  1.92200E-01,  2.69852E+15,  2.69868E+15,  2.69951E+15,  1.27383E-12,  0.00000E+00,  1.63317E+11,  8.31078E+11,  6.05068E-02,  3.68361E-04,  0.00000E+00,     0
  1923,  1.92300E-01,  2.69951E+15,  2.69967E+15,  2.70048E+15,  1.27383E-12,  0.00000E+00,  1.62991E+11,  8.04337E+11,  2.50170E-01,  3.58206E-04,  0.00000E+00,     0
  1924,  1.92400E-01,  2.70048E+15,  2.70064E+15,  2.70147E+15,  1.27383E-12,  0.00000E+00,  1.63037E+11,  8.32165E+11,  2.36807E-01,  3.68392E-04,  0.00000E+00,     0
  1925,  1.92500E-01,  2.70147E+15,  2.70164E+15,  2.70245E+15,  1.27383E-12,  0.00000E+00,  1.62501E+11,  8.10625E+11,  1.82959E-01,  3.60091E-04,  0.00000E+00,     0
  1926,  1.92600E-01,  2.70245E+15,  2.70261E+15,  2.70344E+15,  1.27383E-12,  0.00000E+00,  1.62451E+11,  8.32189E+11,  1.82446E-01,  3.67916E-04,  0.00000E+00,     0
  1927,  1.92700E-01,  2.70344E+15,  2.70360E+15,  2.70441E+15,  1.27383E-12,  0.00000E+00,  1.61987E+11,  8.10372E+11,  1.87954E-01,  3.59545E-04,  0.00000E+00,     0
  1928,  1.92800E-01,  2.70441E+15,  2.70458E+15,  2.70541E+15,  1.27383E-12,  0.00000E+00,  1.61944E+11,  8.32211E+11,  1.87499E-01,  3.67469E-04,  0.00000E+00,     0
  1929,  1.92900E-01,  2.70541E+15,  2.70557E+15,  2.70640E+15,  1.27383E-12,  0.00000E+00,  1.61474E+11,  8.31511E+11,  1.31030E-02,  3.66903E-04,  0.00000E+00,     0
  1930,  1.93000E-01,  2.70640E+15,  2.70656E+15,  2.70740E+15,  1.27383E-12,  0.00000E+00,  1.61212E+11,  8.32226E+11,  1.01162E-02,  3.66935E-04,  0.00000E+00,     0
  1931,  1.93100E-01,  2.70740E+15,  2.70756E+15,  2.70838E+15,  1.27383E-12,  0.00000E+00,  1.60924E+11,  8.28610E+11,  2.70773E-02,  3.65360E-04,  0.00000E+00,     0
  1932,  1.93200E-01,  2.70838E+15,  2.70855E+15,  2.70937E+15,  1.27383E-12,  0.00000E+00,  1.60690E+11,  8.22306E+11,  4.00726E-02,  3.62814E-04,  0.00000E+00,     0
  1933,  1.93300E-01,  2.70937E+15,  2.70953E+15,  2.71036E+15,  1.27383E-12,  0.00000E+00,  1.60478E+11,  8.32243E+11,  6.35063E-02,  3.66269E-04,  0.00000E+00,     0
  1934,  1.93400E-01,  2.71036E+15,  2.71052E+15,  2.71133E+15,  1.27383E-12,  0.00000E+00,  1.60138E+11,  8.10042E+11,  1.89190E-01,  3.57824E-04,  0.00000E+00,     0
  1935,  1.93500E-01,  2.71133E+15,  2.71149E+15,  2.71232E+15,  1.27383E-12,  0.00000E+00,  1.60113E+11,  8.27255E+11,  1.84535E-01,  3.64031E-04,  0.00000E+00,     0
  1936,  1.93600E-01,  2.71232E+15,  2.71248E+15,  2.71331E+15,  1.27383E-12,  0.00000E+00,  1.59665E+11,  8.31088E+11,  1.32439E-02,  3.65146E-04,  0.00000E+00,     0
  1937,  1.93700E-01,  2.71331E+15,  2.71347E+15,  2.71427E+15,  1.27383E-12,  0.00000E+00,  1.59397E+11,  7.98860E+11,  2.69347E-01,  3.53044E-04,  0.00000E+00,     0
  1938,  1.93800E-01,  2.71427E+15,  2.71443E+15,  2.71526E+15,  1.27383E-12,  0.00000E+00,  1.59496E+11,  8.32287E+11,  2.75807E-01,  3.65263E-04,  0.00000E+00,     0
  1939,  1.93900E-01,  2.71526E+15,  2.71542E+15,  2.71625E+15,  1.27383E-12,  0.00000E+00,  1.58906E+11,  8.31071E+11,  1.37898E-02,  3.64465E-04,  0.00000E+00,     0
  1940,  1.94000E-01,  2.71625E+15,  2.71641E+15,  2.71723E+15,  1.27383E-12,  0.00000E+00,  1.58628E+11,  8.26935E+11,  5.41850E-02,  3.62708E-04,  0.00000E+00,     0
  1941,  1.94100E-01,  2.71723E+15,  2.71739E+15,  2.71823E+15,  1.27383E-12,  0.00000E+00,  1.58418E+11,  8.32289E+11,  5.52276E-02,  3.64468E-04,  0.00000E+00,     0
  1942,  1.94200E-01,  2.71823E+15,  2.71838E+15,  2.71922E+15,  1.27383E-12,  0.00000E+00,  1.58102E+11,  8.32330E+11,  1.90655E-02,  3.64234E-04,  0.00000E+00,     0
  1943,  1.94300E-01,  2.71922E+15,  2.71937E+15,  2.72020E+15,  1.27383E-12,  0.00000E+00,  1.57849E+11,  8.28034E+11,  2.79669E-02,  3.62430E-04,  0.00000E+00,     0
  1944,  1.94400E-01,  2.72020E+15,  2.72036E+15,  2.72119E+15,  1.27383E-12,  0.00000E+00,  1.57620E+11,  8.32316E+11,  2.57369E-02,  3.63788E-04,  0.00000E+00,     0
  1945,  1.94500E-01,  2.72119E+15,  2.72135E+15,  2.72214E+15,  1.27383E-12,  0.00000E+00,  1.57332E+11,  7.96350E+11,  2.98123E-01,  3.50342E-04,  0.00000E+00,     0
  1946,  1.94600E-01,  2.72214E+15,  2.72230E+15,  2.72313E+15,  1.27383E-12,  0.00000E+00,  1.57489E+11,  8.32441E+11,  3.24167E-01,  3.63526E-04,  0.00000E+00,     0
  1947,  1.94700E-01,  2.72313E+15,  2.72329E+15,  2.72412E+15,  1.27383E-12,  0.00000E+00,  1.56840E+11,  8.25662E+11,  6.04078E-02,  3.60668E-04,  0.00000E+00,     0
  1948,  1.94800E-01,  2.72412E+15,  2.72427E+15,  2.72511E+15,  1.27383E-12,  0.00000E+00,  1.56640E+11,  8.32338E+11,  2.69821E-02,  3.62914E-04,  0.00000E+00,     0
  1949,  1.94900E-01,  2.72511E+15,  2.72526E+15,  2.72606E+15,  1.27383E-12,  0.00000E+00,  1.56348E+11,  8.00312E+11,  2.66881E-01,  3.50931E-04,  0.00000E+00,     0
  1950,  1.95000E-01,  2.72606E+15,  2.72622E+15,  2.72705E+15,  1.27383E-12,  0.00000E+00,  1.56448E+11,  8.28001E+11,  2.67882E-01,  3.60994E-04,  0.00000E+00,     0
  1951,  1.95100E-01,  2.72705E+15,  2.72720E+15,  2.72804E+15,  1.27383E-12,  0.00000E+00,  1.55887E+11,  8.32360E+11,  1.69858E-02,  3.62256E-04,  0.00000E+00,     0
  1952,  1.95200E-01,  2.72804E+15,  2.72819E+15,  2.72899E+15,  1.27383E-12,  0.00000E+00,  1.55616E+11,  8.00043E+11,  2.65927E-01,  3.50188E-04,  0.00000E+00,     0
  1953,  1.95300E-01,  2.72899E+15,  2.72915E+15,  2.72997E+15,  1.27383E-12,  0.00000E+00,  1.55715E+11,  8.17897E+11,  1.69901E-01,  3.56639E-04,  0.00000E+00,     0
  1954,  1.95400E-01,  2.72997E+15,  2.73012E+15,  2.73095E+15,  1.27383E-12,  0.00000E+00,  1.55283E+11,  8.32383E+11,  1.17348E-01,  3.61656E-04,  0.00000E+00,     0
  1955,  1.95500E-01,  2.73095E+15,  2.73111E+15,  2.73193E+15,  1.27383E-12,  0.00000E+00,  1.54899E+11,  8.21081E+11,  8.88260E-02,  3.57249E-04,  0.00000E+00,     0
  1956,  1.95600E-01,  2.73193E+15,  2.73208E+15,  2.73292E+15,  1.27383E-12,  0.00000E+00,  1.54736E+11,  8.32398E+11,  8.77368E-02,  3.61202E-04,  0.00000E+00,     0
  1957,  1.95700E-01,  2.73292E+15,  2.73307E+15,  2.73388E+15,  1.27383E-12,  0.00000E+00,  1.54388E+11,  8.06558E+11,  2.20847E-01,  3.51496E-04,  0.00000E+00,     0
  1958,  1.95800E-01,  2.73388E+15,  2.73403E+15,  2.73486E+15,  1.27383E-12,  0.00000E+00,  1.54408E+11,  8.32411E+11,  2.21319E-01,  3.60829E-04,  0.00000E+00,     0
  1959,  1.95900E-01,  2.73486E+15,  2.73502E+15,  2.73582E+15,  1.27383E-12,  0.00000E+00,  1.53901E+11,  8.01777E+11,  2.54781E-01,  3.49321E-04,  0.00000E+00,     0
  1960,  1.96000E-01,  2.73582E+15,  2.73597E+15,  2.73681E+15,  1.27383E-12,  0.00000E+00,  1.53978E+11,  8.32428E+11,  2.55639E-01,  3.60422E-04,  0.00000E+00,     0
  1961,  1.96100E-01,  2.73681E+15,  2.73696E+15,  2.73779E+15,  1.27383E-12,  0.00000E+00,  1.53421E+11,  8.31219E+11,  1.38351E-02,  3.59648E-04,  0.00000E+00,     0
  1962,  1.96200E-01,  2.73779E+15,  2.73794E+15,  2.73878E+15,  1.27383E-12,  0.00000E+00,  1.53145E+11,  8.32498E+11,  1.52971E-02,  3.59884E-04,  0.00000E+00,     0
  1963,  1.96300E-01,  2.73878E+15,  2.73893E+15,  2.73976E+15,  1.27383E-12,  0.00000E+00,  1.52895E+11,  8.32440E+11,  2.13915E-03,  3.59642E-04,  0.00000E+00,     0
  1964,  1.96400E-01,  2.73976E+15,  2.73991E+15,  2.74075E+15,  1.27383E-12,  0.00000E+00,  1.52623E+11,  8.32507E+11,  4.25633E-04,  3.59439E-04,  0.00000E+00,     1
  1965,  1.96500E-01,  2.74075E+15,  2.74090E+15,  2.74172E+15,  1.27383E-12,  0.00000E+00,  1.52370E+11,  8.22146E+11,  7.62300E-02,  3.55440E-04,  0.00000E+00,     0
  1966,  1.96600E-01,  2.74172E+15,  2.74187E+15,  2.74271E+15,  1.27383E-12,  0.00000E+00,  1.52199E+11,  8.32448E+11,  7.44351E-02,  3.59006E-04,  0.00000E+00,     0
  1967,  1.96700E-01,  2.74271E+15,  2.74286E+15,  2.74369E+15,  1.27383E-12,  0.00000E+00,  1.51864E+11,  8.27718E+11,  2.69668E-02,  3.57032E-04,  0.00000E+00,     0
  1968,  1.96800E-01,  2.74369E+15,  2.74384E+15,  2.74467E+15,  1.27383E-12,  0.00000E+00,  1.51637E+11,  8.32455E+11,  2.53700E-02,  3.58547E-04,  0.00000E+00,     0
  1969,  1.96900E-01,  2.74467E+15,  2.74482E+15,  2.74564E+15,  1.27383E-12,  0.00000E+00,  1.51353E+11,  8.18251E+11,  1.05602E-01,  3.53143E-04,  0.00000E+00,     0
  1970,  1.97000E-01,  2.74564E+15,  2.74579E+15,  2.74662E+15,  1.27383E-12,  0.00000E+00,  1.51225E+11,  8.31449E+11,  9.94481E-02,  3.57776E-04,  0.00000E+00,     0
  1971,  1.97100E-01,  2.74662E+15,  2.74677E+15,  2.74760E+15,  1.27383E-12,  0.00000E+00,  1.50868E+11,  8.32462E+11,  5.63418E-03,  3.57886E-04,  0.00000E+00,     0
  1972,  1.97200E-01,  2.74760E+15,  2.74776E+15,  2.74856E+15,  1.27383E-12,  0.00000E+00,  1.50602E+11,  8.06863E+11,  2.21310E-01,  3.48351E-04,  0.00000E+00,     0
  1973,  1.97300E-01,  2.74856E+15,  2.74871E+15,  2.74955E+15,  1.27383E-12,  0.00000E+00,  1.50630E+11,  8.32476E+11,  2.22244E-01,  3.57552E-04,  0.00000E+00,     0
  1974,  1.97400E-01,  2.74955E+15,  2.74970E+15,  2.75053E+15,  1.27383E-12,  0.00000E+00,  1.50123E+11,  8.32524E+11,  6.22733E-03,  3.57257E-04,  0.00000E+00,     0
  1975,  1.97500E-01,  2.75053E+15,  2.75068E+15,  2.75151E+15,  1.27383E-12,  0.00000E+00,  1.49863E+11,  8.32526E+11,  1.03532E-03,  3.57036E-04,  0.00000E+00,     0
  1976,  1.97600E-01,  2.75151E+15,  2.75166E+15,  2.75249E+15,  1.27383E-12,  0.00000E+00,  1.49605E+11,  8.32526E+11,  1.00033E-03,  3.56815E-04,  0.00000E+00,     0
  1977,  1.97700E-01,  2.75249E+15,  2.75264E+15,  2.75347E+15,  1.27383E-12,  0.00000E+00,  1.49348E+11,  8.32526E+11,  9.68462E-04,  3.56595E-04,  0.00000E+00,     1
  1978,  1.97800E-01,  2.75347E+15,  2.75362E+15,  2.75446E+15,  1.27383E-12,  0.00000E+00,  1.49093E+11,  8.32526E+11,  9.37042E-04,  3.56375E-04,  0.00000E+00,     2
  1979,  1.97900E-01,  2.75446E+15,  2.75460E+15,  2.75544E+15,  1.27383E-12,  0.00000E+00,  1.48838E+11,  8.32525E+11,  9.06665E-04,  3.56155E-04,  0.00000E+00,     3
  1980,  1.98000E-01,  2.75544E+15,  2.75559E+15,  2.75642E+15,  1.27383E-12,  0.00000E+00,  1.48583E+11,  8.32524E+11,  8.77354E-04,  3.55936E-04,  0.00000E+00,     4
  1981,  1.98100E-01,  2.75642E+15,  2.75657E+15,  2.75740E+15,  1.27383E-12,  0.00000E+00,  1.48330E+11,  8.32523E+11,  8.49078E-04,  3.55717E-04,  0.00000E+00,     5
  1982,  1.98200E-01,  2.75740E+15,  2.75755E+15,  2.75838E+15,  1.27383E-12,  0.00000E+00,  1.48077E+11,  8.32521E+11,  8.21799E-04,  3.55498E-04,  0.00000E+00,     6
  1983,  1.98300E-01,  2.75838E+15,  2.75853E+15,  2.75936E+15,  1.27383E-12,  0.00000E+00,  1.47825E+11,  8.32519E+11,  7.95480E-04,  3.55279E-04,  0.00000E+00,     7
  1984,  1.98400E-01,  2.75936E+15,  2.75951E+15,  2.76034E+15,  1.27383E-12,  0.00000E+00,  1.47573E+11,  8.32517E+11,  7.70017E-04,  3.55061E-04,  0.00000E+00,     8
  1985,  1.98500E-01,  2.76034E+15,  2.76049E+15,  2.76132E+15,  1.27383E-12,  0.00000E+00,  1.47323E+11,  8.32515E+11,  7.45576E-04,  3.54844E-04,  0.00000E+00,     9
  1986,  1.98600E-01,  2.76132E+15,  2.76147E+15,  2.76230E+15,  1.27383E-12,  0.00000E+00,  1.47072E+11,  8.32512E+11,  7.21938E-04,  3.54626E-04,  0.00000E+00,    10
  1987,  1.98700E-01,  2.76230E+15,  2.76245E+15,  2.76328E+15,  1.27383E-12,  0.00000E+00,  1.46823E+11,  8.32509E+11,  6.99120E-04,  3.54409E-04,  0.00000E+00,    11
  1988,  1.98800E-01,  2.76328E+15,  2.76343E+15,  2.76426E+15,  1.27383E-12,  0.00000E+00,  1.46573E+11,  8.32506E+11,  6.77099E-04,  3.54192E-04,  0.00000E+00,    12
  1989,  1.98900E-01,  2.76426E+15,  2.76440E+15,  2.76524E+15,  1.27383E-12,  0.00000E+00,  1.46325E+11,  8.32502E+11,  6.55845E-04,  3.53976E-04,  0.00000E+00,    13
  1990,  1.99000E-01,  2.76524E+15,  2.76538E+15,  2.76622E+15,  1.27383E-12,  0.00000E+00,  1.46077E+11,  8.32499E+11,  6.35330E-04,  3.53760E-04,  0.00000E+00,    14
  1991,  1.99100E-01,  2.76622E+15,  2.76636E+15,  2.76719E+15,  1.27383E-12,  0.00000E+00,  1.45829E+11,  8.32495E+11,  6.15527E-04,  3.53544E-04,  0.00000E+00,    15
  1992,  1.99200E-01,  2.76719E+15,  2.76734E+15,  2.76817E+15,  1.27383E-12,  0.00000E+00,  1.45582E+11,  8.32491E+11,  5.96410E-04,  3.53328E-04,  0.00000E+00,    16
  1993,  1.99300E-01,  2.76817E+15,  2.76832E+15,  2.76915E+15,  1.27383E-12,  0.00000E+00,  1.45335E+11,  8.32487E+11,  5.77954E-04,  3.53113E-04,  0.00000E+00,    17
  1994,  1.99400E-01,  2.76915E+15,  2.76929E+15,  2.77013E+15,  1.27383E-12,  0.00000E+00,  1.45089E+11,  8.32483E+11,  5.60135E-04,  3.52898E-04,  0.00000E+00,    18
  1995,  1.99500E-01,  2.77013E+15,  2.77027E+15,  2.77110E+15,  1.27383E-12,  0.00000E+00,  1.44843E+11,  8.32479E+11,  5.42894E-04,  3.52683E-04,  0.00000E+00,    19
  1996,  1.99600E-01,  2.77110E+15,  2.77125E+15,  2.77208E+15,  1.27383E-12,  0.00000E+00,  1.44597E+11,  8.32474E+11,  5.26310E-04,  3.52468E-04,  0.00000E+00,    20
  1997,  1.99700E-01,  2.77208E+15,  2.77223E+15,  2.77306E+15,  1.27383E-12,  0.00000E+00,  1.44352E+11,  8.32470E+11,  5.10269E-04,  3.52254E-04,  0.00000E+00,    21
  1998,  1.99800E-01,  2.77306E+15,  2.77320E+15,  2.77404E+15,  1.27383E-12,  0.00000E+00,  1.44107E+11,  8.32465E+11,  4.94772E-04,  3.52040E-04,  0.00000E+00,    22
  1999,  1.99900E-01,  2.77404E+15,  2.77418E+15,  2.77501E+15,  1.27383E-12,  0.00000E+00,  1.43862E+11,  8.32460E+11,  4.79804E-04,  3.51826E-04,  0.00000E+00,    23
  2000,  2.00000E-01,  2.77501E+15,  2.77516E+15,  2.77599E+15,  1.27383E-12,  0.00000E+00,  1.43618E+11,  8.32455E+11,  4.65345E-04,  3.51613E-04,  0.00000E+00,    24
