time_s,phase,Te_eV,EN_Td,Ptot,N2,N2(V1),N2(V2),N2(V3),N2(V4),N2(V5),N2(V6),N2(V7),N2(V8),N2(A3),N2(B3),N2(A`1),N2(C3),N,N(2D),N(2P),N^+,N2^+,N3^+,N4^+,H2,H2(B3SIG),H2(B1SIG),H2(C3PI),H2(A3SIG),H2(RYDBERG_SUM),H2(V1),H2(V2),H2(V3),H,H2^+,H3^+,H^+,H^-,NH,NH2,NH3,NH^+,N2H^+,NH2^+,NH3^+,NH4^+,E,SURF,HSURF,NSURF,NHSURF,NH2SURF
  0.00000E+00,0,  3.49960E+00,  1.40000E+02,  2.54766E-08,  2.44600E+18,  0.00000E+00,  0.00000E+00,  0.00000E+00,  0.00000E+00,  0.00000E+00,  0.00000E+00,  0.00000E+00,  0.00000E+00,  0.00000E+00,  0.00000E+00,  0.00000E+00,  0.00000E+00,  0.00000E+00,  0.00000E+00,  0.00000E+00,  0.00000E+00,  0.00000E+00,  0.00000E+00,  0.00000E+00,  2.20140E+19,  0.00000E+00,  0.00000E+00,  0.00000E+00,  0.00000E+00,  0.00000E+00,  0.00000E+00,  0.00000E+00,  0.00000E+00,  0.00000E+00,  0.00000E+00,  0.00000E+00,  0.00000E+00,  0.00000E+00,  0.00000E+00,  0.00000E+00,  0.00000E+00,  0.00000E+00,  0.00000E+00,  0.00000E+00,  0.00000E+00,  0.00000E+00,  1.17000E+08,  0.00000E+00,  0.00000E+00,  0.00000E+00,  0.00000E+00,  0.00000E+00
  5.00000E-05,1,  3.49960E+00,  1.40000E+02,  2.54766E-08,  2.44518E+18,  7.99981E+14,  2.89889E+11,  1.71138E+09,  8.12056E+08,  3.08433E+08,  1.47370E+08,  3.36015E+07,  9.70577E+06,  6.78942E+12,  4.50832E+08,  2.84945E+08,  5.24412E+09,  4.38574E+12,  8.94484E+01,  1.72041E+09,  1.65079E+01,  6.67059E+05,  5.54649E+04,  1.79408E+07,  2.20136E+19,  8.41811E+13,  3.29842E+13,  2.69047E+13,  1.74306E+13,  2.68009E+12,  1.72224E+13,  7.44495E+08,  1.08165E+03,  3.15966E+14,  5.42359E+06,  1.18657E+13,  1.33902E+11,  2.09034E+05,  5.33863E+12,  2.34605E+10,  8.75241E+11,  6.33847E+00,  2.77777E+12,  3.39840E+01,  5.85671E+09,  5.72940E+07,  1.17000E+08,  0.00000E+00,  0.00000E+00,  0.00000E+00,  0.00000E+00,  0.00000E+00
  1.00000E-04,2,  2.58352E-02,  0.00000E+00,  0.00000E+00,  2.44551E+18,  4.84510E+14,  1.02084E+11,  2.17397E+07,  1.20548E+04,  5.39998E+02,  3.24221E+03,  4.49401E-01,  3.41915E-04,  4.14933E+11,  9.20586E+04,  2.25811E+04,  5.28828E+05,  1.22230E+12,  4.67681E-01,  3.22443E+07,  5.54536E-02,  1.81993E+00,  5.50351E+04,  1.31661E+07,  2.20137E+19,  6.80277E+13,  2.66546E+13,  2.17412E+13,  1.40859E+13,  2.57433E+12,  3.69520E+12,  2.12934E+06,  6.63683E-01,  3.27802E+14,  0.00000E+00,  1.18651E+13,  7.39780E+10,  0.00000E+00,  5.21737E+12,  4.80657E+10,  3.74284E+12,  2.12921E-02,  2.76653E+12,  1.14159E-01,  5.71635E+10,  8.60788E+09,  1.17000E+08,  0.00000E+00,  0.00000E+00,  0.00000E+00,  0.00000E+00,  0.00000E+00
  1.50000E-04,1,  3.49960E+00,  1.40000E+02,  2.54766E-08,  2.44498E+18,  9.94746E+14,  4.41410E+11,  1.80327E+09,  8.11330E+08,  3.08373E+08,  1.47043E+08,  3.36007E+07,  9.70521E+06,  5.40422E+12,  4.41780E+08,  2.82703E+08,  5.19212E+09,  3.69942E+12,  5.03874E+01,  1.14920E+09,  1.39247E+01,  6.67013E+05,  1.03414E+05,  1.79375E+07,  2.20133E+19,  1.38486E+14,  5.42622E+13,  4.42605E+13,  2.86755E+13,  5.12470E+12,  2.22780E+13,  7.75625E+08,  1.45752E+03,  6.45403E+14,  5.42360E+06,  2.37974E+13,  9.14907E+10,  8.74395E+01,  9.46339E+12,  1.23183E+11,  7.03731E+12,  5.34664E+00,  5.55954E+12,  2.86661E+01,  1.29059E+11,  6.04509E+10,  1.17000E+08,  0.00000E+00,  0.00000E+00,  0.00000E+00,  0.00000E+00,  0.00000E+00
  2.00000E-04,2,  2.58352E-02,  0.00000E+00,  0.00000E+00,  2.44543E+18,  5.58139E+14,  1.35394E+11,  3.31464E+07,  8.81677E+03,  5.89027E+01,  3.41805E+02,  5.35116E-02,  4.51809E-05,  1.38221E+11,  9.70518E+03,  2.38175E+03,  5.57763E+04,  1.64928E+12,  2.88468E-01,  1.47639E+07,  7.47733E-02,  1.81523E+00,  1.02582E+05,  1.31313E+07,  2.20134E+19,  1.11571E+14,  4.37156E+13,  3.56569E+13,  2.31023E+13,  4.91396E+12,  4.83811E+12,  3.64885E+06,  1.48745E+00,  6.53446E+14,  0.00000E+00,  2.37962E+13,  8.91194E+09,  0.00000E+00,  6.65238E+12,  2.52751E+11,  1.10044E+13,  2.87102E-02,  5.53688E+12,  1.53930E-01,  9.52148E+10,  1.76027E+11,  1.17000E+08,  0.00000E+00,  0.00000E+00,  0.00000E+00,  0.00000E+00,  0.00000E+00
  2.50000E-04,1,  3.49960E+00,  1.40000E+02,  2.54766E-08,  2.44495E+18,  1.01818E+15,  4.61872E+11,  1.81681E+09,  8.10920E+08,  3.08343E+08,  1.46861E+08,  3.36008E+07,  9.70522E+06,  4.42371E+12,  4.36631E+08,  2.81439E+08,  5.16256E+09,  3.80714E+12,  4.35905E+01,  9.66056E+08,  1.43304E+01,  6.67013E+05,  1.43676E+05,  1.79369E+07,  2.20131E+19,  1.72465E+14,  6.75758E+13,  5.51199E+13,  3.57116E+13,  7.30886E+12,  2.29607E+13,  7.80439E+08,  1.51152E+03,  9.68915E+14,  5.42357E+06,  3.57314E+13,  3.86264E+10,  8.30833E+01,  1.03482E+13,  3.81339E+11,  1.49062E+13,  5.50239E+00,  8.33058E+12,  2.95010E+01,  9.07963E+10,  2.92646E+11,  1.17000E+08,  0.00000E+00,  0.00000E+00,  0.00000E+00,  0.00000E+00,  0.00000E+00
  3.00000E-04,2,  2.58352E-02,  0.00000E+00,  0.00000E+00,  2.44541E+18,  5.63326E+14,  1.37921E+11,  3.40766E+07,  8.42620E+03,  9.02371E+00,  4.13153E+01,  6.61414E-03,  5.73826E-06,  4.71523E+10,  1.17307E+03,  2.87843E+02,  6.74040E+03,  2.02446E+12,  1.52870E-01,  6.36349E+06,  9.16899E-02,  1.80836E+00,  1.42353E+05,  1.30803E+07,  2.20131E+19,  1.37688E+14,  5.39485E+13,  4.40032E+13,  2.85103E+13,  6.95912E+12,  4.92453E+12,  3.78098E+06,  1.56992E+00,  9.74976E+14,  0.00000E+00,  3.57297E+13,  4.66190E+08,  0.00000E+00,  6.89434E+12,  4.85611E+11,  1.92041E+13,  3.52055E-02,  8.29622E+12,  1.88754E-01,  2.52220E+10,  3.94379E+11,  1.17000E+08,  0.00000E+00,  0.00000E+00,  0.00000E+00,  0.00000E+00,  0.00000E+00
  3.50000E-04,1,  3.49960E+00,  1.40000E+02,  2.54766E-08,  2.44495E+18,  1.01977E+15,  4.63280E+11,  1.81761E+09,  8.10679E+08,  3.08328E+08,  1.46756E+08,  3.36010E+07,  9.70529E+06,  3.73070E+12,  4.33615E+08,  2.80699E+08,  5.14523E+09,  4.09135E+12,  4.24130E+01,  8.74669E+08,  1.54003E+01,  6.67017E+05,  1.78445E+05,  1.79366E+07,  2.20128E+19,  1.92204E+14,  7.53096E+13,  6.14278E+13,  3.97990E+13,  9.18480E+12,  2.30074E+13,  7.80774E+08,  1.51526E+03,  1.28865E+15,  5.42354E+06,  4.76632E+13,  2.43590E+10,  7.83002E+01,  1.04776E+13,  5.71720E+11,  2.32641E+13,  5.91320E+00,  1.10896E+13,  3.17035E+01,  5.51796E+10,  4.83054E+11,  1.17000E+08,  0.00000E+00,  0.00000E+00,  0.00000E+00,  0.00000E+00,  0.00000E+00
  4.00000E-04,2,  2.58352E-02,  0.00000E+00,  0.00000E+00,  2.44540E+18,  5.67851E+14,  1.40145E+11,  3.48937E+07,  8.60486E+03,  3.19001E+00,  5.74204E+00,  8.07596E-04,  5.65067E-07,  1.76709E+10,  1.62701E+02,  4.09633E+01,  9.56040E+02,  2.41184E+12,  8.37855E-02,  2.92547E+06,  1.09364E-01,  1.81669E+00,  1.76605E+05,  1.31390E+07,  2.20129E+19,  1.52796E+14,  5.98682E+13,  4.88315E+13,  3.16390E+13,  8.68552E+12,  5.00064E+12,  3.89803E+06,  1.63797E+00,  1.29353E+15,  0.00000E+00,  4.76609E+13,  3.50625E+07,  0.00000E+00,  6.94547E+12,  6.31226E+11,  2.75671E+13,  4.19917E-02,  1.10445E+13,  2.25138E-01,  6.91271E+09,  5.52794E+11,  1.17000E+08,  0.00000E+00,  0.00000E+00,  0.00000E+00,  0.00000E+00,  0.00000E+00
  4.50000E-04,1,  3.49960E+00,  1.40000E+02,  2.54766E-08,  2.44494E+18,  1.02115E+15,  4.64503E+11,  1.81835E+09,  8.10531E+08,  3.08318E+08,  1.46691E+08,  3.36012E+07,  9.70535E+06,  3.22422E+12,  4.31737E+08,  2.80238E+08,  5.13444E+09,  4.48438E+12,  4.40014E+01,  8.28042E+08,  1.68798E+01,  6.67021E+05,  2.08980E+05,  1.79364E+07,  2.20126E+19,  2.02889E+14,  7.94963E+13,  6.48427E+13,  4.20119E+13,  1.07285E+13,  2.30479E+13,  7.81066E+08,  1.51851E+03,  1.60574E+15,  5.42351E+06,  5.95927E+13,  1.77639E+10,  7.31789E+01,  1.04550E+13,  7.04862E+11,  3.16531E+13,  6.48128E+00,  1.38375E+13,  3.47491E+01,  4.24529E+10,  6.42664E+11,  1.17000E+08,  0.00000E+00,  0.00000E+00,  0.00000E+00,  0.00000E+00,  0.00000E+00
  5.00000E-04,2,  2.58352E-02,  0.00000E+00,  0.00000E+00,  2.44539E+18,  5.75224E+14,  1.43802E+11,  3.62743E+07,  9.05489E+03,  2.61179E+00,  1.35987E+00,  2.23962E-04,  1.99490E-07,  8.29359E+09,  3.85903E+01,  9.05616E+00,  2.12044E+02,  2.84770E+12,  5.65050E-02,  1.67025E+06,  1.29373E-01,  1.82997E+00,  2.06584E+05,  1.32332E+07,  2.20127E+19,  1.60789E+14,  6.29996E+13,  5.13855E+13,  3.32941E+13,  1.00722E+13,  5.12577E+12,  4.09685E+06,  1.77137E+00,  1.60986E+15,  1.04417-210,  5.95899E+13,  4.42223E+06,  0.00000E+00,  6.98725E+12,  7.36116E+11,  3.58720E+13,  4.96744E-02,  1.37826E+13,  2.66327E-01,  2.45887E+09,  6.96862E+11,  1.17000E+08,  0.00000E+00,  0.00000E+00,  0.00000E+00,  0.00000E+00,  0.00000E+00
  5.50000E-04,1,  3.49960E+00,  1.40000E+02,  2.54766E-08,  2.44493E+18,  1.02341E+15,  4.66506E+11,  1.81965E+09,  8.10433E+08,  3.08312E+08,  1.46647E+08,  3.36014E+07,  9.70540E+06,  2.83641E+12,  4.30481E+08,  2.79929E+08,  5.12722E+09,  4.96072E+12,  4.73569E+01,  8.05532E+08,  1.86730E+01,  6.67025E+05,  2.36067E+05,  1.79363E+07,  2.20124E+19,  2.07671E+14,  8.13698E+13,  6.63707E+13,  4.30022E+13,  1.19209E+13,  2.31146E+13,  7.81547E+08,  1.52386E+03,  1.92085E+15,  5.42348E+06,  7.15201E+13,  1.40286E+10,  6.77764E+01,  1.04094E+13,  8.03710E+11,  3.99628E+13,  7.16978E+00,  1.65752E+13,  3.84403E+01,  3.45587E+10,  7.94486E+11,  1.17000E+08,  0.00000E+00,  0.00000E+00,  0.00000E+00,  0.00000E+00,  0.00000E+00
  6.00000E-04,2,  2.58352E-02,  0.00000E+00,  0.00000E+00,  2.44539E+18,  5.67900E+14,  1.40160E+11,  3.49021E+07,  8.59668E+03,  2.22362E+00,  0.00000E+00,  0.00000E+00,  0.00000E+00,  2.13424E+09,  0.00000E+00,  0.00000E+00,  0.00000E+00,  3.29985E+12,  1.94132E-02,  5.05557E+05,  1.49562E-01,  1.81396E+00,  2.32920E+05,  1.31154E+07,  2.20125E+19,  1.61948E+14,  6.34538E+13,  5.17557E+13,  3.35343E+13,  1.10663E+13,  5.00098E+12,  3.89755E+06,  1.64022E+00,  1.92449E+15,  0.00000E+00,  7.15166E+13,  8.67632E+04,  1.38470-209,  6.86239E+12,  8.09978E+11,  4.42703E+13,  5.74262E-02,  1.65076E+13,  3.07887E-01,  7.22660E+08,  8.37927E+11,  1.17000E+08,  0.00000E+00,  0.00000E+00,  0.00000E+00,  0.00000E+00,  0.00000E+00
  6.50000E-04,1,  3.49960E+00,  1.40000E+02,  2.54766E-08,  2.44492E+18,  1.02115E+15,  4.64503E+11,  1.81824E+09,  8.10365E+08,  3.08309E+08,  1.46618E+08,  3.36016E+07,  9.70547E+06,  2.53289E+12,  4.29613E+08,  2.79715E+08,  5.12222E+09,  5.50061E+12,  5.19716E+01,  7.97346E+08,  2.07053E+01,  6.67029E+05,  2.60085E+05,  1.79362E+07,  2.20122E+19,  2.06983E+14,  8.11000E+13,  6.61505E+13,  4.28597E+13,  1.27233E+13,  2.30475E+13,  7.81064E+08,  1.51851E+03,  2.23438E+15,  5.42344E+06,  8.34451E+13,  1.16138E+10,  6.20240E+01,  1.02495E+13,  8.71079E+11,  4.82921E+13,  7.95013E+00,  1.92999E+13,  4.26239E+01,  2.89231E+10,  9.42469E+11,  1.17000E+08,  0.00000E+00,  0.00000E+00,  0.00000E+00,  0.00000E+00,  0.00000E+00
  7.00000E-04,2,  2.58352E-02,  0.00000E+00,  0.00000E+00,  2.44538E+18,  5.65627E+14,  1.39054E+11,  3.44983E+07,  8.46916E+03,  2.21745E+00,  1.29052E-01,  2.06702E-05,  1.88802E-08,  9.32489E+08,  3.64621E+00,  1.22485E-01,  2.86601E+00,  3.81848E+12,  1.21358E-02,  2.67305E+05,  1.72966E-01,  1.81015E+00,  2.56141E+05,  1.30855E+07,  2.20123E+19,  1.59433E+14,  6.24683E+13,  5.09519E+13,  3.30136E+13,  1.16794E+13,  4.96342E+12,  3.84159E+06,  1.60817E+00,  2.23766E+15,  0.00000E+00,  8.34410E+13,  1.64850E+04,  0.00000E+00,  6.75659E+12,  8.55711E+11,  5.25710E+13,  6.64124E-02,  1.92206E+13,  3.56064E-01,  2.59861E+08,  9.77530E+11,  1.17000E+08,  0.00000E+00,  0.00000E+00,  0.00000E+00,  0.00000E+00,  0.00000E+00
  7.50000E-04,1,  3.49960E+00,  1.40000E+02,  2.54766E-08,  2.44492E+18,  1.02042E+15,  4.63863E+11,  1.81777E+09,  8.10317E+08,  3.08306E+08,  1.46597E+08,  3.36017E+07,  9.70552E+06,  2.29105E+12,  4.28992E+08,  2.79561E+08,  5.11864E+09,  6.11579E+12,  5.81132E+01,  8.01939E+08,  2.30211E+01,  6.67033E+05,  2.81421E+05,  1.79361E+07,  2.20121E+19,  2.03279E+14,  7.96488E+13,  6.49668E+13,  4.20928E+13,  1.31487E+13,  2.30260E+13,  7.80910E+08,  1.51680E+03,  2.54659E+15,  5.42341E+06,  9.53679E+13,  9.94453E+09,  5.61054E+01,  1.00936E+13,  9.10511E+11,  5.65282E+13,  8.83931E+00,  2.20125E+13,  4.73909E+01,  2.48747E+10,  1.08793E+12,  1.17000E+08,  0.00000E+00,  0.00000E+00,  0.00000E+00,  0.00000E+00,  0.00000E+00
  8.00000E-04,2,  2.58352E-02,  0.00000E+00,  0.00000E+00,  2.44537E+18,  5.68602E+14,  1.40510E+11,  3.50341E+07,  8.64094E+03,  2.27221E+00,  1.33348E-01,  2.03926E-05,  1.03310E-08,  3.13700E+08,  3.76767E+00,  0.00000E+00,  0.00000E+00,  4.42159E+12,  5.30803E-03,  1.04896E+05,  2.00478E-01,  1.81709E+00,  2.76652E+05,  1.31330E+07,  2.20122E+19,  1.55196E+14,  6.08081E+13,  4.95977E+13,  3.21362E+13,  1.19371E+13,  5.01287E+12,  3.91649E+06,  1.65262E+00,  2.54956E+15,  0.00000E+00,  9.53632E+13,  0.00000E+00,  5.17235-262,  6.71003E+12,  8.78043E+11,  6.07156E+13,  7.69755E-02,  2.19232E+13,  4.12696E-01,  9.47284E+07,  1.11676E+12,  1.17000E+08,  0.00000E+00,  0.00000E+00,  0.00000E+00,  0.00000E+00,  0.00000E+00
  8.50000E-04,1,  3.49960E+00,  1.40000E+02,  2.54766E-08,  2.44491E+18,  1.02133E+15,  4.64672E+11,  1.81830E+09,  8.10282E+08,  3.08305E+08,  1.46581E+08,  3.36019E+07,  9.70557E+06,  2.09018E+12,  4.28522E+08,  2.79445E+08,  5.11592E+09,  6.80577E+12,  6.56534E+01,  8.14201E+08,  2.56185E+01,  6.67036E+05,  3.00395E+05,  1.79360E+07,  2.20119E+19,  1.98101E+14,  7.76199E+13,  6.33118E+13,  4.10206E+13,  1.32278E+13,  2.30528E+13,  7.81104E+08,  1.51896E+03,  2.85766E+15,  5.42338E+06,  1.07288E+14,  8.72050E+09,  5.01904E+01,  9.97396E+12,  9.27098E+11,  6.46314E+13,  9.83661E+00,  2.47148E+13,  5.27377E+01,  2.18359E+10,  1.23186E+12,  1.17000E+08,  0.00000E+00,  0.00000E+00,  0.00000E+00,  0.00000E+00,  0.00000E+00
  9.00000E-04,2,  2.58352E-02,  0.00000E+00,  0.00000E+00,  2.44537E+18,  5.65443E+14,  1.38963E+11,  3.44645E+07,  8.45839E+03,  2.22535E+00,  1.97365E-01,  3.20287E-05,  2.69453E-08,  1.63293E+08,  5.58611E+00,  3.35149E-03,  7.84634E-02,  5.07758E+12,  4.01124E-03,  6.64403E+04,  2.29933E-01,  1.80885E+00,  2.94576E+05,  1.30704E+07,  2.20120E+19,  1.48651E+14,  5.82437E+13,  4.75061E+13,  3.07810E+13,  1.18320E+13,  4.96024E+12,  3.83668E+06,  1.60525E+00,  2.86039E+15,  0.00000E+00,  1.07283E+14,  2.89542E+02,  0.00000E+00,  6.59979E+12,  8.78883E+11,  6.88259E+13,  8.82853E-02,  2.46131E+13,  4.73330E-01,  3.85948E+07,  1.25565E+12,  1.17000E+08,  0.00000E+00,  0.00000E+00,  0.00000E+00,  0.00000E+00,  0.00000E+00
  9.50000E-04,1,  3.49960E+00,  1.40000E+02,  2.54766E-08,  2.44490E+18,  1.02035E+15,  4.63801E+11,  1.81769E+09,  8.10256E+08,  3.08304E+08,  1.46569E+08,  3.36021E+07,  9.70562E+06,  1.92280E+12,  4.28167E+08,  2.79356E+08,  5.11387E+09,  7.56140E+12,  7.45194E+01,  8.32020E+08,  2.84631E+01,  6.67039E+05,  3.17039E+05,  1.79360E+07,  2.20117E+19,  1.91147E+14,  7.48954E+13,  6.10896E+13,  3.95807E+13,  1.29706E+13,  2.30236E+13,  7.80896E+08,  1.51664E+03,  3.16772E+15,  5.42335E+06,  1.19207E+14,  7.78012E+09,  4.43108E+01,  9.81294E+12,  9.23630E+11,  7.26731E+13,  1.09288E+01,  2.74044E+13,  5.85931E+01,  1.94861E+10,  1.37458E+12,  1.17000E+08,  0.00000E+00,  0.00000E+00,  0.00000E+00,  0.00000E+00,  0.00000E+00
  1.00000E-03,2,  2.58352E-02,  0.00000E+00,  0.00000E+00,  2.44536E+18,  5.67417E+14,  1.39927E+11,  3.48181E+07,  8.57169E+03,  2.27120E+00,  2.58718E-01,  4.20971E-05,  3.74327E-08,  5.08049E+07,  7.32788E+00,  2.56654E-05,  6.45116E-04,  5.82674E+12,  1.63193E-03,  2.40249E+04,  2.64035E-01,  1.81390E+00,  3.10190E+05,  1.31035E+07,  2.20118E+19,  1.41682E+14,  5.55133E+13,  4.52791E+13,  2.93380E+13,  1.14419E+13,  4.99286E+12,  3.88594E+06,  1.63466E+00,  3.17021E+15,  0.00000E+00,  1.19201E+14,  0.00000E+00,  0.00000E+00,  6.52806E+12,  8.64601E+11,  7.67800E+13,  1.01379E-01,  2.72926E+13,  5.43527E-01,  1.41871E+07,  1.39442E+12,  1.17000E+08,  0.00000E+00,  0.00000E+00,  0.00000E+00,  0.00000E+00,  0.00000E+00
  1.05000E-03,1,  3.49960E+00,  1.40000E+02,  2.54766E-08,  2.44490E+18,  1.02096E+15,  4.64341E+11,  1.81805E+09,  8.10235E+08,  3.08304E+08,  1.46560E+08,  3.36022E+07,  9.70566E+06,  1.77989E+12,  4.27886E+08,  2.79286E+08,  5.11224E+09,  8.39507E+12,  8.49989E+01,  8.55000E+08,  3.16015E+01,  6.67042E+05,  3.31598E+05,  1.79359E+07,  2.20115E+19,  1.83807E+14,  7.20193E+13,  5.87437E+13,  3.80607E+13,  1.24532E+13,  2.30415E+13,  7.81026E+08,  1.51809E+03,  3.47687E+15,  5.42332E+06,  1.31123E+14,  7.04055E+09,  3.86912E+01,  9.68044E+12,  9.06611E+11,  8.05749E+13,  1.21338E+01,  3.00836E+13,  6.50533E+01,  1.76203E+10,  1.51653E+12,  1.17000E+08,  0.00000E+00,  0.00000E+00,  0.00000E+00,  0.00000E+00,  0.00000E+00
  1.10000E-03,2,  2.58352E-02,  0.00000E+00,  0.00000E+00,  2.44536E+18,  5.62956E+14,  1.37746E+11,  3.40142E+07,  8.31255E+03,  2.20144E+00,  3.35951E-01,  5.42153E-05,  4.76177E-08,  8.74184E+06,  9.52165E+00,  9.98324E-06,  2.33683E-04,  6.63677E+12,  3.68817E-04,  4.66718E+03,  3.00294E-01,  1.80412E+00,  3.23435E+05,  1.30290E+07,  2.20116E+19,  1.33343E+14,  5.22458E+13,  4.26140E+13,  2.76111E+13,  1.07833E+13,  4.91854E+12,  3.77248E+06,  1.56521E+00,  3.47915E+15,  0.00000E+00,  1.31116E+14,  3.23630E-35,  0.00000E+00,  6.38802E+12,  8.37435E+11,  8.46856E+13,  1.15301E-01,  2.99588E+13,  6.18164E-01,  4.26710E+06,  1.53290E+12,  1.17000E+08,  0.00000E+00,  0.00000E+00,  0.00000E+00,  0.00000E+00,  0.00000E+00
  1.15000E-03,1,  3.49960E+00,  1.40000E+02,  2.54766E-08,  2.44489E+18,  1.01958E+15,  4.63126E+11,  1.81721E+09,  8.10220E+08,  3.08304E+08,  1.46553E+08,  3.36024E+07,  9.70571E+06,  1.65688E+12,  4.27662E+08,  2.79229E+08,  5.11094E+09,  9.29827E+12,  9.70237E+01,  8.81395E+08,  3.50015E+01,  6.67045E+05,  3.43970E+05,  1.79358E+07,  2.20114E+19,  1.75503E+14,  6.87656E+13,  5.60899E+13,  3.63411E+13,  1.17072E+13,  2.30007E+13,  7.80736E+08,  1.51486E+03,  3.78516E+15,  5.42329E+06,  1.43037E+14,  6.43976E+09,  3.33564E+01,  9.50684E+12,  8.78723E+11,  8.83999E+13,  1.34393E+01,  3.27494E+13,  7.20522E+01,  1.60976E+10,  1.65772E+12,  1.17000E+08,  0.00000E+00,  0.00000E+00,  0.00000E+00,  0.00000E+00,  0.00000E+00
  1.20000E-03,2,  2.58352E-02,  0.00000E+00,  0.00000E+00,  2.44535E+18,  5.67467E+14,  1.39976E+11,  3.48439E+07,  8.58258E+03,  2.30467E+00,  4.36178E-01,  7.09323E-05,  6.25124E-08,  1.31797E+07,  1.23667E+01,  8.60019E-05,  2.00613E-03,  7.56319E+12,  8.10583E-04,  8.87417E+03,  3.42661E-01,  1.81366E+00,  3.34643E+05,  1.30938E+07,  2.20115E+19,  1.25727E+14,  4.92619E+13,  4.01802E+13,  2.60341E+13,  9.98019E+12,  4.99441E+12,  3.89163E+06,  1.63938E+00,  3.78720E+15,  0.00000E+00,  1.43030E+14,  8.07977E-01,  0.00000E+00,  6.31275E+12,  8.05028E+11,  9.23846E+13,  1.31568E-01,  3.26159E+13,  7.05375E-01,  3.04643E+06,  1.67137E+12,  1.17000E+08,  0.00000E+00,  0.00000E+00,  0.00000E+00,  0.00000E+00,  0.00000E+00
  1.25000E-03,1,  3.49960E+00,  1.40000E+02,  2.54766E-08,  2.44488E+18,  1.02097E+15,  4.64360E+11,  1.81805E+09,  8.10207E+08,  3.08304E+08,  1.46547E+08,  3.36025E+07,  9.70576E+06,  1.55026E+12,  4.27481E+08,  2.79183E+08,  5.10988E+09,  1.02901E+13,  1.11190E+02,  9.12723E+08,  3.87354E+01,  6.67048E+05,  3.54479E+05,  1.79357E+07,  2.20112E+19,  1.67688E+14,  6.57037E+13,  5.35924E+13,  3.47228E+13,  1.08435E+13,  2.30419E+13,  7.81031E+08,  1.51816E+03,  4.09264E+15,  5.42327E+06,  1.54948E+14,  5.94862E+09,  2.85308E+01,  9.38283E+12,  8.46911E+11,  9.60472E+13,  1.48730E+01,  3.54061E+13,  7.97382E+01,  1.48557E+10,  1.79851E+12,  1.17000E+08,  0.00000E+00,  0.00000E+00,  0.00000E+00,  0.00000E+00,  0.00000E+00
  1.30000E-03,2,  2.58352E-02,  0.00000E+00,  0.00000E+00,  2.44534E+18,  5.67726E+14,  1.40088E+11,  3.48830E+07,  8.59584E+03,  2.32984E+00,  5.59855E-01,  9.10524E-05,  8.01209E-08,  5.18813E+06,  1.58784E+01,  3.67136E-06,  8.59288E-05,  8.56984E+12,  4.16803E-04,  4.08040E+03,  3.88200E-01,  1.81306E+00,  3.43745E+05,  1.30850E+07,  2.20113E+19,  1.17766E+14,  4.61428E+13,  3.76362E+13,  2.43857E+13,  9.06304E+12,  4.99856E+12,  3.89636E+06,  1.64304E+00,  4.09445E+15,  5.32638-133,  1.54941E+14,  3.34331E-02,  0.00000E+00,  6.20152E+12,  7.69139E+11,  9.99788E+13,  1.49053E-01,  3.52617E+13,  7.99115E-01,  1.37981E+06,  1.80968E+12,  1.17000E+08,  0.00000E+00,  0.00000E+00,  0.00000E+00,  0.00000E+00,  0.00000E+00
  1.35000E-03,1,  3.49960E+00,  1.40000E+02,  2.54766E-08,  2.44488E+18,  1.02105E+15,  4.64430E+11,  1.81809E+09,  8.10198E+08,  3.08304E+08,  1.46542E+08,  3.36027E+07,  9.70580E+06,  1.45690E+12,  4.27333E+08,  2.79145E+08,  5.10901E+09,  1.13583E+13,  1.27342E+02,  9.46930E+08,  4.27566E+01,  6.67051E+05,  3.63031E+05,  1.79357E+07,  2.20110E+19,  1.59696E+14,  6.25721E+13,  5.10381E+13,  3.30678E+13,  9.90200E+12,  2.30441E+13,  7.81048E+08,  1.51834E+03,  4.39935E+15,  5.42324E+06,  1.66858E+14,  5.53670E+09,  2.42029E+01,  9.24206E+12,  8.12952E+11,  1.03576E+14,  1.64169E+01,  3.80516E+13,  8.80156E+01,  1.38164E+10,  1.93887E+12,  1.17000E+08,  0.00000E+00,  0.00000E+00,  0.00000E+00,  0.00000E+00,  0.00000E+00
  1.40000E-03,2,  2.58352E-02,  0.00000E+00,  0.00000E+00,  2.44533E+18,  5.65786E+14,  1.39143E+11,  3.45348E+07,  8.48359E+03,  2.31898E+00,  7.11392E-01,  1.15274E-04,  1.01165E-07,  6.90173E+05,  2.01815E+01,  9.43926E-08,  2.20692E-06,  9.66118E+12,  7.02047E-05,  6.06967E+02,  4.37321E-01,  1.80872E+00,  3.50722E+05,  1.30488E+07,  2.20111E+19,  1.09510E+14,  4.29077E+13,  3.49975E+13,  2.26759E+13,  8.09087E+12,  4.96625E+12,  3.84702E+06,  1.61233E+00,  4.40093E+15,  0.00000E+00,  1.66849E+14,  2.63855E-06,  8.35884-313,  6.05117E+12,  7.32197E+11,  1.07464E+14,  1.67913E-01,  3.78953E+13,  9.00227E-01,  5.65350E+05,  1.94778E+12,  1.17000E+08,  0.00000E+00,  0.00000E+00,  0.00000E+00,  0.00000E+00,  0.00000E+00
  1.45000E-03,1,  3.49960E+00,  1.40000E+02,  2.54766E-08,  2.44487E+18,  1.02045E+15,  4.63899E+11,  1.81772E+09,  8.10190E+08,  3.08305E+08,  1.46539E+08,  3.36028E+07,  9.70585E+06,  1.37444E+12,  4.27210E+08,  2.79114E+08,  5.10829E+09,  1.25067E+13,  1.45699E+02,  9.83833E+08,  4.70801E+01,  6.67054E+05,  3.69607E+05,  1.79356E+07,  2.20109E+19,  1.51592E+14,  5.93969E+13,  4.84483E+13,  3.13897E+13,  8.93824E+12,  2.30263E+13,  7.80920E+08,  1.51693E+03,  4.70531E+15,  5.42321E+06,  1.78765E+14,  5.18664E+09,  2.03995E+01,  9.08335E+12,  7.79018E+11,  1.10982E+14,  1.80770E+01,  4.06849E+13,  9.69152E+01,  1.29349E+10,  2.07879E+12,  1.17000E+08,  0.00000E+00,  0.00000E+00,  0.00000E+00,  0.00000E+00,  0.00000E+00
  1.50000E-03,2,  2.58352E-02,  0.00000E+00,  0.00000E+00,  2.44533E+18,  5.65985E+14,  1.39224E+11,  3.45584E+07,  8.48994E+03,  2.35167E+00,  8.97884E-01,  1.45315E-04,  1.25655E-07,  9.89313E+04,  2.54767E+01,  1.34368E-07,  2.41834E-06,  1.08570E+13,  6.93558E-06,  5.46565E+01,  4.91488E-01,  1.80994E+00,  3.55751E+05,  1.30524E+07,  2.20110E+19,  1.01672E+14,  3.98369E+13,  3.24929E+13,  2.10530E+13,  7.14030E+12,  4.96870E+12,  3.84896E+06,  1.61357E+00,  4.70663E+15,  0.00000E+00,  1.78756E+14,  2.99264E-04,  0.00000E+00,  5.90475E+12,  6.97485E+11,  1.14787E+14,  1.88711E-01,  4.05183E+13,  1.01172E+00,  1.48074E+05,  2.08576E+12,  1.17000E+08,  0.00000E+00,  0.00000E+00,  0.00000E+00,  0.00000E+00,  0.00000E+00
  1.55000E-03,1,  3.49960E+00,  1.40000E+02,  2.54766E-08,  2.44486E+18,  1.02052E+15,  4.63963E+11,  1.81775E+09,  8.10184E+08,  3.08305E+08,  1.46535E+08,  3.36030E+07,  9.70590E+06,  1.30085E+12,  4.27106E+08,  2.79087E+08,  5.10768E+09,  1.37419E+13,  1.66616E+02,  1.02341E+09,  5.17300E+01,  6.67057E+05,  3.74387E+05,  1.79355E+07,  2.20107E+19,  1.43862E+14,  5.63682E+13,  4.59779E+13,  2.97890E+13,  8.01661E+12,  2.30285E+13,  7.80924E+08,  1.51704E+03,  5.01053E+15,  5.42318E+06,  1.90670E+14,  4.88711E+09,  1.71600E+01,  8.93710E+12,  7.47789E+11,  1.18230E+14,  1.98623E+01,  4.33075E+13,  1.06487E+02,  1.21732E+10,  2.21842E+12,  1.17000E+08,  0.00000E+00,  0.00000E+00,  0.00000E+00,  0.00000E+00,  0.00000E+00
  1.60000E-03,2,  2.58352E-02,  0.00000E+00,  0.00000E+00,  2.44532E+18,  5.66022E+14,  1.39247E+11,  3.45692E+07,  8.49428E+03,  2.39048E+00,  1.12493E+00,  1.82296E-04,  1.58831E-07,  0.00000E+00,  3.19235E+01,  4.28079E-09,  1.22090E-07,  1.21501E+13,  0.00000E+00,  0.00000E+00,  5.49912E-01,  1.80923E+00,  3.58862E+05,  1.30419E+07,  2.20108E+19,  9.40943E+13,  3.68677E+13,  3.00711E+13,  1.94838E+13,  6.24554E+12,  4.96946E+12,  3.85084E+06,  1.61424E+00,  5.01157E+15,  0.00000E+00,  1.90660E+14,  0.00000E+00,  0.00000E+00,  5.74502E+12,  6.65858E+11,  1.21961E+14,  2.11143E-01,  4.31300E+13,  1.13199E+00,  2.51022E+05,  2.22358E+12,  1.17000E+08,  0.00000E+00,  0.00000E+00,  0.00000E+00,  0.00000E+00,  0.00000E+00
  1.65000E-03,1,  3.49960E+00,  1.40000E+02,  2.54766E-08,  2.44486E+18,  1.02053E+15,  4.63978E+11,  1.81775E+09,  8.10180E+08,  3.08306E+08,  1.46533E+08,  3.36031E+07,  9.70594E+06,  1.23529E+12,  4.27019E+08,  2.79064E+08,  5.10716E+09,  1.50617E+13,  1.90104E+02,  1.06537E+09,  5.66986E+01,  6.67060E+05,  3.77402E+05,  1.79354E+07,  2.20105E+19,  1.36425E+14,  5.34543E+13,  4.36012E+13,  2.82490E+13,  7.16614E+12,  2.30289E+13,  7.80925E+08,  1.51707E+03,  5.31502E+15,  5.42315E+06,  2.02572E+14,  4.62788E+09,  1.44435E+01,  8.79113E+12,  7.19857E+11,  1.25327E+14,  2.17701E+01,  4.59190E+13,  1.16714E+02,  1.15258E+10,  2.35774E+12,  1.17000E+08,  0.00000E+00,  0.00000E+00,  0.00000E+00,  0.00000E+00,  0.00000E+00
  1.70000E-03,2,  2.58352E-02,  0.00000E+00,  0.00000E+00,  2.44531E+18,  5.67081E+14,  1.39766E+11,  3.47610E+07,  8.55710E+03,  2.45584E+00,  1.39777E+00,  2.26909E-04,  1.99547E-07,  1.47029E+05,  3.96702E+01,  2.82835E-09,  6.62631E-08,  1.35438E+13,  1.88610E-05,  1.15423E+02,  6.13088E-01,  1.81105E+00,  3.60223E+05,  1.30494E+07,  2.20106E+19,  8.70275E+13,  3.40989E+13,  2.78128E+13,  1.80204E+13,  5.44140E+12,  4.98713E+12,  3.87798E+06,  1.63121E+00,  5.31577E+15,  0.00000E+00,  2.02562E+14,  1.60472E-10,  0.00000E+00,  5.58623E+12,  6.38357E+11,  1.28968E+14,  2.35400E-01,  4.57315E+13,  1.26203E+00,  2.18246E+05,  2.36130E+12,  1.17000E+08,  0.00000E+00,  0.00000E+00,  0.00000E+00,  0.00000E+00,  0.00000E+00
  1.75000E-03,1,  3.49960E+00,  1.40000E+02,  2.54766E-08,  2.44485E+18,  1.02085E+15,  4.64257E+11,  1.81796E+09,  8.10176E+08,  3.08307E+08,  1.46531E+08,  3.36033E+07,  9.70599E+06,  1.17645E+12,  4.26945E+08,  2.79044E+08,  5.10672E+09,  1.64657E+13,  2.16361E+02,  1.10940E+09,  6.19842E+01,  6.67063E+05,  3.78822E+05,  1.79354E+07,  2.20104E+19,  1.29449E+14,  5.07211E+13,  4.13719E+13,  2.68045E+13,  6.41210E+12,  2.30379E+13,  7.81004E+08,  1.51788E+03,  5.61880E+15,  5.42312E+06,  2.14473E+14,  4.40204E+09,  1.22110E+01,  8.65503E+12,  6.95904E+11,  1.32260E+14,  2.37995E+01,  4.85201E+13,  1.27594E+02,  1.09678E+10,  2.49682E+12,  1.17000E+08,  0.00000E+00,  0.00000E+00,  0.00000E+00,  0.00000E+00,  0.00000E+00
  1.80000E-03,2,  2.58352E-02,  0.00000E+00,  0.00000E+00,  2.44530E+18,  5.68682E+14,  1.40561E+11,  3.50592E+07,  8.65604E+03,  2.54172E+00,  1.72191E+00,  2.80296E-04,  2.47230E-07,  2.71370E+05,  4.88734E+01,  9.71532E-09,  2.27445E-07,  1.50324E+13,  5.73751E-05,  3.19102E+02,  6.80576E-01,  1.81283E+00,  3.59953E+05,  1.30565E+07,  2.20105E+19,  8.04318E+13,  3.15146E+13,  2.57049E+13,  1.66546E+13,  4.73830E+12,  5.01467E+12,  3.92156E+06,  1.65894E+00,  5.61924E+15,  0.00000E+00,  2.14462E+14,  8.00299E-06,  3.10665-153,  5.42414E+12,  6.14911E+11,  1.35813E+14,  2.61312E-01,  4.83227E+13,  1.40094E+00,  2.61024E+05,  2.49892E+12,  1.17000E+08,  0.00000E+00,  0.00000E+00,  0.00000E+00,  0.00000E+00,  0.00000E+00
  1.85000E-03,1,  3.49960E+00,  1.40000E+02,  2.54766E-08,  2.44484E+18,  1.02134E+15,  4.64694E+11,  1.81826E+09,  8.10174E+08,  3.08308E+08,  1.46529E+08,  3.36034E+07,  9.70603E+06,  1.12294E+12,  4.26881E+08,  2.79027E+08,  5.10633E+09,  1.79497E+13,  2.45472E+02,  1.15461E+09,  6.75710E+01,  6.67066E+05,  3.78777E+05,  1.79353E+07,  2.20102E+19,  1.22916E+14,  4.81611E+13,  3.92838E+13,  2.54516E+13,  5.75927E+12,  2.30523E+13,  7.81108E+08,  1.51905E+03,  5.92187E+15,  5.42309E+06,  2.26371E+14,  4.20348E+09,  1.03950E+01,  8.52604E+12,  6.75729E+11,  1.39033E+14,  2.59446E+01,  5.11109E+13,  1.39094E+02,  1.04727E+10,  2.63572E+12,  1.17000E+08,  0.00000E+00,  0.00000E+00,  0.00000E+00,  0.00000E+00,  0.00000E+00
  1.90000E-03,2,  2.58352E-02,  0.00000E+00,  0.00000E+00,  2.44530E+18,  5.68604E+14,  1.40523E+11,  3.50453E+07,  8.65249E+03,  2.60348E+00,  2.10152E+00,  3.42020E-04,  3.00912E-07,  2.42895E+05,  5.96517E+01,  6.97779E-09,  1.63897E-07,  1.66069E+13,  5.48432E-05,  2.76562E+02,  7.51650E-01,  1.81169E+00,  3.58116E+05,  1.30424E+07,  2.20103E+19,  7.40886E+13,  2.90292E+13,  2.36778E+13,  1.53412E+13,  4.12917E+12,  5.01336E+12,  3.91959E+06,  1.65778E+00,  5.92198E+15,  0.00000E+00,  2.26360E+14,  0.00000E+00,  0.00000E+00,  5.24200E+12,  5.94768E+11,  1.42512E+14,  2.88601E-01,  5.09028E+13,  1.54724E+00,  2.48004E+05,  2.63637E+12,  1.17000E+08,  0.00000E+00,  0.00000E+00,  0.00000E+00,  0.00000E+00,  0.00000E+00
  1.95000E-03,1,  3.49960E+00,  1.40000E+02,  2.54766E-08,  2.44483E+18,  1.02132E+15,  4.64672E+11,  1.81825E+09,  8.10172E+08,  3.08309E+08,  1.46528E+08,  3.36036E+07,  9.70608E+06,  1.07426E+12,  4.26826E+08,  2.79012E+08,  5.10600E+09,  1.95089E+13,  2.77450E+02,  1.20072E+09,  7.34412E+01,  6.67069E+05,  3.77338E+05,  1.79352E+07,  2.20100E+19,  1.16702E+14,  4.57266E+13,  3.72981E+13,  2.41650E+13,  5.19869E+12,  2.30515E+13,  7.81103E+08,  1.51899E+03,  6.22423E+15,  5.42306E+06,  2.38267E+14,  4.02755E+09,  8.91795E+00,  8.39312E+12,  6.58620E+11,  1.45654E+14,  2.81985E+01,  5.36907E+13,  1.51177E+02,  1.00344E+10,  2.77436E+12,  1.17000E+08,  0.00000E+00,  0.00000E+00,  0.00000E+00,  0.00000E+00,  0.00000E+00
  2.00000E-03,2,  2.58352E-02,  0.00000E+00,  0.00000E+00,  2.44529E+18,  5.66140E+14,  1.39269E+11,  3.45493E+07,  8.47584E+03,  2.61188E+00,  2.54134E+00,  4.11900E-04,  3.57601E-07,  2.32151E+05,  7.21403E+01,  1.73817E-06,  4.06997E-05,  1.82621E+13,  5.11588E-05,  2.40277E+02,  8.25985E-01,  1.80760E+00,  3.54790E+05,  1.30070E+07,  2.20101E+19,  6.79169E+13,  2.66110E+13,  2.17054E+13,  1.40632E+13,  3.60365E+12,  4.97012E+12,  3.84143E+06,  1.59249E+00,  6.22400E+15,  0.00000E+00,  2.38255E+14,  0.00000E+00,  0.00000E+00,  5.03350E+12,  5.77253E+11,  1.49071E+14,  3.17142E-01,  5.34709E+13,  1.70025E+00,  2.26209E+05,  2.77360E+12,  1.17000E+08,  0.00000E+00,  0.00000E+00,  0.00000E+00,  0.00000E+00,  0.00000E+00
  2.05000E-03,1,  3.49960E+00,  1.40000E+02,  2.54766E-08,  2.44483E+18,  1.02055E+15,  4.64000E+11,  1.81779E+09,  8.10170E+08,  3.08310E+08,  1.46527E+08,  3.36038E+07,  9.70613E+06,  1.02956E+12,  4.26778E+08,  2.78998E+08,  5.10570E+09,  2.11393E+13,  3.12419E+02,  1.24724E+09,  7.95794E+01,  6.67072E+05,  3.74595E+05,  1.79351E+07,  2.20099E+19,  1.10771E+14,  4.34027E+13,  3.54026E+13,  2.29368E+13,  4.71882E+12,  2.30290E+13,  7.80942E+08,  1.51721E+03,  6.52587E+15,  5.42304E+06,  2.50161E+14,  3.87061E+09,  7.71269E+00,  8.25294E+12,  6.43968E+11,  1.52128E+14,  3.05553E+01,  5.62585E+13,  1.63811E+02,  9.63969E+09,  2.91272E+12,  1.17000E+08,  0.00000E+00,  0.00000E+00,  0.00000E+00,  0.00000E+00,  0.00000E+00
  2.10000E-03,2,  2.58352E-02,  0.00000E+00,  0.00000E+00,  2.44529E+18,  5.63083E+14,  1.37808E+11,  3.40359E+07,  8.32525E+03,  2.65425E+00,  3.04684E+00,  4.91000E-04,  4.28933E-07,  2.53073E+05,  8.64933E+01,  8.67380E-09,  2.03292E-07,  1.99958E+13,  6.51928E-05,  2.74009E+02,  9.03331E-01,  1.80023E+00,  3.50015E+05,  1.29480E+07,  2.20100E+19,  6.19679E+13,  2.42801E+13,  1.98042E+13,  1.28313E+13,  3.15011E+12,  4.92006E+12,  3.77460E+06,  1.56644E+00,  6.52526E+15,  0.00000E+00,  2.50148E+14,  1.12266E-10,  0.00000E+00,  4.80330E+12,  5.61755E+11,  1.55487E+14,  3.46840E-01,  5.60254E+13,  1.85945E+00,  2.37236E+05,  2.91048E+12,  1.17000E+08,  0.00000E+00,  0.00000E+00,  0.00000E+00,  0.00000E+00,  0.00000E+00
  2.15000E-03,1,  3.49960E+00,  1.40000E+02,  2.54766E-08,  2.44482E+18,  1.01961E+15,  4.63161E+11,  1.81721E+09,  8.10169E+08,  3.08311E+08,  1.46526E+08,  3.36039E+07,  9.70618E+06,  9.88967E+11,  4.26736E+08,  2.78987E+08,  5.10545E+09,  2.28388E+13,  3.50171E+02,  1.29448E+09,  8.59775E+01,  6.67076E+05,  3.70599E+05,  1.79350E+07,  2.20097E+19,  1.05157E+14,  4.12028E+13,  3.36081E+13,  2.17741E+13,  4.30757E+12,  2.30008E+13,  7.80740E+08,  1.51497E+03,  6.82678E+15,  5.42301E+06,  2.62052E+14,  3.73011E+09,  6.72351E+00,  8.10774E+12,  6.31243E+11,  1.58454E+14,  3.30119E+01,  5.88127E+13,  1.76981E+02,  9.29391E+09,  3.05067E+12,  1.17000E+08,  0.00000E+00,  0.00000E+00,  0.00000E+00,  0.00000E+00,  0.00000E+00
  2.20000E-03,2,  2.58352E-02,  0.00000E+00,  0.00000E+00,  2.44527E+18,  5.72925E+14,  1.42666E+11,  3.58479E+07,  8.91966E+03,  2.94344E+00,  3.62959E+00,  5.95133E-04,  5.28477E-07,  3.08004E+05,  1.03038E+02,  1.24304E-08,  2.90787E-07,  2.18237E+13,  1.02805E-04,  3.96199E+02,  9.88673E-01,  1.82023E+00,  3.45168E+05,  1.30869E+07,  2.20098E+19,  5.80563E+13,  2.27475E+13,  1.85541E+13,  1.20214E+13,  2.81979E+12,  5.08650E+12,  4.03496E+06,  1.73156E+00,  6.82586E+15,  0.00000E+00,  2.62040E+14,  1.46196E-07,  0.00000E+00,  4.70164E+12,  5.51950E+11,  1.61637E+14,  3.79607E-01,  5.85776E+13,  2.03512E+00,  2.40277E+05,  3.04778E+12,  1.17000E+08,  0.00000E+00,  0.00000E+00,  0.00000E+00,  0.00000E+00,  0.00000E+00
  2.25000E-03,1,  3.49960E+00,  1.40000E+02,  2.54766E-08,  2.44481E+18,  1.02264E+15,  4.65850E+11,  1.81906E+09,  8.10169E+08,  3.08312E+08,  1.46526E+08,  3.36041E+07,  9.70622E+06,  9.51417E+11,  4.26699E+08,  2.78975E+08,  5.10521E+09,  2.46052E+13,  3.91067E+02,  1.34187E+09,  9.26280E+01,  6.67078E+05,  3.66651E+05,  1.79349E+07,  2.20095E+19,  1.00799E+14,  3.94953E+13,  3.22155E+13,  2.08718E+13,  3.99243E+12,  2.30905E+13,  7.81385E+08,  1.52215E+03,  7.12705E+15,  5.42298E+06,  2.73942E+14,  3.60502E+09,  5.96321E+00,  8.04128E+12,  6.22787E+11,  1.64566E+14,  3.55654E+01,  6.13646E+13,  1.90670E+02,  8.98290E+09,  3.18898E+12,  1.17000E+08,  0.00000E+00,  0.00000E+00,  0.00000E+00,  0.00000E+00,  0.00000E+00
  2.30000E-03,2,  2.58352E-02,  0.00000E+00,  0.00000E+00,  2.44527E+18,  5.64793E+14,  1.38629E+11,  3.43359E+07,  8.42643E+03,  2.89204E+00,  4.27791E+00,  6.91441E-04,  5.71825E-07,  3.57898E+05,  1.21446E+02,  1.28290E-06,  3.07569E-05,  2.36923E+13,  1.34029E-04,  4.66911E+02,  1.07021E+00,  1.80093E+00,  3.38692E+05,  1.29419E+07,  2.20096E+19,  5.26364E+13,  2.06239E+13,  1.68220E+13,  1.08991E+13,  2.48629E+12,  4.94803E+12,  3.81717E+06,  1.59813E+00,  7.12570E+15,  0.00000E+00,  2.73928E+14,  7.92265E-04,  0.00000E+00,  4.44125E+12,  5.40260E+11,  1.67765E+14,  4.10913E-01,  6.11114E+13,  2.20295E+00,  2.38093E+05,  3.18441E+12,  1.17000E+08,  0.00000E+00,  0.00000E+00,  0.00000E+00,  0.00000E+00,  0.00000E+00
  2.35000E-03,1,  3.49960E+00,  1.40000E+02,  2.54766E-08,  2.44481E+18,  1.02015E+15,  4.63657E+11,  1.81753E+09,  8.10169E+08,  3.08313E+08,  1.46525E+08,  3.36043E+07,  9.70627E+06,  9.16641E+11,  4.26666E+08,  2.78966E+08,  5.10501E+09,  2.64220E+13,  4.34582E+02,  1.38846E+09,  9.94681E+01,  6.67082E+05,  3.61305E+05,  1.79349E+07,  2.20093E+19,  9.58340E+13,  3.75500E+13,  3.06287E+13,  1.98437E+13,  3.69087E+12,  2.30173E+13,  7.80840E+08,  1.51620E+03,  7.42654E+15,  5.42295E+06,  2.85829E+14,  3.49049E+09,  5.28544E+00,  7.89246E+12,  6.13433E+11,  1.70596E+14,  3.81917E+01,  6.38981E+13,  2.04749E+02,  8.69621E+09,  3.32658E+12,  1.17000E+08,  0.00000E+00,  0.00000E+00,  0.00000E+00,  0.00000E+00,  0.00000E+00
  2.40000E-03,2,  2.58352E-02,  0.00000E+00,  0.00000E+00,  2.44527E+18,  5.63524E+14,  1.38005E+11,  3.40945E+07,  8.33978E+03,  2.97802E+00,  5.00592E+00,  8.07296E-04,  7.04400E-07,  3.84815E+05,  1.42117E+02,  6.73854E-08,  1.57938E-06,  2.56285E+13,  1.65457E-04,  5.44362E+02,  1.15721E+00,  1.79891E+00,  3.31652E+05,  1.29221E+07,  2.20095E+19,  4.81593E+13,  1.88697E+13,  1.53912E+13,  9.97201E+12,  2.21247E+12,  4.92678E+12,  3.78005E+06,  1.55942E+00,  7.42479E+15,  0.00000E+00,  2.85815E+14,  7.58614E-08,  0.00000E+00,  4.22637E+12,  5.30769E+11,  1.73707E+14,  4.44319E-01,  6.36340E+13,  2.38203E+00,  2.37400E+05,  3.32084E+12,  1.17000E+08,  0.00000E+00,  0.00000E+00,  0.00000E+00,  0.00000E+00,  0.00000E+00
  2.45000E-03,1,  3.49960E+00,  1.40000E+02,  2.54766E-08,  2.44480E+18,  1.01973E+15,  4.63303E+11,  1.81732E+09,  8.10169E+08,  3.08314E+08,  1.46525E+08,  3.36044E+07,  9.70632E+06,  8.84516E+11,  4.26637E+08,  2.78958E+08,  5.10483E+09,  2.82933E+13,  4.80900E+02,  1.43486E+09,  1.06513E+02,  6.67085E+05,  3.55567E+05,  1.79348E+07,  2.20092E+19,  9.15294E+13,  3.58634E+13,  2.92530E+13,  1.89524E+13,  3.43897E+12,  2.30057E+13,  7.80776E+08,  1.51538E+03,  7.72531E+15,  5.42292E+06,  2.97713E+14,  3.38694E+09,  4.72984E+00,  7.77361E+12,  6.05860E+11,  1.76461E+14,  4.08968E+01,  6.64203E+13,  2.19251E+02,  8.43945E+09,  3.46394E+12,  1.17000E+08,  0.00000E+00,  0.00000E+00,  0.00000E+00,  0.00000E+00,  0.00000E+00
  2.50000E-03,2,  2.58352E-02,  0.00000E+00,  0.00000E+00,  2.44526E+18,  5.67003E+14,  1.39739E+11,  3.47539E+07,  8.56491E+03,  3.18877E+00,  5.81469E+00,  9.43492E-04,  8.29311E-07,  4.27426E+05,  1.65079E+02,  1.91541E-08,  4.48867E-07,  2.76205E+13,  2.19777E-04,  6.70781E+02,  1.24826E+00,  1.80561E+00,  3.24713E+05,  1.29655E+07,  2.20093E+19,  4.46837E+13,  1.75079E+13,  1.42805E+13,  9.25235E+12,  1.99806E+12,  4.98631E+12,  3.87773E+06,  1.63097E+00,  7.72319E+15,  0.00000E+00,  2.97699E+14,  1.43408E-04,  0.00000E+00,  4.07025E+12,  5.23969E+11,  1.79462E+14,  4.79275E-01,  6.61494E+13,  2.56943E+00,  2.34892E+05,  3.45735E+12,  1.17000E+08,  0.00000E+00,  0.00000E+00,  0.00000E+00,  0.00000E+00,  0.00000E+00
  2.55000E-03,1,  3.49960E+00,  1.40000E+02,  2.54766E-08,  2.44480E+18,  1.02081E+15,  4.64232E+11,  1.81795E+09,  8.10170E+08,  3.08315E+08,  1.46525E+08,  3.36046E+07,  9.70637E+06,  8.54728E+11,  4.26611E+08,  2.78950E+08,  5.10466E+09,  3.02114E+13,  5.29853E+02,  1.48071E+09,  1.13735E+02,  6.67088E+05,  3.50041E+05,  1.79347E+07,  2.20090E+19,  8.78715E+13,  3.44301E+13,  2.80839E+13,  1.81949E+13,  3.23300E+12,  2.30361E+13,  7.80996E+08,  1.51784E+03,  8.02339E+15,  5.42290E+06,  3.09596E+14,  3.29311E+09,  4.27741E+00,  7.68814E+12,  6.00236E+11,  1.82162E+14,  4.36695E+01,  6.89353E+13,  2.34115E+02,  8.20759E+09,  3.60135E+12,  1.17000E+08,  0.00000E+00,  0.00000E+00,  0.00000E+00,  0.00000E+00,  0.00000E+00
  2.60000E-03,2,  2.58352E-02,  0.00000E+00,  0.00000E+00,  2.44525E+18,  5.66389E+14,  1.39433E+11,  3.46427E+07,  8.53477E+03,  3.32981E+00,  6.70347E+00,  1.08652E-03,  9.50933E-07,  4.93042E+05,  1.90313E+02,  5.10379E-07,  1.19628E-05,  2.96555E+13,  3.02556E-04,  8.60078E+02,  1.33947E+00,  1.80240E+00,  3.17511E+05,  1.29374E+07,  2.20091E+19,  4.11505E+13,  1.61236E+13,  1.31513E+13,  8.52074E+12,  1.80303E+12,  4.97554E+12,  3.86210E+06,  1.62726E+00,  8.02086E+15,  0.00000E+00,  3.09581E+14,  3.62952E-07,  0.00000E+00,  3.88277E+12,  5.17475E+11,  1.85102E+14,  5.14298E-01,  6.86532E+13,  2.75718E+00,  2.44932E+05,  3.59363E+12,  1.17000E+08,  0.00000E+00,  0.00000E+00,  0.00000E+00,  0.00000E+00,  0.00000E+00
  2.65000E-03,1,  3.49960E+00,  1.40000E+02,  2.54766E-08,  2.44479E+18,  1.02062E+15,  4.64064E+11,  1.81784E+09,  8.10170E+08,  3.08316E+08,  1.46525E+08,  3.36048E+07,  9.70642E+06,  8.26878E+11,  4.26588E+08,  2.78943E+08,  5.10451E+09,  3.21697E+13,  5.81262E+02,  1.52540E+09,  1.21108E+02,  6.67091E+05,  3.44396E+05,  1.79346E+07,  2.20088E+19,  8.43321E+13,  3.30433E+13,  2.69527E+13,  1.74620E+13,  3.04775E+12,  2.30304E+13,  7.80954E+08,  1.51740E+03,  8.32075E+15,  5.42287E+06,  3.21477E+14,  3.20701E+09,  3.88469E+00,  7.58954E+12,  5.95021E+11,  1.87738E+14,  4.65005E+01,  7.14388E+13,  2.49292E+02,  7.99288E+09,  3.73850E+12,  1.17000E+08,  0.00000E+00,  0.00000E+00,  0.00000E+00,  0.00000E+00,  0.00000E+00
  2.70000E-03,2,  2.58352E-02,  0.00000E+00,  0.00000E+00,  2.44525E+18,  5.67479E+14,  1.39972E+11,  3.48408E+07,  8.59820E+03,  3.50847E+00,  7.67450E+00,  1.24628E-03,  1.09582E-06,  5.34063E+05,  2.17883E+02,  3.72617E-08,  8.73979E-07,  3.17297E+13,  3.65825E-04,  9.72411E+02,  1.43332E+00,  1.80377E+00,  3.10487E+05,  1.29426E+07,  2.20089E+19,  3.80807E+13,  1.49208E+13,  1.21702E+13,  7.88509E+12,  1.63774E+12,  4.99415E+12,  3.88994E+06,  1.63891E+00,  8.31782E+15,  0.00000E+00,  3.21461E+14,  2.31542E-11,  0.00000E+00,  3.71430E+12,  5.12106E+11,  1.90596E+14,  5.50331E-01,  7.11477E+13,  2.95035E+00,  2.43749E+05,  3.72984E+12,  1.17000E+08,  0.00000E+00,  0.00000E+00,  0.00000E+00,  0.00000E+00,  0.00000E+00
  2.75000E-03,1,  3.49960E+00,  1.40000E+02,  2.54766E-08,  2.44478E+18,  1.02096E+15,  4.64359E+11,  1.81805E+09,  8.10171E+08,  3.08317E+08,  1.46525E+08,  3.36049E+07,  9.70647E+06,  8.00792E+11,  4.26568E+08,  2.78936E+08,  5.10437E+09,  3.41641E+13,  6.34355E+02,  1.56822E+09,  1.28617E+02,  6.67095E+05,  3.39026E+05,  1.79345E+07,  2.20087E+19,  8.11429E+13,  3.17937E+13,  2.59335E+13,  1.68017E+13,  2.88730E+12,  2.30401E+13,  7.81045E+08,  1.51820E+03,  8.61739E+15,  5.42284E+06,  3.33355E+14,  3.12808E+09,  3.55029E+00,  7.50196E+12,  5.90673E+11,  1.93176E+14,  4.93836E+01,  7.39330E+13,  2.64748E+02,  7.79253E+09,  3.87555E+12,  1.17000E+08,  0.00000E+00,  0.00000E+00,  0.00000E+00,  0.00000E+00,  0.00000E+00
  2.80000E-03,2,  2.58352E-02,  0.00000E+00,  0.00000E+00,  2.44524E+18,  5.65170E+14,  1.38813E+11,  3.43915E+07,  8.44452E+03,  3.62883E+00,  8.72900E+00,  1.41168E-03,  1.29618E-06,  5.77807E+05,  2.47822E+02,  5.01114E-06,  1.17467E-04,  3.38384E+13,  4.60680E-04,  1.14848E+03,  1.52704E+00,  1.79742E+00,  3.03323E+05,  1.28921E+07,  2.20088E+19,  3.49336E+13,  1.36877E+13,  1.11644E+13,  7.23344E+12,  1.48154E+12,  4.95468E+12,  3.82132E+06,  1.58568E+00,  8.61401E+15,  0.00000E+00,  3.33338E+14,  0.00000E+00,  0.00000E+00,  3.51583E+12,  5.06590E+11,  1.95981E+14,  5.86313E-01,  7.36290E+13,  3.14324E+00,  2.46713E+05,  3.86571E+12,  1.17000E+08,  0.00000E+00,  0.00000E+00,  0.00000E+00,  0.00000E+00,  0.00000E+00
  2.85000E-03,1,  3.49960E+00,  1.40000E+02,  2.54766E-08,  2.44478E+18,  1.02024E+15,  4.63739E+11,  1.81760E+09,  8.10172E+08,  3.08319E+08,  1.46525E+08,  3.36051E+07,  9.70652E+06,  7.76593E+11,  4.26549E+08,  2.78930E+08,  5.10425E+09,  3.61906E+13,  6.91042E+02,  1.61197E+09,  1.36247E+02,  6.67098E+05,  3.33646E+05,  1.79344E+07,  2.20085E+19,  7.80546E+13,  3.05836E+13,  2.49465E+13,  1.61622E+13,  2.73947E+12,  2.30195E+13,  7.80861E+08,  1.51645E+03,  8.91326E+15,  5.42282E+06,  3.45231E+14,  3.05533E+09,  3.25380E+00,  7.40197E+12,  5.86417E+11,  1.98496E+14,  5.23131E+01,  7.64140E+13,  2.80452E+02,  7.61584E+09,  4.01223E+12,  1.17000E+08,  0.00000E+00,  0.00000E+00,  0.00000E+00,  0.00000E+00,  0.00000E+00
  2.90000E-03,2,  2.58352E-02,  0.00000E+00,  0.00000E+00,  2.44523E+18,  5.68943E+14,  1.40689E+11,  3.51049E+07,  8.68887E+03,  3.90059E+00,  9.86534E+00,  1.60618E-03,  1.41696E-06,  6.44303E+05,  2.80085E+02,  5.42981E-08,  1.27201E-06,  3.59724E+13,  5.65762E-04,  1.32699E+03,  1.62483E+00,  1.80430E+00,  2.96956E+05,  1.29373E+07,  2.20086E+19,  3.26560E+13,  1.27952E+13,  1.04365E+13,  6.76182E+12,  1.36241E+12,  5.01837E+12,  3.92695E+06,  1.66203E+00,  8.90953E+15,  0.00000E+00,  3.45214E+14,  1.44917E-13,  0.00000E+00,  3.38410E+12,  5.02995E+11,  2.01202E+14,  6.23859E-01,  7.61040E+13,  3.34452E+00,  2.45964E+05,  4.00170E+12,  1.17000E+08,  0.00000E+00,  0.00000E+00,  0.00000E+00,  0.00000E+00,  0.00000E+00
  2.95000E-03,1,  3.49960E+00,  1.40000E+02,  2.54766E-08,  2.44477E+18,  1.02141E+15,  4.64774E+11,  1.81833E+09,  8.10174E+08,  3.08320E+08,  1.46525E+08,  3.36052E+07,  9.70656E+06,  7.53802E+11,  4.26532E+08,  2.78924E+08,  5.10414E+09,  3.82438E+13,  7.49080E+02,  1.65352E+09,  1.43978E+02,  6.67101E+05,  3.29076E+05,  1.79343E+07,  2.20083E+19,  7.54529E+13,  2.95642E+13,  2.41150E+13,  1.56234E+13,  2.61699E+12,  2.30538E+13,  7.81118E+08,  1.51927E+03,  9.20846E+15,  5.42279E+06,  3.57105E+14,  2.98840E+09,  3.00601E+00,  7.33186E+12,  5.83378E+11,  2.03675E+14,  5.52814E+01,  7.88887E+13,  2.96364E+02,  7.44959E+09,  4.14902E+12,  1.17000E+08,  0.00000E+00,  0.00000E+00,  0.00000E+00,  0.00000E+00,  0.00000E+00
  3.00000E-03,2,  2.58352E-02,  0.00000E+00,  0.00000E+00,  2.44523E+18,  5.66328E+14,  1.39396E+11,  3.46180E+07,  8.52863E+03,  4.04861E+00,  1.10877E+01,  1.79690E-03,  1.56650E-06,  7.02622E+05,  3.14789E+02,  1.80550E-07,  4.23222E-06,  3.81346E+13,  6.95583E-04,  1.53892E+03,  1.72056E+00,  1.79715E+00,  2.90547E+05,  1.28812E+07,  2.20084E+19,  2.99962E+13,  1.17531E+13,  9.58651E+12,  6.21108E+12,  1.23924E+12,  4.97430E+12,  3.85621E+06,  1.61262E+00,  9.20425E+15,  0.00000E+00,  3.57087E+14,  4.04595E-11,  0.00000E+00,  3.19600E+12,  4.98587E+11,  2.06337E+14,  6.60615E-01,  7.85656E+13,  3.54156E+00,  2.47939E+05,  4.13732E+12,  1.17000E+08,  0.00000E+00,  0.00000E+00,  0.00000E+00,  0.00000E+00,  0.00000E+00
  3.05000E-03,1,  3.49960E+00,  1.40000E+02,  2.54766E-08,  2.44477E+18,  1.02060E+15,  4.64062E+11,  1.81784E+09,  8.10175E+08,  3.08321E+08,  1.46525E+08,  3.36054E+07,  9.70662E+06,  7.32388E+11,  4.26517E+08,  2.78919E+08,  5.10403E+09,  4.03214E+13,  8.09071E+02,  1.69392E+09,  1.51801E+02,  6.67105E+05,  3.24569E+05,  1.79342E+07,  2.20082E+19,  7.28123E+13,  2.85296E+13,  2.32710E+13,  1.50767E+13,  2.49870E+12,  2.30299E+13,  7.80947E+08,  1.51738E+03,  9.50286E+15,  5.42276E+06,  3.68976E+14,  2.92621E+09,  2.77877E+00,  7.23897E+12,  5.80038E+11,  2.08750E+14,  5.82849E+01,  8.13500E+13,  3.12465E+02,  7.29532E+09,  4.28541E+12,  1.17000E+08,  0.00000E+00,  0.00000E+00,  0.00000E+00,  0.00000E+00,  0.00000E+00
  3.10000E-03,2,  2.58352E-02,  0.00000E+00,  0.00000E+00,  2.44522E+18,  5.65863E+14,  1.39173E+11,  3.45404E+07,  8.51011E+03,  4.26100E+00,  1.23918E+01,  2.00658E-03,  1.76027E-06,  7.63777E+05,  3.51815E+02,  7.63024E-08,  1.78751E-06,  4.03136E+13,  8.43680E-04,  1.76607E+03,  1.81830E+00,  1.79554E+00,  2.84566E+05,  1.28653E+07,  2.20083E+19,  2.77374E+13,  1.08681E+13,  8.86462E+12,  5.74336E+12,  1.13394E+12,  4.96648E+12,  3.84602E+06,  1.61059E+00,  9.49822E+15,  0.00000E+00,  3.68958E+14,  4.19209E-09,  0.00000E+00,  3.03306E+12,  4.94899E+11,  2.11345E+14,  6.98142E-01,  8.10166E+13,  3.74274E+00,  2.48416E+05,  4.27276E+12,  1.17000E+08,  0.00000E+00,  0.00000E+00,  0.00000E+00,  0.00000E+00,  0.00000E+00
  3.15000E-03,1,  3.49960E+00,  1.40000E+02,  2.54766E-08,  2.44476E+18,  1.02046E+15,  4.63932E+11,  1.81775E+09,  8.10177E+08,  3.08322E+08,  1.46525E+08,  3.36056E+07,  9.70667E+06,  7.12227E+11,  4.26504E+08,  2.78915E+08,  5.10394E+09,  4.24175E+13,  8.70763E+02,  1.73301E+09,  1.59693E+02,  6.67108E+05,  3.20526E+05,  1.79341E+07,  2.20080E+19,  7.04388E+13,  2.75996E+13,  2.25125E+13,  1.45852E+13,  2.39437E+12,  2.30255E+13,  7.80916E+08,  1.51704E+03,  9.79650E+15,  5.42273E+06,  3.80845E+14,  2.86855E+09,  2.58068E+00,  7.15680E+12,  5.77205E+11,  2.13706E+14,  6.13152E+01,  8.38006E+13,  3.28710E+02,  7.15230E+09,  4.42161E+12,  1.17000E+08,  0.00000E+00,  0.00000E+00,  0.00000E+00,  0.00000E+00,  0.00000E+00
  3.20000E-03,2,  2.58352E-02,  0.00000E+00,  0.00000E+00,  2.44522E+18,  5.64451E+14,  1.38487E+11,  3.42903E+07,  8.43351E+03,  4.46645E+00,  1.37784E+01,  2.22552E-03,  1.94895E-06,  8.25900E+05,  3.91181E+02,  8.92670E-08,  2.09009E-06,  4.25077E+13,  1.01396E-03,  2.01309E+03,  1.91584E+00,  1.79097E+00,  2.78840E+05,  1.28280E+07,  2.20081E+19,  2.55913E+13,  1.00272E+13,  8.17875E+12,  5.29899E+12,  1.03703E+12,  4.94336E+12,  3.81145E+06,  1.58977E+00,  9.79140E+15,  0.00000E+00,  3.80827E+14,  9.91511E-05,  0.00000E+00,  2.86745E+12,  4.91355E+11,  2.16244E+14,  7.35591E-01,  8.34552E+13,  3.94349E+00,  2.49491E+05,  4.40789E+12,  1.17000E+08,  0.00000E+00,  0.00000E+00,  0.00000E+00,  0.00000E+00,  0.00000E+00
  3.25000E-03,1,  3.49960E+00,  1.40000E+02,  2.54766E-08,  2.44475E+18,  1.02002E+15,  4.63546E+11,  1.81749E+09,  8.10178E+08,  3.08323E+08,  1.46525E+08,  3.36058E+07,  9.70672E+06,  6.93214E+11,  4.26492E+08,  2.78910E+08,  5.10385E+09,  4.45287E+13,  9.34019E+02,  1.77077E+09,  1.67642E+02,  6.67111E+05,  3.16788E+05,  1.79340E+07,  2.20078E+19,  6.82104E+13,  2.67265E+13,  2.18003E+13,  1.41238E+13,  2.29888E+12,  2.30125E+13,  7.80823E+08,  1.51601E+03,  1.00893E+16,  5.42271E+06,  3.92712E+14,  2.81488E+09,  2.40374E+00,  7.07403E+12,  5.74559E+11,  2.18554E+14,  6.43673E+01,  8.62390E+13,  3.45071E+02,  7.01919E+09,  4.55749E+12,  1.17000E+08,  0.00000E+00,  0.00000E+00,  0.00000E+00,  0.00000E+00,  0.00000E+00
  3.30000E-03,2,  2.58352E-02,  0.00000E+00,  0.00000E+00,  2.44521E+18,  5.65507E+14,  1.38978E+11,  3.44523E+07,  8.47857E+03,  4.71811E+00,  1.52439E+01,  2.46685E-03,  2.17183E-06,  8.89335E+05,  4.32788E+02,  1.03196E-07,  2.42136E-06,  4.47097E+13,  1.20776E-03,  2.27961E+03,  2.01539E+00,  1.79256E+00,  2.73844E+05,  1.28353E+07,  2.20079E+19,  2.38473E+13,  9.34383E+12,  7.62138E+12,  4.93786E+12,  9.57594E+11,  4.95992E+12,  3.83007E+06,  1.59013E+00,  1.00838E+16,  0.00000E+00,  3.92693E+14,  0.00000E+00,  0.00000E+00,  2.73361E+12,  4.88720E+11,  2.21021E+14,  7.73815E-01,  8.58853E+13,  4.14840E+00,  2.50449E+05,  4.54298E+12,  1.17000E+08,  0.00000E+00,  0.00000E+00,  0.00000E+00,  0.00000E+00,  0.00000E+00
  3.35000E-03,1,  3.49960E+00,  1.40000E+02,  2.54766E-08,  2.44475E+18,  1.02030E+15,  4.63815E+11,  1.81771E+09,  8.10180E+08,  3.08325E+08,  1.46526E+08,  3.36059E+07,  9.70677E+06,  6.75308E+11,  4.26481E+08,  2.78906E+08,  5.10377E+09,  4.66536E+13,  9.98670E+02,  1.80764E+09,  1.75643E+02,  6.67115E+05,  3.13756E+05,  1.79339E+07,  2.20077E+19,  6.62199E+13,  2.59465E+13,  2.11641E+13,  1.37116E+13,  2.21532E+12,  2.30210E+13,  7.80905E+08,  1.51676E+03,  1.03815E+16,  5.42268E+06,  4.04577E+14,  2.76490E+09,  2.24923E+00,  7.00184E+12,  5.72447E+11,  2.23291E+14,  6.74393E+01,  8.86688E+13,  3.61539E+02,  6.89852E+09,  4.69330E+12,  1.17000E+08,  0.00000E+00,  0.00000E+00,  0.00000E+00,  0.00000E+00,  0.00000E+00
  3.40000E-03,2,  2.58352E-02,  0.00000E+00,  0.00000E+00,  2.44521E+18,  5.65175E+14,  1.38836E+11,  3.44162E+07,  8.48022E+03,  4.98006E+00,  1.67908E+01,  2.71557E-03,  2.38066E-06,  9.54365E+05,  4.76705E+02,  1.19135E-07,  2.79090E-06,  4.69217E+13,  1.42803E-03,  2.56873E+03,  2.11425E+00,  1.79036E+00,  2.69247E+05,  1.28151E+07,  2.20078E+19,  2.21422E+13,  8.67576E+12,  7.07646E+12,  4.58481E+12,  8.82793E+11,  4.95487E+12,  3.82836E+06,  1.59998E+00,  1.03755E+16,  0.00000E+00,  4.04557E+14,  2.36111E-09,  0.00000E+00,  2.59315E+12,  4.86096E+11,  2.25701E+14,  8.11773E-01,  8.83046E+13,  4.35188E+00,  2.51664E+05,  4.67787E+12,  1.17000E+08,  0.00000E+00,  0.00000E+00,  0.00000E+00,  0.00000E+00,  0.00000E+00
  3.45000E-03,1,  3.49960E+00,  1.40000E+02,  2.54766E-08,  2.44474E+18,  1.02024E+15,  4.63743E+11,  1.81763E+09,  8.10182E+08,  3.08326E+08,  1.46526E+08,  3.36061E+07,  9.70682E+06,  6.58257E+11,  4.26470E+08,  2.78902E+08,  5.10369E+09,  4.87871E+13,  1.06473E+03,  1.84241E+09,  1.83676E+02,  6.67118E+05,  3.11128E+05,  1.79338E+07,  2.20075E+19,  6.43207E+13,  2.52024E+13,  2.05571E+13,  1.33184E+13,  2.13751E+12,  2.30188E+13,  7.80869E+08,  1.51654E+03,  1.06728E+16,  5.42265E+06,  4.16440E+14,  2.71815E+09,  2.10915E+00,  6.92864E+12,  5.70419E+11,  2.27928E+14,  7.05237E+01,  9.10878E+13,  3.78074E+02,  6.77934E+09,  4.82891E+12,  1.17000E+08,  0.00000E+00,  0.00000E+00,  0.00000E+00,  0.00000E+00,  0.00000E+00
  3.50000E-03,2,  2.58352E-02,  0.00000E+00,  0.00000E+00,  2.44520E+18,  5.67582E+14,  1.40029E+11,  3.48626E+07,  8.63012E+03,  5.29712E+00,  1.84134E+01,  2.99067E-03,  2.63232E-06,  1.02025E+06,  5.22771E+02,  1.36149E-07,  3.18948E-06,  4.91349E+13,  1.67339E-03,  2.87467E+03,  2.21493E+00,  1.79388E+00,  2.65434E+05,  1.28362E+07,  2.20076E+19,  2.08087E+13,  8.15324E+12,  6.65026E+12,  4.30867E+12,  8.22682E+11,  4.99596E+12,  3.89308E+06,  1.64024E+00,  1.06664E+16,  0.00000E+00,  4.16419E+14,  2.06996E-08,  0.00000E+00,  2.48603E+12,  4.84273E+11,  2.30268E+14,  8.50428E-01,  9.07166E+13,  4.55910E+00,  2.52633E+05,  4.81278E+12,  1.17000E+08,  0.00000E+00,  0.00000E+00,  0.00000E+00,  0.00000E+00,  0.00000E+00
  3.55000E-03,1,  3.49960E+00,  1.40000E+02,  2.54766E-08,  2.44474E+18,  1.02099E+15,  4.64401E+11,  1.81809E+09,  8.10184E+08,  3.08327E+08,  1.46526E+08,  3.36063E+07,  9.70686E+06,  6.42150E+11,  4.26461E+08,  2.78898E+08,  5.10362E+09,  5.09299E+13,  1.13195E+03,  1.87632E+09,  1.91745E+02,  6.67121E+05,  3.09224E+05,  1.79337E+07,  2.20073E+19,  6.26213E+13,  2.45365E+13,  2.00140E+13,  1.29665E+13,  2.06898E+12,  2.30407E+13,  7.81027E+08,  1.51830E+03,  1.09633E+16,  5.42263E+06,  4.28300E+14,  2.67442E+09,  1.98567E+00,  6.86504E+12,  5.68818E+11,  2.32462E+14,  7.36217E+01,  9.34995E+13,  3.94681E+02,  6.67095E+09,  4.96452E+12,  1.17000E+08,  0.00000E+00,  0.00000E+00,  0.00000E+00,  0.00000E+00,  0.00000E+00
  3.60000E-03,2,  2.58352E-02,  0.00000E+00,  0.00000E+00,  2.44519E+18,  5.68722E+14,  1.40588E+11,  3.50705E+07,  8.70226E+03,  5.60281E+00,  2.01160E+01,  3.27379E-03,  2.88673E-06,  1.08739E+06,  5.71109E+02,  1.54655E-07,  3.62317E-06,  5.13545E+13,  1.94839E-03,  3.20246E+03,  2.31495E+00,  1.79434E+00,  2.62072E+05,  1.28349E+07,  2.20074E+19,  1.94822E+13,  7.63351E+12,  6.22634E+12,  4.03401E+12,  7.65274E+11,  5.01500E+12,  3.92265E+06,  1.65979E+00,  1.09566E+16,  2.72839-198,  4.28279E+14,  1.16147E-15,  0.00000E+00,  2.37187E+12,  4.82409E+11,  2.34745E+14,  8.88829E-01,  9.31195E+13,  4.76495E+00,  2.53676E+05,  4.94761E+12,  1.17000E+08,  0.00000E+00,  0.00000E+00,  0.00000E+00,  0.00000E+00,  0.00000E+00
  3.65000E-03,1,  3.49960E+00,  1.40000E+02,  2.54766E-08,  2.44473E+18,  1.02134E+15,  4.64713E+11,  1.81830E+09,  8.10186E+08,  3.08328E+08,  1.46527E+08,  3.36064E+07,  9.70691E+06,  6.26866E+11,  4.26453E+08,  2.78895E+08,  5.10356E+09,  5.30800E+13,  1.20030E+03,  1.90903E+09,  1.99841E+02,  6.67124E+05,  3.07746E+05,  1.79336E+07,  2.20072E+19,  6.09927E+13,  2.38984E+13,  1.94935E+13,  1.26292E+13,  2.00456E+12,  2.30510E+13,  7.81101E+08,  1.51913E+03,  1.12531E+16,  5.42260E+06,  4.40159E+14,  2.63337E+09,  1.87266E+00,  6.79842E+12,  5.67251E+11,  2.36905E+14,  7.67303E+01,  9.59021E+13,  4.11345E+02,  6.56920E+09,  5.10003E+12,  1.17000E+08,  0.00000E+00,  0.00000E+00,  0.00000E+00,  0.00000E+00,  0.00000E+00
  3.70000E-03,2,  2.58352E-02,  0.00000E+00,  0.00000E+00,  2.44519E+18,  5.67138E+14,  1.39738E+11,  3.47115E+07,  8.56832E+03,  5.84520E+00,  2.18986E+01,  3.55406E-03,  3.12572E-06,  1.15606E+06,  6.21718E+02,  1.75795E-07,  4.11350E-06,  5.35798E+13,  2.26105E-03,  3.56327E+03,  2.41341E+00,  1.78964E+00,  2.58728E+05,  1.27965E+07,  2.20073E+19,  1.80323E+13,  7.06541E+12,  5.76297E+12,  3.73379E+12,  7.05565E+11,  4.98612E+12,  3.86246E+06,  1.60325E+00,  1.12459E+16,  0.00000E+00,  4.40137E+14,  1.93610E-10,  0.00000E+00,  2.23507E+12,  4.80092E+11,  2.39142E+14,  9.26632E-01,  9.55103E+13,  4.96760E+00,  2.54980E+05,  5.08211E+12,  1.17000E+08,  0.00000E+00,  0.00000E+00,  0.00000E+00,  0.00000E+00,  0.00000E+00
  3.75000E-03,1,  3.49960E+00,  1.40000E+02,  2.54766E-08,  2.44473E+18,  1.02083E+15,  4.64275E+11,  1.81797E+09,  8.10188E+08,  3.08330E+08,  1.46527E+08,  3.36066E+07,  9.70697E+06,  6.12368E+11,  4.26445E+08,  2.78892E+08,  5.10350E+09,  5.52332E+13,  1.26959E+03,  1.94075E+09,  2.07949E+02,  6.67128E+05,  3.06324E+05,  1.79336E+07,  2.20070E+19,  5.93941E+13,  2.32720E+13,  1.89826E+13,  1.22982E+13,  1.94232E+12,  2.30364E+13,  7.80982E+08,  1.51786E+03,  1.15420E+16,  5.42258E+06,  4.52015E+14,  2.59471E+09,  1.76753E+00,  6.72415E+12,  5.65548E+11,  2.41261E+14,  7.98432E+01,  9.82925E+13,  4.28033E+02,  6.47429E+09,  5.23522E+12,  1.17000E+08,  0.00000E+00,  0.00000E+00,  0.00000E+00,  0.00000E+00,  0.00000E+00
  3.80000E-03,2,  2.58352E-02,  0.00000E+00,  0.00000E+00,  2.44518E+18,  5.65038E+14,  1.38775E+11,  3.43960E+07,  8.49042E+03,  6.13648E+00,  2.37529E+01,  3.84062E-03,  3.36611E-06,  1.22460E+06,  6.74359E+02,  1.96163E-07,  4.59519E-06,  5.58001E+13,  2.59064E-03,  3.91903E+03,  2.51113E+00,  1.78396E+00,  2.55363E+05,  1.27512E+07,  2.20071E+19,  1.66764E+13,  6.53412E+12,  5.32962E+12,  3.45303E+12,  6.49925E+11,  4.95287E+12,  3.82599E+06,  1.59869E+00,  1.15343E+16,  0.00000E+00,  4.51992E+14,  0.00000E+00,  0.00000E+00,  2.10184E+12,  4.77793E+11,  2.43452E+14,  9.64153E-01,  9.78880E+13,  5.16874E+00,  2.55591E+05,  5.21625E+12,  1.17000E+08,  0.00000E+00,  0.00000E+00,  0.00000E+00,  0.00000E+00,  0.00000E+00
  3.85000E-03,1,  3.49960E+00,  1.40000E+02,  2.54766E-08,  2.44472E+18,  1.02019E+15,  4.63707E+11,  1.81763E+09,  8.10190E+08,  3.08331E+08,  1.46528E+08,  3.36068E+07,  9.70702E+06,  5.98534E+11,  4.26438E+08,  2.78889E+08,  5.10344E+09,  5.73831E+13,  1.33945E+03,  1.97060E+09,  2.16045E+02,  6.67132E+05,  3.04917E+05,  1.79335E+07,  2.20068E+19,  5.78982E+13,  2.26859E+13,  1.85045E+13,  1.19885E+13,  1.88458E+12,  2.30171E+13,  7.80862E+08,  1.51646E+03,  1.18301E+16,  5.42255E+06,  4.63868E+14,  2.55834E+09,  1.67175E+00,  6.65199E+12,  5.63923E+11,  2.45530E+14,  8.29516E+01,  1.00670E+14,  4.44695E+02,  6.38329E+09,  5.37003E+12,  1.17000E+08,  0.00000E+00,  0.00000E+00,  0.00000E+00,  0.00000E+00,  0.00000E+00
  3.90000E-03,2,  2.58352E-02,  0.00000E+00,  0.00000E+00,  2.44518E+18,  5.63363E+14,  1.37953E+11,  3.40896E+07,  8.39413E+03,  6.42322E+00,  2.56759E+01,  4.13926E-03,  3.61846E-06,  1.29398E+06,  7.28954E+02,  2.18994E-07,  5.12981E-06,  5.80129E+13,  2.95903E-03,  4.30535E+03,  2.60896E+00,  1.77990E+00,  2.52168E+05,  1.27176E+07,  2.20069E+19,  1.54520E+13,  6.05440E+12,  4.93833E+12,  3.19951E+12,  6.00153E+11,  4.92469E+12,  3.78188E+06,  1.56968E+00,  1.18218E+16,  0.00000E+00,  4.63845E+14,  5.63365E-06,  0.00000E+00,  1.97829E+12,  4.75741E+11,  2.47675E+14,  1.00171E+00,  1.00254E+14,  5.37009E+00,  2.56510E+05,  5.35008E+12,  1.17000E+08,  0.00000E+00,  0.00000E+00,  0.00000E+00,  0.00000E+00,  0.00000E+00
  3.95000E-03,1,  3.49960E+00,  1.40000E+02,  2.54766E-08,  2.44472E+18,  1.01968E+15,  4.63249E+11,  1.81732E+09,  8.10192E+08,  3.08332E+08,  1.46528E+08,  3.36070E+07,  9.70707E+06,  5.85380E+11,  4.26432E+08,  2.78886E+08,  5.10339E+09,  5.95297E+13,  1.40987E+03,  1.99941E+09,  2.24128E+02,  6.67135E+05,  3.03682E+05,  1.79334E+07,  2.20067E+19,  5.64979E+13,  2.21372E+13,  1.80570E+13,  1.16985E+13,  1.83135E+12,  2.30017E+13,  7.80752E+08,  1.51525E+03,  1.21173E+16,  5.42252E+06,  4.75720E+14,  2.52401E+09,  1.58462E+00,  6.58177E+12,  5.62445E+11,  2.49717E+14,  8.60552E+01,  1.03035E+14,  4.61333E+02,  6.29821E+09,  5.50452E+12,  1.17000E+08,  0.00000E+00,  0.00000E+00,  0.00000E+00,  0.00000E+00,  0.00000E+00
  4.00000E-03,2,  2.58352E-02,  0.00000E+00,  0.00000E+00,  2.44517E+18,  5.64321E+14,  1.38422E+11,  3.42638E+07,  8.45559E+03,  6.77220E+00,  2.76618E+01,  4.46701E-03,  3.91190E-06,  1.36353E+06,  7.85333E+02,  2.43188E-07,  5.69701E-06,  6.02126E+13,  3.35891E-03,  4.70903E+03,  2.70795E+00,  1.78061E+00,  2.49509E+05,  1.27184E+07,  2.20068E+19,  1.45263E+13,  5.69169E+12,  4.64248E+12,  3.00783E+12,  5.61254E+11,  4.94071E+12,  3.80674E+06,  1.58579E+00,  1.21086E+16,  0.00000E+00,  4.75696E+14,  0.00000E+00,  0.00000E+00,  1.88695E+12,  4.74373E+11,  2.51805E+14,  1.03972E+00,  1.02611E+14,  5.57382E+00,  2.57444E+05,  5.48383E+12,  1.17000E+08,  0.00000E+00,  0.00000E+00,  0.00000E+00,  0.00000E+00,  0.00000E+00
  4.05000E-03,1,  3.49960E+00,  1.40000E+02,  2.54766E-08,  2.44471E+18,  1.01997E+15,  4.63510E+11,  1.81750E+09,  8.10194E+08,  3.08334E+08,  1.46529E+08,  3.36071E+07,  9.70712E+06,  5.72836E+11,  4.26426E+08,  2.78883E+08,  5.10334E+09,  6.16731E+13,  1.48081E+03,  2.02703E+09,  2.32200E+02,  6.67138E+05,  3.02912E+05,  1.79333E+07,  2.20065E+19,  5.52311E+13,  2.16409E+13,  1.76521E+13,  1.14362E+13,  1.78384E+12,  2.30103E+13,  7.80814E+08,  1.51594E+03,  1.24036E+16,  5.42250E+06,  4.87569E+14,  2.49161E+09,  1.50652E+00,  6.51968E+12,  5.61269E+11,  2.53819E+14,  8.91542E+01,  1.05392E+14,  4.77945E+02,  6.21792E+09,  5.63892E+12,  1.17000E+08,  0.00000E+00,  0.00000E+00,  0.00000E+00,  0.00000E+00,  0.00000E+00
  4.10000E-03,2,  2.58352E-02,  0.00000E+00,  0.00000E+00,  2.44517E+18,  5.64483E+14,  1.38492E+11,  3.42842E+07,  8.46418E+03,  7.11425E+00,  2.97185E+01,  4.80052E-03,  4.20044E-06,  1.43361E+06,  8.43719E+02,  2.68990E-07,  6.29772E-06,  6.24086E+13,  3.79395E-03,  5.13183E+03,  2.80608E+00,  1.77963E+00,  2.47139E+05,  1.27070E+07,  2.20066E+19,  1.35981E+13,  5.32800E+12,  4.34583E+12,  2.81563E+12,  5.23600E+11,  4.94304E+12,  3.80840E+06,  1.58426E+00,  1.23945E+16,  0.00000E+00,  4.87545E+14,  1.45319E-10,  0.00000E+00,  1.79084E+12,  4.72970E+11,  2.55861E+14,  1.07740E+00,  1.04958E+14,  5.77579E+00,  2.58339E+05,  5.61741E+12,  1.17000E+08,  0.00000E+00,  0.00000E+00,  0.00000E+00,  0.00000E+00,  0.00000E+00
  4.15000E-03,1,  3.49960E+00,  1.40000E+02,  2.54766E-08,  2.44470E+18,  1.02002E+15,  4.63555E+11,  1.81753E+09,  8.10196E+08,  3.08335E+08,  1.46529E+08,  3.36073E+07,  9.70717E+06,  5.60862E+11,  4.26421E+08,  2.78881E+08,  5.10329E+09,  6.38135E+13,  1.55226E+03,  2.05356E+09,  2.40260E+02,  6.67142E+05,  3.02400E+05,  1.79332E+07,  2.20063E+19,  5.40132E+13,  2.11637E+13,  1.72628E+13,  1.11840E+13,  1.73875E+12,  2.30117E+13,  7.80825E+08,  1.51607E+03,  1.26891E+16,  5.42247E+06,  4.99416E+14,  2.46094E+09,  1.43410E+00,  6.45597E+12,  5.60113E+11,  2.57846E+14,  9.22490E+01,  1.07739E+14,  4.94535E+02,  6.14195E+09,  5.77315E+12,  1.17000E+08,  0.00000E+00,  0.00000E+00,  0.00000E+00,  0.00000E+00,  0.00000E+00
  4.20000E-03,2,  2.58352E-02,  0.00000E+00,  0.00000E+00,  2.44516E+18,  5.62738E+14,  1.37619E+11,  3.39465E+07,  8.35150E+03,  7.42621E+00,  3.18435E+01,  5.12794E-03,  4.48290E-06,  1.50416E+06,  9.04048E+02,  2.95626E-07,  6.93314E-06,  6.45991E+13,  4.26717E-03,  5.57635E+03,  2.90246E+00,  1.77519E+00,  2.44714E+05,  1.26706E+07,  2.20064E+19,  1.26055E+13,  4.93909E+12,  4.02861E+12,  2.61011E+12,  4.84662E+11,  4.91312E+12,  3.75677E+06,  1.54394E+00,  1.26795E+16,  0.00000E+00,  4.99391E+14,  0.00000E+00,  0.00000E+00,  1.68195E+12,  4.71289E+11,  2.59848E+14,  1.11440E+00,  1.07294E+14,  5.97416E+00,  2.59184E+05,  5.75067E+12,  1.17000E+08,  0.00000E+00,  0.00000E+00,  0.00000E+00,  0.00000E+00,  0.00000E+00
  4.25000E-03,1,  3.49960E+00,  1.40000E+02,  2.54766E-08,  2.44470E+18,  1.01944E+15,  4.63052E+11,  1.81720E+09,  8.10199E+08,  3.08336E+08,  1.46530E+08,  3.36075E+07,  9.70722E+06,  5.49411E+11,  4.26416E+08,  2.78878E+08,  5.10324E+09,  6.59458E+13,  1.62369E+03,  2.07857E+09,  2.48290E+02,  6.67145E+05,  3.01863E+05,  1.79331E+07,  2.20062E+19,  5.28386E+13,  2.07034E+13,  1.68874E+13,  1.09408E+13,  1.69549E+12,  2.29945E+13,  7.80712E+08,  1.51482E+03,  1.29737E+16,  5.42245E+06,  5.11261E+14,  2.43186E+09,  1.36651E+00,  6.39045E+12,  5.58904E+11,  2.61800E+14,  9.53320E+01,  1.10074E+14,  5.11062E+02,  6.06867E+09,  5.90705E+12,  1.17000E+08,  0.00000E+00,  0.00000E+00,  0.00000E+00,  0.00000E+00,  0.00000E+00
  4.30000E-03,2,  2.58352E-02,  0.00000E+00,  0.00000E+00,  2.44516E+18,  5.64133E+14,  1.38333E+11,  3.42327E+07,  8.46099E+03,  7.82768E+00,  3.40220E+01,  5.49227E-03,  4.80666E-06,  1.57434E+06,  9.65890E+02,  3.24198E-07,  7.59487E-06,  6.67698E+13,  4.76933E-03,  6.02990E+03,  3.00040E+00,  1.77669E+00,  2.42782E+05,  1.26771E+07,  2.20063E+19,  1.19313E+13,  4.67492E+12,  3.81315E+12,  2.47051E+12,  4.56441E+11,  4.93758E+12,  3.80253E+06,  1.58403E+00,  1.29636E+16,  0.00000E+00,  5.11235E+14,  6.02514E-12,  0.00000E+00,  1.61106E+12,  4.70322E+11,  2.63750E+14,  1.15200E+00,  1.09621E+14,  6.17573E+00,  2.60060E+05,  5.88388E+12,  1.17000E+08,  0.00000E+00,  0.00000E+00,  0.00000E+00,  0.00000E+00,  0.00000E+00
  4.35000E-03,1,  3.49960E+00,  1.40000E+02,  2.54766E-08,  2.44469E+18,  1.01991E+15,  4.63458E+11,  1.81747E+09,  8.10201E+08,  3.08338E+08,  1.46530E+08,  3.36076E+07,  9.70727E+06,  5.38477E+11,  4.26412E+08,  2.78876E+08,  5.10320E+09,  6.80730E+13,  1.69590E+03,  2.10321E+09,  2.56300E+02,  6.67149E+05,  3.01730E+05,  1.79330E+07,  2.20060E+19,  5.17635E+13,  2.02822E+13,  1.65438E+13,  1.07182E+13,  1.65656E+12,  2.30082E+13,  7.80801E+08,  1.51583E+03,  1.32574E+16,  5.42242E+06,  5.23103E+14,  2.40430E+09,  1.30536E+00,  6.33051E+12,  5.57946E+11,  2.65680E+14,  9.84076E+01,  1.12401E+14,  5.27548E+02,  6.00163E+09,  6.04089E+12,  1.17000E+08,  0.00000E+00,  0.00000E+00,  0.00000E+00,  0.00000E+00,  0.00000E+00
  4.40000E-03,2,  2.58352E-02,  0.00000E+00,  0.00000E+00,  2.44515E+18,  5.63308E+14,  1.37907E+11,  3.40575E+07,  8.39986E+03,  8.17575E+00,  3.62697E+01,  5.84666E-03,  5.10989E-06,  1.64504E+06,  1.02970E+03,  3.54139E-07,  8.29228E-06,  6.89378E+13,  5.31255E-03,  6.50552E+03,  3.09625E+00,  1.77376E+00,  2.40828E+05,  1.26516E+07,  2.20061E+19,  1.11190E+13,  4.35665E+12,  3.55355E+12,  2.30232E+12,  4.24818E+11,  4.92289E+12,  3.77361E+06,  1.55615E+00,  1.32469E+16,  0.00000E+00,  5.23077E+14,  0.00000E+00,  0.00000E+00,  1.51881E+12,  4.68978E+11,  2.67591E+14,  1.18880E+00,  1.11937E+14,  6.37300E+00,  2.60877E+05,  6.01683E+12,  1.17000E+08,  0.00000E+00,  0.00000E+00,  0.00000E+00,  0.00000E+00,  0.00000E+00
  4.45000E-03,1,  3.49960E+00,  1.40000E+02,  2.54766E-08,  2.44469E+18,  1.01962E+15,  4.63200E+11,  1.81732E+09,  8.10203E+08,  3.08339E+08,  1.46531E+08,  3.36078E+07,  9.70732E+06,  5.27991E+11,  4.26408E+08,  2.78873E+08,  5.10316E+09,  7.01908E+13,  1.76785E+03,  2.12624E+09,  2.64276E+02,  6.67152E+05,  3.01595E+05,  1.79330E+07,  2.20058E+19,  5.07182E+13,  1.98726E+13,  1.62098E+13,  1.05018E+13,  1.61878E+12,  2.29993E+13,  7.80765E+08,  1.51518E+03,  1.35402E+16,  5.42240E+06,  5.34944E+14,  2.37808E+09,  1.24779E+00,  6.26869E+12,  5.56912E+11,  2.69492E+14,  1.01470E+02,  1.14717E+14,  5.43963E+02,  5.93577E+09,  6.17446E+12,  1.17000E+08,  0.00000E+00,  0.00000E+00,  0.00000E+00,  0.00000E+00,  0.00000E+00
  4.50000E-03,2,  2.58352E-02,  0.00000E+00,  0.00000E+00,  2.44515E+18,  5.64009E+14,  1.38269E+11,  3.42059E+07,  8.46104E+03,  8.57990E+00,  3.85690E+01,  6.22499E-03,  5.44675E-06,  1.71539E+06,  1.09497E+03,  3.84789E-07,  9.01671E-06,  7.10868E+13,  5.89075E-03,  6.99552E+03,  3.19243E+00,  1.77359E+00,  2.39124E+05,  1.26461E+07,  2.20059E+19,  1.05052E+13,  4.11616E+12,  3.35739E+12,  2.17522E+12,  3.99779E+11,  4.93532E+12,  3.79803E+06,  1.57950E+00,  1.35293E+16,  0.00000E+00,  5.34917E+14,  2.46313E-14,  0.00000E+00,  1.45022E+12,  4.68029E+11,  2.71359E+14,  1.22573E+00,  1.14244E+14,  6.57096E+00,  2.61698E+05,  6.14964E+12,  1.17000E+08,  0.00000E+00,  0.00000E+00,  0.00000E+00,  0.00000E+00,  0.00000E+00
  4.55000E-03,1,  3.49960E+00,  1.40000E+02,  2.54766E-08,  2.44468E+18,  1.01987E+15,  4.63423E+11,  1.81746E+09,  8.10206E+08,  3.08340E+08,  1.46532E+08,  3.36080E+07,  9.70737E+06,  5.17960E+11,  4.26405E+08,  2.78871E+08,  5.10312E+09,  7.23008E+13,  1.84022E+03,  2.14874E+09,  2.72222E+02,  6.67155E+05,  3.01659E+05,  1.79329E+07,  2.20057E+19,  4.97345E+13,  1.94872E+13,  1.58954E+13,  1.02981E+13,  1.58377E+12,  2.30068E+13,  7.80793E+08,  1.51575E+03,  1.38221E+16,  5.42237E+06,  5.46782E+14,  2.35318E+09,  1.19478E+00,  6.20853E+12,  5.56002E+11,  2.73238E+14,  1.04521E+02,  1.17024E+14,  5.60318E+02,  5.87502E+09,  6.30789E+12,  1.17000E+08,  0.00000E+00,  0.00000E+00,  0.00000E+00,  0.00000E+00,  0.00000E+00
  4.60000E-03,2,  2.58352E-02,  0.00000E+00,  0.00000E+00,  2.44514E+18,  5.65989E+14,  1.39250E+11,  3.45763E+07,  8.59078E+03,  9.01435E+00,  4.09277E+01,  6.62886E-03,  5.82008E-06,  1.78577E+06,  1.16193E+03,  4.16976E-07,  9.77177E-06,  7.32256E+13,  6.50715E-03,  7.50185E+03,  3.28964E+00,  1.77659E+00,  2.37903E+05,  1.26632E+07,  2.20058E+19,  9.98418E+12,  3.91200E+12,  3.19086E+12,  2.06733E+12,  3.78630E+11,  4.96889E+12,  3.85212E+06,  1.61707E+00,  1.38108E+16,  0.00000E+00,  5.46755E+14,  0.00000E+00,  0.00000E+00,  1.39213E+12,  4.67359E+11,  2.75059E+14,  1.26306E+00,  1.16545E+14,  6.77103E+00,  2.62520E+05,  6.28250E+12,  1.17000E+08,  0.00000E+00,  0.00000E+00,  0.00000E+00,  0.00000E+00,  0.00000E+00
  4.65000E-03,1,  3.49960E+00,  1.40000E+02,  2.54766E-08,  2.44468E+18,  1.02049E+15,  4.63969E+11,  1.81783E+09,  8.10208E+08,  3.08342E+08,  1.46532E+08,  3.36082E+07,  9.70742E+06,  5.08329E+11,  4.26401E+08,  2.78869E+08,  5.10309E+09,  7.44048E+13,  1.91264E+03,  2.17016E+09,  2.80146E+02,  6.67159E+05,  3.02110E+05,  1.79328E+07,  2.20055E+19,  4.88115E+13,  1.91255E+13,  1.56004E+13,  1.01070E+13,  1.55118E+12,  2.30249E+13,  7.80923E+08,  1.51719E+03,  1.41032E+16,  5.42235E+06,  5.58618E+14,  2.32947E+09,  1.14579E+00,  6.15171E+12,  5.55206E+11,  2.76918E+14,  1.07563E+02,  1.19324E+14,  5.76625E+02,  5.81630E+09,  6.44136E+12,  1.17000E+08,  0.00000E+00,  0.00000E+00,  0.00000E+00,  0.00000E+00,  0.00000E+00
  4.70000E-03,2,  2.58352E-02,  0.00000E+00,  0.00000E+00,  2.44514E+18,  5.64155E+14,  1.38341E+11,  3.42334E+07,  8.48182E+03,  9.37894E+00,  4.33499E+01,  6.99845E-03,  6.12477E-06,  1.85643E+06,  1.23069E+03,  4.50781E-07,  1.05604E-05,  7.53587E+13,  7.16502E-03,  8.02651E+03,  3.38245E+00,  1.77104E+00,  2.36211E+05,  1.26188E+07,  2.20056E+19,  9.27285E+12,  3.63328E+12,  2.96352E+12,  1.92004E+12,  3.51516E+11,  4.93762E+12,  3.80204E+06,  1.58321E+00,  1.40913E+16,  0.00000E+00,  5.58590E+14,  3.03141E-14,  0.00000E+00,  1.30552E+12,  4.66035E+11,  2.78707E+14,  1.29869E+00,  1.18832E+14,  6.96205E+00,  2.63269E+05,  6.41495E+12,  1.17000E+08,  0.00000E+00,  0.00000E+00,  0.00000E+00,  0.00000E+00,  0.00000E+00
  4.75000E-03,1,  3.49960E+00,  1.40000E+02,  2.54766E-08,  2.44467E+18,  1.01991E+15,  4.63463E+11,  1.81749E+09,  8.10211E+08,  3.08343E+08,  1.46533E+08,  3.36083E+07,  9.70747E+06,  4.99087E+11,  4.26398E+08,  2.78867E+08,  5.10306E+09,  7.64947E+13,  1.98485E+03,  2.19056E+09,  2.88017E+02,  6.67162E+05,  3.02194E+05,  1.79327E+07,  2.20053E+19,  4.78905E+13,  1.87647E+13,  1.53060E+13,  9.91625E+12,  1.51864E+12,  2.30079E+13,  7.80802E+08,  1.51586E+03,  1.43833E+16,  5.42232E+06,  5.70452E+14,  2.30683E+09,  1.09886E+00,  6.08967E+12,  5.54236E+11,  2.80540E+14,  1.10585E+02,  1.21611E+14,  5.92825E+02,  5.76024E+09,  6.57441E+12,  1.17000E+08,  0.00000E+00,  0.00000E+00,  0.00000E+00,  0.00000E+00,  0.00000E+00
  4.80000E-03,2,  2.58352E-02,  0.00000E+00,  0.00000E+00,  2.44513E+18,  5.62838E+14,  1.37700E+11,  3.39978E+07,  8.41163E+03,  9.76505E+00,  4.58167E+01,  7.37943E-03,  6.44460E-06,  1.92649E+06,  1.30072E+03,  4.85443E-07,  1.13726E-05,  7.74704E+13,  7.85824E-03,  8.56315E+03,  3.47508E+00,  1.76730E+00,  2.34411E+05,  1.25878E+07,  2.20054E+19,  8.66636E+12,  3.39565E+12,  2.76970E+12,  1.79446E+12,  3.28029E+11,  4.91572E+12,  3.76882E+06,  1.56279E+00,  1.43708E+16,  0.00000E+00,  5.70423E+14,  0.00000E+00,  0.00000E+00,  1.23110E+12,  4.64892E+11,  2.82293E+14,  1.33425E+00,  1.21108E+14,  7.15268E+00,  2.63995E+05,  6.54707E+12,  1.17000E+08,  0.00000E+00,  0.00000E+00,  0.00000E+00,  0.00000E+00,  0.00000E+00
  4.85000E-03,1,  3.49960E+00,  1.40000E+02,  2.54766E-08,  2.44467E+18,  1.01950E+15,  4.63102E+11,  1.81725E+09,  8.10213E+08,  3.08344E+08,  1.46533E+08,  3.36085E+07,  9.70752E+06,  4.90211E+11,  4.26396E+08,  2.78865E+08,  5.10302E+09,  7.85693E+13,  2.05673E+03,  2.20996E+09,  2.95830E+02,  6.67166E+05,  3.02194E+05,  1.79326E+07,  2.20052E+19,  4.70230E+13,  1.84248E+13,  1.50287E+13,  9.73662E+12,  1.48821E+12,  2.29957E+13,  7.80716E+08,  1.51490E+03,  1.46623E+16,  5.42230E+06,  5.82283E+14,  2.28523E+09,  1.05532E+00,  6.02982E+12,  5.53339E+11,  2.84102E+14,  1.13585E+02,  1.23887E+14,  6.08905E+02,  5.70673E+09,  6.70713E+12,  1.17000E+08,  0.00000E+00,  0.00000E+00,  0.00000E+00,  0.00000E+00,  0.00000E+00
  4.90000E-03,2,  2.58352E-02,  0.00000E+00,  0.00000E+00,  2.44513E+18,  5.63873E+14,  1.38209E+11,  3.41875E+07,  8.47959E+03,  1.02032E+01,  4.83283E+01,  7.79828E-03,  6.82320E-06,  1.99604E+06,  1.37202E+03,  5.21110E-07,  1.22086E-05,  7.95627E+13,  8.58788E-03,  9.11217E+03,  3.56928E+00,  1.76850E+00,  2.33042E+05,  1.25923E+07,  2.20053E+19,  8.22636E+12,  3.22325E+12,  2.62908E+12,  1.70336E+12,  3.10479E+11,  4.93322E+12,  3.79612E+06,  1.58028E+00,  1.46495E+16,  0.00000E+00,  5.82254E+14,  4.97133E-12,  0.00000E+00,  1.17832E+12,  4.64217E+11,  2.85816E+14,  1.37042E+00,  1.23376E+14,  7.34656E+00,  2.64745E+05,  6.67914E+12,  1.17000E+08,  0.00000E+00,  0.00000E+00,  0.00000E+00,  0.00000E+00,  0.00000E+00
  4.95000E-03,1,  3.49960E+00,  1.40000E+02,  2.54766E-08,  2.44466E+18,  1.01981E+15,  4.63377E+11,  1.81745E+09,  8.10216E+08,  3.08345E+08,  1.46534E+08,  3.36087E+07,  9.70757E+06,  4.81680E+11,  4.26393E+08,  2.78863E+08,  5.10299E+09,  8.06330E+13,  2.12857E+03,  2.22863E+09,  3.03602E+02,  6.67169E+05,  3.02527E+05,  1.79326E+07,  2.20050E+19,  4.62225E+13,  1.81111E+13,  1.47729E+13,  9.57087E+12,  1.46035E+12,  2.30046E+13,  7.80786E+08,  1.51565E+03,  1.49405E+16,  5.42227E+06,  5.94112E+14,  2.26459E+09,  1.01529E+00,  5.97498E+12,  5.52599E+11,  2.87605E+14,  1.16569E+02,  1.26155E+14,  6.24901E+02,  5.65587E+09,  6.83979E+12,  1.17000E+08,  0.00000E+00,  0.00000E+00,  0.00000E+00,  0.00000E+00,  0.00000E+00
  5.00000E-03,2,  2.58352E-02,  0.00000E+00,  0.00000E+00,  2.44512E+18,  5.64372E+14,  1.38453E+11,  3.42780E+07,  8.51471E+03,  1.06390E+01,  5.08922E+01,  8.21930E-03,  7.19658E-06,  2.06544E+06,  1.44480E+03,  5.57997E-07,  1.30723E-05,  8.16431E+13,  9.35760E-03,  9.67591E+03,  3.66213E+00,  1.76813E+00,  2.31799E+05,  1.25855E+07,  2.20051E+19,  7.77891E+12,  3.04793E+12,  2.48607E+12,  1.61070E+12,  2.93015E+11,  4.94171E+12,  3.80919E+06,  1.58821E+00,  1.49272E+16,  0.00000E+00,  5.94083E+14,  7.74931E-11,  0.00000E+00,  1.12304E+12,  4.63483E+11,  2.89283E+14,  1.40607E+00,  1.25635E+14,  7.53764E+00,  2.65466E+05,  6.81107E+12,  1.17000E+08,  0.00000E+00,  0.00000E+00,  0.00000E+00,  0.00000E+00,  0.00000E+00
  5.05000E-03,1,  3.49960E+00,  1.40000E+02,  2.54766E-08,  2.44466E+18,  1.01996E+15,  4.63515E+11,  1.81754E+09,  8.10218E+08,  3.08347E+08,  1.46535E+08,  3.36088E+07,  9.70762E+06,  4.73469E+11,  4.26391E+08,  2.78861E+08,  5.10296E+09,  8.26857E+13,  2.20016E+03,  2.24639E+09,  3.11333E+02,  6.67172E+05,  3.02956E+05,  1.79325E+07,  2.20049E+19,  4.54409E+13,  1.78049E+13,  1.45231E+13,  9.40903E+12,  1.43336E+12,  2.30091E+13,  7.80818E+08,  1.51602E+03,  1.52177E+16,  5.42225E+06,  6.05939E+14,  2.24486E+09,  9.77410E-01,  5.91869E+12,  5.51845E+11,  2.91053E+14,  1.19537E+02,  1.28413E+14,  6.40812E+02,  5.60697E+09,  6.97231E+12,  1.17000E+08,  0.00000E+00,  0.00000E+00,  0.00000E+00,  0.00000E+00,  0.00000E+00
  5.10000E-03,2,  2.58352E-02,  0.00000E+00,  0.00000E+00,  2.44512E+18,  5.64351E+14,  1.38444E+11,  3.42744E+07,  8.51955E+03,  1.10731E+01,  5.35040E+01,  8.64081E-03,  7.56559E-06,  2.13452E+06,  1.51894E+03,  5.95947E-07,  1.39614E-05,  8.37089E+13,  1.01666E-02,  1.02530E+04,  3.75373E+00,  1.76672E+00,  2.30543E+05,  1.25712E+07,  2.20050E+19,  7.33692E+12,  2.87475E+12,  2.34482E+12,  1.51919E+12,  2.75934E+11,  4.94132E+12,  3.80863E+06,  1.58784E+00,  1.52039E+16,  0.00000E+00,  6.05909E+14,  3.07744E-11,  0.00000E+00,  1.06716E+12,  4.62696E+11,  2.92699E+14,  1.44124E+00,  1.27884E+14,  7.72617E+00,  2.66162E+05,  6.94280E+12,  1.17000E+08,  0.00000E+00,  0.00000E+00,  0.00000E+00,  0.00000E+00,  0.00000E+00
  5.15000E-03,1,  3.49960E+00,  1.40000E+02,  2.54766E-08,  2.44465E+18,  1.01996E+15,  4.63505E+11,  1.81754E+09,  8.10221E+08,  3.08348E+08,  1.46535E+08,  3.36090E+07,  9.70767E+06,  4.65562E+11,  4.26389E+08,  2.78860E+08,  5.10293E+09,  8.47248E+13,  2.27139E+03,  2.26330E+09,  3.19013E+02,  6.67176E+05,  3.03371E+05,  1.79324E+07,  2.20047E+19,  4.46876E+13,  1.75097E+13,  1.42824E+13,  9.25306E+12,  1.40745E+12,  2.30087E+13,  7.80816E+08,  1.51600E+03,  1.54939E+16,  5.42222E+06,  6.17764E+14,  2.22596E+09,  9.41693E-01,  5.86247E+12,  5.51091E+11,  2.94449E+14,  1.22486E+02,  1.30663E+14,  6.56619E+02,  5.56006E+09,  7.10462E+12,  1.17000E+08,  0.00000E+00,  0.00000E+00,  0.00000E+00,  0.00000E+00,  0.00000E+00
  5.20000E-03,2,  2.58352E-02,  0.00000E+00,  0.00000E+00,  2.44511E+18,  5.64725E+14,  1.38628E+11,  3.43424E+07,  8.54788E+03,  1.15224E+01,  5.61597E+01,  9.07574E-03,  7.95043E-06,  2.20316E+06,  1.59433E+03,  6.34842E-07,  1.48738E-05,  8.57582E+13,  1.10139E-02,  1.08421E+04,  3.84510E+00,  1.76632E+00,  2.29397E+05,  1.25642E+07,  2.20048E+19,  6.94534E+12,  2.72132E+12,  2.21967E+12,  1.43811E+12,  2.60734E+11,  4.94750E+12,  3.81828E+06,  1.59383E+00,  1.54796E+16,  0.00000E+00,  6.17734E+14,  2.34514E-13,  0.00000E+00,  1.01730E+12,  4.62013E+11,  2.96061E+14,  1.47632E+00,  1.30125E+14,  7.91422E+00,  2.66849E+05,  7.07438E+12,  1.17000E+08,  0.00000E+00,  0.00000E+00,  0.00000E+00,  0.00000E+00,  0.00000E+00
  5.25000E-03,1,  3.49960E+00,  1.40000E+02,  2.54766E-08,  2.44465E+18,  1.02008E+15,  4.63609E+11,  1.81762E+09,  8.10223E+08,  3.08349E+08,  1.46536E+08,  3.36092E+07,  9.70772E+06,  4.57948E+11,  4.26387E+08,  2.78858E+08,  5.10291E+09,  8.67510E+13,  2.34237E+03,  2.27951E+09,  3.26644E+02,  6.67179E+05,  3.03864E+05,  1.79323E+07,  2.20045E+19,  4.39677E+13,  1.72276E+13,  1.40523E+13,  9.10399E+12,  1.38283E+12,  2.30121E+13,  7.80840E+08,  1.51628E+03,  1.57692E+16,  5.42220E+06,  6.29587E+14,  2.20785E+09,  9.08150E-01,  5.80738E+12,  5.50376E+11,  2.97793E+14,  1.25416E+02,  1.32903E+14,  6.72324E+02,  5.51521E+09,  7.23679E+12,  1.17000E+08,  0.00000E+00,  0.00000E+00,  0.00000E+00,  0.00000E+00,  0.00000E+00
  5.30000E-03,2,  2.58352E-02,  0.00000E+00,  0.00000E+00,  2.44511E+18,  5.63985E+14,  1.38265E+11,  3.42083E+07,  8.51047E+03,  1.19574E+01,  5.88600E+01,  9.49968E-03,  8.31208E-06,  2.27143E+06,  1.67098E+03,  6.74845E-07,  1.58099E-05,  8.77927E+13,  1.19009E-02,  1.14438E+04,  3.93452E+00,  1.76368E+00,  2.28097E+05,  1.25413E+07,  2.20046E+19,  6.52015E+12,  2.55472E+12,  2.08379E+12,  1.35007E+12,  2.44664E+11,  4.93498E+12,  3.79893E+06,  1.58197E+00,  1.57543E+16,  0.00000E+00,  6.29556E+14,  5.64384E-14,  0.00000E+00,  9.61411E+11,  4.61181E+11,  2.99375E+14,  1.51065E+00,  1.32355E+14,  8.09825E+00,  2.67501E+05,  7.20570E+12,  1.17000E+08,  0.00000E+00,  0.00000E+00,  0.00000E+00,  0.00000E+00,  0.00000E+00
  5.35000E-03,1,  3.49960E+00,  1.40000E+02,  2.54766E-08,  2.44464E+18,  1.01985E+15,  4.63407E+11,  1.81748E+09,  8.10226E+08,  3.08351E+08,  1.46536E+08,  3.36093E+07,  9.70777E+06,  4.50609E+11,  4.26386E+08,  2.78856E+08,  5.10288E+09,  8.87610E+13,  2.41287E+03,  2.29495E+09,  3.34215E+02,  6.67183E+05,  3.04237E+05,  1.79323E+07,  2.20044E+19,  4.32680E+13,  1.69535E+13,  1.38286E+13,  8.95910E+12,  1.35896E+12,  2.30052E+13,  7.80791E+08,  1.51574E+03,  1.60434E+16,  5.42217E+06,  6.41407E+14,  2.19047E+09,  8.76327E-01,  5.75164E+12,  5.49634E+11,  3.01088E+14,  1.28322E+02,  1.35132E+14,  6.87905E+02,  5.47219E+09,  7.36868E+12,  1.17000E+08,  0.00000E+00,  0.00000E+00,  0.00000E+00,  0.00000E+00,  0.00000E+00
  5.40000E-03,2,  2.58352E-02,  0.00000E+00,  0.00000E+00,  2.44510E+18,  5.62516E+14,  1.37547E+11,  3.39431E+07,  8.43078E+03,  1.23846E+01,  6.15951E+01,  9.91522E-03,  8.65388E-06,  2.33900E+06,  1.74862E+03,  7.15593E-07,  1.67645E-05,  8.98062E+13,  1.28241E-02,  1.20550E+04,  4.02182E+00,  1.75915E+00,  2.26518E+05,  1.25050E+07,  2.20045E+19,  6.10552E+12,  2.39226E+12,  1.95127E+12,  1.26421E+12,  2.28949E+11,  4.91044E+12,  3.76130E+06,  1.55844E+00,  1.60280E+16,  0.00000E+00,  6.41375E+14,  1.17535E-09,  0.00000E+00,  9.05907E+11,  4.60278E+11,  3.02643E+14,  1.54417E+00,  1.34572E+14,  8.27793E+00,  2.68118E+05,  7.33661E+12,  1.17000E+08,  0.00000E+00,  0.00000E+00,  0.00000E+00,  0.00000E+00,  0.00000E+00
  5.45000E-03,1,  3.49960E+00,  1.40000E+02,  2.54766E-08,  2.44464E+18,  1.01939E+15,  4.63006E+11,  1.81721E+09,  8.10228E+08,  3.08352E+08,  1.46537E+08,  3.36095E+07,  9.70783E+06,  4.43532E+11,  4.26385E+08,  2.78855E+08,  5.10286E+09,  9.07515E+13,  2.48268E+03,  2.30955E+09,  3.41712E+02,  6.67186E+05,  3.04394E+05,  1.79322E+07,  2.20042E+19,  4.25951E+13,  1.66898E+13,  1.36136E+13,  8.81978E+12,  1.33607E+12,  2.29917E+13,  7.80695E+08,  1.51467E+03,  1.63165E+16,  5.42215E+06,  6.53226E+14,  2.17378E+09,  8.46267E-01,  5.69625E+12,  5.48888E+11,  3.04335E+14,  1.31201E+02,  1.37349E+14,  7.03334E+02,  5.43086E+09,  7.50016E+12,  1.17000E+08,  0.00000E+00,  0.00000E+00,  0.00000E+00,  0.00000E+00,  0.00000E+00
  5.50000E-03,2,  2.58352E-02,  0.00000E+00,  0.00000E+00,  2.44510E+18,  5.63115E+14,  1.37841E+11,  3.40520E+07,  8.47246E+03,  1.28565E+01,  6.43633E+01,  1.03719E-02,  9.06362E-06,  2.40581E+06,  1.82720E+03,  7.57116E-07,  1.77359E-05,  9.17989E+13,  1.37826E-02,  1.26749E+04,  4.11107E+00,  1.75964E+00,  2.25333E+05,  1.25048E+07,  2.20043E+19,  5.80713E+12,  2.27535E+12,  1.85591E+12,  1.20243E+12,  2.17375E+11,  4.92058E+12,  3.77691E+06,  1.56805E+00,  1.63007E+16,  0.00000E+00,  6.53193E+14,  3.68109E-13,  0.00000E+00,  8.66618E+11,  4.59744E+11,  3.05859E+14,  1.57844E+00,  1.36782E+14,  8.46159E+00,  2.68758E+05,  7.46744E+12,  1.17000E+08,  0.00000E+00,  0.00000E+00,  0.00000E+00,  0.00000E+00,  0.00000E+00
  5.55000E-03,1,  3.49960E+00,  1.40000E+02,  2.54766E-08,  2.44463E+18,  1.01957E+15,  4.63171E+11,  1.81733E+09,  8.10231E+08,  3.08353E+08,  1.46538E+08,  3.36097E+07,  9.70788E+06,  4.36701E+11,  4.26383E+08,  2.78853E+08,  5.10283E+09,  9.27286E+13,  2.55211E+03,  2.32352E+09,  3.49158E+02,  6.67190E+05,  3.04839E+05,  1.79321E+07,  2.20041E+19,  4.19602E+13,  1.64410E+13,  1.34106E+13,  8.68830E+12,  1.31465E+12,  2.29971E+13,  7.80734E+08,  1.51513E+03,  1.65887E+16,  5.42212E+06,  6.65041E+14,  2.15775E+09,  8.18180E-01,  5.64350E+12,  5.48239E+11,  3.07536E+14,  1.34060E+02,  1.39559E+14,  7.18660E+02,  5.39118E+09,  7.63155E+12,  1.17000E+08,  0.00000E+00,  0.00000E+00,  0.00000E+00,  0.00000E+00,  0.00000E+00
  5.60000E-03,2,  2.58352E-02,  0.00000E+00,  0.00000E+00,  2.44509E+18,  5.62723E+14,  1.37651E+11,  3.39832E+07,  8.44731E+03,  1.32963E+01,  6.71709E+01,  1.08168E-02,  9.49683E-06,  2.47215E+06,  1.90689E+03,  7.91499E-07,  1.85433E-05,  9.37765E+13,  1.47701E-02,  1.33053E+04,  4.19805E+00,  1.75752E+00,  2.24097E+05,  1.24858E+07,  2.20042E+19,  5.47838E+12,  2.14654E+12,  1.75084E+12,  1.13436E+12,  2.04904E+11,  4.91397E+12,  3.76803E+06,  1.54830E+00,  1.65723E+16,  0.00000E+00,  6.65008E+14,  9.29020E-05,  0.00000E+00,  8.22055E+11,  4.59063E+11,  3.09033E+14,  1.61183E+00,  1.38981E+14,  8.64060E+00,  2.69372E+05,  7.59802E+12,  1.17000E+08,  0.00000E+00,  0.00000E+00,  0.00000E+00,  0.00000E+00,  0.00000E+00
  5.65000E-03,1,  3.49960E+00,  1.40000E+02,  2.54766E-08,  2.44463E+18,  1.01940E+15,  4.63032E+11,  1.81725E+09,  8.10233E+08,  3.08355E+08,  1.46538E+08,  3.36099E+07,  9.70793E+06,  4.30105E+11,  4.26382E+08,  2.78852E+08,  5.10281E+09,  9.46882E+13,  2.62071E+03,  2.33664E+09,  3.56540E+02,  6.67193E+05,  3.05244E+05,  1.79321E+07,  2.20039E+19,  4.13555E+13,  1.62041E+13,  1.32174E+13,  8.56309E+12,  1.29415E+12,  2.29924E+13,  7.80709E+08,  1.51477E+03,  1.68598E+16,  5.42210E+06,  6.76855E+14,  2.14234E+09,  7.91636E-01,  5.59230E+12,  5.47584E+11,  3.10692E+14,  1.36894E+02,  1.41758E+14,  7.33851E+02,  5.35284E+09,  7.76269E+12,  1.17000E+08,  0.00000E+00,  0.00000E+00,  0.00000E+00,  0.00000E+00,  0.00000E+00
  5.70000E-03,2,  2.58352E-02,  0.00000E+00,  0.00000E+00,  2.44509E+18,  5.63840E+14,  1.38192E+11,  3.41804E+07,  8.52677E+03,  1.38097E+01,  7.00102E+01,  1.16183E-02,  0.00000E+00,  2.53783E+06,  1.98749E+03,  9.64070E-07,  1.97359E-05,  9.57347E+13,  1.58134E-02,  1.39446E+04,  4.28616E+00,  1.75872E+00,  2.23210E+05,  1.24907E+07,  2.20040E+19,  5.24590E+12,  2.05545E+12,  1.67655E+12,  1.08622E+12,  1.95756E+11,  4.93250E+12,  3.79493E+06,  1.57912E+00,  1.68429E+16,  0.00000E+00,  6.76822E+14,  0.00000E+00,  0.00000E+00,  7.91192E+11,  4.58667E+11,  3.12159E+14,  1.64566E+00,  1.41173E+14,  8.82193E+00,  2.69978E+05,  7.72854E+12,  1.17000E+08,  0.00000E+00,  0.00000E+00,  0.00000E+00,  0.00000E+00,  0.00000E+00
  5.75000E-03,1,  3.49960E+00,  1.40000E+02,  2.54766E-08,  2.44462E+18,  1.01980E+15,  4.63370E+11,  1.81747E+09,  8.10236E+08,  3.08356E+08,  1.46539E+08,  3.36100E+07,  9.70797E+06,  4.23732E+11,  4.26381E+08,  2.78850E+08,  5.10279E+09,  9.66372E+13,  2.68946E+03,  2.34953E+09,  3.63881E+02,  6.67196E+05,  3.05892E+05,  1.79320E+07,  2.20037E+19,  4.07561E+13,  1.59692E+13,  1.30258E+13,  8.43898E+12,  1.27422E+12,  2.30035E+13,  7.80781E+08,  1.51566E+03,  1.71299E+16,  5.42208E+06,  6.88667E+14,  2.12750E+09,  7.66324E-01,  5.53950E+12,  5.46964E+11,  3.13804E+14,  1.39712E+02,  1.43949E+14,  7.48959E+02,  5.31629E+09,  7.89377E+12,  1.17000E+08,  0.00000E+00,  0.00000E+00,  0.00000E+00,  0.00000E+00,  0.00000E+00
  5.80000E-03,2,  2.58352E-02,  0.00000E+00,  0.00000E+00,  2.44508E+18,  5.64940E+14,  1.38732E+11,  3.43807E+07,  8.59864E+03,  1.43098E+01,  7.28908E+01,  1.17843E-02,  1.03271E-05,  2.60316E+06,  2.06926E+03,  8.86393E-07,  2.07651E-05,  9.76811E+13,  1.68871E-02,  1.45947E+04,  4.37360E+00,  1.75971E+00,  2.22497E+05,  1.24938E+07,  2.20038E+19,  5.00581E+12,  1.96137E+12,  1.59981E+12,  1.03650E+12,  1.86540E+11,  4.95085E+12,  3.82319E+06,  1.59707E+00,  1.71125E+16,  0.00000E+00,  6.88633E+14,  3.09311E-15,  0.00000E+00,  7.58670E+11,  4.58240E+11,  3.15244E+14,  1.67923E+00,  1.43358E+14,  9.00190E+00,  2.70580E+05,  7.85901E+12,  1.17000E+08,  0.00000E+00,  0.00000E+00,  0.00000E+00,  0.00000E+00,  0.00000E+00
  5.85000E-03,1,  3.49960E+00,  1.40000E+02,  2.54766E-08,  2.44462E+18,  1.02014E+15,  4.63672E+11,  1.81768E+09,  8.10239E+08,  3.08357E+08,  1.46540E+08,  3.36102E+07,  9.70802E+06,  4.17569E+11,  4.26380E+08,  2.78849E+08,  5.10277E+09,  9.85730E+13,  2.75758E+03,  2.36173E+09,  3.71172E+02,  6.67200E+05,  3.06662E+05,  1.79319E+07,  2.20036E+19,  4.01865E+13,  1.57461E+13,  1.28438E+13,  8.32105E+12,  1.25520E+12,  2.30135E+13,  7.80853E+08,  1.51647E+03,  1.73989E+16,  5.42205E+06,  7.00476E+14,  2.11322E+09,  7.42408E-01,  5.48882E+12,  5.46363E+11,  3.16874E+14,  1.42512E+02,  1.46134E+14,  7.63966E+02,  5.28094E+09,  8.02479E+12,  1.17000E+08,  0.00000E+00,  0.00000E+00,  0.00000E+00,  0.00000E+00,  0.00000E+00
  5.90000E-03,2,  2.58352E-02,  0.00000E+00,  0.00000E+00,  2.44508E+18,  5.62950E+14,  1.37760E+11,  3.40221E+07,  8.48912E+03,  1.47565E+01,  7.58018E+01,  1.22117E-02,  1.06672E-05,  2.66786E+06,  2.15189E+03,  9.30974E-07,  2.18101E-05,  9.96091E+13,  1.79976E-02,  1.52533E+04,  4.45580E+00,  1.75379E+00,  2.21108E+05,  1.24478E+07,  2.20037E+19,  4.67423E+12,  1.83145E+12,  1.49384E+12,  9.67847E+11,  1.74242E+11,  4.91760E+12,  3.77238E+06,  1.56540E+00,  1.73810E+16,  0.00000E+00,  7.00442E+14,  0.00000E+00,  0.00000E+00,  7.11748E+11,  4.57406E+11,  3.18292E+14,  1.71079E+00,  1.45529E+14,  9.17105E+00,  2.71108E+05,  7.98896E+12,  1.17000E+08,  0.00000E+00,  0.00000E+00,  0.00000E+00,  0.00000E+00,  0.00000E+00
  5.95000E-03,1,  3.49960E+00,  1.40000E+02,  2.54766E-08,  2.44461E+18,  1.01952E+15,  4.63124E+11,  1.81731E+09,  8.10241E+08,  3.08359E+08,  1.46540E+08,  3.36104E+07,  9.70807E+06,  4.11611E+11,  4.26380E+08,  2.78848E+08,  5.10275E+09,  1.00485E+14,  2.82470E+03,  2.37317E+09,  3.78375E+02,  6.67203E+05,  3.06931E+05,  1.79318E+07,  2.20034E+19,  3.96275E+13,  1.55270E+13,  1.26651E+13,  8.20529E+12,  1.23648E+12,  2.29950E+13,  7.80723E+08,  1.51501E+03,  1.76668E+16,  5.42203E+06,  7.12284E+14,  2.09944E+09,  7.19456E-01,  5.43700E+12,  5.45687E+11,  3.19905E+14,  1.45277E+02,  1.48305E+14,  7.78789E+02,  5.24679E+09,  8.15530E+12,  1.17000E+08,  0.00000E+00,  0.00000E+00,  0.00000E+00,  0.00000E+00,  0.00000E+00
  6.00000E-03,2,  2.58352E-02,  0.00000E+00,  0.00000E+00,  2.44507E+18,  5.62791E+14,  1.37683E+11,  3.39934E+07,  8.48654E+03,  1.52414E+01,  7.87344E+01,  1.26806E-02,  1.10738E-05,  2.73160E+06,  2.23513E+03,  9.75983E-07,  2.28649E-05,  1.01514E+14,  1.91398E-02,  1.59170E+04,  4.54011E+00,  1.75286E+00,  2.19942E+05,  1.24377E+07,  2.20035E+19,  4.43487E+12,  1.73767E+12,  1.41735E+12,  9.18286E+11,  1.65178E+11,  4.91485E+12,  3.76817E+06,  1.56280E+00,  1.76484E+16,  0.00000E+00,  7.12248E+14,  3.73877E-17,  0.00000E+00,  6.78212E+11,  4.56877E+11,  3.21299E+14,  1.74316E+00,  1.47691E+14,  9.34458E+00,  2.71661E+05,  8.11874E+12,  1.17000E+08,  0.00000E+00,  0.00000E+00,  0.00000E+00,  0.00000E+00,  0.00000E+00
  6.05000E-03,1,  3.49960E+00,  1.40000E+02,  2.54766E-08,  2.44461E+18,  1.01947E+15,  4.63080E+11,  1.81728E+09,  8.10244E+08,  3.08360E+08,  1.46541E+08,  3.36105E+07,  9.70812E+06,  4.05845E+11,  4.26379E+08,  2.78846E+08,  5.10273E+09,  1.02381E+14,  2.89121E+03,  2.38407E+09,  3.85516E+02,  6.67206E+05,  3.07353E+05,  1.79318E+07,  2.20033E+19,  3.90956E+13,  1.53186E+13,  1.24951E+13,  8.09516E+12,  1.21880E+12,  2.29935E+13,  7.80712E+08,  1.51490E+03,  1.79337E+16,  5.42201E+06,  7.24088E+14,  2.08614E+09,  6.97839E-01,  5.38706E+12,  5.45079E+11,  3.22897E+14,  1.48019E+02,  1.50466E+14,  7.93486E+02,  5.21389E+09,  8.28561E+12,  1.17000E+08,  0.00000E+00,  0.00000E+00,  0.00000E+00,  0.00000E+00,  0.00000E+00
  6.10000E-03,2,  2.58352E-02,  0.00000E+00,  0.00000E+00,  2.44507E+18,  5.63418E+14,  1.37988E+11,  3.41048E+07,  8.52854E+03,  1.57449E+01,  8.16954E+01,  1.31722E-02,  1.15157E-05,  2.79470E+06,  2.31918E+03,  1.02162E-06,  2.39334E-05,  1.03402E+14,  2.03175E-02,  1.65879E+04,  4.62439E+00,  1.75307E+00,  2.19034E+05,  1.24357E+07,  2.20034E+19,  4.23477E+12,  1.65927E+12,  1.35340E+12,  8.76854E+11,  1.57521E+11,  4.92533E+12,  3.78377E+06,  1.57143E+00,  1.79147E+16,  0.00000E+00,  7.24053E+14,  2.63213E-13,  0.00000E+00,  6.50219E+11,  4.56465E+11,  3.24265E+14,  1.77552E+00,  1.49845E+14,  9.51801E+00,  2.72211E+05,  8.24840E+12,  1.17000E+08,  0.00000E+00,  0.00000E+00,  0.00000E+00,  0.00000E+00,  0.00000E+00
  6.15000E-03,1,  3.49960E+00,  1.40000E+02,  2.54766E-08,  2.44460E+18,  1.01966E+15,  4.63252E+11,  1.81741E+09,  8.10246E+08,  3.08361E+08,  1.46542E+08,  3.36107E+07,  9.70817E+06,  4.00263E+11,  4.26379E+08,  2.78845E+08,  5.10271E+09,  1.04263E+14,  2.95720E+03,  2.39448E+09,  3.92603E+02,  6.67210E+05,  3.07951E+05,  1.79317E+07,  2.20031E+19,  3.85840E+13,  1.51181E+13,  1.23316E+13,  7.98922E+12,  1.20186E+12,  2.29991E+13,  7.80753E+08,  1.51536E+03,  1.81994E+16,  5.42198E+06,  7.35891E+14,  2.07332E+09,  6.77325E-01,  5.33826E+12,  5.44502E+11,  3.25850E+14,  1.50740E+02,  1.52620E+14,  8.08072E+02,  5.18215E+09,  8.41582E+12,  1.17000E+08,  0.00000E+00,  0.00000E+00,  0.00000E+00,  0.00000E+00,  0.00000E+00
  6.20000E-03,2,  2.58352E-02,  0.00000E+00,  0.00000E+00,  2.44506E+18,  5.63389E+14,  1.37974E+11,  3.41005E+07,  8.53464E+03,  1.62422E+01,  8.46839E+01,  1.36534E-02,  1.19349E-05,  2.85715E+06,  2.40400E+03,  1.06776E-06,  2.50151E-05,  1.05273E+14,  2.15305E-02,  1.72659E+04,  4.70675E+00,  1.75161E+00,  2.18071E+05,  1.24218E+07,  2.20032E+19,  4.02802E+12,  1.57826E+12,  1.28732E+12,  8.34043E+11,  1.49666E+11,  4.92479E+12,  3.78325E+06,  1.57197E+00,  1.81799E+16,  0.00000E+00,  7.35855E+14,  0.00000E+00,  0.00000E+00,  6.20834E+11,  4.55984E+11,  3.27196E+14,  1.80714E+00,  1.51989E+14,  9.68751E+00,  2.72733E+05,  8.37783E+12,  1.17000E+08,  0.00000E+00,  0.00000E+00,  0.00000E+00,  0.00000E+00,  0.00000E+00
  6.25000E-03,1,  3.49960E+00,  1.40000E+02,  2.54766E-08,  2.44460E+18,  1.01965E+15,  4.63245E+11,  1.81740E+09,  8.10249E+08,  3.08363E+08,  1.46542E+08,  3.36109E+07,  9.70822E+06,  3.94856E+11,  4.26379E+08,  2.78844E+08,  5.10269E+09,  1.06127E+14,  3.02251E+03,  2.40437E+09,  3.99626E+02,  6.67213E+05,  3.08501E+05,  1.79317E+07,  2.20030E+19,  3.80874E+13,  1.49236E+13,  1.21729E+13,  7.88639E+12,  1.18543E+12,  2.29988E+13,  7.80750E+08,  1.51534E+03,  1.84641E+16,  5.42196E+06,  7.47692E+14,  2.06092E+09,  6.57742E-01,  5.28978E+12,  5.43919E+11,  3.28766E+14,  1.53437E+02,  1.54764E+14,  8.22525E+02,  5.15147E+09,  8.54579E+12,  1.17000E+08,  0.00000E+00,  0.00000E+00,  0.00000E+00,  0.00000E+00,  0.00000E+00
  6.30000E-03,2,  2.58352E-02,  0.00000E+00,  0.00000E+00,  2.44506E+18,  5.62409E+14,  1.37492E+11,  3.39183E+07,  8.47986E+03,  1.67220E+01,  8.76966E+01,  1.41146E-02,  1.23126E-05,  2.91891E+06,  2.48951E+03,  1.11477E-06,  2.61083E-05,  1.07125E+14,  2.27777E-02,  1.79501E+04,  4.78710E+00,  1.74846E+00,  2.16890E+05,  1.23960E+07,  2.20031E+19,  3.78996E+12,  1.48498E+12,  1.21124E+12,  7.84750E+11,  1.40885E+11,  4.90829E+12,  3.75639E+06,  1.55201E+00,  1.84440E+16,  0.00000E+00,  7.47655E+14,  1.38404E-08,  0.00000E+00,  5.86293E+11,  4.55371E+11,  3.30092E+14,  1.83799E+00,  1.54123E+14,  9.85287E+00,  2.73226E+05,  8.50693E+12,  1.17000E+08,  0.00000E+00,  0.00000E+00,  0.00000E+00,  0.00000E+00,  0.00000E+00
  6.35000E-03,1,  3.49960E+00,  1.40000E+02,  2.54766E-08,  2.44460E+18,  1.01935E+15,  4.62977E+11,  1.81722E+09,  8.10251E+08,  3.08364E+08,  1.46543E+08,  3.36110E+07,  9.70827E+06,  3.89617E+11,  4.26378E+08,  2.78843E+08,  5.10268E+09,  1.07971E+14,  3.08698E+03,  2.41370E+09,  4.06574E+02,  6.67217E+05,  3.08886E+05,  1.79316E+07,  2.20028E+19,  3.76042E+13,  1.47343E+13,  1.20185E+13,  7.78635E+12,  1.16946E+12,  2.29897E+13,  7.80686E+08,  1.51463E+03,  1.87276E+16,  5.42193E+06,  7.59490E+14,  2.04894E+09,  6.39012E-01,  5.24141E+12,  5.43318E+11,  3.31647E+14,  1.56104E+02,  1.56898E+14,  8.36824E+02,  5.12181E+09,  8.67542E+12,  1.17000E+08,  0.00000E+00,  0.00000E+00,  0.00000E+00,  0.00000E+00,  0.00000E+00
  6.40000E-03,2,  2.58352E-02,  0.00000E+00,  0.00000E+00,  2.44506E+18,  5.62600E+14,  1.37590E+11,  3.39588E+07,  8.50275E+03,  1.72330E+01,  9.07278E+01,  1.46074E-02,  1.27523E-05,  2.97980E+06,  2.57555E+03,  1.16140E-06,  2.72089E-05,  1.08957E+14,  2.40555E-02,  1.86384E+04,  4.86839E+00,  1.74807E+00,  2.15937E+05,  1.23899E+07,  2.20029E+19,  3.61647E+12,  1.41700E+12,  1.15579E+12,  7.48827E+11,  1.34296E+11,  4.91158E+12,  3.76310E+06,  1.55951E+00,  1.87070E+16,  0.00000E+00,  7.59452E+14,  0.00000E+00,  0.00000E+00,  5.61319E+11,  4.54960E+11,  3.32952E+14,  1.86920E+00,  1.56248E+14,  1.00202E+01,  2.73729E+05,  8.63588E+12,  1.17000E+08,  0.00000E+00,  0.00000E+00,  0.00000E+00,  0.00000E+00,  0.00000E+00
  6.45000E-03,1,  3.49960E+00,  1.40000E+02,  2.54766E-08,  2.44459E+18,  1.01940E+15,  4.63029E+11,  1.81726E+09,  8.10254E+08,  3.08365E+08,  1.46544E+08,  3.36112E+07,  9.70832E+06,  3.84538E+11,  4.26378E+08,  2.78841E+08,  5.10266E+09,  1.09800E+14,  3.15081E+03,  2.42258E+09,  4.13463E+02,  6.67220E+05,  3.09423E+05,  1.79315E+07,  2.20027E+19,  3.71412E+13,  1.45528E+13,  1.18705E+13,  7.69048E+12,  1.15422E+12,  2.29913E+13,  7.80698E+08,  1.51477E+03,  1.89900E+16,  5.42191E+06,  7.71286E+14,  2.03735E+09,  6.21246E-01,  5.19448E+12,  5.42761E+11,  3.34494E+14,  1.58749E+02,  1.59023E+14,  8.51001E+02,  5.09313E+09,  8.80489E+12,  1.17000E+08,  0.00000E+00,  0.00000E+00,  0.00000E+00,  0.00000E+00,  0.00000E+00
  6.50000E-03,2,  2.58352E-02,  0.00000E+00,  0.00000E+00,  2.44505E+18,  5.62884E+14,  1.37732E+11,  3.40125E+07,  8.52739E+03,  1.77467E+01,  9.37810E+01,  1.51066E-02,  1.31965E-05,  3.03999E+06,  2.66222E+03,  1.20598E-06,  2.83193E-05,  1.10772E+14,  2.53662E-02,  1.93319E+04,  4.94868E+00,  1.74739E+00,  2.15070E+05,  1.23817E+07,  2.20027E+19,  3.45870E+12,  1.35519E+12,  1.10537E+12,  7.16159E+11,  1.28260E+11,  4.91651E+12,  3.77104E+06,  1.56448E+00,  1.89688E+16,  0.00000E+00,  7.71248E+14,  8.86432E-10,  0.00000E+00,  5.38513E+11,  4.54574E+11,  3.35778E+14,  1.90002E+00,  1.58365E+14,  1.01854E+01,  2.74218E+05,  8.76464E+12,  1.17000E+08,  0.00000E+00,  0.00000E+00,  0.00000E+00,  0.00000E+00,  0.00000E+00
  6.55000E-03,1,  3.49960E+00,  1.40000E+02,  2.54766E-08,  2.44459E+18,  1.01949E+15,  4.63107E+11,  1.81732E+09,  8.10257E+08,  3.08366E+08,  1.46545E+08,  3.36114E+07,  9.70837E+06,  3.79612E+11,  4.26378E+08,  2.78840E+08,  5.10264E+09,  1.11613E+14,  3.21398E+03,  2.43101E+09,  4.20292E+02,  6.67223E+05,  3.10011E+05,  1.79315E+07,  2.20025E+19,  3.66934E+13,  1.43774E+13,  1.17274E+13,  7.59775E+12,  1.13951E+12,  2.29938E+13,  7.80716E+08,  1.51498E+03,  1.92512E+16,  5.42189E+06,  7.83080E+14,  2.02613E+09,  6.04291E-01,  5.14833E+12,  5.42213E+11,  3.37307E+14,  1.61371E+02,  1.61139E+14,  8.65054E+02,  5.06536E+09,  8.93419E+12,  1.17000E+08,  0.00000E+00,  0.00000E+00,  0.00000E+00,  0.00000E+00,  0.00000E+00
  6.60000E-03,2,  2.58352E-02,  0.00000E+00,  0.00000E+00,  2.44504E+18,  5.65427E+14,  1.38974E+11,  3.44708E+07,  8.68294E+03,  1.83079E+01,  9.68658E+01,  1.56741E-02,  1.37472E-05,  3.09979E+06,  2.74978E+03,  1.25687E-06,  2.94444E-05,  1.12575E+14,  2.67145E-02,  2.00333E+04,  5.03234E+00,  1.75208E+00,  2.14908E+05,  1.24116E+07,  2.20026E+19,  3.36790E+12,  1.31961E+12,  1.07635E+12,  6.97359E+11,  1.24619E+11,  4.95886E+12,  3.83587E+06,  1.60487E+00,  1.92297E+16,  0.00000E+00,  7.83042E+14,  5.66348E-17,  0.00000E+00,  5.25901E+11,  4.54471E+11,  3.38567E+14,  1.93214E+00,  1.60478E+14,  1.03576E+01,  2.74747E+05,  8.89363E+12,  1.17000E+08,  0.00000E+00,  0.00000E+00,  0.00000E+00,  0.00000E+00,  0.00000E+00
  6.65000E-03,1,  3.49960E+00,  1.40000E+02,  2.54766E-08,  2.44458E+18,  1.02028E+15,  4.63803E+11,  1.81780E+09,  8.10259E+08,  3.08368E+08,  1.46545E+08,  3.36115E+07,  9.70842E+06,  3.74830E+11,  4.26378E+08,  2.78839E+08,  5.10263E+09,  1.13419E+14,  3.27703E+03,  2.43923E+09,  4.27096E+02,  6.67226E+05,  3.11080E+05,  1.79314E+07,  2.20023E+19,  3.62621E+13,  1.42084E+13,  1.15895E+13,  7.50844E+12,  1.12542E+12,  2.30169E+13,  7.80883E+08,  1.51684E+03,  1.95115E+16,  5.42187E+06,  7.94872E+14,  2.01528E+09,  5.88155E-01,  5.10370E+12,  5.41721E+11,  3.40086E+14,  1.63983E+02,  1.63252E+14,  8.79058E+02,  5.03851E+09,  9.06369E+12,  1.17000E+08,  0.00000E+00,  0.00000E+00,  0.00000E+00,  0.00000E+00,  0.00000E+00
  6.70000E-03,2,  2.58352E-02,  0.00000E+00,  0.00000E+00,  2.44504E+18,  5.62218E+14,  1.37405E+11,  3.38911E+07,  8.50231E+03,  1.87632E+01,  9.99663E+01,  1.60840E-02,  1.40328E-05,  3.15882E+06,  2.83778E+03,  1.30514E-06,  3.05766E-05,  1.14359E+14,  2.80939E-02,  2.07391E+04,  5.10510E+00,  1.74309E+00,  2.13404E+05,  1.23442E+07,  2.20024E+19,  3.11009E+12,  1.21859E+12,  9.93958E+11,  6.43976E+11,  1.15302E+11,  4.90520E+12,  3.75354E+06,  1.55370E+00,  1.94892E+16,  0.00000E+00,  7.94833E+14,  9.09070E-14,  0.00000E+00,  4.87122E+11,  4.53640E+11,  3.41333E+14,  1.96008E+00,  1.62574E+14,  1.05073E+01,  2.75136E+05,  9.02182E+12,  1.17000E+08,  0.00000E+00,  0.00000E+00,  0.00000E+00,  0.00000E+00,  0.00000E+00
  6.75000E-03,1,  3.49960E+00,  1.40000E+02,  2.54766E-08,  2.44458E+18,  1.01928E+15,  4.62925E+11,  1.81720E+09,  8.10262E+08,  3.08369E+08,  1.46546E+08,  3.36117E+07,  9.70847E+06,  3.70192E+11,  4.26378E+08,  2.78838E+08,  5.10261E+09,  1.15194E+14,  3.33857E+03,  2.44674E+09,  4.33782E+02,  6.67230E+05,  3.11207E+05,  1.79314E+07,  2.20022E+19,  3.58322E+13,  1.40399E+13,  1.14521E+13,  7.41943E+12,  1.11128E+12,  2.29875E+13,  7.80672E+08,  1.51450E+03,  1.97705E+16,  5.42184E+06,  8.06662E+14,  2.00474E+09,  5.72464E-01,  5.05725E+12,  5.41112E+11,  3.42836E+14,  1.66550E+02,  1.65348E+14,  8.92818E+02,  5.01244E+09,  9.19240E+12,  1.17000E+08,  0.00000E+00,  0.00000E+00,  0.00000E+00,  0.00000E+00,  0.00000E+00
  6.80000E-03,2,  2.58352E-02,  0.00000E+00,  0.00000E+00,  2.44504E+18,  5.61384E+14,  1.36988E+11,  3.37299E+07,  8.45294E+03,  1.92591E+01,  1.03070E+02,  1.65589E-02,  1.44264E-05,  3.21665E+06,  2.92586E+03,  1.35331E-06,  3.17067E-05,  1.16117E+14,  2.94998E-02,  2.14441E+04,  5.18173E+00,  1.74099E+00,  2.12128E+05,  1.23265E+07,  2.20023E+19,  2.94070E+12,  1.15223E+12,  9.39824E+11,  6.08903E+11,  1.09081E+11,  4.89090E+12,  3.72881E+06,  1.53367E+00,  1.97476E+16,  0.00000E+00,  8.06621E+14,  0.00000E+00,  0.00000E+00,  4.61843E+11,  4.53150E+11,  3.44066E+14,  1.98950E+00,  1.64661E+14,  1.06650E+01,  2.75573E+05,  9.14972E+12,  1.17000E+08,  0.00000E+00,  0.00000E+00,  0.00000E+00,  0.00000E+00,  0.00000E+00
  6.85000E-03,1,  3.49960E+00,  1.40000E+02,  2.54766E-08,  2.44457E+18,  1.01902E+15,  4.62696E+11,  1.81705E+09,  8.10264E+08,  3.08370E+08,  1.46547E+08,  3.36119E+07,  9.70852E+06,  3.65689E+11,  4.26379E+08,  2.78837E+08,  5.10260E+09,  1.16950E+14,  3.39925E+03,  2.45381E+09,  4.40397E+02,  6.67233E+05,  3.11481E+05,  1.79313E+07,  2.20020E+19,  3.54240E+13,  1.38800E+13,  1.13216E+13,  7.33490E+12,  1.09792E+12,  2.29797E+13,  7.80617E+08,  1.51388E+03,  2.00282E+16,  5.42182E+06,  8.18449E+14,  1.99452E+09,  5.57621E-01,  5.01274E+12,  5.40567E+11,  3.45556E+14,  1.69090E+02,  1.67434E+14,  9.06430E+02,  4.98715E+09,  9.32082E+12,  1.17000E+08,  0.00000E+00,  0.00000E+00,  0.00000E+00,  0.00000E+00,  0.00000E+00
  6.90000E-03,2,  2.58352E-02,  0.00000E+00,  0.00000E+00,  2.44503E+18,  5.62408E+14,  1.37497E+11,  3.39243E+07,  8.52692E+03,  1.98012E+01,  1.06186E+02,  1.70906E-02,  1.49161E-05,  3.27365E+06,  3.01432E+03,  1.40162E-06,  3.28400E-05,  1.17855E+14,  3.09238E-02,  2.21509E+04,  5.25990E+00,  1.74212E+00,  2.11374E+05,  1.23316E+07,  2.20021E+19,  2.85174E+12,  1.11737E+12,  9.11393E+11,  5.90482E+11,  1.05507E+11,  4.90829E+12,  3.75802E+06,  1.55608E+00,  2.00048E+16,  0.00000E+00,  8.18408E+14,  5.62524E-21,  0.00000E+00,  4.48888E+11,  4.52932E+11,  3.46766E+14,  2.01951E+00,  1.66740E+14,  1.08259E+01,  2.76029E+05,  9.27758E+12,  1.17000E+08,  0.00000E+00,  0.00000E+00,  0.00000E+00,  0.00000E+00,  0.00000E+00
  6.95000E-03,1,  3.49960E+00,  1.40000E+02,  2.54766E-08,  2.44457E+18,  1.01933E+15,  4.62967E+11,  1.81723E+09,  8.10267E+08,  3.08372E+08,  1.46547E+08,  3.36120E+07,  9.70856E+06,  3.61315E+11,  4.26379E+08,  2.78836E+08,  5.10258E+09,  1.18692E+14,  3.45936E+03,  2.46053E+09,  4.46961E+02,  6.67236E+05,  3.12104E+05,  1.79313E+07,  2.20019E+19,  3.50368E+13,  1.37283E+13,  1.11979E+13,  7.25474E+12,  1.08528E+12,  2.29886E+13,  7.80680E+08,  1.51460E+03,  2.02848E+16,  5.42180E+06,  8.30234E+14,  1.98461E+09,  5.43556E-01,  4.97044E+12,  5.40076E+11,  3.48245E+14,  1.71610E+02,  1.69513E+14,  9.19939E+02,  4.96261E+09,  9.44919E+12,  1.17000E+08,  0.00000E+00,  0.00000E+00,  0.00000E+00,  0.00000E+00,  0.00000E+00
  7.00000E-03,2,  2.58352E-02,  0.00000E+00,  0.00000E+00,  2.44503E+18,  5.61637E+14,  1.37113E+11,  3.37766E+07,  8.48285E+03,  2.03049E+01,  1.09324E+02,  1.75717E-02,  1.53155E-05,  3.33014E+06,  3.10339E+03,  1.45039E-06,  3.39833E-05,  1.19580E+14,  3.23880E-02,  2.28637E+04,  5.33448E+00,  1.73939E+00,  2.10378E+05,  1.23092E+07,  2.20020E+19,  2.68507E+12,  1.05206E+12,  8.58126E+11,  5.55972E+11,  9.94750E+10,  4.89512E+12,  3.73557E+06,  1.53830E+00,  2.02608E+16,  0.00000E+00,  8.30192E+14,  1.74103E-05,  0.00000E+00,  4.23699E+11,  4.52428E+11,  3.49440E+14,  2.04814E+00,  1.68809E+14,  1.09794E+01,  2.76438E+05,  9.40511E+12,  1.17000E+08,  0.00000E+00,  0.00000E+00,  0.00000E+00,  0.00000E+00,  0.00000E+00
  7.05000E-03,1,  3.49960E+00,  1.40000E+02,  2.54766E-08,  2.44457E+18,  1.01910E+15,  4.62764E+11,  1.81710E+09,  8.10269E+08,  3.08373E+08,  1.46548E+08,  3.36122E+07,  9.70861E+06,  3.57064E+11,  4.26379E+08,  2.78835E+08,  5.10257E+09,  1.20416E+14,  3.51876E+03,  2.46695E+09,  4.53456E+02,  6.67240E+05,  3.12551E+05,  1.79312E+07,  2.20017E+19,  3.46433E+13,  1.35741E+13,  1.10721E+13,  7.17325E+12,  1.07249E+12,  2.29818E+13,  7.80630E+08,  1.51404E+03,  2.05402E+16,  5.42177E+06,  8.42017E+14,  1.97498E+09,  5.29807E-01,  4.92591E+12,  5.39529E+11,  3.50906E+14,  1.74104E+02,  1.71582E+14,  9.33306E+02,  4.93882E+09,  9.57723E+12,  1.17000E+08,  0.00000E+00,  0.00000E+00,  0.00000E+00,  0.00000E+00,  0.00000E+00
  7.10000E-03,2,  2.58352E-02,  0.00000E+00,  0.00000E+00,  2.44502E+18,  5.63064E+14,  1.37820E+11,  3.40453E+07,  8.58155E+03,  2.08610E+01,  1.12474E+02,  1.81239E-02,  1.58326E-05,  3.38581E+06,  3.19279E+03,  1.49951E-06,  3.51291E-05,  1.21287E+14,  3.38743E-02,  2.35778E+04,  5.41200E+00,  1.74156E+00,  2.09903E+05,  1.23215E+07,  2.20018E+19,  2.61715E+12,  1.02545E+12,  8.36420E+11,  5.41908E+11,  9.66827E+10,  4.91935E+12,  3.77549E+06,  1.56783E+00,  2.05158E+16,  0.00000E+00,  8.41975E+14,  6.98576E-15,  0.00000E+00,  4.13794E+11,  4.52267E+11,  3.52082E+14,  2.07791E+00,  1.70873E+14,  1.11389E+01,  2.76882E+05,  9.53267E+12,  1.17000E+08,  0.00000E+00,  0.00000E+00,  0.00000E+00,  0.00000E+00,  0.00000E+00
  7.15000E-03,1,  3.49960E+00,  1.40000E+02,  2.54766E-08,  2.44456E+18,  1.01954E+15,  4.63148E+11,  1.81736E+09,  8.10272E+08,  3.08374E+08,  1.46549E+08,  3.36123E+07,  9.70866E+06,  3.52931E+11,  4.26379E+08,  2.78834E+08,  5.10256E+09,  1.22128E+14,  3.57757E+03,  2.47302E+09,  4.59906E+02,  6.67243E+05,  3.13342E+05,  1.79312E+07,  2.20016E+19,  3.42814E+13,  1.34323E+13,  1.09565E+13,  7.09832E+12,  1.06070E+12,  2.29945E+13,  7.80722E+08,  1.51508E+03,  2.07945E+16,  5.42175E+06,  8.53798E+14,  1.96564E+09,  5.16920E-01,  4.88542E+12,  5.39061E+11,  3.53538E+14,  1.76580E+02,  1.73646E+14,  9.46579E+02,  4.91569E+09,  9.70529E+12,  1.17000E+08,  0.00000E+00,  0.00000E+00,  0.00000E+00,  0.00000E+00,  0.00000E+00
  7.20000E-03,2,  2.58352E-02,  0.00000E+00,  0.00000E+00,  2.44502E+18,  5.64019E+14,  1.38286E+11,  3.42171E+07,  8.64397E+03,  2.14064E+01,  1.15649E+02,  1.86671E-02,  1.63351E-05,  3.44111E+06,  3.28289E+03,  1.54897E-06,  3.62860E-05,  1.22983E+14,  3.53974E-02,  2.42982E+04,  5.48800E+00,  1.74238E+00,  2.09499E+05,  1.23242E+07,  2.20017E+19,  2.52277E+12,  9.88472E+11,  8.06257E+11,  5.22366E+11,  9.30938E+10,  4.93516E+12,  3.79957E+06,  1.58259E+00,  2.07696E+16,  0.00000E+00,  8.53755E+14,  0.00000E+00,  0.00000E+00,  3.99681E+11,  4.52014E+11,  3.54697E+14,  2.10708E+00,  1.72930E+14,  1.12953E+01,  2.77307E+05,  9.66016E+12,  1.17000E+08,  0.00000E+00,  0.00000E+00,  0.00000E+00,  0.00000E+00,  0.00000E+00
  7.25000E-03,1,  3.49960E+00,  1.40000E+02,  2.54766E-08,  2.44456E+18,  1.01983E+15,  4.63410E+11,  1.81755E+09,  8.10275E+08,  3.08375E+08,  1.46549E+08,  3.36125E+07,  9.70871E+06,  3.48910E+11,  4.26380E+08,  2.78833E+08,  5.10254E+09,  1.23828E+14,  3.63595E+03,  2.47887E+09,  4.66309E+02,  6.67246E+05,  3.14169E+05,  1.79311E+07,  2.20014E+19,  3.39196E+13,  1.32905E+13,  1.08408E+13,  7.02341E+12,  1.04896E+12,  2.30031E+13,  7.80785E+08,  1.51578E+03,  2.10477E+16,  5.42173E+06,  8.65576E+14,  1.95657E+09,  5.04405E-01,  4.84409E+12,  5.38574E+11,  3.56143E+14,  1.79039E+02,  1.75703E+14,  9.59757E+02,  4.89323E+09,  9.83329E+12,  1.17000E+08,  0.00000E+00,  0.00000E+00,  0.00000E+00,  0.00000E+00,  0.00000E+00
  7.30000E-03,2,  2.58352E-02,  0.00000E+00,  0.00000E+00,  2.44502E+18,  5.62407E+14,  1.37500E+11,  3.39268E+07,  8.55728E+03,  2.19049E+01,  1.18827E+02,  1.91253E-02,  1.66903E-05,  3.49548E+06,  3.37309E+03,  1.59814E-06,  3.74418E-05,  1.24657E+14,  3.69434E-02,  2.50188E+04,  5.55831E+00,  1.73728E+00,  2.08360E+05,  1.22850E+07,  2.20015E+19,  2.37374E+12,  9.30077E+11,  7.58626E+11,  4.91506E+11,  8.76498E+10,  4.90832E+12,  3.75869E+06,  1.55680E+00,  2.10220E+16,  0.00000E+00,  8.65533E+14,  3.66138E-14,  0.00000E+00,  3.76841E+11,  4.51487E+11,  3.57289E+14,  2.13408E+00,  1.74974E+14,  1.14400E+01,  2.77662E+05,  9.78711E+12,  1.17000E+08,  0.00000E+00,  0.00000E+00,  0.00000E+00,  0.00000E+00,  0.00000E+00
  7.35000E-03,1,  3.49960E+00,  1.40000E+02,  2.54766E-08,  2.44455E+18,  1.01933E+15,  4.62969E+11,  1.81725E+09,  8.10277E+08,  3.08377E+08,  1.46550E+08,  3.36127E+07,  9.70876E+06,  3.45002E+11,  4.26380E+08,  2.78832E+08,  5.10253E+09,  1.25502E+14,  3.69314E+03,  2.48427E+09,  4.72618E+02,  6.67250E+05,  3.14492E+05,  1.79311E+07,  2.20013E+19,  3.35654E+13,  1.31517E+13,  1.07276E+13,  6.95006E+12,  1.03744E+12,  2.29883E+13,  7.80679E+08,  1.51461E+03,  2.12996E+16,  5.42171E+06,  8.77353E+14,  1.94773E+09,  4.92331E-01,  4.80266E+12,  5.38052E+11,  3.58722E+14,  1.81461E+02,  1.77746E+14,  9.72740E+02,  4.87139E+09,  9.96073E+12,  1.17000E+08,  0.00000E+00,  0.00000E+00,  0.00000E+00,  0.00000E+00,  0.00000E+00
  7.40000E-03,2,  2.58352E-02,  0.00000E+00,  0.00000E+00,  2.44501E+18,  5.63985E+14,  1.38271E+11,  3.42116E+07,  8.65691E+03,  2.24660E+01,  1.22019E+02,  1.96943E-02,  1.72319E-05,  3.54920E+06,  3.46370E+03,  1.64765E-06,  3.86015E-05,  1.26316E+14,  3.85169E-02,  2.57417E+04,  5.63451E+00,  1.74036E+00,  2.07974E+05,  1.23039E+07,  2.20014E+19,  2.31112E+12,  9.05542E+11,  7.38614E+11,  4.78541E+11,  8.51981E+10,  4.93469E+12,  3.79905E+06,  1.58207E+00,  2.12735E+16,  0.00000E+00,  8.77309E+14,  3.82527E-16,  0.00000E+00,  3.67523E+11,  4.51341E+11,  3.59851E+14,  2.16334E+00,  1.77014E+14,  1.15968E+01,  2.78087E+05,  9.91417E+12,  1.17000E+08,  0.00000E+00,  0.00000E+00,  0.00000E+00,  0.00000E+00,  0.00000E+00
  7.45000E-03,1,  3.49960E+00,  1.40000E+02,  2.54766E-08,  2.44455E+18,  1.01982E+15,  4.63402E+11,  1.81755E+09,  8.10280E+08,  3.08378E+08,  1.46551E+08,  3.36128E+07,  9.70880E+06,  3.41197E+11,  4.26381E+08,  2.78831E+08,  5.10252E+09,  1.27168E+14,  3.75002E+03,  2.48948E+09,  4.78895E+02,  6.67253E+05,  3.15307E+05,  1.79310E+07,  2.20011E+19,  3.32255E+13,  1.30186E+13,  1.06190E+13,  6.87969E+12,  1.02645E+12,  2.30026E+13,  7.80782E+08,  1.51576E+03,  2.15504E+16,  5.42169E+06,  8.89127E+14,  1.93914E+09,  4.80819E-01,  4.76287E+12,  5.37590E+11,  3.61275E+14,  1.83871E+02,  1.79785E+14,  9.85657E+02,  4.85015E+09,  1.00883E+13,  1.17000E+08,  0.00000E+00,  0.00000E+00,  0.00000E+00,  0.00000E+00,  0.00000E+00
  7.50000E-03,2,  2.58352E-02,  0.00000E+00,  0.00000E+00,  2.44501E+18,  5.62509E+14,  1.37543E+11,  3.39382E+07,  8.57326E+03,  2.29678E+01,  1.25219E+02,  2.01580E-02,  1.75960E-05,  3.60218E+06,  3.55451E+03,  1.69716E-06,  3.97625E-05,  1.27958E+14,  4.01154E-02,  2.64660E+04,  5.70355E+00,  1.73566E+00,  2.06895E+05,  1.22677E+07,  2.20012E+19,  2.16676E+12,  8.48979E+11,  6.92477E+11,  4.48649E+11,  8.00073E+10,  4.90972E+12,  3.75905E+06,  1.55463E+00,  2.15235E+16,  0.00000E+00,  8.89083E+14,  0.00000E+00,  0.00000E+00,  3.45223E+11,  4.50821E+11,  3.62393E+14,  2.18984E+00,  1.79040E+14,  1.17389E+01,  2.78426E+05,  1.00407E+13,  1.17000E+08,  0.00000E+00,  0.00000E+00,  0.00000E+00,  0.00000E+00,  0.00000E+00
  7.55000E-03,1,  3.49960E+00,  1.40000E+02,  2.54766E-08,  2.44454E+18,  1.01936E+15,  4.62998E+11,  1.81727E+09,  8.10282E+08,  3.08379E+08,  1.46551E+08,  3.36130E+07,  9.70885E+06,  3.37495E+11,  4.26381E+08,  2.78830E+08,  5.10251E+09,  1.28810E+14,  3.80574E+03,  2.49426E+09,  4.85081E+02,  6.67256E+05,  3.15652E+05,  1.79310E+07,  2.20010E+19,  3.28909E+13,  1.28874E+13,  1.05121E+13,  6.81039E+12,  1.01560E+12,  2.29890E+13,  7.80685E+08,  1.51469E+03,  2.17998E+16,  5.42166E+06,  9.00899E+14,  1.93077E+09,  4.69670E-01,  4.72276E+12,  5.37081E+11,  3.63804E+14,  1.86246E+02,  1.81812E+14,  9.98387E+02,  4.82944E+09,  1.02153E+13,  1.17000E+08,  0.00000E+00,  0.00000E+00,  0.00000E+00,  0.00000E+00,  0.00000E+00
  7.60000E-03,2,  2.58352E-02,  0.00000E+00,  0.00000E+00,  2.44500E+18,  5.65686E+14,  1.39106E+11,  3.45212E+07,  8.77255E+03,  2.35667E+01,  1.28437E+02,  2.07928E-02,  1.82450E-05,  3.65465E+06,  3.64584E+03,  1.74699E-06,  4.09293E-05,  1.29588E+14,  4.17429E-02,  2.71935E+04,  5.78134E+00,  1.74220E+00,  2.07019E+05,  1.23111E+07,  2.20011E+19,  2.16266E+12,  8.47371E+11,  6.91167E+11,  4.47800E+11,  7.95185E+10,  4.96314E+12,  3.84305E+06,  1.60976E+00,  2.17727E+16,  8.13727-231,  9.00855E+14,  8.27485E-29,  0.00000E+00,  3.45004E+11,  4.50886E+11,  3.64903E+14,  2.21971E+00,  1.81067E+14,  1.18990E+01,  2.78868E+05,  1.01677E+13,  1.17000E+08,  0.00000E+00,  0.00000E+00,  0.00000E+00,  0.00000E+00,  0.00000E+00
  7.65000E-03,1,  3.49960E+00,  1.40000E+02,  2.54766E-08,  2.44454E+18,  1.02034E+15,  4.63867E+11,  1.81787E+09,  8.10285E+08,  3.08380E+08,  1.46552E+08,  3.36132E+07,  9.70889E+06,  3.33887E+11,  4.26382E+08,  2.78829E+08,  5.10249E+09,  1.30451E+14,  3.86159E+03,  2.49903E+09,  4.91263E+02,  6.67259E+05,  3.16779E+05,  1.79309E+07,  2.20009E+19,  3.25713E+13,  1.27622E+13,  1.04099E+13,  6.74422E+12,  1.00531E+12,  2.30179E+13,  7.80893E+08,  1.51701E+03,  2.20483E+16,  5.42164E+06,  9.12669E+14,  1.92264E+09,  4.59060E-01,  4.68476E+12,  5.36656E+11,  3.66307E+14,  1.88619E+02,  1.83838E+14,  1.01111E+03,  4.80932E+09,  1.03428E+13,  1.17000E+08,  0.00000E+00,  0.00000E+00,  0.00000E+00,  0.00000E+00,  0.00000E+00
  7.70000E-03,2,  2.58352E-02,  0.00000E+00,  0.00000E+00,  2.44500E+18,  5.65704E+14,  1.39112E+11,  3.45230E+07,  8.78049E+03,  2.41052E+01,  1.31672E+02,  2.13172E-02,  1.87026E-05,  3.70670E+06,  3.73765E+03,  1.79703E-06,  4.21035E-05,  1.31205E+14,  4.34018E-02,  2.79255E+04,  5.85154E+00,  1.74028E+00,  2.06529E+05,  1.22943E+07,  2.20009E+19,  2.07089E+12,  8.11416E+11,  6.61840E+11,  4.28799E+11,  7.61071E+10,  4.96338E+12,  3.84310E+06,  1.60987E+00,  2.20205E+16,  0.00000E+00,  9.12624E+14,  0.00000E+00,  0.00000E+00,  3.30885E+11,  4.50563E+11,  3.67393E+14,  2.24666E+00,  1.83084E+14,  1.20434E+01,  2.79220E+05,  1.02943E+13,  1.17000E+08,  0.00000E+00,  0.00000E+00,  0.00000E+00,  0.00000E+00,  0.00000E+00
  7.75000E-03,1,  3.49960E+00,  1.40000E+02,  2.54766E-08,  2.44453E+18,  1.02032E+15,  4.63850E+11,  1.81787E+09,  8.10288E+08,  3.08382E+08,  1.46553E+08,  3.36133E+07,  9.70894E+06,  3.30371E+11,  4.26383E+08,  2.78828E+08,  5.10248E+09,  1.32071E+14,  3.91658E+03,  2.50352E+09,  4.97368E+02,  6.67262E+05,  3.17494E+05,  1.79309E+07,  2.20007E+19,  3.22717E+13,  1.26448E+13,  1.03142E+13,  6.68219E+12,  9.95524E+11,  2.30171E+13,  7.80893E+08,  1.51698E+03,  2.22955E+16,  5.42162E+06,  9.24437E+14,  1.91471E+09,  4.48948E-01,  4.64902E+12,  5.36210E+11,  3.68785E+14,  1.90963E+02,  1.85855E+14,  1.02367E+03,  4.78962E+09,  1.04699E+13,  1.17000E+08,  0.00000E+00,  0.00000E+00,  0.00000E+00,  0.00000E+00,  0.00000E+00
  7.80000E-03,2,  2.58352E-02,  0.00000E+00,  0.00000E+00,  2.44499E+18,  5.62918E+14,  1.37751E+11,  3.40203E+07,  8.62525E+03,  2.45890E+01,  1.34894E+02,  2.17314E-02,  1.89837E-05,  3.75755E+06,  3.82910E+03,  1.84680E-06,  4.32666E-05,  1.32797E+14,  4.50723E-02,  2.86527E+04,  5.91606E+00,  1.73305E+00,  2.05062E+05,  1.22405E+07,  2.20008E+19,  1.92380E+12,  7.53782E+11,  6.14829E+11,  3.98342E+11,  7.08419E+10,  4.91680E+12,  3.77178E+06,  1.56590E+00,  2.22669E+16,  0.00000E+00,  9.24391E+14,  3.43239E-13,  0.00000E+00,  3.07899E+11,  4.49964E+11,  3.69863E+14,  2.27143E+00,  1.85085E+14,  1.21762E+01,  2.79505E+05,  1.04202E+13,  1.17000E+08,  0.00000E+00,  0.00000E+00,  0.00000E+00,  0.00000E+00,  0.00000E+00
  7.85000E-03,1,  3.49960E+00,  1.40000E+02,  2.54766E-08,  2.44453E+18,  1.01948E+15,  4.63105E+11,  1.81736E+09,  8.10290E+08,  3.08383E+08,  1.46553E+08,  3.36135E+07,  9.70899E+06,  3.26954E+11,  4.26383E+08,  2.78827E+08,  5.10247E+09,  1.33664E+14,  3.96983E+03,  2.50730E+09,  5.03370E+02,  6.67266E+05,  3.17557E+05,  1.79308E+07,  2.20006E+19,  3.19501E+13,  1.25188E+13,  1.02114E+13,  6.61559E+12,  9.85201E+11,  2.29922E+13,  7.80710E+08,  1.51498E+03,  2.25413E+16,  5.42160E+06,  9.36203E+14,  1.90696E+09,  4.38848E-01,  4.60867E+12,  5.35690E+11,  3.71244E+14,  1.93267E+02,  1.87856E+14,  1.03603E+03,  4.77041E+09,  1.05963E+13,  1.17000E+08,  0.00000E+00,  0.00000E+00,  0.00000E+00,  0.00000E+00,  0.00000E+00
  7.90000E-03,2,  2.58352E-02,  0.00000E+00,  0.00000E+00,  2.44499E+18,  5.63629E+14,  1.38098E+11,  3.41478E+07,  8.67339E+03,  2.51381E+01,  1.38118E+02,  2.22788E-02,  1.94832E-05,  3.80755E+06,  3.92059E+03,  1.89625E-06,  4.44258E-05,  1.34370E+14,  4.67611E-02,  2.93782E+04,  5.98704E+00,  1.73437E+00,  2.04361E+05,  1.22475E+07,  2.20007E+19,  1.86388E+12,  7.30303E+11,  5.95679E+11,  3.85934E+11,  6.85720E+10,  4.92860E+12,  3.78980E+06,  1.57640E+00,  2.25122E+16,  0.00000E+00,  9.36156E+14,  1.40837E-16,  0.00000E+00,  2.98673E+11,  4.49759E+11,  3.72308E+14,  2.29868E+00,  1.87081E+14,  1.23223E+01,  2.79865E+05,  1.05461E+13,  1.17000E+08,  0.00000E+00,  0.00000E+00,  0.00000E+00,  0.00000E+00,  0.00000E+00
  7.95000E-03,1,  3.49960E+00,  1.40000E+02,  2.54766E-08,  2.44453E+18,  1.01968E+15,  4.63286E+11,  1.81749E+09,  8.10293E+08,  3.08384E+08,  1.46554E+08,  3.36136E+07,  9.70904E+06,  3.23620E+11,  4.26384E+08,  2.78826E+08,  5.10246E+09,  1.35244E+14,  4.02302E+03,  2.51122E+09,  5.09321E+02,  6.67269E+05,  3.18108E+05,  1.79308E+07,  2.20004E+19,  3.16647E+13,  1.24070E+13,  1.01202E+13,  6.55650E+12,  9.75943E+11,  2.29981E+13,  7.80757E+08,  1.51548E+03,  2.27859E+16,  5.42158E+06,  9.47966E+14,  1.89941E+09,  4.29467E-01,  4.57346E+12,  5.35258E+11,  3.73680E+14,  1.95552E+02,  1.89851E+14,  1.04827E+03,  4.75179E+09,  1.07226E+13,  1.17000E+08,  0.00000E+00,  0.00000E+00,  0.00000E+00,  0.00000E+00,  0.00000E+00
  8.00000E-03,2,  2.58352E-02,  0.00000E+00,  0.00000E+00,  2.44499E+18,  5.62998E+14,  1.37790E+11,  3.40349E+07,  8.64461E+03,  2.56631E+01,  1.41343E+02,  2.27735E-02,  1.98953E-05,  3.85677E+06,  4.01211E+03,  1.94559E-06,  4.55820E-05,  1.35925E+14,  4.84693E-02,  3.01029E+04,  6.05376E+00,  1.73173E+00,  2.03437E+05,  1.22263E+07,  2.20005E+19,  1.77662E+12,  6.96114E+11,  5.67792E+11,  3.67867E+11,  6.53666E+10,  4.91805E+12,  3.77371E+06,  1.56671E+00,  2.27561E+16,  0.00000E+00,  9.47919E+14,  3.85330E-13,  0.00000E+00,  2.85054E+11,  4.49406E+11,  3.74733E+14,  2.32430E+00,  1.89066E+14,  1.24596E+01,  2.80176E+05,  1.06716E+13,  1.17000E+08,  0.00000E+00,  0.00000E+00,  0.00000E+00,  0.00000E+00,  0.00000E+00
  8.05000E-03,1,  3.49960E+00,  1.40000E+02,  2.54766E-08,  2.44452E+18,  1.01950E+15,  4.63128E+11,  1.81738E+09,  8.10295E+08,  3.08385E+08,  1.46555E+08,  3.36138E+07,  9.70908E+06,  3.20373E+11,  4.26385E+08,  2.78825E+08,  5.10245E+09,  1.36805E+14,  4.07490E+03,  2.51457E+09,  5.15205E+02,  6.67272E+05,  3.18505E+05,  1.79307E+07,  2.20003E+19,  3.13639E+13,  1.22892E+13,  1.00240E+13,  6.49422E+12,  9.66325E+11,  2.29928E+13,  7.80715E+08,  1.51505E+03,  2.30292E+16,  5.42156E+06,  9.59727E+14,  1.89204E+09,  4.20155E-01,  4.53513E+12,  5.34780E+11,  3.76094E+14,  1.97811E+02,  1.91836E+14,  1.06038E+03,  4.73352E+09,  1.08486E+13,  1.17000E+08,  0.00000E+00,  0.00000E+00,  0.00000E+00,  0.00000E+00,  0.00000E+00
  8.10000E-03,2,  2.58352E-02,  0.00000E+00,  0.00000E+00,  2.44498E+18,  5.61940E+14,  1.37268E+11,  3.38375E+07,  8.58556E+03,  2.61761E+01,  1.44563E+02,  2.32487E-02,  2.02740E-05,  3.90511E+06,  4.10350E+03,  1.99474E-06,  4.67317E-05,  1.37461E+14,  5.01927E-02,  3.08250E+04,  6.11911E+00,  1.72858E+00,  2.02357E+05,  1.22017E+07,  2.20004E+19,  1.67780E+12,  6.57396E+11,  5.36211E+11,  3.47406E+11,  6.18199E+10,  4.90015E+12,  3.74477E+06,  1.54613E+00,  2.29987E+16,  0.00000E+00,  9.59679E+14,  0.00000E+00,  0.00000E+00,  2.69550E+11,  4.48999E+11,  3.77137E+14,  2.34939E+00,  1.91040E+14,  1.25940E+01,  2.80471E+05,  1.07967E+13,  1.17000E+08,  0.00000E+00,  0.00000E+00,  0.00000E+00,  0.00000E+00,  0.00000E+00
  8.15000E-03,1,  3.49960E+00,  1.40000E+02,  2.54766E-08,  2.44452E+18,  1.01916E+15,  4.62829E+11,  1.81719E+09,  8.10298E+08,  3.08387E+08,  1.46555E+08,  3.36140E+07,  9.70913E+06,  3.17207E+11,  4.26386E+08,  2.78824E+08,  5.10244E+09,  1.38344E+14,  4.12613E+03,  2.51786E+09,  5.21003E+02,  6.67275E+05,  3.18791E+05,  1.79307E+07,  2.20001E+19,  3.10911E+13,  1.21823E+13,  9.93686E+12,  6.43774E+12,  9.57483E+11,  2.29826E+13,  7.80647E+08,  1.51426E+03,  2.32711E+16,  5.42153E+06,  9.71486E+14,  1.88484E+09,  4.11405E-01,  4.50042E+12,  5.34331E+11,  3.78488E+14,  2.00037E+02,  1.93810E+14,  1.07231E+03,  4.71574E+09,  1.09742E+13,  1.17000E+08,  0.00000E+00,  0.00000E+00,  0.00000E+00,  0.00000E+00,  0.00000E+00
  8.20000E-03,2,  2.58352E-02,  0.00000E+00,  0.00000E+00,  2.44498E+18,  5.62798E+14,  1.37693E+11,  3.39984E+07,  8.64724E+03,  2.67308E+01,  1.47784E+02,  2.38031E-02,  2.07879E-05,  3.95270E+06,  4.19492E+03,  2.04357E-06,  4.78778E-05,  1.38980E+14,  5.19337E-02,  3.15457E+04,  6.18744E+00,  1.72969E+00,  2.01813E+05,  1.22071E+07,  2.20002E+19,  1.64051E+12,  6.42784E+11,  5.24293E+11,  3.39684E+11,  6.03087E+10,  4.91473E+12,  3.76859E+06,  1.56316E+00,  2.32402E+16,  0.00000E+00,  9.71438E+14,  2.49066E-29,  0.00000E+00,  2.63777E+11,  4.48840E+11,  3.79519E+14,  2.37562E+00,  1.93008E+14,  1.27347E+01,  2.80800E+05,  1.09218E+13,  1.17000E+08,  0.00000E+00,  0.00000E+00,  0.00000E+00,  0.00000E+00,  0.00000E+00
  8.25000E-03,1,  3.49960E+00,  1.40000E+02,  2.54766E-08,  2.44452E+18,  1.01944E+15,  4.63074E+11,  1.81735E+09,  8.10300E+08,  3.08388E+08,  1.46556E+08,  3.36141E+07,  9.70918E+06,  3.14119E+11,  4.26386E+08,  2.78824E+08,  5.10243E+09,  1.39873E+14,  4.17657E+03,  2.52078E+09,  5.26764E+02,  6.67278E+05,  3.19410E+05,  1.79306E+07,  2.20000E+19,  3.08098E+13,  1.20720E+13,  9.84694E+12,  6.37949E+12,  9.48508E+11,  2.29908E+13,  7.80702E+08,  1.51491E+03,  2.35119E+16,  5.42151E+06,  9.83243E+14,  1.87781E+09,  4.02801E-01,  4.46399E+12,  5.33887E+11,  3.80861E+14,  2.02249E+02,  1.95778E+14,  1.08417E+03,  4.69832E+09,  1.10997E+13,  1.17000E+08,  0.00000E+00,  0.00000E+00,  0.00000E+00,  0.00000E+00,  0.00000E+00
  8.30000E-03,2,  2.58352E-02,  0.00000E+00,  0.00000E+00,  2.44497E+18,  5.65276E+14,  1.38905E+11,  3.44465E+07,  8.80000E+03,  2.73186E+01,  1.51033E+02,  2.44336E-02,  2.14255E-05,  4.00027E+06,  4.28714E+03,  2.09294E-06,  4.90371E-05,  1.40495E+14,  5.37113E-02,  3.22735E+04,  6.25883E+00,  1.73439E+00,  2.01983E+05,  1.22376E+07,  2.20001E+19,  1.62021E+12,  6.34830E+11,  5.17805E+11,  3.35481E+11,  5.94370E+10,  4.95612E+12,  3.83218E+06,  1.60277E+00,  2.34806E+16,  0.00000E+00,  9.83194E+14,  1.11008E-23,  0.00000E+00,  2.60713E+11,  4.48791E+11,  3.81878E+14,  2.40303E+00,  1.94975E+14,  1.28816E+01,  2.81163E+05,  1.10471E+13,  1.17000E+08,  0.00000E+00,  0.00000E+00,  0.00000E+00,  0.00000E+00,  0.00000E+00
  8.35000E-03,1,  3.49960E+00,  1.40000E+02,  2.54766E-08,  2.44451E+18,  1.02019E+15,  4.63743E+11,  1.81781E+09,  8.10303E+08,  3.08389E+08,  1.46557E+08,  3.36143E+07,  9.70922E+06,  3.11103E+11,  4.26387E+08,  2.78823E+08,  5.10242E+09,  1.41398E+14,  4.22734E+03,  2.52390E+09,  5.32510E+02,  6.67281E+05,  3.20475E+05,  1.79306E+07,  2.19999E+19,  3.05504E+13,  1.19704E+13,  9.76402E+12,  6.32577E+12,  9.40153E+11,  2.30130E+13,  7.80863E+08,  1.51670E+03,  2.37516E+16,  5.42149E+06,  9.94998E+14,  1.87095E+09,  3.94659E-01,  4.43085E+12,  5.33487E+11,  3.83212E+14,  2.04455E+02,  1.97744E+14,  1.09599E+03,  4.68139E+09,  1.12255E+13,  1.17000E+08,  0.00000E+00,  0.00000E+00,  0.00000E+00,  0.00000E+00,  0.00000E+00
  8.40000E-03,2,  2.58352E-02,  0.00000E+00,  0.00000E+00,  2.44497E+18,  5.62790E+14,  1.37691E+11,  3.39987E+07,  8.66256E+03,  2.78096E+01,  1.54266E+02,  2.48468E-02,  2.16996E-05,  4.04675E+06,  4.37887E+03,  2.14194E-06,  5.01833E-05,  1.41986E+14,  5.54959E-02,  3.29956E+04,  6.31820E+00,  1.72699E+00,  2.00745E+05,  1.21826E+07,  2.19999E+19,  1.51073E+12,  5.91934E+11,  4.82816E+11,  3.12812E+11,  5.55149E+10,  4.91468E+12,  3.76875E+06,  1.56344E+00,  2.37194E+16,  0.00000E+00,  9.94948E+14,  1.33570E-13,  0.00000E+00,  2.43400E+11,  4.48277E+11,  3.84222E+14,  2.42582E+00,  1.96925E+14,  1.30037E+01,  2.81391E+05,  1.11716E+13,  1.17000E+08,  0.00000E+00,  0.00000E+00,  0.00000E+00,  0.00000E+00,  0.00000E+00
  8.45000E-03,1,  3.49960E+00,  1.40000E+02,  2.54766E-08,  2.44451E+18,  1.01944E+15,  4.63073E+11,  1.81736E+09,  8.10305E+08,  3.08390E+08,  1.46558E+08,  3.36144E+07,  9.70927E+06,  3.08165E+11,  4.26388E+08,  2.78822E+08,  5.10241E+09,  1.42893E+14,  4.27625E+03,  2.52639E+09,  5.38143E+02,  6.67285E+05,  3.20635E+05,  1.79306E+07,  2.19997E+19,  3.02811E+13,  1.18649E+13,  9.67797E+12,  6.27002E+12,  9.31533E+11,  2.29905E+13,  7.80701E+08,  1.51491E+03,  2.39898E+16,  5.42147E+06,  1.00675E+15,  1.86423E+09,  3.86598E-01,  4.39522E+12,  5.33016E+11,  3.85547E+14,  2.06618E+02,  1.99694E+14,  1.10758E+03,  4.66474E+09,  1.13505E+13,  1.17000E+08,  0.00000E+00,  0.00000E+00,  0.00000E+00,  0.00000E+00,  0.00000E+00
  8.50000E-03,2,  2.58352E-02,  0.00000E+00,  0.00000E+00,  2.44497E+18,  5.62859E+14,  1.37723E+11,  3.40099E+07,  8.67320E+03,  2.83471E+01,  1.57491E+02,  2.53694E-02,  2.21580E-05,  4.09235E+06,  4.47040E+03,  2.19054E-06,  5.13208E-05,  1.43458E+14,  5.72918E-02,  3.37137E+04,  6.38327E+00,  1.72677E+00,  1.99975E+05,  1.21789E+07,  2.19998E+19,  1.45965E+12,  5.71921E+11,  4.66493E+11,  3.02236E+11,  5.36030E+10,  4.91569E+12,  3.77019E+06,  1.56407E+00,  2.39570E+16,  0.00000E+00,  1.00670E+15,  1.58679E-13,  0.00000E+00,  2.35356E+11,  4.48042E+11,  3.86546E+14,  2.45080E+00,  1.98868E+14,  1.31376E+01,  2.81683E+05,  1.12959E+13,  1.17000E+08,  0.00000E+00,  0.00000E+00,  0.00000E+00,  0.00000E+00,  0.00000E+00
  8.55000E-03,1,  3.49960E+00,  1.40000E+02,  2.54766E-08,  2.44450E+18,  1.01946E+15,  4.63092E+11,  1.81737E+09,  8.10308E+08,  3.08391E+08,  1.46558E+08,  3.36146E+07,  9.70931E+06,  3.05296E+11,  4.26389E+08,  2.78821E+08,  5.10240E+09,  1.44373E+14,  4.32467E+03,  2.52880E+09,  5.43720E+02,  6.67288E+05,  3.21080E+05,  1.79305E+07,  2.19996E+19,  3.00284E+13,  1.17659E+13,  9.59721E+12,  6.21769E+12,  9.23432E+11,  2.29910E+13,  7.80705E+08,  1.51496E+03,  2.42267E+16,  5.42145E+06,  1.01850E+15,  1.85765E+09,  3.78933E-01,  4.36177E+12,  5.32592E+11,  3.87862E+14,  2.08759E+02,  2.01637E+14,  1.11906E+03,  4.64849E+09,  1.14753E+13,  1.17000E+08,  0.00000E+00,  0.00000E+00,  0.00000E+00,  0.00000E+00,  0.00000E+00
  8.60000E-03,2,  2.58352E-02,  0.00000E+00,  0.00000E+00,  2.44496E+18,  5.62021E+14,  1.37314E+11,  3.38594E+07,  8.63237E+03,  2.88672E+01,  1.60708E+02,  2.58492E-02,  2.25456E-05,  4.13713E+06,  4.56170E+03,  2.23873E-06,  5.24500E-05,  1.44912E+14,  5.90990E-02,  3.44283E+04,  6.44498E+00,  1.72385E+00,  1.99006E+05,  1.21561E+07,  2.19997E+19,  1.39210E+12,  5.45451E+11,  4.44902E+11,  2.88247E+11,  5.11292E+10,  4.90168E+12,  3.74876E+06,  1.55128E+00,  2.41932E+16,  0.00000E+00,  1.01845E+15,  1.80169E-09,  0.00000E+00,  2.24657E+11,  4.47710E+11,  3.88852E+14,  2.47450E+00,  2.00800E+14,  1.32646E+01,  2.81938E+05,  1.14199E+13,  1.17000E+08,  0.00000E+00,  0.00000E+00,  0.00000E+00,  0.00000E+00,  0.00000E+00
  8.65000E-03,1,  3.49960E+00,  1.40000E+02,  2.54766E-08,  2.44450E+18,  1.01920E+15,  4.62863E+11,  1.81722E+09,  8.10310E+08,  3.08393E+08,  1.46559E+08,  3.36147E+07,  9.70936E+06,  3.02497E+11,  4.26390E+08,  2.78820E+08,  5.10239E+09,  1.45833E+14,  4.37214E+03,  2.53096E+09,  5.49222E+02,  6.67291E+05,  3.21391E+05,  1.79305E+07,  2.19994E+19,  2.97819E+13,  1.16693E+13,  9.51841E+12,  6.16664E+12,  9.15526E+11,  2.29833E+13,  7.80650E+08,  1.51435E+03,  2.44623E+16,  5.42143E+06,  1.03025E+15,  1.85122E+09,  3.71522E-01,  4.32873E+12,  5.32161E+11,  3.90159E+14,  2.10871E+02,  2.03569E+14,  1.13038E+03,  4.63257E+09,  1.15997E+13,  1.17000E+08,  0.00000E+00,  0.00000E+00,  0.00000E+00,  0.00000E+00,  0.00000E+00
  8.70000E-03,2,  2.58352E-02,  0.00000E+00,  0.00000E+00,  2.44496E+18,  5.61849E+14,  1.37226E+11,  3.38228E+07,  8.62567E+03,  2.93962E+01,  1.63922E+02,  2.63582E-02,  2.29823E-05,  4.18121E+06,  4.65291E+03,  2.28684E-06,  5.35737E-05,  1.46349E+14,  6.09205E-02,  3.51407E+04,  6.50771E+00,  1.72282E+00,  1.98237E+05,  1.21468E+07,  2.19995E+19,  1.33128E+12,  5.21621E+11,  4.25465E+11,  2.75654E+11,  4.89419E+10,  4.89857E+12,  3.74269E+06,  1.54515E+00,  2.44282E+16,  0.00000E+00,  1.03020E+15,  0.00000E+00,  0.00000E+00,  2.15019E+11,  4.47426E+11,  3.91140E+14,  2.49858E+00,  2.02724E+14,  1.33937E+01,  2.82204E+05,  1.15436E+13,  1.17000E+08,  0.00000E+00,  0.00000E+00,  0.00000E+00,  0.00000E+00,  0.00000E+00
  8.75000E-03,1,  3.49960E+00,  1.40000E+02,  2.54766E-08,  2.44450E+18,  1.01913E+15,  4.62812E+11,  1.81719E+09,  8.10313E+08,  3.08394E+08,  1.46560E+08,  3.36149E+07,  9.70941E+06,  2.99763E+11,  4.26391E+08,  2.78820E+08,  5.10238E+09,  1.47277E+14,  4.41904E+03,  2.53301E+09,  5.54664E+02,  6.67294E+05,  3.21816E+05,  1.79305E+07,  2.19993E+19,  2.95468E+13,  1.15771E+13,  9.44326E+12,  6.11796E+12,  9.07968E+11,  2.29815E+13,  7.80641E+08,  1.51424E+03,  2.46966E+16,  5.42141E+06,  1.04199E+15,  1.84491E+09,  3.64418E-01,  4.29706E+12,  5.31748E+11,  3.92438E+14,  2.12961E+02,  2.05493E+14,  1.14158E+03,  4.61702E+09,  1.17239E+13,  1.17000E+08,  0.00000E+00,  0.00000E+00,  0.00000E+00,  0.00000E+00,  0.00000E+00
  8.80000E-03,2,  2.58352E-02,  0.00000E+00,  0.00000E+00,  2.44496E+18,  5.62552E+14,  1.37574E+11,  3.39548E+07,  8.67772E+03,  2.99465E+01,  1.67137E+02,  2.69087E-02,  2.34910E-05,  4.22470E+06,  4.74413E+03,  2.33443E-06,  5.46940E-05,  1.47773E+14,  6.27577E-02,  3.58518E+04,  6.57141E+00,  1.72352E+00,  1.97796E+05,  1.21494E+07,  2.19994E+19,  1.30287E+12,  5.10490E+11,  4.16386E+11,  2.69772E+11,  4.77962E+10,  4.91048E+12,  3.76216E+06,  1.55928E+00,  2.46619E+16,  0.00000E+00,  1.04194E+15,  6.96185E-13,  0.00000E+00,  2.10525E+11,  4.47263E+11,  3.93410E+14,  2.52303E+00,  2.04642E+14,  1.35248E+01,  2.82481E+05,  1.16672E+13,  1.17000E+08,  0.00000E+00,  0.00000E+00,  0.00000E+00,  0.00000E+00,  0.00000E+00
  8.85000E-03,1,  3.49960E+00,  1.40000E+02,  2.54766E-08,  2.44449E+18,  1.01936E+15,  4.63009E+11,  1.81733E+09,  8.10315E+08,  3.08395E+08,  1.46560E+08,  3.36150E+07,  9.70945E+06,  2.97094E+11,  4.26392E+08,  2.78819E+08,  5.10237E+09,  1.48711E+14,  4.46522E+03,  2.53481E+09,  5.60068E+02,  6.67297E+05,  3.22436E+05,  1.79304E+07,  2.19992E+19,  2.93083E+13,  1.14837E+13,  9.36706E+12,  6.06858E+12,  9.00370E+11,  2.29879E+13,  7.80684E+08,  1.51474E+03,  2.49296E+16,  5.42139E+06,  1.05374E+15,  1.83875E+09,  3.57451E-01,  4.26463E+12,  5.31335E+11,  3.94699E+14,  2.15035E+02,  2.07410E+14,  1.15270E+03,  4.60173E+09,  1.18479E+13,  1.17000E+08,  0.00000E+00,  0.00000E+00,  0.00000E+00,  0.00000E+00,  0.00000E+00
  8.90000E-03,2,  2.58352E-02,  0.00000E+00,  0.00000E+00,  2.44495E+18,  5.63836E+14,  1.38202E+11,  3.41868E+07,  8.76040E+03,  3.05080E+01,  1.70364E+02,  2.74910E-02,  2.40495E-05,  4.26792E+06,  4.83572E+03,  2.38251E-06,  5.58190E-05,  1.49188E+14,  6.46207E-02,  3.65657E+04,  6.63589E+00,  1.72544E+00,  1.97658E+05,  1.21605E+07,  2.19992E+19,  1.27475E+12,  4.99474E+11,  4.07401E+11,  2.63951E+11,  4.67127E+10,  4.93191E+12,  3.79515E+06,  1.57988E+00,  2.48944E+16,  0.00000E+00,  1.05369E+15,  1.88640E-16,  0.00000E+00,  2.06079E+11,  4.47125E+11,  3.95661E+14,  2.54779E+00,  2.06555E+14,  1.36575E+01,  2.82767E+05,  1.17908E+13,  1.17000E+08,  0.00000E+00,  0.00000E+00,  0.00000E+00,  0.00000E+00,  0.00000E+00
  8.95000E-03,1,  3.49960E+00,  1.40000E+02,  2.54766E-08,  2.44449E+18,  1.01976E+15,  4.63360E+11,  1.81757E+09,  8.10318E+08,  3.08396E+08,  1.46561E+08,  3.36152E+07,  9.70949E+06,  2.94484E+11,  4.26393E+08,  2.78818E+08,  5.10237E+09,  1.50136E+14,  4.51123E+03,  2.53662E+09,  5.65437E+02,  6.67300E+05,  3.23234E+05,  1.79304E+07,  2.19990E+19,  2.90794E+13,  1.13940E+13,  9.29389E+12,  6.02118E+12,  8.93056E+11,  2.29996E+13,  7.80768E+08,  1.51568E+03,  2.51615E+16,  5.42137E+06,  1.06548E+15,  1.83271E+09,  3.50749E-01,  4.23349E+12,  5.30939E+11,  3.96942E+14,  2.17097E+02,  2.09323E+14,  1.16375E+03,  4.58680E+09,  1.19720E+13,  1.17000E+08,  0.00000E+00,  0.00000E+00,  0.00000E+00,  0.00000E+00,  0.00000E+00
  9.00000E-03,2,  2.58352E-02,  0.00000E+00,  0.00000E+00,  2.44495E+18,  5.63560E+14,  1.38067E+11,  3.41374E+07,  8.75204E+03,  3.10393E+01,  1.73586E+02,  2.79973E-02,  2.44819E-05,  4.31049E+06,  4.92716E+03,  2.43028E-06,  5.69381E-05,  1.50588E+14,  6.64965E-02,  3.72773E+04,  6.69610E+00,  1.72361E+00,  1.97091E+05,  1.21452E+07,  2.19991E+19,  1.22400E+12,  4.79588E+11,  3.91180E+11,  2.53442E+11,  4.48475E+10,  4.92733E+12,  3.78815E+06,  1.57570E+00,  2.51257E+16,  0.00000E+00,  1.06543E+15,  6.59743E-18,  0.00000E+00,  1.98005E+11,  4.46853E+11,  3.97896E+14,  2.57091E+00,  2.08458E+14,  1.37814E+01,  2.83006E+05,  1.19142E+13,  1.17000E+08,  0.00000E+00,  0.00000E+00,  0.00000E+00,  0.00000E+00,  0.00000E+00
  9.05000E-03,1,  3.49960E+00,  1.40000E+02,  2.54766E-08,  2.44448E+18,  1.01967E+15,  4.63285E+11,  1.81752E+09,  8.10320E+08,  3.08397E+08,  1.46561E+08,  3.36153E+07,  9.70954E+06,  2.91935E+11,  4.26394E+08,  2.78817E+08,  5.10236E+09,  1.51543E+14,  4.55643E+03,  2.53824E+09,  5.70741E+02,  6.67303E+05,  3.23758E+05,  1.79303E+07,  2.19989E+19,  2.88554E+13,  1.13062E+13,  9.22229E+12,  5.97479E+12,  8.85893E+11,  2.29970E+13,  7.80750E+08,  1.51548E+03,  2.53920E+16,  5.42135E+06,  1.07722E+15,  1.82679E+09,  3.44250E-01,  4.20272E+12,  5.30534E+11,  3.99169E+14,  2.19133E+02,  2.11226E+14,  1.17466E+03,  4.57216E+09,  1.20958E+13,  1.17000E+08,  0.00000E+00,  0.00000E+00,  0.00000E+00,  0.00000E+00,  0.00000E+00
  9.10000E-03,2,  2.58352E-02,  0.00000E+00,  0.00000E+00,  2.44494E+18,  5.65533E+14,  1.39035E+11,  3.44961E+07,  8.87591E+03,  3.16157E+01,  1.76823E+02,  2.86193E-02,  2.51073E-05,  4.35284E+06,  5.01902E+03,  2.47827E-06,  5.80625E-05,  1.51981E+14,  6.83982E-02,  3.79919E+04,  6.76149E+00,  1.72746E+00,  1.97199E+05,  1.21698E+07,  2.19990E+19,  1.21433E+12,  4.75797E+11,  3.88089E+11,  2.51439E+11,  4.43974E+10,  4.96049E+12,  3.83940E+06,  1.60758E+00,  2.53558E+16,  0.00000E+00,  1.07717E+15,  5.41713E-33,  0.00000E+00,  1.96489E+11,  4.46799E+11,  4.00113E+14,  2.59601E+00,  2.10360E+14,  1.39159E+01,  2.83301E+05,  1.20377E+13,  1.17000E+08,  0.00000E+00,  0.00000E+00,  0.00000E+00,  0.00000E+00,  0.00000E+00
  9.15000E-03,1,  3.49960E+00,  1.40000E+02,  2.54766E-08,  2.44448E+18,  1.02028E+15,  4.63825E+11,  1.81789E+09,  8.10323E+08,  3.08399E+08,  1.46562E+08,  3.36155E+07,  9.70958E+06,  2.89441E+11,  4.26395E+08,  2.78816E+08,  5.10235E+09,  1.52947E+14,  4.60159E+03,  2.53987E+09,  5.76031E+02,  6.67306E+05,  3.24688E+05,  1.79303E+07,  2.19987E+19,  2.86366E+13,  1.12205E+13,  9.15237E+12,  5.92950E+12,  8.78916E+11,  2.30149E+13,  7.80879E+08,  1.51693E+03,  2.56215E+16,  5.42133E+06,  1.08896E+15,  1.82100E+09,  3.37960E-01,  4.17273E+12,  5.30155E+11,  4.01379E+14,  2.21164E+02,  2.13128E+14,  1.18555E+03,  4.55784E+09,  1.22197E+13,  1.17000E+08,  0.00000E+00,  0.00000E+00,  0.00000E+00,  0.00000E+00,  0.00000E+00
  9.20000E-03,2,  2.58352E-02,  0.00000E+00,  0.00000E+00,  2.44494E+18,  5.62194E+14,  1.37395E+11,  3.38859E+07,  8.68323E+03,  3.20824E+01,  1.80025E+02,  2.89655E-02,  2.52703E-05,  4.39391E+06,  5.10987E+03,  2.52504E-06,  5.91634E-05,  1.53347E+14,  7.02918E-02,  3.86956E+04,  6.81298E+00,  1.71831E+00,  1.95648E+05,  1.21032E+07,  2.19988E+19,  1.11005E+12,  4.34938E+11,  3.54761E+11,  2.29846E+11,  4.07490E+10,  4.90426E+12,  3.75156E+06,  1.55073E+00,  2.55842E+16,  0.00000E+00,  1.08890E+15,  0.00000E+00,  0.00000E+00,  1.79840E+11,  4.46245E+11,  4.02319E+14,  2.61578E+00,  2.12243E+14,  1.40219E+01,  2.83449E+05,  1.21601E+13,  1.17000E+08,  0.00000E+00,  0.00000E+00,  0.00000E+00,  0.00000E+00,  0.00000E+00
  9.25000E-03,1,  3.49960E+00,  1.40000E+02,  2.54766E-08,  2.44448E+18,  1.01924E+15,  4.62900E+11,  1.81726E+09,  8.10325E+08,  3.08400E+08,  1.46563E+08,  3.36156E+07,  9.70963E+06,  2.87008E+11,  4.26396E+08,  2.78816E+08,  5.10234E+09,  1.54314E+14,  4.64498E+03,  2.54110E+09,  5.81184E+02,  6.67309E+05,  3.24593E+05,  1.79303E+07,  2.19986E+19,  2.84305E+13,  1.11398E+13,  9.08651E+12,  5.88683E+12,  8.72273E+11,  2.29838E+13,  7.80657E+08,  1.51446E+03,  2.58492E+16,  5.42131E+06,  1.10069E+15,  1.81529E+09,  3.31933E-01,  4.14389E+12,  5.29745E+11,  4.03575E+14,  2.23142E+02,  2.15010E+14,  1.19615E+03,  4.54383E+09,  1.23426E+13,  1.17000E+08,  0.00000E+00,  0.00000E+00,  0.00000E+00,  0.00000E+00,  0.00000E+00
  9.30000E-03,2,  2.58352E-02,  0.00000E+00,  0.00000E+00,  2.44494E+18,  5.62050E+14,  1.37330E+11,  3.38648E+07,  8.68731E+03,  3.26136E+01,  1.83207E+02,  2.94701E-02,  2.57155E-05,  4.43402E+06,  5.20019E+03,  2.57161E-06,  6.02485E-05,  1.54692E+14,  7.21838E-02,  3.93919E+04,  6.87210E+00,  1.71784E+00,  1.94789E+05,  1.20983E+07,  2.19987E+19,  1.08242E+12,  4.24114E+11,  3.45933E+11,  2.24126E+11,  3.96688E+10,  4.90202E+12,  3.74910E+06,  1.55278E+00,  2.58113E+16,  0.00000E+00,  1.10064E+15,  3.91229-208,  0.00000E+00,  1.75412E+11,  4.46053E+11,  4.04507E+14,  2.63848E+00,  2.14118E+14,  1.41435E+01,  2.83678E+05,  1.22824E+13,  1.17000E+08,  0.00000E+00,  0.00000E+00,  0.00000E+00,  0.00000E+00,  0.00000E+00
  9.35000E-03,1,  3.49960E+00,  1.40000E+02,  2.54766E-08,  2.44447E+18,  1.01920E+15,  4.62872E+11,  1.81725E+09,  8.10327E+08,  3.08401E+08,  1.46563E+08,  3.36158E+07,  9.70967E+06,  2.84629E+11,  4.26397E+08,  2.78815E+08,  5.10233E+09,  1.55670E+14,  4.68765E+03,  2.54211E+09,  5.86291E+02,  6.67312E+05,  3.24908E+05,  1.79303E+07,  2.19985E+19,  2.82161E+13,  1.10557E+13,  9.01797E+12,  5.84242E+12,  8.65476E+11,  2.29829E+13,  7.80650E+08,  1.51439E+03,  2.60756E+16,  5.42129E+06,  1.11242E+15,  1.80969E+09,  3.25974E-01,  4.11349E+12,  5.29345E+11,  4.05756E+14,  2.25103E+02,  2.16885E+14,  1.20666E+03,  4.52989E+09,  1.24654E+13,  1.17000E+08,  0.00000E+00,  0.00000E+00,  0.00000E+00,  0.00000E+00,  0.00000E+00
  9.40000E-03,2,  2.58352E-02,  0.00000E+00,  0.00000E+00,  2.44493E+18,  5.63621E+14,  1.38096E+11,  3.41468E+07,  8.78352E+03,  3.31723E+01,  1.86404E+02,  3.00682E-02,  2.62954E-05,  4.47399E+06,  5.29090E+03,  2.61808E-06,  6.13397E-05,  1.56031E+14,  7.41006E-02,  4.00909E+04,  6.93416E+00,  1.72066E+00,  1.94664E+05,  1.21161E+07,  2.19986E+19,  1.06749E+12,  4.18264E+11,  3.41161E+11,  2.21035E+11,  3.90646E+10,  4.92821E+12,  3.78908E+06,  1.57519E+00,  2.60373E+16,  0.00000E+00,  1.11237E+15,  1.79175E-14,  0.00000E+00,  1.73016E+11,  4.45953E+11,  4.06679E+14,  2.66230E+00,  2.15990E+14,  1.42712E+01,  2.83938E+05,  1.24048E+13,  1.17000E+08,  0.00000E+00,  0.00000E+00,  0.00000E+00,  0.00000E+00,  0.00000E+00
  9.45000E-03,1,  3.49960E+00,  1.40000E+02,  2.54766E-08,  2.44447E+18,  1.01968E+15,  4.63296E+11,  1.81754E+09,  8.10330E+08,  3.08402E+08,  1.46564E+08,  3.36159E+07,  9.70972E+06,  2.82301E+11,  4.26398E+08,  2.78814E+08,  5.10232E+09,  1.57019E+14,  4.73036E+03,  2.54323E+09,  5.91376E+02,  6.67315E+05,  3.25660E+05,  1.79302E+07,  2.19983E+19,  2.80186E+13,  1.09784E+13,  8.95487E+12,  5.80154E+12,  8.59161E+11,  2.29969E+13,  7.80751E+08,  1.51552E+03,  2.63009E+16,  5.42127E+06,  1.12415E+15,  1.80421E+09,  3.20316E-01,  4.08572E+12,  5.28981E+11,  4.07920E+14,  2.27055E+02,  2.18757E+14,  1.21712E+03,  4.51640E+09,  1.25882E+13,  1.17000E+08,  0.00000E+00,  0.00000E+00,  0.00000E+00,  0.00000E+00,  0.00000E+00
  9.50000E-03,2,  2.58352E-02,  0.00000E+00,  0.00000E+00,  2.44493E+18,  5.63129E+14,  1.37857E+11,  3.40598E+07,  8.76357E+03,  3.36943E+01,  1.89591E+02,  3.05556E-02,  2.66994E-05,  4.51330E+06,  5.38133E+03,  2.66433E-06,  6.24222E-05,  1.57355E+14,  7.60259E-02,  4.07865E+04,  6.99031E+00,  1.71829E+00,  1.94030E+05,  1.20972E+07,  2.19984E+19,  1.02312E+12,  4.00878E+11,  3.26980E+11,  2.11847E+11,  3.74479E+10,  4.91998E+12,  3.77697E+06,  1.56872E+00,  2.62619E+16,  0.00000E+00,  1.12410E+15,  2.49300E-15,  0.00000E+00,  1.65910E+11,  4.45681E+11,  4.08837E+14,  2.68386E+00,  2.17853E+14,  1.43868E+01,  2.84136E+05,  1.25268E+13,  1.17000E+08,  0.00000E+00,  0.00000E+00,  0.00000E+00,  0.00000E+00,  0.00000E+00
  9.55000E-03,1,  3.49960E+00,  1.40000E+02,  2.54766E-08,  2.44447E+18,  1.01953E+15,  4.63158E+11,  1.81745E+09,  8.10332E+08,  3.08403E+08,  1.46565E+08,  3.36161E+07,  9.70976E+06,  2.80025E+11,  4.26399E+08,  2.78814E+08,  5.10232E+09,  1.58350E+14,  4.77173E+03,  2.54390E+09,  5.96392E+02,  6.67318E+05,  3.26096E+05,  1.79302E+07,  2.19982E+19,  2.78202E+13,  1.09006E+13,  8.89146E+12,  5.76046E+12,  8.52834E+11,  2.29921E+13,  7.80719E+08,  1.51516E+03,  2.65248E+16,  5.42125E+06,  1.13588E+15,  1.79882E+09,  3.14771E-01,  4.05746E+12,  5.28597E+11,  4.10071E+14,  2.28981E+02,  2.20619E+14,  1.22745E+03,  4.50285E+09,  1.27107E+13,  1.17000E+08,  0.00000E+00,  0.00000E+00,  0.00000E+00,  0.00000E+00,  0.00000E+00
  9.60000E-03,2,  2.58352E-02,  0.00000E+00,  0.00000E+00,  2.44493E+18,  5.62275E+14,  1.37441E+11,  3.39057E+07,  8.71962E+03,  3.42032E+01,  1.92757E+02,  3.10188E-02,  2.70734E-05,  4.55171E+06,  5.47116E+03,  2.70983E-06,  6.34894E-05,  1.58659E+14,  7.79496E-02,  4.14748E+04,  7.04514E+00,  1.71547E+00,  1.93158E+05,  1.20755E+07,  2.19983E+19,  9.80716E+11,  3.84264E+11,  3.13428E+11,  2.03067E+11,  3.58985E+10,  4.90578E+12,  3.75522E+06,  1.55296E+00,  2.64850E+16,  0.00000E+00,  1.13583E+15,  9.05358E-12,  0.00000E+00,  1.59109E+11,  4.45405E+11,  4.10981E+14,  2.70491E+00,  2.19704E+14,  1.44996E+01,  2.84321E+05,  1.26484E+13,  1.17000E+08,  0.00000E+00,  0.00000E+00,  0.00000E+00,  0.00000E+00,  0.00000E+00
  9.65000E-03,1,  3.49960E+00,  1.40000E+02,  2.54766E-08,  2.44446E+18,  1.01926E+15,  4.62927E+11,  1.81730E+09,  8.10334E+08,  3.08404E+08,  1.46565E+08,  3.36162E+07,  9.70980E+06,  2.77799E+11,  4.26400E+08,  2.78813E+08,  5.10231E+09,  1.59661E+14,  4.81296E+03,  2.54480E+09,  6.01336E+02,  6.67321E+05,  3.26378E+05,  1.79302E+07,  2.19981E+19,  2.76277E+13,  1.08252E+13,  8.82993E+12,  5.72060E+12,  8.46696E+11,  2.29843E+13,  7.80662E+08,  1.51454E+03,  2.67473E+16,  5.42123E+06,  1.14761E+15,  1.79352E+09,  3.09407E-01,  4.02974E+12,  5.28217E+11,  4.12208E+14,  2.30879E+02,  2.22471E+14,  1.23762E+03,  4.48995E+09,  1.28327E+13,  1.17000E+08,  0.00000E+00,  0.00000E+00,  0.00000E+00,  0.00000E+00,  0.00000E+00
  9.70000E-03,2,  2.58352E-02,  0.00000E+00,  0.00000E+00,  2.44490E+18,  5.84438E+14,  1.48474E+11,  3.80569E+07,  1.00968E+04,  3.51013E+01,  1.96201E+02,  3.27783E-02,  4.10044E-05,  4.59577E+06,  5.56900E+03,  1.76223E-06,  6.47248E-05,  1.60067E+14,  8.01035E-02,  4.22458E+04,  7.16154E+00,  1.76889E+00,  2.00576E+05,  1.24462E+07,  2.19982E+19,  1.23480E+12,  4.83821E+11,  3.94634E+11,  2.55678E+11,  4.45608E+10,  5.28273E+12,  4.34940E+06,  4.07017E-01,  2.67099E+16,  0.00000E+00,  1.14756E+15,  2.34589E-21,  0.00000E+00,  1.99778E+11,  4.46903E+11,  4.13084E+14,  2.74961E+00,  2.21620E+14,  1.47394E+01,  2.85144E+05,  1.27751E+13,  1.17000E+08,  0.00000E+00,  0.00000E+00,  0.00000E+00,  0.00000E+00,  0.00000E+00
  9.75000E-03,1,  3.49960E+00,  1.40000E+02,  2.54766E-08,  2.44445E+18,  1.02608E+15,  4.68981E+11,  1.82146E+09,  8.10338E+08,  3.08405E+08,  1.46566E+08,  3.36163E+07,  9.70982E+06,  2.75593E+11,  4.26400E+08,  2.78811E+08,  5.10229E+09,  1.61099E+14,  4.86114E+03,  2.54733E+09,  6.06754E+02,  6.67322E+05,  3.31622E+05,  1.79300E+07,  2.19979E+19,  2.74266E+13,  1.07464E+13,  8.76566E+12,  5.67896E+12,  8.40400E+11,  2.31864E+13,  7.82121E+08,  1.53073E+03,  2.69714E+16,  5.42121E+06,  1.15934E+15,  1.78845E+09,  3.04079E-01,  4.00376E+12,  5.28002E+11,  4.14310E+14,  2.32959E+02,  2.24386E+14,  1.24877E+03,  4.47738E+09,  1.29598E+13,  1.17000E+08,  0.00000E+00,  0.00000E+00,  0.00000E+00,  0.00000E+00,  0.00000E+00
  9.80000E-03,2,  2.58352E-02,  0.00000E+00,  0.00000E+00,  2.44491E+18,  5.66470E+14,  1.39495E+11,  3.46663E+07,  8.98294E+03,  3.53957E+01,  1.99431E+02,  3.23325E-02,  2.84078E-05,  4.63481E+06,  5.66056E+03,  2.80962E-06,  6.58288E-05,  1.61373E+14,  8.21127E-02,  4.29548E+04,  7.16809E+00,  1.71900E+00,  1.95377E+05,  1.20914E+07,  2.19980E+19,  9.36611E+11,  3.66982E+11,  2.99333E+11,  1.93934E+11,  3.42309E+10,  4.97595E+12,  3.86321E+06,  1.62228E+00,  2.69306E+16,  0.00000E+00,  1.15928E+15,  0.00000E+00,  0.00000E+00,  1.52124E+11,  4.45185E+11,  4.15206E+14,  2.75211E+00,  2.23462E+14,  1.47526E+01,  2.84832E+05,  1.28966E+13,  1.17000E+08,  0.00000E+00,  0.00000E+00,  0.00000E+00,  0.00000E+00,  0.00000E+00
  9.85000E-03,1,  3.49960E+00,  1.40000E+02,  2.54766E-08,  2.44445E+18,  1.02057E+15,  4.64086E+11,  1.81809E+09,  8.10339E+08,  3.08407E+08,  1.46567E+08,  3.36165E+07,  9.70989E+06,  2.73461E+11,  4.26402E+08,  2.78812E+08,  5.10229E+09,  1.62391E+14,  4.90120E+03,  2.54789E+09,  6.11621E+02,  6.67327E+05,  3.29339E+05,  1.79301E+07,  2.19978E+19,  2.72258E+13,  1.06677E+13,  8.70146E+12,  5.63737E+12,  8.33950E+11,  2.30229E+13,  7.80940E+08,  1.51764E+03,  2.71914E+16,  5.42119E+06,  1.17106E+15,  1.78333E+09,  2.98814E-01,  3.97439E+12,  5.27506E+11,  4.16418E+14,  2.34828E+02,  2.26228E+14,  1.25879E+03,  4.46473E+09,  1.30817E+13,  1.17000E+08,  0.00000E+00,  0.00000E+00,  0.00000E+00,  0.00000E+00,  0.00000E+00
  9.90000E-03,2,  2.58352E-02,  0.00000E+00,  0.00000E+00,  2.44492E+18,  5.62310E+14,  1.37459E+11,  3.39128E+07,  8.74428E+03,  3.58339E+01,  2.02556E+02,  3.25979E-02,  2.84439E-05,  4.67109E+06,  5.74924E+03,  2.85368E-06,  6.68590E-05,  1.62628E+14,  8.39531E-02,  4.36281E+04,  7.21712E+00,  1.71234E+00,  1.92400E+05,  1.20458E+07,  2.19979E+19,  8.82980E+11,  3.45969E+11,  2.82193E+11,  1.82830E+11,  3.22955E+10,  4.90632E+12,  3.75620E+06,  1.55271E+00,  2.71497E+16,  0.00000E+00,  1.17100E+15,  7.72386E-04,  0.00000E+00,  1.43506E+11,  4.44812E+11,  4.17310E+14,  2.77094E+00,  2.25289E+14,  1.48535E+01,  2.84961E+05,  1.30174E+13,  1.17000E+08,  0.00000E+00,  0.00000E+00,  0.00000E+00,  0.00000E+00,  0.00000E+00
  9.95000E-03,1,  3.49960E+00,  1.40000E+02,  2.54766E-08,  2.44445E+18,  1.01927E+15,  4.62935E+11,  1.81731E+09,  8.10342E+08,  3.08408E+08,  1.46567E+08,  3.36167E+07,  9.70993E+06,  2.71377E+11,  4.26403E+08,  2.78811E+08,  5.10229E+09,  1.63651E+14,  4.93964E+03,  2.54809E+09,  6.16373E+02,  6.67330E+05,  3.28356E+05,  1.79301E+07,  2.19977E+19,  2.70571E+13,  1.06016E+13,  8.64756E+12,  5.60245E+12,  8.28529E+11,  2.29843E+13,  7.80663E+08,  1.51456E+03,  2.74099E+16,  5.42117E+06,  1.18278E+15,  1.77829E+09,  2.94020E-01,  3.94956E+12,  5.27148E+11,  4.18514E+14,  2.36652E+02,  2.28054E+14,  1.26856E+03,  4.45230E+09,  1.32029E+13,  1.17000E+08,  0.00000E+00,  0.00000E+00,  0.00000E+00,  0.00000E+00,  0.00000E+00
  1.00000E-02,2,  2.58352E-02,  0.00000E+00,  0.00000E+00,  2.44491E+18,  5.63795E+14,  1.38178E+11,  3.41766E+07,  8.83771E+03,  3.63863E+01,  2.05696E+02,  3.31907E-02,  2.90338E-05,  4.70732E+06,  5.83833E+03,  2.84033E-06,  6.79049E-05,  1.63879E+14,  8.60090E-02,  4.43049E+04,  7.27660E+00,  1.71619E+00,  1.91765E+05,  1.20721E+07,  2.19978E+19,  8.74188E+11,  3.42524E+11,  2.79383E+11,  1.81009E+11,  3.19421E+10,  4.93091E+12,  3.79324E+06,  1.57832E+00,  2.73677E+16,  0.00000E+00,  1.18272E+15,  1.20559E-18,  0.00000E+00,  1.42058E+11,  4.44728E+11,  4.19398E+14,  2.79377E+00,  2.27114E+14,  1.49759E+01,  2.85193E+05,  1.31383E+13,  1.17000E+08,  0.00000E+00,  0.00000E+00,  0.00000E+00,  0.00000E+00,  0.00000E+00
  1.00500E-02,1,  3.49960E+00,  1.40000E+02,  2.54766E-08,  2.44445E+18,  1.01974E+15,  4.63353E+11,  1.81760E+09,  8.10344E+08,  3.08409E+08,  1.46568E+08,  3.36168E+07,  9.70997E+06,  2.69335E+11,  4.26404E+08,  2.78810E+08,  5.10228E+09,  1.64914E+14,  4.97842E+03,  2.54844E+09,  6.21131E+02,  6.67333E+05,  3.28745E+05,  1.79300E+07,  2.19975E+19,  2.68712E+13,  1.05288E+13,  8.58813E+12,  5.56395E+12,  8.22669E+11,  2.29982E+13,  7.80764E+08,  1.51569E+03,  2.76272E+16,  5.42115E+06,  1.19450E+15,  1.77334E+09,  2.89164E-01,  3.92213E+12,  5.26779E+11,  4.20596E+14,  2.38479E+02,  2.29880E+14,  1.27835E+03,  4.44002E+09,  1.33242E+13,  1.17000E+08,  0.00000E+00,  0.00000E+00,  0.00000E+00,  0.00000E+00,  0.00000E+00
  1.01000E-02,2,  2.58352E-02,  0.00000E+00,  0.00000E+00,  2.44491E+18,  5.63727E+14,  1.38148E+11,  3.41649E+07,  8.84051E+03,  3.69050E+01,  2.08824E+02,  3.36916E-02,  2.94682E-05,  4.74299E+06,  5.92711E+03,  2.94226E-06,  6.89378E-05,  1.65116E+14,  8.79745E-02,  4.49778E+04,  7.32967E+00,  1.71464E+00,  1.91103E+05,  1.20595E+07,  2.19976E+19,  8.45995E+11,  3.31478E+11,  2.70373E+11,  1.75172E+11,  3.09057E+10,  4.92982E+12,  3.79132E+06,  1.57629E+00,  2.75844E+16,  0.00000E+00,  1.19444E+15,  1.19524E-13,  0.00000E+00,  1.37509E+11,  4.44515E+11,  4.21474E+14,  2.81415E+00,  2.28931E+14,  1.50851E+01,  2.85363E+05,  1.32589E+13,  1.17000E+08,  0.00000E+00,  0.00000E+00,  0.00000E+00,  0.00000E+00,  0.00000E+00
  1.01500E-02,1,  3.49960E+00,  1.40000E+02,  2.54766E-08,  2.44444E+18,  1.01972E+15,  4.63334E+11,  1.81759E+09,  8.10346E+08,  3.08410E+08,  1.46569E+08,  3.36170E+07,  9.71002E+06,  2.67335E+11,  4.26406E+08,  2.78810E+08,  5.10227E+09,  1.66159E+14,  5.01640E+03,  2.54862E+09,  6.25825E+02,  6.67336E+05,  3.29110E+05,  1.79300E+07,  2.19974E+19,  2.66993E+13,  1.04614E+13,  8.53320E+12,  5.52835E+12,  8.17204E+11,  2.29975E+13,  7.80759E+08,  1.51564E+03,  2.78432E+16,  5.42113E+06,  1.20621E+15,  1.76847E+09,  2.84539E-01,  3.89669E+12,  5.26424E+11,  4.22665E+14,  2.40281E+02,  2.31696E+14,  1.28801E+03,  4.42796E+09,  1.34453E+13,  1.17000E+08,  0.00000E+00,  0.00000E+00,  0.00000E+00,  0.00000E+00,  0.00000E+00
  1.02000E-02,2,  2.58352E-02,  0.00000E+00,  0.00000E+00,  2.44490E+18,  5.62966E+14,  1.37780E+11,  3.40315E+07,  8.80575E+03,  3.74092E+01,  2.11933E+02,  3.41470E-02,  2.98303E-05,  4.77790E+06,  6.01531E+03,  2.98589E-06,  6.99564E-05,  1.66336E+14,  8.99370E-02,  4.56439E+04,  7.38090E+00,  1.71209E+00,  1.90274E+05,  1.20399E+07,  2.19975E+19,  8.11013E+11,  3.17771E+11,  2.59193E+11,  1.67928E+11,  2.96390E+10,  4.91719E+12,  3.77285E+06,  1.56599E+00,  2.77996E+16,  0.00000E+00,  1.20615E+15,  1.20341E-23,  0.00000E+00,  1.31874E+11,  4.44256E+11,  4.23539E+14,  2.83382E+00,  2.30737E+14,  1.51905E+01,  2.85514E+05,  1.33791E+13,  1.17000E+08,  0.00000E+00,  0.00000E+00,  0.00000E+00,  0.00000E+00,  0.00000E+00
  1.02500E-02,1,  3.49960E+00,  1.40000E+02,  2.54766E-08,  2.44444E+18,  1.01948E+15,  4.63126E+11,  1.81745E+09,  8.10349E+08,  3.08411E+08,  1.46569E+08,  3.36171E+07,  9.71006E+06,  2.65379E+11,  4.26407E+08,  2.78809E+08,  5.10227E+09,  1.67387E+14,  5.05355E+03,  2.54866E+09,  6.30453E+02,  6.67339E+05,  3.29368E+05,  1.79300E+07,  2.19973E+19,  2.65314E+13,  1.03956E+13,  8.47953E+12,  5.49358E+12,  8.11866E+11,  2.29904E+13,  7.80709E+08,  1.51509E+03,  2.80577E+16,  5.42111E+06,  1.21793E+15,  1.76367E+09,  2.80046E-01,  3.87161E+12,  5.26069E+11,  4.24723E+14,  2.42058E+02,  2.33502E+14,  1.29754E+03,  4.41608E+09,  1.35659E+13,  1.17000E+08,  0.00000E+00,  0.00000E+00,  0.00000E+00,  0.00000E+00,  0.00000E+00
  1.03000E-02,2,  2.58352E-02,  0.00000E+00,  0.00000E+00,  2.44490E+18,  5.64470E+14,  1.38516E+11,  3.43038E+07,  8.90123E+03,  3.79570E+01,  2.15052E+02,  3.47423E-02,  3.04252E-05,  4.81271E+06,  6.10382E+03,  3.02909E-06,  7.09796E-05,  1.67551E+14,  9.19209E-02,  4.63124E+04,  7.43786E+00,  1.71516E+00,  1.90253E+05,  1.20596E+07,  2.19974E+19,  8.05126E+11,  3.15464E+11,  2.57311E+11,  1.66709E+11,  2.93724E+10,  4.94236E+12,  3.81157E+06,  1.59013E+00,  2.80137E+16,  0.00000E+00,  1.21787E+15,  4.36330E-12,  0.00000E+00,  1.30885E+11,  4.44168E+11,  4.25589E+14,  2.85568E+00,  2.32541E+14,  1.53077E+01,  2.85724E+05,  1.34995E+13,  1.17000E+08,  0.00000E+00,  0.00000E+00,  0.00000E+00,  0.00000E+00,  0.00000E+00
  1.03500E-02,1,  3.49960E+00,  1.40000E+02,  2.54766E-08,  2.44444E+18,  1.01995E+15,  4.63538E+11,  1.81774E+09,  8.10351E+08,  3.08412E+08,  1.46570E+08,  3.36172E+07,  9.71010E+06,  2.63460E+11,  4.26408E+08,  2.78808E+08,  5.10226E+09,  1.68612E+14,  5.09073E+03,  2.54876E+09,  6.35070E+02,  6.67341E+05,  3.30090E+05,  1.79300E+07,  2.19972E+19,  2.63666E+13,  1.03311E+13,  8.42687E+12,  5.45947E+12,  8.06639E+11,  2.30041E+13,  7.80807E+08,  1.51619E+03,  2.82711E+16,  5.42109E+06,  1.22964E+15,  1.75895E+09,  2.75675E-01,  3.84710E+12,  5.25732E+11,  4.26767E+14,  2.43830E+02,  2.35306E+14,  1.30704E+03,  4.40441E+09,  1.36867E+13,  1.17000E+08,  0.00000E+00,  0.00000E+00,  0.00000E+00,  0.00000E+00,  0.00000E+00
  1.04000E-02,2,  2.58352E-02,  0.00000E+00,  0.00000E+00,  2.44490E+18,  5.62819E+14,  1.37712E+11,  3.40066E+07,  8.81153E+03,  3.84381E+01,  2.18134E+02,  3.51371E-02,  3.06901E-05,  4.84646E+06,  6.19127E+03,  3.07235E-06,  7.19788E-05,  1.68742E+14,  9.38880E-02,  4.69693E+04,  7.48479E+00,  1.70982E+00,  1.89221E+05,  1.20204E+07,  2.19972E+19,  7.64260E+11,  2.99452E+11,  2.44251E+11,  1.58248E+11,  2.79053E+10,  4.91480E+12,  3.76958E+06,  1.56338E+00,  2.82262E+16,  0.00000E+00,  1.22958E+15,  1.32953E-12,  0.00000E+00,  1.24310E+11,  4.43860E+11,  4.27630E+14,  2.87370E+00,  2.34331E+14,  1.54043E+01,  2.85833E+05,  1.36191E+13,  1.17000E+08,  0.00000E+00,  0.00000E+00,  0.00000E+00,  0.00000E+00,  0.00000E+00
  1.04500E-02,1,  3.49960E+00,  1.40000E+02,  2.54766E-08,  2.44443E+18,  1.01944E+15,  4.63086E+11,  1.81743E+09,  8.10353E+08,  3.08414E+08,  1.46570E+08,  3.36174E+07,  9.71014E+06,  2.61584E+11,  4.26409E+08,  2.78808E+08,  5.10225E+09,  1.69811E+14,  5.12662E+03,  2.54860E+09,  6.39589E+02,  6.67344E+05,  3.30216E+05,  1.79299E+07,  2.19970E+19,  2.62062E+13,  1.02682E+13,  8.37559E+12,  5.42625E+12,  8.01539E+11,  2.29889E+13,  7.80699E+08,  1.51498E+03,  2.84829E+16,  5.42107E+06,  1.24135E+15,  1.75429E+09,  2.71430E-01,  3.82285E+12,  5.25381E+11,  4.28801E+14,  2.45565E+02,  2.37096E+14,  1.31634E+03,  4.39288E+09,  1.38067E+13,  1.17000E+08,  0.00000E+00,  0.00000E+00,  0.00000E+00,  0.00000E+00,  0.00000E+00
  1.05000E-02,2,  2.58352E-02,  0.00000E+00,  0.00000E+00,  2.44489E+18,  5.62388E+14,  1.37501E+11,  3.39312E+07,  8.79577E+03,  3.89413E+01,  2.21196E+02,  3.56031E-02,  3.10731E-05,  4.87953E+06,  6.27816E+03,  3.11429E-06,  7.29643E-05,  1.69918E+14,  9.58510E-02,  4.76195E+04,  7.53520E+00,  1.70837E+00,  1.88459E+05,  1.20089E+07,  2.19971E+19,  7.39480E+11,  2.89743E+11,  2.36331E+11,  1.53117E+11,  2.69982E+10,  4.90761E+12,  3.75896E+06,  1.55849E+00,  2.84373E+16,  0.00000E+00,  1.24129E+15,  5.32729E-14,  0.00000E+00,  1.20300E+11,  4.43647E+11,  4.29659E+14,  2.89306E+00,  2.36113E+14,  1.55080E+01,  2.85978E+05,  1.37384E+13,  1.17000E+08,  0.00000E+00,  0.00000E+00,  0.00000E+00,  0.00000E+00,  0.00000E+00
  1.05500E-02,1,  3.49960E+00,  1.40000E+02,  2.54766E-08,  2.44443E+18,  1.01930E+15,  4.62968E+11,  1.81735E+09,  8.10356E+08,  3.08415E+08,  1.46571E+08,  3.36175E+07,  9.71019E+06,  2.59746E+11,  4.26410E+08,  2.78807E+08,  5.10225E+09,  1.70995E+14,  5.16186E+03,  2.54834E+09,  6.44053E+02,  6.67347E+05,  3.30488E+05,  1.79299E+07,  2.19969E+19,  2.60497E+13,  1.02069E+13,  8.32559E+12,  5.39385E+12,  7.96574E+11,  2.29849E+13,  7.80670E+08,  1.51467E+03,  2.86933E+16,  5.42106E+06,  1.25305E+15,  1.74969E+09,  2.67309E-01,  3.79906E+12,  5.25040E+11,  4.30824E+14,  2.47279E+02,  2.38877E+14,  1.32552E+03,  4.38150E+09,  1.39263E+13,  1.17000E+08,  0.00000E+00,  0.00000E+00,  0.00000E+00,  0.00000E+00,  0.00000E+00
  1.06000E-02,2,  2.58352E-02,  0.00000E+00,  0.00000E+00,  2.44489E+18,  5.62256E+14,  1.37434E+11,  3.39045E+07,  8.79303E+03,  3.94451E+01,  2.24246E+02,  3.60857E-02,  3.14874E-05,  4.91207E+06,  6.36470E+03,  3.15530E-06,  7.39408E-05,  1.71081E+14,  9.78161E-02,  4.82654E+04,  7.58553E+00,  1.70741E+00,  1.87858E+05,  1.20006E+07,  2.19970E+19,  7.15346E+11,  2.80287E+11,  2.28618E+11,  1.48119E+11,  2.61225E+10,  4.90533E+12,  3.75480E+06,  1.55481E+00,  2.86471E+16,  0.00000E+00,  1.25299E+15,  3.21671E-27,  0.00000E+00,  1.16394E+11,  4.43440E+11,  4.31678E+14,  2.91237E+00,  2.37887E+14,  1.56116E+01,  2.86123E+05,  1.38574E+13,  1.17000E+08,  0.00000E+00,  0.00000E+00,  0.00000E+00,  0.00000E+00,  0.00000E+00
  1.06500E-02,1,  3.49960E+00,  1.40000E+02,  2.54766E-08,  2.44443E+18,  1.01926E+15,  4.62931E+11,  1.81733E+09,  8.10358E+08,  3.08416E+08,  1.46572E+08,  3.36177E+07,  9.71023E+06,  2.57945E+11,  4.26411E+08,  2.78807E+08,  5.10224E+09,  1.72166E+14,  5.19655E+03,  2.54801E+09,  6.48469E+02,  6.67350E+05,  3.30844E+05,  1.79299E+07,  2.19968E+19,  2.58967E+13,  1.01470E+13,  8.27670E+12,  5.36218E+12,  7.91720E+11,  2.29836E+13,  7.80661E+08,  1.51458E+03,  2.89024E+16,  5.42104E+06,  1.26476E+15,  1.74516E+09,  2.63301E-01,  3.77569E+12,  5.24703E+11,  4.32836E+14,  2.48974E+02,  2.40651E+14,  1.33461E+03,  4.37029E+09,  1.40458E+13,  1.17000E+08,  0.00000E+00,  0.00000E+00,  0.00000E+00,  0.00000E+00,  0.00000E+00
  1.07000E-02,2,  2.58352E-02,  0.00000E+00,  0.00000E+00,  2.44489E+18,  5.62899E+14,  1.37748E+11,  3.40202E+07,  8.83749E+03,  3.99644E+01,  2.27293E+02,  3.66179E-02,  3.19863E-05,  4.94431E+06,  6.45116E+03,  3.19750E-06,  7.49146E-05,  1.72235E+14,  9.97911E-02,  4.89099E+04,  7.63739E+00,  1.70825E+00,  1.87592E+05,  1.20048E+07,  2.19969E+19,  7.02916E+11,  2.75416E+11,  2.24646E+11,  1.45546E+11,  2.56417E+10,  4.91609E+12,  3.77127E+06,  1.56503E+00,  2.88556E+16,  0.00000E+00,  1.26470E+15,  0.00000E+00,  0.00000E+00,  1.14354E+11,  4.43297E+11,  4.33684E+14,  2.93228E+00,  2.39655E+14,  1.57183E+01,  2.86284E+05,  1.39763E+13,  1.17000E+08,  0.00000E+00,  0.00000E+00,  0.00000E+00,  0.00000E+00,  0.00000E+00
  1.07500E-02,1,  3.49960E+00,  1.40000E+02,  2.54766E-08,  2.44442E+18,  1.01946E+15,  4.63108E+11,  1.81745E+09,  8.10360E+08,  3.08417E+08,  1.46572E+08,  3.36178E+07,  9.71027E+06,  2.56179E+11,  4.26413E+08,  2.78806E+08,  5.10223E+09,  1.73330E+14,  5.23097E+03,  2.54767E+09,  6.52853E+02,  6.67353E+05,  3.31386E+05,  1.79299E+07,  2.19967E+19,  2.57467E+13,  1.00882E+13,  8.22874E+12,  5.33110E+12,  7.86962E+11,  2.29893E+13,  7.80703E+08,  1.51505E+03,  2.91102E+16,  5.42102E+06,  1.27646E+15,  1.74069E+09,  2.59397E-01,  3.75275E+12,  5.24376E+11,  4.34836E+14,  2.50658E+02,  2.42419E+14,  1.34363E+03,  4.35925E+09,  1.41651E+13,  1.17000E+08,  0.00000E+00,  0.00000E+00,  0.00000E+00,  0.00000E+00,  0.00000E+00
  1.08000E-02,2,  2.58352E-02,  0.00000E+00,  0.00000E+00,  2.44488E+18,  5.62200E+14,  1.37407E+11,  3.38944E+07,  8.80362E+03,  4.04546E+01,  2.30319E+02,  3.70594E-02,  3.23353E-05,  4.97589E+06,  6.53703E+03,  3.23845E-06,  7.58746E-05,  1.73373E+14,  1.01761E-01,  4.95479E+04,  7.68485E+00,  1.70573E+00,  1.86907E+05,  1.19855E+07,  2.19967E+19,  6.73534E+11,  2.63904E+11,  2.15256E+11,  1.39462E+11,  2.45868E+10,  4.90434E+12,  3.75335E+06,  1.55376E+00,  2.90626E+16,  0.00000E+00,  1.27640E+15,  6.50749E-15,  0.00000E+00,  1.09616E+11,  4.43050E+11,  4.35680E+14,  2.95051E+00,  2.41413E+14,  1.58159E+01,  2.86402E+05,  1.40948E+13,  1.17000E+08,  0.00000E+00,  0.00000E+00,  0.00000E+00,  0.00000E+00,  0.00000E+00
  1.08500E-02,1,  3.49960E+00,  1.40000E+02,  2.54766E-08,  2.44442E+18,  1.01924E+15,  4.62916E+11,  1.81733E+09,  8.10362E+08,  3.08418E+08,  1.46573E+08,  3.36179E+07,  9.71031E+06,  2.54450E+11,  4.26414E+08,  2.78806E+08,  5.10223E+09,  1.74475E+14,  5.26459E+03,  2.54721E+09,  6.57173E+02,  6.67356E+05,  3.31680E+05,  1.79298E+07,  2.19965E+19,  2.55999E+13,  1.00307E+13,  8.18183E+12,  5.30071E+12,  7.82307E+11,  2.29829E+13,  7.80657E+08,  1.51454E+03,  2.93165E+16,  5.42100E+06,  1.28816E+15,  1.73628E+09,  2.55596E-01,  3.73012E+12,  5.24044E+11,  4.36826E+14,  2.52316E+02,  2.44177E+14,  1.35252E+03,  4.34834E+09,  1.42839E+13,  1.17000E+08,  0.00000E+00,  0.00000E+00,  0.00000E+00,  0.00000E+00,  0.00000E+00
  1.09000E-02,2,  2.58352E-02,  0.00000E+00,  0.00000E+00,  2.44488E+18,  5.67762E+14,  1.40133E+11,  3.49036E+07,  9.13825E+03,  4.10786E+01,  2.33427E+02,  3.79314E-02,  3.33968E-05,  5.00886E+06,  6.62523E+03,  3.28164E-06,  7.68837E-05,  1.74535E+14,  1.03812E-01,  5.02101E+04,  7.75085E+00,  1.71910E+00,  1.88554E+05,  1.20767E+07,  2.19966E+19,  7.04766E+11,  2.76141E+11,  2.25237E+11,  1.45929E+11,  2.56317E+10,  4.99755E+12,  3.89686E+06,  1.64309E+00,  2.92693E+16,  0.00000E+00,  1.28810E+15,  1.84788E-20,  0.00000E+00,  1.14542E+11,  4.43208E+11,  4.37659E+14,  2.97585E+00,  2.43185E+14,  1.59518E+01,  2.86701E+05,  1.42145E+13,  1.17000E+08,  0.00000E+00,  0.00000E+00,  0.00000E+00,  0.00000E+00,  0.00000E+00
  1.09500E-02,1,  3.49960E+00,  1.40000E+02,  2.54766E-08,  2.44442E+18,  1.02096E+15,  4.64439E+11,  1.81837E+09,  8.10365E+08,  3.08419E+08,  1.46573E+08,  3.36181E+07,  9.71034E+06,  2.52747E+11,  4.26415E+08,  2.78805E+08,  5.10222E+09,  1.75649E+14,  5.29995E+03,  2.54718E+09,  6.61596E+02,  6.67358E+05,  3.33300E+05,  1.79298E+07,  2.19964E+19,  2.54527E+13,  9.97299E+12,  8.13478E+12,  5.27024E+12,  7.77655E+11,  2.30336E+13,  7.81022E+08,  1.51860E+03,  2.95224E+16,  5.42098E+06,  1.29986E+15,  1.73197E+09,  2.51862E-01,  3.70812E+12,  5.23749E+11,  4.38799E+14,  2.54014E+02,  2.45948E+14,  1.36162E+03,  4.33767E+09,  1.44041E+13,  1.17000E+08,  0.00000E+00,  0.00000E+00,  0.00000E+00,  0.00000E+00,  0.00000E+00
  1.10000E-02,2,  2.58352E-02,  0.00000E+00,  0.00000E+00,  2.44488E+18,  5.63408E+14,  1.37995E+11,  3.41106E+07,  8.88749E+03,  4.14971E+01,  2.36447E+02,  3.81274E-02,  3.33322E-05,  5.03987E+06,  6.71090E+03,  3.32270E-06,  7.78385E-05,  1.75655E+14,  1.05802E-01,  5.08460E+04,  7.78578E+00,  1.70609E+00,  1.86833E+05,  1.19835E+07,  2.19965E+19,  6.41499E+11,  2.51352E+11,  2.05017E+11,  1.32829E+11,  2.33985E+10,  4.92438E+12,  3.78371E+06,  1.57257E+00,  2.94737E+16,  0.00000E+00,  1.29980E+15,  4.59542E-18,  0.00000E+00,  1.04420E+11,  4.42735E+11,  4.39635E+14,  2.98926E+00,  2.44930E+14,  1.60236E+01,  2.86699E+05,  1.43327E+13,  1.17000E+08,  0.00000E+00,  0.00000E+00,  0.00000E+00,  0.00000E+00,  0.00000E+00
  1.10500E-02,1,  3.49960E+00,  1.40000E+02,  2.54766E-08,  2.44441E+18,  1.01961E+15,  4.63247E+11,  1.81756E+09,  8.10367E+08,  3.08420E+08,  1.46574E+08,  3.36182E+07,  9.71039E+06,  2.51085E+11,  4.26416E+08,  2.78804E+08,  5.10221E+09,  1.76774E+14,  5.33275E+03,  2.54663E+09,  6.65836E+02,  6.67361E+05,  3.32998E+05,  1.79298E+07,  2.19963E+19,  2.53106E+13,  9.91732E+12,  8.08938E+12,  5.24082E+12,  7.73143E+11,  2.29937E+13,  7.80736E+08,  1.51542E+03,  2.97262E+16,  5.42096E+06,  1.31156E+15,  1.72768E+09,  2.48241E-01,  3.68609E+12,  5.23412E+11,  4.40768E+14,  2.55642E+02,  2.47694E+14,  1.37034E+03,  4.32706E+09,  1.45226E+13,  1.17000E+08,  0.00000E+00,  0.00000E+00,  0.00000E+00,  0.00000E+00,  0.00000E+00
  1.11000E-02,2,  2.58352E-02,  0.00000E+00,  0.00000E+00,  2.44487E+18,  5.62400E+14,  1.37505E+11,  3.39304E+07,  8.83626E+03,  4.19751E+01,  2.39432E+02,  3.85397E-02,  3.36364E-05,  5.06996E+06,  6.79560E+03,  3.36232E-06,  7.87708E-05,  1.76756E+14,  1.07772E-01,  5.14703E+04,  7.83203E+00,  1.70391E+00,  1.85772E+05,  1.19675E+07,  2.19964E+19,  6.20295E+11,  2.43044E+11,  1.98241E+11,  1.28438E+11,  2.26230E+10,  4.90761E+12,  3.75832E+06,  1.55694E+00,  2.96767E+16,  0.00000E+00,  1.31149E+15,  0.00000E+00,  0.00000E+00,  1.00988E+11,  4.42524E+11,  4.41600E+14,  3.00701E+00,  2.46667E+14,  1.61188E+01,  2.86807E+05,  1.44504E+13,  1.17000E+08,  0.00000E+00,  0.00000E+00,  0.00000E+00,  0.00000E+00,  0.00000E+00
  1.11500E-02,1,  3.49960E+00,  1.40000E+02,  2.54766E-08,  2.44441E+18,  1.01930E+15,  4.62971E+11,  1.81737E+09,  8.10369E+08,  3.08421E+08,  1.46575E+08,  3.36184E+07,  9.71043E+06,  2.49456E+11,  4.26417E+08,  2.78804E+08,  5.10221E+09,  1.77883E+14,  5.36483E+03,  2.54598E+09,  6.70016E+02,  6.67364E+05,  3.33059E+05,  1.79298E+07,  2.19962E+19,  2.51730E+13,  9.86341E+12,  8.04540E+12,  5.21233E+12,  7.68784E+11,  2.29844E+13,  7.80670E+08,  1.51469E+03,  2.99285E+16,  5.42095E+06,  1.32325E+15,  1.72344E+09,  2.44733E-01,  3.66461E+12,  5.23094E+11,  4.42727E+14,  2.57247E+02,  2.49430E+14,  1.37894E+03,  4.31657E+09,  1.46407E+13,  1.17000E+08,  0.00000E+00,  0.00000E+00,  0.00000E+00,  0.00000E+00,  0.00000E+00
  1.12000E-02,2,  2.58352E-02,  0.00000E+00,  0.00000E+00,  2.44487E+18,  5.64007E+14,  1.38291E+11,  3.42213E+07,  8.93771E+03,  4.25055E+01,  2.42433E+02,  3.91344E-02,  3.42462E-05,  5.10016E+06,  6.88075E+03,  3.40226E-06,  7.97122E-05,  1.77856E+14,  1.09768E-01,  5.20991E+04,  7.88452E+00,  1.70740E+00,  1.85800E+05,  1.19905E+07,  2.19963E+19,  6.18016E+11,  2.42151E+11,  1.97513E+11,  1.27966E+11,  2.25095E+10,  4.93449E+12,  3.79971E+06,  1.58302E+00,  2.98787E+16,  0.00000E+00,  1.32319E+15,  5.82244E-17,  0.00000E+00,  1.00569E+11,  4.42444E+11,  4.43553E+14,  3.02716E+00,  2.48402E+14,  1.62268E+01,  2.86976E+05,  1.45683E+13,  1.17000E+08,  0.00000E+00,  0.00000E+00,  0.00000E+00,  0.00000E+00,  0.00000E+00
  1.12500E-02,1,  3.49960E+00,  1.40000E+02,  2.54766E-08,  2.44441E+18,  1.01980E+15,  4.63411E+11,  1.81768E+09,  8.10371E+08,  3.08422E+08,  1.46575E+08,  3.36185E+07,  9.71047E+06,  2.47855E+11,  4.26418E+08,  2.78803E+08,  5.10220E+09,  1.78992E+14,  5.39711E+03,  2.54542E+09,  6.74197E+02,  6.67367E+05,  3.33727E+05,  1.79298E+07,  2.19960E+19,  2.50372E+13,  9.81017E+12,  8.00198E+12,  5.18420E+12,  7.64486E+11,  2.29990E+13,  7.80775E+08,  1.51587E+03,  3.01298E+16,  5.42093E+06,  1.33494E+15,  1.71927E+09,  2.41304E-01,  3.64354E+12,  5.22790E+11,  4.44675E+14,  2.58852E+02,  2.51165E+14,  1.38755E+03,  4.30625E+09,  1.47590E+13,  1.17000E+08,  0.00000E+00,  0.00000E+00,  0.00000E+00,  0.00000E+00,  0.00000E+00
  1.13000E-02,2,  2.58352E-02,  0.00000E+00,  0.00000E+00,  2.44487E+18,  5.63214E+14,  1.37904E+11,  3.40780E+07,  8.89800E+03,  4.29851E+01,  2.45406E+02,  3.95587E-02,  3.45722E-05,  5.12965E+06,  6.96511E+03,  3.44170E-06,  8.06366E-05,  1.78939E+14,  1.11751E-01,  5.27196E+04,  7.92880E+00,  1.70434E+00,  1.85131E+05,  1.19674E+07,  2.19961E+19,  5.92461E+11,  2.32138E+11,  1.89345E+11,  1.22675E+11,  2.15948E+10,  4.92120E+12,  3.77925E+06,  1.57008E+00,  3.00791E+16,  0.00000E+00,  1.33488E+15,  5.38195E-17,  0.00000E+00,  9.64529E+10,  4.42210E+11,  4.45498E+14,  3.04416E+00,  2.50126E+14,  1.63179E+01,  2.87066E+05,  1.46857E+13,  1.17000E+08,  0.00000E+00,  0.00000E+00,  0.00000E+00,  0.00000E+00,  0.00000E+00
  1.13500E-02,1,  3.49960E+00,  1.40000E+02,  2.54766E-08,  2.44440E+18,  1.01955E+15,  4.63194E+11,  1.81753E+09,  8.10374E+08,  3.08423E+08,  1.46576E+08,  3.36186E+07,  9.71051E+06,  2.46288E+11,  4.26420E+08,  2.78803E+08,  5.10220E+09,  1.80082E+14,  5.42850E+03,  2.54473E+09,  6.78307E+02,  6.67369E+05,  3.33996E+05,  1.79297E+07,  2.19959E+19,  2.49044E+13,  9.75815E+12,  7.95954E+12,  5.15670E+12,  7.60282E+11,  2.29917E+13,  7.80722E+08,  1.51529E+03,  3.03295E+16,  5.42091E+06,  1.34663E+15,  1.71514E+09,  2.37963E-01,  3.62274E+12,  5.22479E+11,  4.46614E+14,  2.60430E+02,  2.52889E+14,  1.39600E+03,  4.29603E+09,  1.48768E+13,  1.17000E+08,  0.00000E+00,  0.00000E+00,  0.00000E+00,  0.00000E+00,  0.00000E+00
  1.14000E-02,2,  2.58352E-02,  0.00000E+00,  0.00000E+00,  2.44486E+18,  5.62064E+14,  1.37341E+11,  3.38701E+07,  8.83724E+03,  4.34517E+01,  2.48343E+02,  3.99503E-02,  3.48482E-05,  5.15824E+06,  7.04842E+03,  3.48041E-06,  8.15380E-05,  1.80001E+14,  1.13714E-01,  5.33286E+04,  7.97181E+00,  1.70090E+00,  1.84201E+05,  1.19422E+07,  2.19960E+19,  5.69495E+11,  2.23139E+11,  1.82006E+11,  1.17920E+11,  2.07611E+10,  4.90195E+12,  3.74970E+06,  1.55159E+00,  3.02780E+16,  0.00000E+00,  1.34657E+15,  4.32336E-24,  0.00000E+00,  9.27463E+10,  4.41978E+11,  4.47435E+14,  3.06067E+00,  2.51839E+14,  1.64064E+01,  2.87146E+05,  1.48025E+13,  1.17000E+08,  0.00000E+00,  0.00000E+00,  0.00000E+00,  0.00000E+00,  0.00000E+00
  1.14500E-02,1,  3.49960E+00,  1.40000E+02,  2.54766E-08,  2.44440E+18,  1.01919E+15,  4.62879E+11,  1.81732E+09,  8.10376E+08,  3.08424E+08,  1.46577E+08,  3.36188E+07,  9.71055E+06,  2.44751E+11,  4.26421E+08,  2.78802E+08,  5.10219E+09,  1.81152E+14,  5.45897E+03,  2.54388E+09,  6.82342E+02,  6.67372E+05,  3.34110E+05,  1.79297E+07,  2.19958E+19,  2.47753E+13,  9.70756E+12,  7.91828E+12,  5.12997E+12,  7.56196E+11,  2.29810E+13,  7.80647E+08,  1.51445E+03,  3.05277E+16,  5.42089E+06,  1.35832E+15,  1.71105E+09,  2.34717E-01,  3.60230E+12,  5.22171E+11,  4.48545E+14,  2.61979E+02,  2.54602E+14,  1.40431E+03,  4.28591E+09,  1.49940E+13,  1.17000E+08,  0.00000E+00,  0.00000E+00,  0.00000E+00,  0.00000E+00,  0.00000E+00
  1.15000E-02,2,  2.58352E-02,  0.00000E+00,  0.00000E+00,  2.44486E+18,  5.62745E+14,  1.37671E+11,  3.39896E+07,  8.88154E+03,  4.39526E+01,  2.51282E+02,  4.04723E-02,  3.53426E-05,  5.18673E+06,  7.13182E+03,  3.51868E-06,  8.24414E-05,  1.81059E+14,  1.15720E-01,  5.39384E+04,  8.02021E+00,  1.70241E+00,  1.83968E+05,  1.19514E+07,  2.19959E+19,  5.53522E+11,  2.16881E+11,  1.76901E+11,  1.14612E+11,  2.02044E+10,  4.91318E+12,  3.76615E+06,  1.56079E+00,  3.04757E+16,  0.00000E+00,  1.35825E+15,  0.00000E+00,  0.00000E+00,  9.01587E+10,  4.41821E+11,  4.49361E+14,  3.07925E+00,  2.53548E+14,  1.65060E+01,  2.87277E+05,  1.49193E+13,  1.17000E+08,  0.00000E+00,  0.00000E+00,  0.00000E+00,  0.00000E+00,  0.00000E+00
  1.15500E-02,1,  3.49960E+00,  1.40000E+02,  2.54766E-08,  2.44440E+18,  1.01940E+15,  4.63065E+11,  1.81745E+09,  8.10378E+08,  3.08425E+08,  1.46577E+08,  3.36189E+07,  9.71059E+06,  2.43243E+11,  4.26422E+08,  2.78802E+08,  5.10219E+09,  1.82218E+14,  5.48935E+03,  2.54308E+09,  6.86359E+02,  6.67375E+05,  3.34606E+05,  1.79297E+07,  2.19957E+19,  2.46482E+13,  9.65776E+12,  7.87766E+12,  5.10365E+12,  7.52176E+11,  2.29872E+13,  7.80691E+08,  1.51495E+03,  3.07247E+16,  5.42088E+06,  1.37001E+15,  1.70702E+09,  2.31546E-01,  3.58223E+12,  5.21872E+11,  4.50465E+14,  2.63521E+02,  2.56310E+14,  1.41257E+03,  4.27592E+09,  1.51111E+13,  1.17000E+08,  0.00000E+00,  0.00000E+00,  0.00000E+00,  0.00000E+00,  0.00000E+00
  1.16000E-02,2,  2.58352E-02,  0.00000E+00,  0.00000E+00,  2.44486E+18,  5.62762E+14,  1.37683E+11,  3.39959E+07,  8.89130E+03,  4.44396E+01,  2.54199E+02,  4.09435E-02,  3.57560E-05,  5.21463E+06,  7.21459E+03,  3.55668E-06,  8.33307E-05,  1.82102E+14,  1.17657E-01,  5.45412E+04,  8.06487E+00,  1.70126E+00,  1.83541E+05,  1.19418E+07,  2.19958E+19,  5.47158E+11,  2.14387E+11,  1.74867E+11,  1.13294E+11,  1.99280E+10,  4.91358E+12,  3.76749E+06,  1.56254E+00,  3.06721E+16,  0.00000E+00,  1.36994E+15,  0.00000E+00,  0.00000E+00,  8.90874E+10,  4.41679E+11,  4.51278E+14,  3.09640E+00,  2.55249E+14,  1.65979E+01,  2.87373E+05,  1.50358E+13,  1.17000E+08,  0.00000E+00,  0.00000E+00,  0.00000E+00,  0.00000E+00,  0.00000E+00
  1.16500E-02,1,  3.49960E+00,  1.40000E+02,  2.54766E-08,  2.44439E+18,  1.01941E+15,  4.63070E+11,  1.81745E+09,  8.10380E+08,  3.08426E+08,  1.46578E+08,  3.36190E+07,  9.71063E+06,  2.41763E+11,  4.26423E+08,  2.78801E+08,  5.10218E+09,  1.83270E+14,  5.51917E+03,  2.54221E+09,  6.90326E+02,  6.67377E+05,  3.34986E+05,  1.79297E+07,  2.19956E+19,  2.45239E+13,  9.60906E+12,  7.83793E+12,  5.07792E+12,  7.48246E+11,  2.29872E+13,  7.80692E+08,  1.51496E+03,  3.09204E+16,  5.42086E+06,  1.38169E+15,  1.70303E+09,  2.28456E-01,  3.56250E+12,  5.21576E+11,  4.52377E+14,  2.65044E+02,  2.58011E+14,  1.42073E+03,  4.26605E+09,  1.52280E+13,  1.17000E+08,  0.00000E+00,  0.00000E+00,  0.00000E+00,  0.00000E+00,  0.00000E+00
  1.17000E-02,2,  2.58352E-02,  0.00000E+00,  0.00000E+00,  2.44485E+18,  5.62300E+14,  1.37460E+11,  3.39152E+07,  8.87247E+03,  4.49137E+01,  2.57097E+02,  4.13762E-02,  3.61070E-05,  5.24201E+06,  7.29679E+03,  3.59403E-06,  8.42083E-05,  1.83133E+14,  1.19618E-01,  5.51380E+04,  8.10827E+00,  1.69950E+00,  1.82947E+05,  1.19281E+07,  2.19956E+19,  5.29168E+11,  2.07338E+11,  1.69117E+11,  1.09569E+11,  1.92747E+10,  4.90601E+12,  3.75629E+06,  1.55596E+00,  3.08670E+16,  0.00000E+00,  1.38162E+15,  1.84772E-16,  0.00000E+00,  8.61795E+10,  4.41479E+11,  4.53187E+14,  3.11306E+00,  2.56941E+14,  1.66872E+01,  2.87459E+05,  1.51518E+13,  1.17000E+08,  0.00000E+00,  0.00000E+00,  0.00000E+00,  0.00000E+00,  0.00000E+00
  1.17500E-02,1,  3.49960E+00,  1.40000E+02,  2.54766E-08,  2.44439E+18,  1.01927E+15,  4.62945E+11,  1.81737E+09,  8.10382E+08,  3.08427E+08,  1.46578E+08,  3.36192E+07,  9.71067E+06,  2.40312E+11,  4.26424E+08,  2.78801E+08,  5.10218E+09,  1.84308E+14,  5.54836E+03,  2.54126E+09,  6.94239E+02,  6.67380E+05,  3.35267E+05,  1.79297E+07,  2.19954E+19,  2.44012E+13,  9.56097E+12,  7.79871E+12,  5.05250E+12,  7.44369E+11,  2.29830E+13,  7.80662E+08,  1.51463E+03,  3.11146E+16,  5.42084E+06,  1.39337E+15,  1.69908E+09,  2.25433E-01,  3.54290E+12,  5.21278E+11,  4.54281E+14,  2.66547E+02,  2.59703E+14,  1.42879E+03,  4.25627E+09,  1.53444E+13,  1.17000E+08,  0.00000E+00,  0.00000E+00,  0.00000E+00,  0.00000E+00,  0.00000E+00
  1.18000E-02,2,  2.58352E-02,  0.00000E+00,  0.00000E+00,  2.44485E+18,  5.61953E+14,  1.37286E+11,  3.38475E+07,  8.85489E+03,  4.53832E+01,  2.59973E+02,  4.18133E-02,  3.64608E-05,  5.26886E+06,  7.37839E+03,  3.63107E-06,  8.50732E-05,  1.84150E+14,  1.21570E-01,  5.57284E+04,  8.15148E+00,  1.69809E+00,  1.82367E+05,  1.19171E+07,  2.19955E+19,  5.12741E+11,  2.00902E+11,  1.63868E+11,  1.06168E+11,  1.86815E+10,  4.90005E+12,  3.74631E+06,  1.54747E+00,  3.10605E+16,  0.00000E+00,  1.39330E+15,  8.28822E-38,  0.00000E+00,  8.35204E+10,  4.41290E+11,  4.55088E+14,  3.12965E+00,  2.58625E+14,  1.67761E+01,  2.87543E+05,  1.52676E+13,  1.17000E+08,  0.00000E+00,  0.00000E+00,  0.00000E+00,  0.00000E+00,  0.00000E+00
  1.18500E-02,1,  3.49960E+00,  1.40000E+02,  2.54766E-08,  2.44439E+18,  1.01916E+15,  4.62850E+11,  1.81731E+09,  8.10384E+08,  3.08428E+08,  1.46579E+08,  3.36193E+07,  9.71071E+06,  2.38888E+11,  4.26426E+08,  2.78800E+08,  5.10217E+09,  1.85333E+14,  5.57700E+03,  2.54025E+09,  6.98102E+02,  6.67383E+05,  3.35547E+05,  1.79297E+07,  2.19953E+19,  2.42822E+13,  9.51434E+12,  7.76068E+12,  5.02786E+12,  7.40608E+11,  2.29797E+13,  7.80639E+08,  1.51438E+03,  3.13074E+16,  5.42082E+06,  1.40505E+15,  1.69517E+09,  2.22495E-01,  3.52380E+12,  5.20987E+11,  4.56176E+14,  2.68030E+02,  2.61386E+14,  1.43673E+03,  4.24660E+09,  1.54605E+13,  1.17000E+08,  0.00000E+00,  0.00000E+00,  0.00000E+00,  0.00000E+00,  0.00000E+00
  1.19000E-02,2,  2.58352E-02,  0.00000E+00,  0.00000E+00,  2.44485E+18,  5.62831E+14,  1.37717E+11,  3.40097E+07,  8.91645E+03,  4.58816E+01,  2.62851E+02,  4.23423E-02,  3.69823E-05,  5.29563E+06,  7.46005E+03,  3.66948E-06,  8.59397E-05,  1.85162E+14,  1.23535E-01,  5.63194E+04,  8.19796E+00,  1.69970E+00,  1.82272E+05,  1.19268E+07,  2.19954E+19,  5.07321E+11,  1.98778E+11,  1.62135E+11,  1.05046E+11,  1.84656E+10,  4.91474E+12,  3.76944E+06,  1.56440E+00,  3.12528E+16,  0.00000E+00,  1.40498E+15,  9.25969E-14,  0.00000E+00,  8.26066E+10,  4.41174E+11,  4.56979E+14,  3.14750E+00,  2.60304E+14,  1.68717E+01,  2.87658E+05,  1.53833E+13,  1.17000E+08,  0.00000E+00,  0.00000E+00,  0.00000E+00,  0.00000E+00,  0.00000E+00
  1.19500E-02,1,  3.49960E+00,  1.40000E+02,  2.54766E-08,  2.44438E+18,  1.01943E+15,  4.63091E+11,  1.81748E+09,  8.10387E+08,  3.08429E+08,  1.46580E+08,  3.36194E+07,  9.71074E+06,  2.37490E+11,  4.26427E+08,  2.78800E+08,  5.10216E+09,  1.86353E+14,  5.60559E+03,  2.53929E+09,  7.01950E+02,  6.67385E+05,  3.36089E+05,  1.79296E+07,  2.19952E+19,  2.41648E+13,  9.46836E+12,  7.72317E+12,  5.00356E+12,  7.36902E+11,  2.29877E+13,  7.80696E+08,  1.51502E+03,  3.14990E+16,  5.42081E+06,  1.41673E+15,  1.69131E+09,  2.19620E-01,  3.50502E+12,  5.20703E+11,  4.58062E+14,  2.69507E+02,  2.63066E+14,  1.44465E+03,  4.23704E+09,  1.55766E+13,  1.17000E+08,  0.00000E+00,  0.00000E+00,  0.00000E+00,  0.00000E+00,  0.00000E+00
  1.20000E-02,2,  2.58352E-02,  0.00000E+00,  0.00000E+00,  2.44485E+18,  5.61785E+14,  1.37207E+11,  3.38210E+07,  8.86154E+03,  4.63345E+01,  2.65693E+02,  4.27208E-02,  3.72487E-05,  5.32161E+06,  7.54070E+03,  3.70411E-06,  8.67853E-05,  1.86156E+14,  1.25478E-01,  5.68999E+04,  8.23769E+00,  1.69623E+00,  1.81511E+05,  1.19013E+07,  2.19953E+19,  4.84520E+11,  1.89845E+11,  1.54848E+11,  1.00325E+11,  1.76579E+10,  4.89723E+12,  3.74267E+06,  1.54755E+00,  3.14436E+16,  0.00000E+00,  1.41665E+15,  2.96779E-36,  0.00000E+00,  7.89465E+10,  4.40942E+11,  4.58864E+14,  3.16275E+00,  2.61973E+14,  1.69534E+01,  2.87712E+05,  1.54984E+13,  1.17000E+08,  0.00000E+00,  0.00000E+00,  0.00000E+00,  0.00000E+00,  0.00000E+00
  1.20500E-02,1,  3.49960E+00,  1.40000E+02,  2.54766E-08,  2.44438E+18,  1.01910E+15,  4.62804E+11,  1.81728E+09,  8.10389E+08,  3.08430E+08,  1.46580E+08,  3.36195E+07,  9.71078E+06,  2.36119E+11,  4.26428E+08,  2.78799E+08,  5.10216E+09,  1.87354E+14,  5.63327E+03,  2.53819E+09,  7.05724E+02,  6.67388E+05,  3.36257E+05,  1.79296E+07,  2.19951E+19,  2.40504E+13,  9.42353E+12,  7.68660E+12,  4.97987E+12,  7.33286E+11,  2.29780E+13,  7.80627E+08,  1.51426E+03,  3.16891E+16,  5.42079E+06,  1.42840E+15,  1.68748E+09,  2.16820E-01,  3.48651E+12,  5.20416E+11,  4.59941E+14,  2.70956E+02,  2.64734E+14,  1.45242E+03,  4.22757E+09,  1.56920E+13,  1.17000E+08,  0.00000E+00,  0.00000E+00,  0.00000E+00,  0.00000E+00,  0.00000E+00
  1.21000E-02,2,  2.58352E-02,  0.00000E+00,  0.00000E+00,  2.44484E+18,  5.62862E+14,  1.37734E+11,  3.40191E+07,  8.93475E+03,  4.68317E+01,  2.68541E+02,  4.32616E-02,  3.77877E-05,  5.34758E+06,  7.62150E+03,  3.73780E-06,  8.76343E-05,  1.87146E+14,  1.27436E-01,  5.74818E+04,  8.28403E+00,  1.69850E+00,  1.81481E+05,  1.19158E+07,  2.19952E+19,  4.83217E+11,  1.89334E+11,  1.54432E+11,  1.00055E+11,  1.75815E+10,  4.91533E+12,  3.77055E+06,  1.56655E+00,  3.16332E+16,  0.00000E+00,  1.42833E+15,  4.81799E-13,  0.00000E+00,  7.86854E+10,  4.40847E+11,  4.60738E+14,  3.18054E+00,  2.63639E+14,  1.70488E+01,  2.87827E+05,  1.56136E+13,  1.17000E+08,  0.00000E+00,  0.00000E+00,  0.00000E+00,  0.00000E+00,  0.00000E+00
  1.21500E-02,1,  3.49960E+00,  1.40000E+02,  2.54766E-08,  2.44438E+18,  1.01943E+15,  4.63091E+11,  1.81748E+09,  8.10391E+08,  3.08431E+08,  1.46581E+08,  3.36197E+07,  9.71082E+06,  2.34771E+11,  4.26429E+08,  2.78799E+08,  5.10215E+09,  1.88353E+14,  5.66098E+03,  2.53716E+09,  7.09488E+02,  6.67391E+05,  3.36820E+05,  1.79296E+07,  2.19950E+19,  2.39443E+13,  9.38196E+12,  7.65269E+12,  4.95791E+12,  7.29919E+11,  2.29875E+13,  7.80696E+08,  1.51502E+03,  3.18781E+16,  5.42077E+06,  1.44007E+15,  1.68370E+09,  2.14137E-01,  3.46940E+12,  5.20157E+11,  4.61811E+14,  2.72401E+02,  2.66400E+14,  1.46016E+03,  4.21821E+09,  1.58076E+13,  1.17000E+08,  0.00000E+00,  0.00000E+00,  0.00000E+00,  0.00000E+00,  0.00000E+00
  1.22000E-02,2,  2.58352E-02,  0.00000E+00,  0.00000E+00,  2.44484E+18,  5.62240E+14,  1.37428E+11,  3.39016E+07,  8.90005E+03,  4.72857E+01,  2.71360E+02,  4.36675E-02,  3.81013E-05,  5.37292E+06,  7.70148E+03,  3.77582E-06,  8.84669E-05,  1.88121E+14,  1.29379E-01,  5.80554E+04,  8.32400E+00,  1.69599E+00,  1.80897E+05,  1.18968E+07,  2.19951E+19,  4.65089E+11,  1.82231E+11,  1.48638E+11,  9.63012E+10,  1.69374E+10,  4.90471E+12,  3.75384E+06,  1.55389E+00,  3.18214E+16,  0.00000E+00,  1.44000E+15,  1.01698E-17,  0.00000E+00,  7.57692E+10,  4.40645E+11,  4.62606E+14,  3.19588E+00,  2.65295E+14,  1.71310E+01,  2.87884E+05,  1.57282E+13,  1.17000E+08,  0.00000E+00,  0.00000E+00,  0.00000E+00,  0.00000E+00,  0.00000E+00
  1.22500E-02,1,  3.49960E+00,  1.40000E+02,  2.54766E-08,  2.44438E+18,  1.01924E+15,  4.62928E+11,  1.81737E+09,  8.10393E+08,  3.08432E+08,  1.46581E+08,  3.36198E+07,  9.71086E+06,  2.33449E+11,  4.26430E+08,  2.78798E+08,  5.10215E+09,  1.89335E+14,  5.68803E+03,  2.53604E+09,  7.13194E+02,  6.67393E+05,  3.37073E+05,  1.79296E+07,  2.19949E+19,  2.38273E+13,  9.33611E+12,  7.61530E+12,  4.93368E+12,  7.26243E+11,  2.29820E+13,  7.80657E+08,  1.51459E+03,  3.20655E+16,  5.42076E+06,  1.45174E+15,  1.67995E+09,  2.11407E-01,  3.45047E+12,  5.19862E+11,  4.63674E+14,  2.73823E+02,  2.68055E+14,  1.46779E+03,  4.20893E+09,  1.59226E+13,  1.17000E+08,  0.00000E+00,  0.00000E+00,  0.00000E+00,  0.00000E+00,  0.00000E+00
  1.23000E-02,2,  2.58352E-02,  0.00000E+00,  0.00000E+00,  2.44484E+18,  5.62935E+14,  1.37766E+11,  3.40250E+07,  8.94556E+03,  4.77676E+01,  2.74182E+02,  4.41763E-02,  3.85903E-05,  5.39822E+06,  7.78154E+03,  3.81162E-06,  8.93021E-05,  1.89093E+14,  1.31354E-01,  5.86301E+04,  8.36859E+00,  1.69749E+00,  1.80787E+05,  1.19060E+07,  2.19950E+19,  4.53936E+11,  1.77861E+11,  1.45074E+11,  9.39918E+10,  1.65438E+10,  4.91628E+12,  3.77101E+06,  1.56315E+00,  3.20084E+16,  0.00000E+00,  1.45167E+15,  0.00000E+00,  0.00000E+00,  7.39611E+10,  4.40502E+11,  4.64465E+14,  3.21300E+00,  2.66947E+14,  1.72228E+01,  2.87984E+05,  1.58429E+13,  1.17000E+08,  0.00000E+00,  0.00000E+00,  0.00000E+00,  0.00000E+00,  0.00000E+00
  1.23500E-02,1,  3.49960E+00,  1.40000E+02,  2.54766E-08,  2.44437E+18,  1.01946E+15,  4.63119E+11,  1.81751E+09,  8.10395E+08,  3.08433E+08,  1.46582E+08,  3.36199E+07,  9.71089E+06,  2.32150E+11,  4.26431E+08,  2.78798E+08,  5.10214E+09,  1.90314E+14,  5.71501E+03,  2.53496E+09,  7.16883E+02,  6.67396E+05,  3.37578E+05,  1.79296E+07,  2.19947E+19,  2.37185E+13,  9.29348E+12,  7.58052E+12,  4.91115E+12,  7.22809E+11,  2.29883E+13,  7.80702E+08,  1.51510E+03,  3.22519E+16,  5.42074E+06,  1.46341E+15,  1.67624E+09,  2.08789E-01,  3.43288E+12,  5.19591E+11,  4.65528E+14,  2.75240E+02,  2.69707E+14,  1.47538E+03,  4.19976E+09,  1.60376E+13,  1.17000E+08,  0.00000E+00,  0.00000E+00,  0.00000E+00,  0.00000E+00,  0.00000E+00
  1.24000E-02,2,  2.58352E-02,  0.00000E+00,  0.00000E+00,  2.44483E+18,  5.62510E+14,  1.37562E+11,  3.39517E+07,  8.92936E+03,  4.82251E+01,  2.76973E+02,  4.45923E-02,  3.89266E-05,  5.42284E+06,  7.86070E+03,  3.84636E-06,  9.01186E-05,  1.90048E+14,  1.33270E-01,  5.91951E+04,  8.40811E+00,  1.69537E+00,  1.80254E+05,  1.18898E+07,  2.19948E+19,  4.46203E+11,  1.74831E+11,  1.42603E+11,  9.23907E+10,  1.62349E+10,  4.90930E+12,  3.76117E+06,  1.55848E+00,  3.21939E+16,  0.00000E+00,  1.46334E+15,  0.00000E+00,  0.00000E+00,  7.26870E+10,  4.40347E+11,  4.66317E+14,  3.22817E+00,  2.68589E+14,  1.73041E+01,  2.88039E+05,  1.59571E+13,  1.17000E+08,  0.00000E+00,  0.00000E+00,  0.00000E+00,  0.00000E+00,  0.00000E+00
  1.24500E-02,1,  3.49960E+00,  1.40000E+02,  2.54766E-08,  2.44437E+18,  1.01932E+15,  4.63003E+11,  1.81743E+09,  8.10397E+08,  3.08434E+08,  1.46582E+08,  3.36201E+07,  9.71093E+06,  2.30875E+11,  4.26433E+08,  2.78797E+08,  5.10214E+09,  1.91277E+14,  5.74130E+03,  2.53380E+09,  7.20514E+02,  6.67398E+05,  3.37847E+05,  1.79296E+07,  2.19946E+19,  2.36123E+13,  9.25187E+12,  7.54658E+12,  4.88916E+12,  7.19458E+11,  2.29843E+13,  7.80674E+08,  1.51479E+03,  3.24367E+16,  5.42072E+06,  1.47508E+15,  1.67256E+09,  2.06237E-01,  3.41557E+12,  5.19322E+11,  4.67375E+14,  2.76634E+02,  2.71350E+14,  1.48285E+03,  4.19066E+09,  1.61522E+13,  1.17000E+08,  0.00000E+00,  0.00000E+00,  0.00000E+00,  0.00000E+00,  0.00000E+00
  1.25000E-02,2,  2.58352E-02,  0.00000E+00,  0.00000E+00,  2.44483E+18,  5.61854E+14,  1.37242E+11,  3.38342E+07,  8.89852E+03,  4.86741E+01,  2.79736E+02,  4.49846E-02,  3.92283E-05,  5.44690E+06,  7.93909E+03,  3.88058E-06,  9.09200E-05,  1.90989E+14,  1.35191E-01,  5.97524E+04,  8.44704E+00,  1.69325E+00,  1.79592E+05,  1.18740E+07,  2.19947E+19,  4.31225E+11,  1.68962E+11,  1.37816E+11,  8.92892E+10,  1.56950E+10,  4.89834E+12,  3.74454E+06,  1.54877E+00,  3.23780E+16,  0.00000E+00,  1.47500E+15,  1.09748E-25,  0.00000E+00,  7.02754E+10,  4.40156E+11,  4.68163E+14,  3.24312E+00,  2.70223E+14,  1.73842E+01,  2.88089E+05,  1.60708E+13,  1.17000E+08,  0.00000E+00,  0.00000E+00,  0.00000E+00,  0.00000E+00,  0.00000E+00
  1.25500E-02,1,  3.49960E+00,  1.40000E+02,  2.54766E-08,  2.44437E+18,  1.01912E+15,  4.62823E+11,  1.81731E+09,  8.10399E+08,  3.08435E+08,  1.46583E+08,  3.36202E+07,  9.71097E+06,  2.29624E+11,  4.26434E+08,  2.78797E+08,  5.10213E+09,  1.92225E+14,  5.76695E+03,  2.53256E+09,  7.24089E+02,  6.67401E+05,  3.38039E+05,  1.79295E+07,  2.19945E+19,  2.35084E+13,  9.21118E+12,  7.51339E+12,  4.86766E+12,  7.16181E+11,  2.29782E+13,  7.80631E+08,  1.51432E+03,  3.26201E+16,  5.42071E+06,  1.48674E+15,  1.66892E+09,  2.03746E-01,  3.39853E+12,  5.19053E+11,  4.69215E+14,  2.78006E+02,  2.72983E+14,  1.49020E+03,  4.18163E+09,  1.62663E+13,  1.17000E+08,  0.00000E+00,  0.00000E+00,  0.00000E+00,  0.00000E+00,  0.00000E+00
  1.26000E-02,2,  2.58352E-02,  0.00000E+00,  0.00000E+00,  2.44483E+18,  5.62233E+14,  1.37426E+11,  3.39016E+07,  8.92607E+03,  4.91387E+01,  2.82491E+02,  4.54585E-02,  3.96639E-05,  5.47075E+06,  8.01727E+03,  3.91462E-06,  9.17180E-05,  1.91923E+14,  1.37114E-01,  6.03076E+04,  8.48879E+00,  1.69375E+00,  1.79322E+05,  1.18763E+07,  2.19946E+19,  4.23102E+11,  1.65780E+11,  1.35220E+11,  8.76073E+10,  1.53990E+10,  4.90456E+12,  3.75388E+06,  1.55440E+00,  3.25609E+16,  0.00000E+00,  1.48667E+15,  5.85627E-32,  0.00000E+00,  6.89458E+10,  4.40018E+11,  4.70000E+14,  3.25915E+00,  2.71851E+14,  1.74701E+01,  2.88165E+05,  1.61844E+13,  1.17000E+08,  0.00000E+00,  0.00000E+00,  0.00000E+00,  0.00000E+00,  0.00000E+00
  1.26500E-02,1,  3.49960E+00,  1.40000E+02,  2.54766E-08,  2.44436E+18,  1.01924E+15,  4.62927E+11,  1.81738E+09,  8.10401E+08,  3.08436E+08,  1.46583E+08,  3.36203E+07,  9.71100E+06,  2.28394E+11,  4.26435E+08,  2.78796E+08,  5.10213E+09,  1.93167E+14,  5.79240E+03,  2.53134E+09,  7.27639E+02,  6.67403E+05,  3.38437E+05,  1.79295E+07,  2.19944E+19,  2.34063E+13,  9.17115E+12,  7.48074E+12,  4.84650E+12,  7.12960E+11,  2.29816E+13,  7.80655E+08,  1.51459E+03,  3.28023E+16,  5.42069E+06,  1.49840E+15,  1.66530E+09,  2.01309E-01,  3.38179E+12,  5.18791E+11,  4.71048E+14,  2.79369E+02,  2.74611E+14,  1.49751E+03,  4.17270E+09,  1.63802E+13,  1.17000E+08,  0.00000E+00,  0.00000E+00,  0.00000E+00,  0.00000E+00,  0.00000E+00
  1.27000E-02,2,  2.58352E-02,  0.00000E+00,  0.00000E+00,  2.44482E+18,  5.67988E+14,  1.40250E+11,  3.49493E+07,  9.27357E+03,  4.97259E+01,  2.85348E+02,  4.63884E-02,  4.08604E-05,  5.49631E+06,  8.09833E+03,  3.95129E-06,  9.25774E-05,  1.92887E+14,  1.39141E-01,  6.08933E+04,  8.54758E+00,  1.70729E+00,  1.81281E+05,  1.19683E+07,  2.19945E+19,  4.57259E+11,  1.79163E+11,  1.46136E+11,  9.46798E+10,  1.65455E+10,  5.00125E+12,  3.90348E+06,  1.64814E+00,  3.27435E+16,  0.00000E+00,  1.49833E+15,  2.37712E-43,  2.21004-218,  7.42740E+10,  4.40181E+11,  4.71823E+14,  3.28172E+00,  2.73494E+14,  1.75911E+01,  2.88396E+05,  1.62995E+13,  1.17000E+08,  0.00000E+00,  0.00000E+00,  0.00000E+00,  0.00000E+00,  0.00000E+00
  1.27500E-02,1,  3.49960E+00,  1.40000E+02,  2.54766E-08,  2.44436E+18,  1.02102E+15,  4.64502E+11,  1.81846E+09,  8.10403E+08,  3.08437E+08,  1.46584E+08,  3.36204E+07,  9.71104E+06,  2.27179E+11,  4.26436E+08,  2.78795E+08,  5.10212E+09,  1.94140E+14,  5.81983E+03,  2.53057E+09,  7.31310E+02,  6.67405E+05,  3.40029E+05,  1.79295E+07,  2.19943E+19,  2.33022E+13,  9.13038E+12,  7.44748E+12,  4.82495E+12,  7.09686E+11,  2.30341E+13,  7.81033E+08,  1.51880E+03,  3.29842E+16,  5.42068E+06,  1.51006E+15,  1.66177E+09,  1.98892E-01,  3.36539E+12,  5.18553E+11,  4.72868E+14,  2.80779E+02,  2.76254E+14,  1.50506E+03,  4.16394E+09,  1.64956E+13,  1.17000E+08,  0.00000E+00,  0.00000E+00,  0.00000E+00,  0.00000E+00,  0.00000E+00
  1.28000E-02,2,  2.58352E-02,  0.00000E+00,  0.00000E+00,  2.44482E+18,  5.62380E+14,  1.37498E+11,  3.39279E+07,  8.94707E+03,  5.00693E+01,  2.88068E+02,  4.63683E-02,  4.04689E-05,  5.51941E+06,  8.17550E+03,  3.98460E-06,  9.33571E-05,  1.93799E+14,  1.41053E-01,  6.14393E+04,  8.56830E+00,  1.69139E+00,  1.79044E+05,  1.18561E+07,  2.19944E+19,  3.99973E+11,  1.56717E+11,  1.27828E+11,  8.28183E+10,  1.45606E+10,  4.90705E+12,  3.75761E+06,  1.55616E+00,  3.29236E+16,  0.00000E+00,  1.50999E+15,  2.87328E-19,  0.00000E+00,  6.52235E+10,  4.39704E+11,  4.73648E+14,  3.28967E+00,  2.75107E+14,  1.76337E+01,  2.88284E+05,  1.64123E+13,  1.17000E+08,  0.00000E+00,  0.00000E+00,  0.00000E+00,  0.00000E+00,  0.00000E+00
  1.28500E-02,1,  3.49960E+00,  1.40000E+02,  2.54766E-08,  2.44436E+18,  1.01928E+15,  4.62967E+11,  1.81742E+09,  8.10405E+08,  3.08438E+08,  1.46585E+08,  3.36206E+07,  9.71108E+06,  2.25994E+11,  4.26437E+08,  2.78795E+08,  5.10212E+09,  1.95056E+14,  5.84420E+03,  2.52924E+09,  7.34762E+02,  6.67408E+05,  3.39370E+05,  1.79295E+07,  2.19942E+19,  2.32036E+13,  9.09172E+12,  7.41595E+12,  4.80453E+12,  7.06568E+11,  2.29827E+13,  7.80664E+08,  1.51470E+03,  3.31636E+16,  5.42066E+06,  1.52172E+15,  1.65821E+09,  1.96557E-01,  3.34904E+12,  5.18282E+11,  4.74687E+14,  2.82104E+02,  2.77866E+14,  1.51216E+03,  4.15515E+09,  1.66088E+13,  1.17000E+08,  0.00000E+00,  0.00000E+00,  0.00000E+00,  0.00000E+00,  0.00000E+00
  1.29000E-02,2,  2.58352E-02,  0.00000E+00,  0.00000E+00,  2.44482E+18,  5.63348E+14,  1.37973E+11,  3.41042E+07,  9.01094E+03,  5.05414E+01,  2.90790E+02,  4.68870E-02,  4.09866E-05,  5.54244E+06,  8.25271E+03,  4.01094E-06,  9.41380E-05,  1.94708E+14,  1.42974E-01,  6.19850E+04,  8.61222E+00,  1.69445E+00,  1.78792E+05,  1.18770E+07,  2.19943E+19,  4.04102E+11,  1.58335E+11,  1.29148E+11,  8.36733E+10,  1.46789E+10,  4.92330E+12,  3.78284E+06,  1.57234E+00,  3.31026E+16,  0.00000E+00,  1.52164E+15,  4.26385E-22,  0.00000E+00,  6.58235E+10,  4.39643E+11,  4.75464E+14,  3.30653E+00,  2.76718E+14,  1.77240E+01,  2.88382E+05,  1.65254E+13,  1.17000E+08,  0.00000E+00,  0.00000E+00,  0.00000E+00,  0.00000E+00,  0.00000E+00
  1.29500E-02,1,  3.49960E+00,  1.40000E+02,  2.54766E-08,  2.44435E+18,  1.01958E+15,  4.63232E+11,  1.81760E+09,  8.10407E+08,  3.08439E+08,  1.46585E+08,  3.36207E+07,  9.71111E+06,  2.24827E+11,  4.26438E+08,  2.78795E+08,  5.10211E+09,  1.95973E+14,  5.86884E+03,  2.52801E+09,  7.38220E+02,  6.67411E+05,  3.39760E+05,  1.79295E+07,  2.19941E+19,  2.31066E+13,  9.05372E+12,  7.38495E+12,  4.78445E+12,  7.03514E+11,  2.29915E+13,  7.80728E+08,  1.51541E+03,  3.33420E+16,  5.42064E+06,  1.53338E+15,  1.65470E+09,  1.94275E-01,  3.33310E+12,  5.18033E+11,  4.76498E+14,  2.83431E+02,  2.79477E+14,  1.51928E+03,  4.14646E+09,  1.67222E+13,  1.17000E+08,  0.00000E+00,  0.00000E+00,  0.00000E+00,  0.00000E+00,  0.00000E+00
  1.30000E-02,2,  2.58352E-02,  0.00000E+00,  0.00000E+00,  2.44481E+18,  5.64773E+14,  1.38670E+11,  3.43620E+07,  9.10087E+03,  5.10250E+01,  2.93531E+02,  4.74489E-02,  4.15748E-05,  5.56578E+06,  8.33048E+03,  4.04927E-06,  9.49324E-05,  1.95619E+14,  1.44923E-01,  6.25374E+04,  8.65596E+00,  1.69741E+00,  1.79025E+05,  1.18961E+07,  2.19942E+19,  4.01946E+11,  1.57490E+11,  1.28458E+11,  8.32267E+10,  1.45870E+10,  4.94710E+12,  3.81944E+06,  1.59518E+00,  3.32807E+16,  0.00000E+00,  1.53330E+15,  0.00000E+00,  0.00000E+00,  6.54406E+10,  4.39552E+11,  4.77271E+14,  3.32332E+00,  2.78328E+14,  1.78140E+01,  2.88478E+05,  1.66386E+13,  1.17000E+08,  0.00000E+00,  0.00000E+00,  0.00000E+00,  0.00000E+00,  0.00000E+00
  1.30500E-02,1,  3.49960E+00,  1.40000E+02,  2.54766E-08,  2.44435E+18,  1.02002E+15,  4.63622E+11,  1.81787E+09,  8.10409E+08,  3.08440E+08,  1.46586E+08,  3.36208E+07,  9.71115E+06,  2.23679E+11,  4.26440E+08,  2.78794E+08,  5.10211E+09,  1.96891E+14,  5.89372E+03,  2.52689E+09,  7.41683E+02,  6.67413E+05,  3.40404E+05,  1.79295E+07,  2.19940E+19,  2.30101E+13,  9.01591E+12,  7.35411E+12,  4.76446E+12,  7.00474E+11,  2.30045E+13,  7.80821E+08,  1.51645E+03,  3.35194E+16,  5.42063E+06,  1.54503E+15,  1.65123E+09,  1.92030E-01,  3.31739E+12,  5.17789E+11,  4.78300E+14,  2.84761E+02,  2.81087E+14,  1.52640E+03,  4.13786E+09,  1.68357E+13,  1.17000E+08,  0.00000E+00,  0.00000E+00,  0.00000E+00,  0.00000E+00,  0.00000E+00
  1.31000E-02,2,  2.58352E-02,  0.00000E+00,  0.00000E+00,  2.44481E+18,  5.61666E+14,  1.37148E+11,  3.37977E+07,  8.92263E+03,  5.14054E+01,  2.96185E+02,  4.76145E-02,  4.15068E-05,  5.58754E+06,  8.40576E+03,  4.08355E-06,  9.56761E-05,  1.96497E+14,  1.46822E-01,  6.30640E+04,  8.68381E+00,  1.68866E+00,  1.77501E+05,  1.18343E+07,  2.19941E+19,  3.68608E+11,  1.44428E+11,  1.17804E+11,  7.63238E+10,  1.34324E+10,  4.89501E+12,  3.73866E+06,  1.54334E+00,  3.34567E+16,  0.00000E+00,  1.54495E+15,  0.00000E+00,  0.00000E+00,  6.01677E+10,  4.39236E+11,  4.79075E+14,  3.33402E+00,  2.79918E+14,  1.78713E+01,  2.88434E+05,  1.67505E+13,  1.17000E+08,  0.00000E+00,  0.00000E+00,  0.00000E+00,  0.00000E+00,  0.00000E+00
  1.31500E-02,1,  3.49960E+00,  1.40000E+02,  2.54766E-08,  2.44435E+18,  1.01906E+15,  4.62771E+11,  1.81729E+09,  8.10411E+08,  3.08441E+08,  1.46586E+08,  3.36209E+07,  9.71119E+06,  2.22555E+11,  4.26441E+08,  2.78794E+08,  5.10210E+09,  1.97774E+14,  5.91681E+03,  2.52546E+09,  7.45011E+02,  6.67416E+05,  3.40108E+05,  1.79295E+07,  2.19939E+19,  2.29175E+13,  8.97965E+12,  7.32453E+12,  4.74530E+12,  6.97555E+11,  2.29760E+13,  7.80617E+08,  1.51419E+03,  3.36947E+16,  5.42061E+06,  1.55668E+15,  1.64776E+09,  1.89853E-01,  3.30188E+12,  5.17533E+11,  4.80100E+14,  2.86038E+02,  2.82677E+14,  1.53325E+03,  4.12928E+09,  1.69479E+13,  1.17000E+08,  0.00000E+00,  0.00000E+00,  0.00000E+00,  0.00000E+00,  0.00000E+00
  1.32000E-02,2,  2.58352E-02,  0.00000E+00,  0.00000E+00,  2.44481E+18,  5.62399E+14,  1.37509E+11,  3.39328E+07,  8.97400E+03,  5.18625E+01,  2.98835E+02,  4.81033E-02,  4.19837E-05,  5.60919E+06,  8.48095E+03,  4.11524E-06,  9.64190E-05,  1.97370E+14,  1.48680E-01,  6.35896E+04,  8.72460E+00,  1.69051E+00,  1.77255E+05,  1.18465E+07,  2.19939E+19,  3.72046E+11,  1.45775E+11,  1.18903E+11,  7.70357E+10,  1.35209E+10,  4.90728E+12,  3.75831E+06,  1.55729E+00,  3.36316E+16,  0.00000E+00,  1.55660E+15,  1.42077E-23,  0.00000E+00,  6.06578E+10,  4.39159E+11,  4.80872E+14,  3.34968E+00,  2.81505E+14,  1.79553E+01,  2.88506E+05,  1.68624E+13,  1.17000E+08,  0.00000E+00,  0.00000E+00,  0.00000E+00,  0.00000E+00,  0.00000E+00
  1.32500E-02,1,  3.49960E+00,  1.40000E+02,  2.54766E-08,  2.44435E+18,  1.01928E+15,  4.62972E+11,  1.81743E+09,  8.10413E+08,  3.08442E+08,  1.46587E+08,  3.36210E+07,  9.71122E+06,  2.21449E+11,  4.26442E+08,  2.78793E+08,  5.10210E+09,  1.98655E+14,  5.93998E+03,  2.52411E+09,  7.48332E+02,  6.67418E+05,  3.40480E+05,  1.79294E+07,  2.19937E+19,  2.28264E+13,  8.94394E+12,  7.29541E+12,  4.72643E+12,  6.94687E+11,  2.29826E+13,  7.80665E+08,  1.51472E+03,  3.38690E+16,  5.42060E+06,  1.56833E+15,  1.64433E+09,  1.87721E-01,  3.28669E+12,  5.17292E+11,  4.81892E+14,  2.87313E+02,  2.84264E+14,  1.54008E+03,  4.12078E+09,  1.70602E+13,  1.17000E+08,  0.00000E+00,  0.00000E+00,  0.00000E+00,  0.00000E+00,  0.00000E+00
  1.33000E-02,2,  2.58352E-02,  0.00000E+00,  0.00000E+00,  2.44481E+18,  5.62083E+14,  1.37355E+11,  3.38763E+07,  8.96165E+03,  5.22939E+01,  3.01464E+02,  4.84993E-02,  4.23081E-05,  5.63044E+06,  8.55552E+03,  4.14652E-06,  9.71509E-05,  1.98232E+14,  1.50550E-01,  6.41094E+04,  8.76062E+00,  1.68898E+00,  1.76779E+05,  1.18348E+07,  2.19938E+19,  3.62726E+11,  1.42123E+11,  1.15924E+11,  7.51059E+10,  1.31774E+10,  4.90206E+12,  3.75035E+06,  1.55214E+00,  3.38052E+16,  0.00000E+00,  1.56825E+15,  9.07875E-20,  0.00000E+00,  5.91531E+10,  4.38998E+11,  4.82663E+14,  3.36351E+00,  2.83085E+14,  1.80294E+01,  2.88535E+05,  1.69739E+13,  1.17000E+08,  0.00000E+00,  0.00000E+00,  0.00000E+00,  0.00000E+00,  0.00000E+00
  1.33500E-02,1,  3.49960E+00,  1.40000E+02,  2.54766E-08,  2.44434E+18,  1.01919E+15,  4.62886E+11,  1.81737E+09,  8.10415E+08,  3.08443E+08,  1.46587E+08,  3.36212E+07,  9.71126E+06,  2.20362E+11,  4.26443E+08,  2.78793E+08,  5.10210E+09,  1.99523E+14,  5.96264E+03,  2.52270E+09,  7.51607E+02,  6.67420E+05,  3.40724E+05,  1.79294E+07,  2.19936E+19,  2.27370E+13,  8.90892E+12,  7.26684E+12,  4.70793E+12,  6.91872E+11,  2.29796E+13,  7.80644E+08,  1.51449E+03,  3.40418E+16,  5.42058E+06,  1.57998E+15,  1.64092E+09,  1.85634E-01,  3.27172E+12,  5.17050E+11,  4.83679E+14,  2.88571E+02,  2.85843E+14,  1.54682E+03,  4.11234E+09,  1.71720E+13,  1.17000E+08,  0.00000E+00,  0.00000E+00,  0.00000E+00,  0.00000E+00,  0.00000E+00
  1.34000E-02,2,  2.58352E-02,  0.00000E+00,  0.00000E+00,  2.44480E+18,  5.64122E+14,  1.38350E+11,  3.42422E+07,  9.08506E+03,  5.27744E+01,  3.04125E+02,  4.91050E-02,  4.29794E-05,  5.65222E+06,  8.63103E+03,  4.17806E-06,  9.79042E-05,  1.99101E+14,  1.52461E-01,  6.46395E+04,  8.80483E+00,  1.69377E+00,  1.77275E+05,  1.18666E+07,  2.19937E+19,  3.65603E+11,  1.43250E+11,  1.16844E+11,  7.57016E+10,  1.32666E+10,  4.93610E+12,  3.80218E+06,  1.58298E+00,  3.39779E+16,  0.00000E+00,  1.57990E+15,  2.14067E-17,  0.00000E+00,  5.95610E+10,  4.38944E+11,  4.84444E+14,  3.38048E+00,  2.84666E+14,  1.81203E+01,  2.88638E+05,  1.70859E+13,  1.17000E+08,  0.00000E+00,  0.00000E+00,  0.00000E+00,  0.00000E+00,  0.00000E+00
  1.34500E-02,1,  3.49960E+00,  1.40000E+02,  2.54766E-08,  2.44434E+18,  1.01982E+15,  4.63444E+11,  1.81776E+09,  8.10417E+08,  3.08444E+08,  1.46588E+08,  3.36213E+07,  9.71129E+06,  2.19291E+11,  4.26444E+08,  2.78793E+08,  5.10209E+09,  2.00399E+14,  5.98590E+03,  2.52147E+09,  7.54911E+02,  6.67423E+05,  3.41477E+05,  1.79294E+07,  2.19935E+19,  2.26477E+13,  8.87393E+12,  7.23830E+12,  4.68944E+12,  6.89063E+11,  2.29982E+13,  7.80777E+08,  1.51598E+03,  3.42139E+16,  5.42057E+06,  1.59162E+15,  1.63755E+09,  1.83579E-01,  3.25700E+12,  5.16818E+11,  4.85457E+14,  2.89839E+02,  2.87424E+14,  1.55362E+03,  4.10401E+09,  1.72843E+13,  1.17000E+08,  0.00000E+00,  0.00000E+00,  0.00000E+00,  0.00000E+00,  0.00000E+00
  1.35000E-02,2,  2.58352E-02,  0.00000E+00,  0.00000E+00,  2.44480E+18,  5.63259E+14,  1.37930E+11,  3.40887E+07,  9.04263E+03,  5.31952E+01,  3.06743E+02,  4.94521E-02,  4.32223E-05,  5.67323E+06,  8.70530E+03,  4.21001E-06,  9.86336E-05,  1.99951E+14,  1.54339E-01,  6.51573E+04,  8.83793E+00,  1.69035E+00,  1.76699E+05,  1.18415E+07,  2.19936E+19,  3.52570E+11,  1.38144E+11,  1.12678E+11,  7.30031E+10,  1.28011E+10,  4.92170E+12,  3.78047E+06,  1.57089E+00,  3.41490E+16,  0.00000E+00,  1.59154E+15,  2.55741E-15,  0.00000E+00,  5.74813E+10,  4.38763E+11,  4.86222E+14,  3.39318E+00,  2.86235E+14,  1.81884E+01,  2.88644E+05,  1.71971E+13,  1.17000E+08,  0.00000E+00,  0.00000E+00,  0.00000E+00,  0.00000E+00,  0.00000E+00
  1.35500E-02,1,  3.49960E+00,  1.40000E+02,  2.54766E-08,  2.44434E+18,  1.01955E+15,  4.63208E+11,  1.81760E+09,  8.10419E+08,  3.08445E+08,  1.46588E+08,  3.36214E+07,  9.71132E+06,  2.18241E+11,  4.26445E+08,  2.78792E+08,  5.10209E+09,  2.01256E+14,  6.00827E+03,  2.52012E+09,  7.58141E+02,  6.67425E+05,  3.41661E+05,  1.79294E+07,  2.19934E+19,  2.25607E+13,  8.83984E+12,  7.21049E+12,  4.67142E+12,  6.86323E+11,  2.29902E+13,  7.80721E+08,  1.51536E+03,  3.43843E+16,  5.42055E+06,  1.60326E+15,  1.63420E+09,  1.81572E-01,  3.24247E+12,  5.16583E+11,  4.87230E+14,  2.91079E+02,  2.88994E+14,  1.56027E+03,  4.09571E+09,  1.73959E+13,  1.17000E+08,  0.00000E+00,  0.00000E+00,  0.00000E+00,  0.00000E+00,  0.00000E+00
  1.36000E-02,2,  2.58352E-02,  0.00000E+00,  0.00000E+00,  2.44480E+18,  5.62520E+14,  1.37569E+11,  3.39548E+07,  9.00501E+03,  5.36112E+01,  3.09329E+02,  4.98036E-02,  4.34764E-05,  5.69367E+06,  8.77864E+03,  4.24010E-06,  9.93455E-05,  2.00788E+14,  1.56194E-01,  6.56657E+04,  8.87209E+00,  1.68822E+00,  1.76043E+05,  1.18259E+07,  2.19935E+19,  3.41119E+11,  1.33657E+11,  1.09019E+11,  7.06319E+10,  1.23910E+10,  4.90929E+12,  3.76134E+06,  1.55887E+00,  3.43187E+16,  0.00000E+00,  1.60318E+15,  4.31224-208,  0.00000E+00,  5.56501E+10,  4.38592E+11,  4.87994E+14,  3.40630E+00,  2.87796E+14,  1.82587E+01,  2.88660E+05,  1.73079E+13,  1.17000E+08,  0.00000E+00,  0.00000E+00,  0.00000E+00,  0.00000E+00,  0.00000E+00
  1.36500E-02,1,  3.49960E+00,  1.40000E+02,  2.54766E-08,  2.44433E+18,  1.01932E+15,  4.63005E+11,  1.81746E+09,  8.10421E+08,  3.08446E+08,  1.46589E+08,  3.36215E+07,  9.71136E+06,  2.17208E+11,  4.26447E+08,  2.78792E+08,  5.10208E+09,  2.02098E+14,  6.03004E+03,  2.51870E+09,  7.61319E+02,  6.67428E+05,  3.41798E+05,  1.79294E+07,  2.19933E+19,  2.24758E+13,  8.80656E+12,  7.18335E+12,  4.65383E+12,  6.83650E+11,  2.29834E+13,  7.80672E+08,  1.51482E+03,  3.45533E+16,  5.42054E+06,  1.61490E+15,  1.63087E+09,  1.79611E-01,  3.22818E+12,  5.16350E+11,  4.88998E+14,  2.92299E+02,  2.90554E+14,  1.56680E+03,  4.08746E+09,  1.75070E+13,  1.17000E+08,  0.00000E+00,  0.00000E+00,  0.00000E+00,  0.00000E+00,  0.00000E+00
  1.37000E-02,2,  2.58352E-02,  0.00000E+00,  0.00000E+00,  2.44479E+18,  5.62307E+14,  1.37460E+11,  3.39110E+07,  8.99453E+03,  5.40320E+01,  3.11895E+02,  5.01978E-02,  4.38028E-05,  5.71376E+06,  8.85144E+03,  4.27014E-06,  1.00048E-04,  2.01615E+14,  1.58091E-01,  6.61690E+04,  8.90748E+00,  1.68742E+00,  1.75591E+05,  1.18194E+07,  2.19934E+19,  3.29191E+11,  1.28983E+11,  1.05206E+11,  6.81621E+10,  1.19787E+10,  4.90560E+12,  3.75426E+06,  1.55173E+00,  3.44871E+16,  0.00000E+00,  1.61482E+15,  0.00000E+00,  0.00000E+00,  5.37493E+10,  4.38430E+11,  4.89761E+14,  3.41988E+00,  2.89349E+14,  1.83315E+01,  2.88687E+05,  1.74183E+13,  1.17000E+08,  0.00000E+00,  0.00000E+00,  0.00000E+00,  0.00000E+00,  0.00000E+00
  1.37500E-02,1,  3.49960E+00,  1.40000E+02,  2.54766E-08,  2.44433E+18,  1.01925E+15,  4.62947E+11,  1.81743E+09,  8.10423E+08,  3.08447E+08,  1.46589E+08,  3.36216E+07,  9.71139E+06,  2.16193E+11,  4.26448E+08,  2.78791E+08,  5.10208E+09,  2.02931E+14,  6.05145E+03,  2.51727E+09,  7.64460E+02,  6.67430E+05,  3.42034E+05,  1.79294E+07,  2.19932E+19,  2.23925E+13,  8.77393E+12,  7.15673E+12,  4.63659E+12,  6.81029E+11,  2.29813E+13,  7.80658E+08,  1.51466E+03,  3.47211E+16,  5.42052E+06,  1.62654E+15,  1.62756E+09,  1.77692E-01,  3.21413E+12,  5.16120E+11,  4.90760E+14,  2.93505E+02,  2.92107E+14,  1.57326E+03,  4.07927E+09,  1.76177E+13,  1.17000E+08,  0.00000E+00,  0.00000E+00,  0.00000E+00,  0.00000E+00,  0.00000E+00
  1.38000E-02,2,  2.58352E-02,  0.00000E+00,  0.00000E+00,  2.44479E+18,  5.62509E+14,  1.37562E+11,  3.39519E+07,  9.01551E+03,  5.44623E+01,  3.14445E+02,  5.06265E-02,  4.41932E-05,  5.73358E+06,  8.92379E+03,  4.29981E-06,  1.00743E-04,  2.02433E+14,  1.59878E-01,  6.66681E+04,  8.94335E+00,  1.68731E+00,  1.75317E+05,  1.18177E+07,  2.19933E+19,  3.26395E+11,  1.27888E+11,  1.04313E+11,  6.75831E+10,  1.18616E+10,  4.90904E+12,  3.76075E+06,  1.55817E+00,  3.46542E+16,  0.00000E+00,  1.62646E+15,  0.00000E+00,  0.00000E+00,  5.32708E+10,  4.38315E+11,  4.91521E+14,  3.43365E+00,  2.90897E+14,  1.84053E+01,  2.88719E+05,  1.75286E+13,  1.17000E+08,  0.00000E+00,  0.00000E+00,  0.00000E+00,  0.00000E+00,  0.00000E+00
  1.38500E-02,1,  3.49960E+00,  1.40000E+02,  2.54766E-08,  2.44433E+18,  1.01931E+15,  4.63002E+11,  1.81747E+09,  8.10425E+08,  3.08448E+08,  1.46590E+08,  3.36217E+07,  9.71143E+06,  2.15195E+11,  4.26449E+08,  2.78791E+08,  5.10207E+09,  2.03756E+14,  6.07260E+03,  2.51584E+09,  7.67571E+02,  6.67432E+05,  3.42357E+05,  1.79294E+07,  2.19931E+19,  2.23105E+13,  8.74180E+12,  7.13053E+12,  4.61961E+12,  6.78450E+11,  2.29831E+13,  7.80671E+08,  1.51481E+03,  3.48875E+16,  5.42051E+06,  1.63818E+15,  1.62428E+09,  1.75811E-01,  3.20029E+12,  5.15895E+11,  4.92517E+14,  2.94699E+02,  2.93654E+14,  1.57967E+03,  4.07114E+09,  1.77283E+13,  1.17000E+08,  0.00000E+00,  0.00000E+00,  0.00000E+00,  0.00000E+00,  0.00000E+00
  1.39000E-02,2,  2.58352E-02,  0.00000E+00,  0.00000E+00,  2.44479E+18,  5.61933E+14,  1.37281E+11,  3.38473E+07,  8.98712E+03,  5.48702E+01,  3.16963E+02,  5.09798E-02,  4.44596E-05,  5.75285E+06,  8.99523E+03,  4.32888E-06,  1.01422E-04,  2.03238E+14,  1.61694E-01,  6.71584E+04,  8.97604E+00,  1.68519E+00,  1.74755E+05,  1.18020E+07,  2.19932E+19,  3.17006E+11,  1.24209E+11,  1.01312E+11,  6.56391E+10,  1.15240E+10,  4.89936E+12,  3.74573E+06,  1.54861E+00,  3.48199E+16,  0.00000E+00,  1.63810E+15,  3.43041E-17,  0.00000E+00,  5.17669E+10,  4.38155E+11,  4.93277E+14,  3.44620E+00,  2.92435E+14,  1.84726E+01,  2.88725E+05,  1.76383E+13,  1.17000E+08,  0.00000E+00,  0.00000E+00,  0.00000E+00,  0.00000E+00,  0.00000E+00
  1.39500E-02,1,  3.49960E+00,  1.40000E+02,  2.54766E-08,  2.44432E+18,  1.01914E+15,  4.62844E+11,  1.81736E+09,  8.10427E+08,  3.08449E+08,  1.46590E+08,  3.36219E+07,  9.71146E+06,  2.14215E+11,  4.26450E+08,  2.78791E+08,  5.10207E+09,  2.04567E+14,  6.09316E+03,  2.51434E+09,  7.70629E+02,  6.67435E+05,  3.42525E+05,  1.79294E+07,  2.19930E+19,  2.22305E+13,  8.71043E+12,  7.10494E+12,  4.60304E+12,  6.75932E+11,  2.29778E+13,  7.80633E+08,  1.51439E+03,  3.50525E+16,  5.42049E+06,  1.64981E+15,  1.62101E+09,  1.73971E-01,  3.18667E+12,  5.15670E+11,  4.94269E+14,  2.95873E+02,  2.95192E+14,  1.58596E+03,  4.06305E+09,  1.78383E+13,  1.17000E+08,  0.00000E+00,  0.00000E+00,  0.00000E+00,  0.00000E+00,  0.00000E+00
  1.40000E-02,2,  2.58352E-02,  0.00000E+00,  0.00000E+00,  2.44478E+18,  5.62371E+14,  1.37498E+11,  3.39349E+07,  9.03361E+03,  5.53171E+01,  3.19477E+02,  5.14242E-02,  4.48579E-05,  5.77205E+06,  9.06653E+03,  4.35841E-06,  1.02100E-04,  2.04038E+14,  1.63513E-01,  6.76477E+04,  9.01219E+00,  1.68593E+00,  1.74588E+05,  1.18062E+07,  2.19931E+19,  3.14868E+11,  1.23371E+11,  1.00629E+11,  6.51964E+10,  1.14316E+10,  4.90692E+12,  3.75852E+06,  1.56198E+00,  3.49844E+16,  0.00000E+00,  1.64973E+15,  4.43142E-10,  0.00000E+00,  5.13957E+10,  4.38045E+11,  4.95027E+14,  3.46008E+00,  2.93969E+14,  1.85469E+01,  2.88761E+05,  1.77478E+13,  1.17000E+08,  0.00000E+00,  0.00000E+00,  0.00000E+00,  0.00000E+00,  0.00000E+00
  1.40500E-02,1,  3.49960E+00,  1.40000E+02,  2.54766E-08,  2.44432E+18,  1.01926E+15,  4.62954E+11,  1.81744E+09,  8.10428E+08,  3.08449E+08,  1.46591E+08,  3.36220E+07,  9.71149E+06,  2.13250E+11,  4.26451E+08,  2.78790E+08,  5.10206E+09,  2.05373E+14,  6.11363E+03,  2.51289E+09,  7.73668E+02,  6.67437E+05,  3.42892E+05,  1.79294E+07,  2.19929E+19,  2.21589E+13,  8.68240E+12,  7.08208E+12,  4.58822E+12,  6.73665E+11,  2.29813E+13,  7.80659E+08,  1.51468E+03,  3.52164E+16,  5.42048E+06,  1.66144E+15,  1.61777E+09,  1.72222E-01,  3.17442E+12,  5.15471E+11,  4.96014E+14,  2.97040E+02,  2.96726E+14,  1.59221E+03,  4.05502E+09,  1.79482E+13,  1.17000E+08,  0.00000E+00,  0.00000E+00,  0.00000E+00,  0.00000E+00,  0.00000E+00
  1.41000E-02,2,  2.58352E-02,  0.00000E+00,  0.00000E+00,  2.44478E+18,  5.62293E+14,  1.37462E+11,  3.39162E+07,  9.01931E+03,  5.57080E+01,  3.21970E+02,  5.18184E-02,  4.52159E-05,  5.79090E+06,  9.13724E+03,  4.37769E-06,  1.02768E-04,  2.04828E+14,  1.65321E-01,  6.81317E+04,  9.04580E+00,  1.68505E+00,  1.74263E+05,  1.17990E+07,  2.19930E+19,  3.09018E+11,  1.21079E+11,  9.87593E+10,  6.39851E+10,  1.12158E+10,  4.90561E+12,  3.75622E+06,  1.55533E+00,  3.51476E+16,  0.00000E+00,  1.66136E+15,  7.53325E-16,  0.00000E+00,  5.04468E+10,  4.37912E+11,  4.96771E+14,  3.47298E+00,  2.95495E+14,  1.86161E+01,  2.88775E+05,  1.78571E+13,  1.17000E+08,  0.00000E+00,  0.00000E+00,  0.00000E+00,  0.00000E+00,  0.00000E+00
  1.41500E-02,1,  3.49960E+00,  1.40000E+02,  2.54766E-08,  2.44432E+18,  1.01925E+15,  4.62943E+11,  1.81743E+09,  8.10430E+08,  3.08450E+08,  1.46591E+08,  3.36221E+07,  9.71153E+06,  2.12301E+11,  4.26452E+08,  2.78790E+08,  5.10206E+09,  2.06170E+14,  6.13376E+03,  2.51141E+09,  7.76674E+02,  6.67439E+05,  3.43171E+05,  1.79293E+07,  2.19928E+19,  2.20739E+13,  8.64908E+12,  7.05489E+12,  4.57061E+12,  6.71009E+11,  2.29809E+13,  7.80656E+08,  1.51466E+03,  3.53789E+16,  5.42046E+06,  1.67307E+15,  1.61454E+09,  1.70397E-01,  3.16007E+12,  5.15233E+11,  4.97755E+14,  2.98194E+02,  2.98252E+14,  1.59839E+03,  4.04704E+09,  1.80577E+13,  1.17000E+08,  0.00000E+00,  0.00000E+00,  0.00000E+00,  0.00000E+00,  0.00000E+00
  1.42000E-02,2,  2.58352E-02,  0.00000E+00,  0.00000E+00,  2.44478E+18,  5.65748E+14,  1.39151E+11,  3.45406E+07,  9.23028E+03,  5.62039E+01,  3.24529E+02,  5.25514E-02,  4.61192E-05,  5.81086E+06,  9.20986E+03,  4.41646E-06,  1.03478E-04,  2.05636E+14,  1.67203E-01,  6.86362E+04,  9.09192E+00,  1.69330E+00,  1.75408E+05,  1.18545E+07,  2.19929E+19,  3.22453E+11,  1.26344E+11,  1.03053E+11,  6.67671E+10,  1.16674E+10,  4.96326E+12,  3.84463E+06,  1.61102E+00,  3.53103E+16,  0.00000E+00,  1.67299E+15,  4.40048-208,  1.18374-147,  5.24997E+10,  4.37937E+11,  4.98506E+14,  3.49069E+00,  2.97030E+14,  1.87110E+01,  2.88898E+05,  1.79672E+13,  1.17000E+08,  0.00000E+00,  0.00000E+00,  0.00000E+00,  0.00000E+00,  0.00000E+00
  1.42500E-02,1,  3.49960E+00,  1.40000E+02,  2.54766E-08,  2.44432E+18,  1.02031E+15,  4.63889E+11,  1.81808E+09,  8.10432E+08,  3.08451E+08,  1.46592E+08,  3.36222E+07,  9.71156E+06,  2.11363E+11,  4.26453E+08,  2.78789E+08,  5.10206E+09,  2.06986E+14,  6.15508E+03,  2.51021E+09,  7.79750E+02,  6.67441E+05,  3.44206E+05,  1.79293E+07,  2.19927E+19,  2.19952E+13,  8.61825E+12,  7.02975E+12,  4.55432E+12,  6.68539E+11,  2.30124E+13,  7.80882E+08,  1.51718E+03,  3.55410E+16,  5.42045E+06,  1.68470E+15,  1.61136E+09,  1.68644E-01,  3.14708E+12,  5.15028E+11,  4.99486E+14,  2.99375E+02,  2.99787E+14,  1.60472E+03,  4.03917E+09,  1.81681E+13,  1.17000E+08,  0.00000E+00,  0.00000E+00,  0.00000E+00,  0.00000E+00,  0.00000E+00
  1.43000E-02,2,  2.58352E-02,  0.00000E+00,  0.00000E+00,  2.44478E+18,  5.62667E+14,  1.37642E+11,  3.39825E+07,  9.05478E+03,  5.65541E+01,  3.26990E+02,  5.26617E-02,  4.59833E-05,  5.82921E+06,  9.27967E+03,  4.44436E-06,  1.04132E-04,  2.06410E+14,  1.68997E-01,  6.91125E+04,  9.11401E+00,  1.68411E+00,  1.74018E+05,  1.17897E+07,  2.19928E+19,  2.96179E+11,  1.16049E+11,  9.46560E+10,  6.13266E+10,  1.07531E+10,  4.91173E+12,  3.76528E+06,  1.56143E+00,  3.54709E+16,  0.00000E+00,  1.68462E+15,  2.82950E-24,  0.00000E+00,  4.83828E+10,  4.37657E+11,  5.00241E+14,  3.49917E+00,  2.98544E+14,  1.87564E+01,  2.88816E+05,  1.80758E+13,  1.17000E+08,  0.00000E+00,  0.00000E+00,  0.00000E+00,  0.00000E+00,  0.00000E+00
  1.43500E-02,1,  3.49960E+00,  1.40000E+02,  2.54766E-08,  2.44431E+18,  1.01936E+15,  4.63045E+11,  1.81751E+09,  8.10434E+08,  3.08452E+08,  1.46592E+08,  3.36223E+07,  9.71159E+06,  2.10446E+11,  4.26454E+08,  2.78789E+08,  5.10205E+09,  2.07764E+14,  6.17454E+03,  2.50871E+09,  7.82685E+02,  6.67444E+05,  3.43936E+05,  1.79293E+07,  2.19926E+19,  2.19201E+13,  8.58883E+12,  7.00575E+12,  4.53877E+12,  6.66176E+11,  2.29842E+13,  7.80680E+08,  1.51494E+03,  3.57010E+16,  5.42043E+06,  1.69633E+15,  1.60818E+09,  1.66942E-01,  3.13424E+12,  5.14811E+11,  5.01217E+14,  3.00502E+02,  3.01300E+14,  1.61076E+03,  4.03129E+09,  1.82771E+13,  1.17000E+08,  0.00000E+00,  0.00000E+00,  0.00000E+00,  0.00000E+00,  0.00000E+00
  1.44000E-02,2,  2.58352E-02,  0.00000E+00,  0.00000E+00,  2.44477E+18,  5.63310E+14,  1.37956E+11,  3.40980E+07,  9.09775E+03,  5.69765E+01,  3.29455E+02,  5.31192E-02,  4.64364E-05,  5.84761E+06,  9.34958E+03,  4.41612E-06,  1.04791E-04,  2.07183E+14,  1.70802E-01,  6.95901E+04,  9.15063E+00,  1.68610E+00,  1.73860E+05,  1.18029E+07,  2.19927E+19,  2.95630E+11,  1.15834E+11,  9.44809E+10,  6.12131E+10,  1.07209E+10,  4.92241E+12,  3.78159E+06,  1.57153E+00,  3.56306E+16,  0.00000E+00,  1.69624E+15,  7.99096E-22,  0.00000E+00,  4.82621E+10,  4.37567E+11,  5.01968E+14,  3.51323E+00,  3.00055E+14,  1.88318E+01,  2.88859E+05,  1.81845E+13,  1.17000E+08,  0.00000E+00,  0.00000E+00,  0.00000E+00,  0.00000E+00,  0.00000E+00
  1.44500E-02,1,  3.49960E+00,  1.40000E+02,  2.54766E-08,  2.44431E+18,  1.01956E+15,  4.63222E+11,  1.81763E+09,  8.10436E+08,  3.08453E+08,  1.46593E+08,  3.36224E+07,  9.71162E+06,  2.09541E+11,  4.26456E+08,  2.78789E+08,  5.10205E+09,  2.08542E+14,  6.19417E+03,  2.50730E+09,  7.85620E+02,  6.67446E+05,  3.44289E+05,  1.79293E+07,  2.19925E+19,  2.18458E+13,  8.55972E+12,  6.98200E+12,  4.52339E+12,  6.63842E+11,  2.29900E+13,  7.80722E+08,  1.51541E+03,  3.58599E+16,  5.42042E+06,  1.70795E+15,  1.60502E+09,  1.65270E-01,  3.12164E+12,  5.14604E+11,  5.02941E+14,  3.01628E+02,  3.02812E+14,  1.61680E+03,  4.02347E+09,  1.83861E+13,  1.17000E+08,  0.00000E+00,  0.00000E+00,  0.00000E+00,  0.00000E+00,  0.00000E+00
  1.45000E-02,2,  2.58352E-02,  0.00000E+00,  0.00000E+00,  2.44477E+18,  5.63683E+14,  1.38140E+11,  3.41666E+07,  9.12587E+03,  5.73922E+01,  3.31907E+02,  5.35502E-02,  4.68384E-05,  5.86584E+06,  9.41915E+03,  4.48082E-06,  1.05445E-04,  2.07948E+14,  1.72603E-01,  7.00651E+04,  9.18447E+00,  1.68625E+00,  1.73718E+05,  1.18029E+07,  2.19926E+19,  2.92857E+11,  1.14747E+11,  9.35945E+10,  6.06388E+10,  1.06136E+10,  4.92872E+12,  3.79144E+06,  1.57780E+00,  3.57890E+16,  0.00000E+00,  1.70787E+15,  6.99087E-18,  0.00000E+00,  4.77974E+10,  4.37462E+11,  5.03691E+14,  3.52622E+00,  3.01561E+14,  1.89014E+01,  2.88878E+05,  1.82930E+13,  1.17000E+08,  0.00000E+00,  0.00000E+00,  0.00000E+00,  0.00000E+00,  0.00000E+00
  1.45500E-02,1,  3.49960E+00,  1.40000E+02,  2.54766E-08,  2.44431E+18,  1.01967E+15,  4.63324E+11,  1.81770E+09,  8.10438E+08,  3.08454E+08,  1.46593E+08,  3.36225E+07,  9.71166E+06,  2.08652E+11,  4.26457E+08,  2.78788E+08,  5.10204E+09,  2.09314E+14,  6.21360E+03,  2.50589E+09,  7.88530E+02,  6.67448E+05,  3.44645E+05,  1.79293E+07,  2.19924E+19,  2.17726E+13,  8.53104E+12,  6.95861E+12,  4.50823E+12,  6.61542E+11,  2.29933E+13,  7.80746E+08,  1.51568E+03,  3.60177E+16,  5.42041E+06,  1.71957E+15,  1.60189E+09,  1.63629E-01,  3.10923E+12,  5.14400E+11,  5.04660E+14,  3.02745E+02,  3.04318E+14,  1.62279E+03,  4.01571E+09,  1.84948E+13,  1.17000E+08,  0.00000E+00,  0.00000E+00,  0.00000E+00,  0.00000E+00,  0.00000E+00
  1.46000E-02,2,  2.58352E-02,  0.00000E+00,  0.00000E+00,  2.44477E+18,  5.64000E+14,  1.38294E+11,  3.42236E+07,  9.14992E+03,  5.78048E+01,  3.34350E+02,  5.39747E-02,  4.72334E-05,  5.88391E+06,  9.48844E+03,  4.52819E-06,  1.06096E-04,  2.08708E+14,  1.74402E-01,  7.05378E+04,  9.21814E+00,  1.68647E+00,  1.73583E+05,  1.18033E+07,  2.19925E+19,  2.89274E+11,  1.13343E+11,  9.24494E+10,  5.98969E+10,  1.04777E+10,  4.93401E+12,  3.79954E+06,  1.58281E+00,  3.59462E+16,  0.00000E+00,  1.71949E+15,  8.66253E-16,  0.00000E+00,  4.72084E+10,  4.37351E+11,  5.05408E+14,  3.53915E+00,  3.03062E+14,  1.89706E+01,  2.88897E+05,  1.84013E+13,  1.17000E+08,  0.00000E+00,  0.00000E+00,  0.00000E+00,  0.00000E+00,  0.00000E+00
  1.46500E-02,1,  3.49960E+00,  1.40000E+02,  2.54766E-08,  2.44430E+18,  1.01977E+15,  4.63411E+11,  1.81776E+09,  8.10439E+08,  3.08455E+08,  1.46594E+08,  3.36226E+07,  9.71169E+06,  2.07776E+11,  4.26458E+08,  2.78788E+08,  5.10204E+09,  2.10079E+14,  6.23285E+03,  2.50450E+09,  7.91415E+02,  6.67450E+05,  3.45001E+05,  1.79293E+07,  2.19923E+19,  2.17004E+13,  8.50275E+12,  6.93554E+12,  4.49329E+12,  6.59275E+11,  2.29961E+13,  7.80767E+08,  1.51591E+03,  3.61742E+16,  5.42039E+06,  1.73119E+15,  1.59877E+09,  1.62017E-01,  3.09700E+12,  5.14198E+11,  5.06373E+14,  3.03853E+02,  3.05818E+14,  1.62872E+03,  4.00799E+09,  1.86034E+13,  1.17000E+08,  0.00000E+00,  0.00000E+00,  0.00000E+00,  0.00000E+00,  0.00000E+00
  1.47000E-02,2,  2.58352E-02,  0.00000E+00,  0.00000E+00,  2.44477E+18,  5.61972E+14,  1.37303E+11,  3.38571E+07,  9.03641E+03,  5.81607E+01,  3.36723E+02,  5.41624E-02,  4.72393E-05,  5.90089E+06,  9.55575E+03,  4.55433E-06,  1.06709E-04,  2.09443E+14,  1.76143E-01,  7.09915E+04,  9.24300E+00,  1.68076E+00,  1.72458E+05,  1.17631E+07,  2.19924E+19,  2.71699E+11,  1.06457E+11,  8.68327E+10,  5.62579E+10,  9.87023E+09,  4.90002E+12,  3.74728E+06,  1.55018E+00,  3.61016E+16,  0.00000E+00,  1.73111E+15,  4.36475-208,  0.00000E+00,  4.44533E+10,  4.37136E+11,  5.07123E+14,  3.54869E+00,  3.04548E+14,  1.90218E+01,  2.88843E+05,  1.85086E+13,  1.17000E+08,  0.00000E+00,  0.00000E+00,  0.00000E+00,  0.00000E+00,  0.00000E+00
  1.47500E-02,1,  3.49960E+00,  1.40000E+02,  2.54766E-08,  2.44430E+18,  1.01914E+15,  4.62855E+11,  1.81739E+09,  8.10441E+08,  3.08456E+08,  1.46594E+08,  3.36227E+07,  9.71172E+06,  2.06917E+11,  4.26459E+08,  2.78787E+08,  5.10204E+09,  2.10819E+14,  6.25089E+03,  2.50293E+09,  7.94206E+02,  6.67452E+05,  3.44847E+05,  1.79293E+07,  2.19922E+19,  2.16309E+13,  8.47550E+12,  6.91331E+12,  4.47888E+12,  6.57089E+11,  2.29775E+13,  7.80634E+08,  1.51443E+03,  3.63291E+16,  5.42038E+06,  1.74281E+15,  1.59566E+09,  1.60448E-01,  3.08495E+12,  5.13993E+11,  5.08085E+14,  3.04925E+02,  3.07304E+14,  1.63446E+03,  4.00028E+09,  1.87110E+13,  1.17000E+08,  0.00000E+00,  0.00000E+00,  0.00000E+00,  0.00000E+00,  0.00000E+00
  1.48000E-02,2,  2.58352E-02,  0.00000E+00,  0.00000E+00,  2.44476E+18,  5.62189E+14,  1.37410E+11,  3.38951E+07,  9.05056E+03,  5.85539E+01,  3.39088E+02,  5.45641E-02,  4.76039E-05,  5.91778E+06,  9.62285E+03,  4.58047E-06,  1.07321E-04,  2.10173E+14,  1.77834E-01,  7.14423E+04,  9.27608E+00,  1.68144E+00,  1.72166E+05,  1.17673E+07,  2.19923E+19,  2.67848E+11,  1.04948E+11,  8.56017E+10,  5.54604E+10,  9.72604E+09,  4.90367E+12,  3.75305E+06,  1.54752E+00,  3.62559E+16,  0.00000E+00,  1.74272E+15,  2.39294E-06,  0.00000E+00,  4.38248E+10,  4.37020E+11,  5.08833E+14,  3.56139E+00,  3.06030E+14,  1.90898E+01,  2.88858E+05,  1.86157E+13,  1.17000E+08,  0.00000E+00,  0.00000E+00,  0.00000E+00,  0.00000E+00,  0.00000E+00
  1.48500E-02,1,  3.49960E+00,  1.40000E+02,  2.54766E-08,  2.44430E+18,  1.01921E+15,  4.62914E+11,  1.81743E+09,  8.10443E+08,  3.08456E+08,  1.46595E+08,  3.36228E+07,  9.71175E+06,  2.06071E+11,  4.26460E+08,  2.78787E+08,  5.10203E+09,  2.11555E+14,  6.26890E+03,  2.50140E+09,  7.96982E+02,  6.67455E+05,  3.45108E+05,  1.79293E+07,  2.19921E+19,  2.15624E+13,  8.44867E+12,  6.89142E+12,  4.46471E+12,  6.54939E+11,  2.29794E+13,  7.80648E+08,  1.51459E+03,  3.64827E+16,  5.42036E+06,  1.75443E+15,  1.59256E+09,  1.58907E-01,  3.07313E+12,  5.13795E+11,  5.09791E+14,  3.05990E+02,  3.08785E+14,  1.64018E+03,  3.99262E+09,  1.88184E+13,  1.17000E+08,  0.00000E+00,  0.00000E+00,  0.00000E+00,  0.00000E+00,  0.00000E+00
  1.49000E-02,2,  2.58352E-02,  0.00000E+00,  0.00000E+00,  2.44476E+18,  5.63027E+14,  1.37818E+11,  3.40450E+07,  9.10466E+03,  5.89636E+01,  3.41456E+02,  5.50271E-02,  4.80816E-05,  5.93473E+06,  9.69003E+03,  4.60666E-06,  1.07937E-04,  2.10902E+14,  1.79628E-01,  7.18954E+04,  9.31004E+00,  1.68293E+00,  1.72216E+05,  1.17766E+07,  2.19922E+19,  2.69264E+11,  1.05503E+11,  8.60545E+10,  5.57538E+10,  9.75951E+09,  4.91765E+12,  3.77409E+06,  1.56223E+00,  3.64092E+16,  0.00000E+00,  1.75434E+15,  6.54533E-13,  0.00000E+00,  4.40106E+10,  4.36940E+11,  5.10537E+14,  3.57442E+00,  3.07508E+14,  1.91597E+01,  2.88881E+05,  1.87228E+13,  1.17000E+08,  0.00000E+00,  0.00000E+00,  0.00000E+00,  0.00000E+00,  0.00000E+00
  1.49500E-02,1,  3.49960E+00,  1.40000E+02,  2.54766E-08,  2.44430E+18,  1.01947E+15,  4.63144E+11,  1.81759E+09,  8.10445E+08,  3.08457E+08,  1.46595E+08,  3.36229E+07,  9.71178E+06,  2.05238E+11,  4.26461E+08,  2.78787E+08,  5.10203E+09,  2.12289E+14,  6.28699E+03,  2.49994E+09,  7.99753E+02,  6.67457E+05,  3.45539E+05,  1.79293E+07,  2.19920E+19,  2.14944E+13,  8.42203E+12,  6.86969E+12,  4.45063E+12,  6.52805E+11,  2.29870E+13,  7.80703E+08,  1.51521E+03,  3.66354E+16,  5.42035E+06,  1.76604E+15,  1.58949E+09,  1.57391E-01,  3.06146E+12,  5.13601E+11,  5.11491E+14,  3.07054E+02,  3.10264E+14,  1.64587E+03,  3.98502E+09,  1.89258E+13,  1.17000E+08,  0.00000E+00,  0.00000E+00,  0.00000E+00,  0.00000E+00,  0.00000E+00
  1.50000E-02,2,  2.58352E-02,  0.00000E+00,  0.00000E+00,  2.44476E+18,  5.62632E+14,  1.37625E+11,  3.39759E+07,  9.09102E+03,  5.93507E+01,  3.43796E+02,  5.53654E-02,  4.83407E-05,  5.95125E+06,  9.75639E+03,  4.63275E-06,  1.08539E-04,  2.11619E+14,  1.81356E-01,  7.23410E+04,  9.33930E+00,  1.68124E+00,  1.71816E+05,  1.17639E+07,  2.19921E+19,  2.60973E+11,  1.02254E+11,  8.34047E+10,  5.40370E+10,  9.46845E+09,  4.91099E+12,  3.76410E+06,  1.56050E+00,  3.65611E+16,  0.00000E+00,  1.76595E+15,  2.11842E-21,  0.00000E+00,  4.26984E+10,  4.36795E+11,  5.12237E+14,  3.58566E+00,  3.08978E+14,  1.92199E+01,  2.88866E+05,  1.88295E+13,  1.17000E+08,  0.00000E+00,  0.00000E+00,  0.00000E+00,  0.00000E+00,  0.00000E+00
  1.50500E-02,1,  3.49960E+00,  1.40000E+02,  2.54766E-08,  2.44429E+18,  1.01934E+15,  4.63035E+11,  1.81752E+09,  8.10446E+08,  3.08458E+08,  1.46596E+08,  3.36231E+07,  9.71182E+06,  2.04418E+11,  4.26462E+08,  2.78786E+08,  5.10202E+09,  2.13012E+14,  6.30459E+03,  2.49843E+09,  8.02477E+02,  6.67459E+05,  3.45738E+05,  1.79293E+07,  2.19919E+19,  2.14276E+13,  8.39585E+12,  6.84834E+12,  4.43679E+12,  6.50708E+11,  2.29833E+13,  7.80677E+08,  1.51492E+03,  3.67867E+16,  5.42034E+06,  1.77765E+15,  1.58644E+09,  1.55903E-01,  3.04993E+12,  5.13407E+11,  5.13188E+14,  3.08100E+02,  3.11734E+14,  1.65148E+03,  3.97745E+09,  1.90328E+13,  1.17000E+08,  0.00000E+00,  0.00000E+00,  0.00000E+00,  0.00000E+00,  0.00000E+00
  1.51000E-02,2,  2.58352E-02,  0.00000E+00,  0.00000E+00,  2.44475E+18,  5.62222E+14,  1.37425E+11,  3.39016E+07,  9.07210E+03,  5.97272E+01,  3.46106E+02,  5.56969E-02,  4.85972E-05,  5.96735E+06,  9.82193E+03,  4.65752E-06,  1.09127E-04,  2.12325E+14,  1.83062E-01,  7.27787E+04,  9.36836E+00,  1.67976E+00,  1.71349E+05,  1.17529E+07,  2.19920E+19,  2.54318E+11,  9.96466E+10,  8.12776E+10,  5.26589E+10,  9.23179E+09,  4.90410E+12,  3.75342E+06,  1.55367E+00,  3.67117E+16,  0.00000E+00,  1.77756E+15,  2.94292E-35,  0.00000E+00,  4.16397E+10,  4.36659E+11,  5.13934E+14,  3.59681E+00,  3.10440E+14,  1.92797E+01,  2.88850E+05,  1.89357E+13,  1.17000E+08,  0.00000E+00,  0.00000E+00,  0.00000E+00,  0.00000E+00,  0.00000E+00
  1.51500E-02,1,  3.49960E+00,  1.40000E+02,  2.54766E-08,  2.44429E+18,  1.01922E+15,  4.62923E+11,  1.81744E+09,  8.10448E+08,  3.08459E+08,  1.46596E+08,  3.36232E+07,  9.71185E+06,  2.03612E+11,  4.26463E+08,  2.78786E+08,  5.10202E+09,  2.13723E+14,  6.32174E+03,  2.49689E+09,  8.05159E+02,  6.67461E+05,  3.45898E+05,  1.79292E+07,  2.19918E+19,  2.13624E+13,  8.37031E+12,  6.82751E+12,  4.42330E+12,  6.48662E+11,  2.29795E+13,  7.80649E+08,  1.51462E+03,  3.69366E+16,  5.42032E+06,  1.78926E+15,  1.58339E+09,  1.54446E-01,  3.03861E+12,  5.13215E+11,  5.14881E+14,  3.09130E+02,  3.13195E+14,  1.65700E+03,  3.96990E+09,  1.91392E+13,  1.17000E+08,  0.00000E+00,  0.00000E+00,  0.00000E+00,  0.00000E+00,  0.00000E+00
  1.52000E-02,2,  2.58352E-02,  0.00000E+00,  0.00000E+00,  2.44475E+18,  5.62635E+14,  1.37626E+11,  3.39757E+07,  9.10128E+03,  6.01184E+01,  3.48409E+02,  5.61087E-02,  4.89899E-05,  5.98337E+06,  9.88725E+03,  4.68258E-06,  1.09713E-04,  2.13026E+14,  1.84768E-01,  7.32151E+04,  9.39998E+00,  1.68036E+00,  1.71220E+05,  1.17562E+07,  2.19919E+19,  2.52963E+11,  9.91158E+10,  8.08447E+10,  5.23784E+10,  9.17504E+09,  4.91096E+12,  3.76387E+06,  1.56008E+00,  3.68611E+16,  0.00000E+00,  1.78917E+15,  0.00000E+00,  0.00000E+00,  4.14000E+10,  4.36562E+11,  5.15625E+14,  3.60895E+00,  3.11898E+14,  1.93447E+01,  2.88856E+05,  1.90417E+13,  1.17000E+08,  0.00000E+00,  0.00000E+00,  0.00000E+00,  0.00000E+00,  0.00000E+00
  1.52500E-02,1,  3.49960E+00,  1.40000E+02,  2.54766E-08,  2.44429E+18,  1.01934E+15,  4.63036E+11,  1.81752E+09,  8.10450E+08,  3.08460E+08,  1.46597E+08,  3.36233E+07,  9.71188E+06,  2.02818E+11,  4.26464E+08,  2.78786E+08,  5.10202E+09,  2.14430E+14,  6.33882E+03,  2.49539E+09,  8.07825E+02,  6.67463E+05,  3.46223E+05,  1.79292E+07,  2.19917E+19,  2.12981E+13,  8.34509E+12,  6.80694E+12,  4.40997E+12,  6.46642E+11,  2.29832E+13,  7.80676E+08,  1.51492E+03,  3.70854E+16,  5.42031E+06,  1.80086E+15,  1.58036E+09,  1.53014E-01,  3.02746E+12,  5.13028E+11,  5.16569E+14,  3.10153E+02,  3.14653E+14,  1.66248E+03,  3.96241E+09,  1.92456E+13,  1.17000E+08,  0.00000E+00,  0.00000E+00,  0.00000E+00,  0.00000E+00,  0.00000E+00
  1.53000E-02,2,  2.58352E-02,  0.00000E+00,  0.00000E+00,  2.44475E+18,  5.65551E+14,  1.39057E+11,  3.45085E+07,  9.28220E+03,  6.05713E+01,  3.50774E+02,  5.67827E-02,  4.98198E-05,  6.00040E+06,  9.95436E+03,  4.71913E-06,  1.10339E-04,  2.13744E+14,  1.86545E-01,  7.36709E+04,  9.44082E+00,  1.68736E+00,  1.72225E+05,  1.18032E+07,  2.19918E+19,  2.62988E+11,  1.03044E+11,  8.40486E+10,  5.44541E+10,  9.50715E+09,  4.95988E+12,  3.83981E+06,  1.60948E+00,  3.70101E+16,  0.00000E+00,  1.80078E+15,  1.38814E-25,  0.00000E+00,  4.29175E+10,  4.36562E+11,  5.17308E+14,  3.62463E+00,  3.13363E+14,  1.94287E+01,  2.88938E+05,  1.91485E+13,  1.17000E+08,  0.00000E+00,  0.00000E+00,  0.00000E+00,  0.00000E+00,  0.00000E+00
  1.53500E-02,1,  3.49960E+00,  1.40000E+02,  2.54766E-08,  2.44428E+18,  1.02024E+15,  4.63828E+11,  1.81807E+09,  8.10452E+08,  3.08460E+08,  1.46597E+08,  3.36234E+07,  9.71190E+06,  2.02033E+11,  4.26465E+08,  2.78785E+08,  5.10201E+09,  2.15153E+14,  6.35698E+03,  2.49412E+09,  8.10554E+02,  6.67465E+05,  3.47118E+05,  1.79292E+07,  2.19916E+19,  2.12372E+13,  8.32126E+12,  6.78750E+12,  4.39738E+12,  6.44726E+11,  2.30095E+13,  7.80866E+08,  1.51704E+03,  3.72338E+16,  5.42030E+06,  1.81247E+15,  1.57737E+09,  1.51623E-01,  3.01717E+12,  5.12864E+11,  5.18249E+14,  3.11200E+02,  3.16117E+14,  1.66810E+03,  3.95500E+09,  1.93526E+13,  1.17000E+08,  0.00000E+00,  0.00000E+00,  0.00000E+00,  0.00000E+00,  0.00000E+00
  1.54000E-02,2,  2.58352E-02,  0.00000E+00,  0.00000E+00,  2.44475E+18,  5.62640E+14,  1.37631E+11,  3.39788E+07,  9.11372E+03,  6.08898E+01,  3.53037E+02,  5.68548E-02,  4.96434E-05,  6.01587E+06,  1.00185E+04,  4.73359E-06,  1.10908E-04,  2.14428E+14,  1.88226E-01,  7.40976E+04,  9.45922E+00,  1.67870E+00,  1.70880E+05,  1.17424E+07,  2.19917E+19,  2.43317E+11,  9.53364E+10,  7.77620E+10,  5.03811E+10,  8.82199E+09,  4.91113E+12,  3.76458E+06,  1.56126E+00,  3.71570E+16,  0.00000E+00,  1.81238E+15,  1.54229E-34,  0.00000E+00,  3.98597E+10,  4.36325E+11,  5.18992E+14,  3.63169E+00,  3.14807E+14,  1.94666E+01,  2.88837E+05,  1.92538E+13,  1.17000E+08,  0.00000E+00,  0.00000E+00,  0.00000E+00,  0.00000E+00,  0.00000E+00
  1.54500E-02,1,  3.49960E+00,  1.40000E+02,  2.54766E-08,  2.44428E+18,  1.01934E+15,  4.63035E+11,  1.81753E+09,  8.10453E+08,  3.08461E+08,  1.46598E+08,  3.36235E+07,  9.71194E+06,  2.01264E+11,  4.26466E+08,  2.78785E+08,  5.10201E+09,  2.15841E+14,  6.37332E+03,  2.49255E+09,  8.13150E+02,  6.67467E+05,  3.46830E+05,  1.79292E+07,  2.19915E+19,  2.11732E+13,  8.29617E+12,  6.76703E+12,  4.38412E+12,  6.42717E+11,  2.29830E+13,  7.80676E+08,  1.51492E+03,  3.73800E+16,  5.42028E+06,  1.82407E+15,  1.57437E+09,  1.50230E-01,  3.00604E+12,  5.12669E+11,  5.19930E+14,  3.12197E+02,  3.17561E+14,  1.67344E+03,  3.94758E+09,  1.94582E+13,  1.17000E+08,  0.00000E+00,  0.00000E+00,  0.00000E+00,  0.00000E+00,  0.00000E+00
  1.55000E-02,2,  2.58352E-02,  0.00000E+00,  0.00000E+00,  2.44474E+18,  5.63250E+14,  1.37931E+11,  3.40900E+07,  9.15320E+03,  6.12763E+01,  3.55302E+02,  5.72818E-02,  5.00658E-05,  6.03141E+06,  1.00828E+04,  4.75799E-06,  1.11482E-04,  2.15111E+14,  1.89916E-01,  7.45256E+04,  9.49176E+00,  1.68052E+00,  1.70754E+05,  1.17545E+07,  2.19916E+19,  2.44169E+11,  9.56703E+10,  7.80343E+10,  5.05576E+10,  8.84191E+09,  4.92145E+12,  3.78067E+06,  1.57068E+00,  3.73030E+16,  0.00000E+00,  1.82398E+15,  2.67088E-20,  0.00000E+00,  3.99624E+10,  4.36249E+11,  5.20670E+14,  3.64419E+00,  3.16248E+14,  1.95335E+01,  2.88852E+05,  1.93592E+13,  1.17000E+08,  0.00000E+00,  0.00000E+00,  0.00000E+00,  0.00000E+00,  0.00000E+00
  1.55500E-02,1,  3.49960E+00,  1.40000E+02,  2.54766E-08,  2.44428E+18,  1.01953E+15,  4.63202E+11,  1.81764E+09,  8.10455E+08,  3.08462E+08,  1.46598E+08,  3.36236E+07,  9.71197E+06,  2.00506E+11,  4.26467E+08,  2.78785E+08,  5.10201E+09,  2.16530E+14,  6.38989E+03,  2.49109E+09,  8.15746E+02,  6.67469E+05,  3.47144E+05,  1.79292E+07,  2.19914E+19,  2.11116E+13,  8.27204E+12,  6.74735E+12,  4.37136E+12,  6.40785E+11,  2.29885E+13,  7.80715E+08,  1.51537E+03,  3.75254E+16,  5.42027E+06,  1.83567E+15,  1.57139E+09,  1.48872E-01,  2.99538E+12,  5.12490E+11,  5.21605E+14,  3.13194E+02,  3.19003E+14,  1.67878E+03,  3.94020E+09,  1.95638E+13,  1.17000E+08,  0.00000E+00,  0.00000E+00,  0.00000E+00,  0.00000E+00,  0.00000E+00
  1.56000E-02,2,  2.58352E-02,  0.00000E+00,  0.00000E+00,  2.44474E+18,  5.63017E+14,  1.37817E+11,  3.40479E+07,  9.14636E+03,  6.16468E+01,  3.57542E+02,  5.76192E-02,  5.03424E-05,  6.04660E+06,  1.01463E+04,  4.78204E-06,  1.12045E-04,  2.15784E+14,  1.91588E-01,  7.49472E+04,  9.51963E+00,  1.67928E+00,  1.70398E+05,  1.17451E+07,  2.19915E+19,  2.39273E+11,  9.37520E+10,  7.64697E+10,  4.95439E+10,  8.66460E+09,  4.91756E+12,  3.77458E+06,  1.56728E+00,  3.74476E+16,  0.00000E+00,  1.83558E+15,  2.08170E-14,  0.00000E+00,  3.91816E+10,  4.36127E+11,  5.22345E+14,  3.65489E+00,  3.17683E+14,  1.95909E+01,  2.88830E+05,  1.94641E+13,  1.17000E+08,  0.00000E+00,  0.00000E+00,  0.00000E+00,  0.00000E+00,  0.00000E+00
  1.56500E-02,1,  3.49960E+00,  1.40000E+02,  2.54766E-08,  2.44428E+18,  1.01946E+15,  4.63138E+11,  1.81760E+09,  8.10457E+08,  3.08463E+08,  1.46599E+08,  3.36237E+07,  9.71200E+06,  1.99761E+11,  4.26468E+08,  2.78784E+08,  5.10200E+09,  2.17207E+14,  6.40606E+03,  2.48960E+09,  8.18303E+02,  6.67471E+05,  3.47340E+05,  1.79292E+07,  2.19913E+19,  2.10512E+13,  8.24837E+12,  6.72804E+12,  4.35886E+12,  6.38890E+11,  2.29863E+13,  7.80700E+08,  1.51520E+03,  3.76694E+16,  5.42026E+06,  1.84727E+15,  1.56843E+09,  1.47539E-01,  2.98488E+12,  5.12312E+11,  5.23276E+14,  3.14175E+02,  3.20437E+14,  1.68404E+03,  3.93285E+09,  1.96690E+13,  1.17000E+08,  0.00000E+00,  0.00000E+00,  0.00000E+00,  0.00000E+00,  0.00000E+00
  1.57000E-02,2,  2.58352E-02,  0.00000E+00,  0.00000E+00,  2.44474E+18,  5.62496E+14,  1.37557E+11,  3.39487E+07,  9.11772E+03,  6.20031E+01,  3.59753E+02,  5.79218E-02,  5.05594E-05,  6.06139E+06,  1.02090E+04,  4.80546E-06,  1.12593E-04,  2.16446E+14,  1.93238E-01,  7.53613E+04,  9.54653E+00,  1.67764E+00,  1.69912E+05,  1.17331E+07,  2.19914E+19,  2.30377E+11,  9.02660E+10,  7.36263E+10,  4.77017E+10,  8.35801E+09,  4.90851E+12,  3.75962E+06,  1.55648E+00,  3.75909E+16,  0.00000E+00,  1.84718E+15,  8.92881E-12,  0.00000E+00,  3.77866E+10,  4.35982E+11,  5.24016E+14,  3.66521E+00,  3.19109E+14,  1.96462E+01,  2.88800E+05,  1.95686E+13,  1.17000E+08,  0.00000E+00,  0.00000E+00,  0.00000E+00,  0.00000E+00,  0.00000E+00
  1.57500E-02,1,  3.49960E+00,  1.40000E+02,  2.54766E-08,  2.44428E+18,  1.01929E+15,  4.62995E+11,  1.81751E+09,  8.10458E+08,  3.08464E+08,  1.46599E+08,  3.36238E+07,  9.71203E+06,  1.99027E+11,  4.26470E+08,  2.78784E+08,  5.10200E+09,  2.17874E+14,  6.42179E+03,  2.48807E+09,  8.20818E+02,  6.67473E+05,  3.47466E+05,  1.79292E+07,  2.19913E+19,  2.09921E+13,  8.22522E+12,  6.70916E+12,  4.34662E+12,  6.37037E+11,  2.29814E+13,  7.80666E+08,  1.51482E+03,  3.78121E+16,  5.42024E+06,  1.85887E+15,  1.56547E+09,  1.46232E-01,  2.97454E+12,  5.12135E+11,  5.24944E+14,  3.15141E+02,  3.21863E+14,  1.68921E+03,  3.92553E+09,  1.97738E+13,  1.17000E+08,  0.00000E+00,  0.00000E+00,  0.00000E+00,  0.00000E+00,  0.00000E+00
  1.58000E-02,2,  2.58352E-02,  0.00000E+00,  0.00000E+00,  2.44473E+18,  5.63561E+14,  1.38082E+11,  3.41457E+07,  9.18828E+03,  6.23954E+01,  3.61976E+02,  5.83902E-02,  5.10609E-05,  6.07641E+06,  1.02721E+04,  4.82957E-06,  1.13152E-04,  2.17110E+14,  1.94907E-01,  7.57797E+04,  9.57894E+00,  1.68004E+00,  1.70086E+05,  1.17488E+07,  2.19914E+19,  2.33589E+11,  9.15249E+10,  7.46531E+10,  4.83669E+10,  8.45508E+09,  4.92652E+12,  3.78828E+06,  1.57585E+00,  3.77333E+16,  0.00000E+00,  1.85877E+15,  1.98512E-24,  0.00000E+00,  3.82543E+10,  4.35921E+11,  5.25682E+14,  3.67766E+00,  3.20534E+14,  1.97129E+01,  2.88816E+05,  1.96731E+13,  1.17000E+08,  0.00000E+00,  0.00000E+00,  0.00000E+00,  0.00000E+00,  0.00000E+00
  1.58500E-02,1,  3.49960E+00,  1.40000E+02,  2.54766E-08,  2.44427E+18,  1.01963E+15,  4.63290E+11,  1.81771E+09,  8.10460E+08,  3.08464E+08,  1.46599E+08,  3.36239E+07,  9.71206E+06,  1.98303E+11,  4.26471E+08,  2.78784E+08,  5.10199E+09,  2.18544E+14,  6.43788E+03,  2.48666E+09,  8.23344E+02,  6.67475E+05,  3.47915E+05,  1.79292E+07,  2.19912E+19,  2.09289E+13,  8.20045E+12,  6.68895E+12,  4.33353E+12,  6.35066E+11,  2.29912E+13,  7.80736E+08,  1.51561E+03,  3.79539E+16,  5.42023E+06,  1.87046E+15,  1.56253E+09,  1.44914E-01,  2.96370E+12,  5.11952E+11,  5.26607E+14,  3.16111E+02,  3.23288E+14,  1.69441E+03,  3.91825E+09,  1.98786E+13,  1.17000E+08,  0.00000E+00,  0.00000E+00,  0.00000E+00,  0.00000E+00,  0.00000E+00
  1.59000E-02,2,  2.58352E-02,  0.00000E+00,  0.00000E+00,  2.44473E+18,  5.66032E+14,  1.39295E+11,  3.45953E+07,  9.33978E+03,  6.28217E+01,  3.64247E+02,  5.90144E-02,  5.18175E-05,  6.09222E+06,  1.03365E+04,  4.85453E-06,  1.13742E-04,  2.17786E+14,  1.96634E-01,  7.62136E+04,  9.61615E+00,  1.68562E+00,  1.70953E+05,  1.17859E+07,  2.19913E+19,  2.40602E+11,  9.42726E+10,  7.68943E+10,  4.98189E+10,  8.68925E+09,  4.96804E+12,  3.85246E+06,  1.61610E+00,  3.78752E+16,  0.00000E+00,  1.87037E+15,  3.46974E-23,  0.00000E+00,  3.93060E+10,  4.35907E+11,  5.27340E+14,  3.69194E+00,  3.21964E+14,  1.97895E+01,  2.88872E+05,  1.97783E+13,  1.17000E+08,  0.00000E+00,  0.00000E+00,  0.00000E+00,  0.00000E+00,  0.00000E+00
  1.59500E-02,1,  3.49960E+00,  1.40000E+02,  2.54766E-08,  2.44427E+18,  1.02039E+15,  4.63967E+11,  1.81817E+09,  8.10462E+08,  3.08465E+08,  1.46600E+08,  3.36240E+07,  9.71208E+06,  1.97587E+11,  4.26471E+08,  2.78783E+08,  5.10199E+09,  2.19225E+14,  6.45472E+03,  2.48542E+09,  8.25914E+02,  6.67477E+05,  3.48707E+05,  1.79292E+07,  2.19911E+19,  2.08692E+13,  8.17706E+12,  6.66988E+12,  4.32117E+12,  6.33196E+11,  2.30137E+13,  7.80898E+08,  1.51741E+03,  3.80951E+16,  5.42022E+06,  1.88205E+15,  1.55963E+09,  1.43634E-01,  2.95363E+12,  5.11788E+11,  5.28263E+14,  3.17097E+02,  3.24717E+14,  1.69970E+03,  3.91106E+09,  1.99840E+13,  1.17000E+08,  0.00000E+00,  0.00000E+00,  0.00000E+00,  0.00000E+00,  0.00000E+00
  1.60000E-02,2,  2.58352E-02,  0.00000E+00,  0.00000E+00,  2.44473E+18,  5.62568E+14,  1.37595E+11,  3.39645E+07,  9.13910E+03,  6.31120E+01,  3.66399E+02,  5.89996E-02,  5.15082E-05,  6.10625E+06,  1.03975E+04,  4.87679E-06,  1.14266E-04,  2.18424E+14,  1.98245E-01,  7.66134E+04,  9.63067E+00,  1.67572E+00,  1.69351E+05,  1.17168E+07,  2.19912E+19,  2.18547E+11,  8.56309E+10,  6.98456E+10,  4.52522E+10,  7.92758E+09,  4.90978E+12,  3.76221E+06,  1.55908E+00,  3.80149E+16,  0.00000E+00,  1.88196E+15,  3.52244E-18,  0.00000E+00,  3.58994E+10,  4.35654E+11,  5.29001E+14,  3.69751E+00,  3.23370E+14,  1.98193E+01,  2.88745E+05,  1.98817E+13,  1.17000E+08,  0.00000E+00,  0.00000E+00,  0.00000E+00,  0.00000E+00,  0.00000E+00
  1.60500E-02,1,  3.49960E+00,  1.40000E+02,  2.54766E-08,  2.44427E+18,  1.01932E+15,  4.63018E+11,  1.81753E+09,  8.10463E+08,  3.08466E+08,  1.46600E+08,  3.36241E+07,  9.71212E+06,  1.96888E+11,  4.26473E+08,  2.78783E+08,  5.10199E+09,  2.19867E+14,  6.46957E+03,  2.48386E+09,  8.28334E+02,  6.67479E+05,  3.48277E+05,  1.79292E+07,  2.19910E+19,  2.08130E+13,  8.15505E+12,  6.65192E+12,  4.30954E+12,  6.31433E+11,  2.29820E+13,  7.80670E+08,  1.51489E+03,  3.82342E+16,  5.42021E+06,  1.89364E+15,  1.55671E+09,  1.42396E-01,  2.94372E+12,  5.11614E+11,  5.29920E+14,  3.18026E+02,  3.26124E+14,  1.70467E+03,  3.90382E+09,  2.00877E+13,  1.17000E+08,  0.00000E+00,  0.00000E+00,  0.00000E+00,  0.00000E+00,  0.00000E+00
  1.61000E-02,2,  2.58352E-02,  0.00000E+00,  0.00000E+00,  2.44473E+18,  5.64506E+14,  1.38545E+11,  3.43170E+07,  9.25908E+03,  6.35155E+01,  3.68595E+02,  5.95579E-02,  5.21629E-05,  6.12099E+06,  1.04598E+04,  4.90073E-06,  1.14819E-04,  2.19074E+14,  1.99907E-01,  7.70268E+04,  9.66680E+00,  1.68121E+00,  1.69798E+05,  1.17542E+07,  2.19911E+19,  2.26047E+11,  8.85696E+10,  7.22426E+10,  4.68052E+10,  8.17544E+09,  4.94229E+12,  3.81258E+06,  1.59101E+00,  3.81540E+16,  0.00000E+00,  1.89355E+15,  1.85554E-13,  0.00000E+00,  3.70243E+10,  4.35635E+11,  5.30654E+14,  3.71138E+00,  3.24782E+14,  1.98936E+01,  2.88792E+05,  1.99857E+13,  1.17000E+08,  0.00000E+00,  0.00000E+00,  0.00000E+00,  0.00000E+00,  0.00000E+00
  1.61500E-02,1,  3.49960E+00,  1.40000E+02,  2.54766E-08,  2.44426E+18,  1.01992E+15,  4.63549E+11,  1.81789E+09,  8.10465E+08,  3.08467E+08,  1.46601E+08,  3.36242E+07,  9.71214E+06,  1.96195E+11,  4.26474E+08,  2.78782E+08,  5.10198E+09,  2.20522E+14,  6.48530E+03,  2.48251E+09,  8.30805E+02,  6.67481E+05,  3.48849E+05,  1.79292E+07,  2.19909E+19,  2.07562E+13,  8.13280E+12,  6.63377E+12,  4.29778E+12,  6.29655E+11,  2.29997E+13,  7.80797E+08,  1.51630E+03,  3.83727E+16,  5.42019E+06,  1.90523E+15,  1.55382E+09,  1.41168E-01,  2.93396E+12,  5.11453E+11,  5.31570E+14,  3.18975E+02,  3.27535E+14,  1.70976E+03,  3.89667E+09,  2.01919E+13,  1.17000E+08,  0.00000E+00,  0.00000E+00,  0.00000E+00,  0.00000E+00,  0.00000E+00
  1.62000E-02,2,  2.58352E-02,  0.00000E+00,  0.00000E+00,  2.44472E+18,  5.62880E+14,  1.37748E+11,  3.40212E+07,  9.16747E+03,  6.38375E+01,  3.70721E+02,  5.97289E-02,  5.21721E-05,  6.13474E+06,  1.05201E+04,  4.92259E-06,  1.15335E-04,  2.19701E+14,  2.01506E-01,  7.74210E+04,  9.68715E+00,  1.67599E+00,  1.68909E+05,  1.17174E+07,  2.19910E+19,  2.14088E+11,  8.38840E+10,  6.84207E+10,  4.43290E+10,  7.76021E+09,  4.91498E+12,  3.77025E+06,  1.56414E+00,  3.82914E+16,  0.00000E+00,  1.90514E+15,  0.00000E+00,  0.00000E+00,  3.51691E+10,  4.35462E+11,  5.32306E+14,  3.71919E+00,  3.26179E+14,  1.99355E+01,  2.88714E+05,  2.00887E+13,  1.17000E+08,  0.00000E+00,  0.00000E+00,  0.00000E+00,  0.00000E+00,  0.00000E+00
  1.62500E-02,1,  3.49960E+00,  1.40000E+02,  2.54766E-08,  2.44426E+18,  1.01941E+15,  4.63103E+11,  1.81759E+09,  8.10466E+08,  3.08468E+08,  1.46601E+08,  3.36243E+07,  9.71217E+06,  1.95516E+11,  4.26475E+08,  2.78782E+08,  5.10198E+09,  2.21153E+14,  6.49989E+03,  2.48099E+09,  8.33186E+02,  6.67483E+05,  3.48760E+05,  1.79292E+07,  2.19908E+19,  2.07016E+13,  8.11140E+12,  6.61632E+12,  4.28648E+12,  6.27943E+11,  2.29847E+13,  7.80691E+08,  1.51512E+03,  3.85095E+16,  5.42018E+06,  1.91682E+15,  1.55092E+09,  1.39970E-01,  2.92434E+12,  5.11286E+11,  5.33219E+14,  3.19889E+02,  3.28932E+14,  1.71465E+03,  3.88950E+09,  2.02952E+13,  1.17000E+08,  0.00000E+00,  0.00000E+00,  0.00000E+00,  0.00000E+00,  0.00000E+00
  1.63000E-02,2,  2.58352E-02,  0.00000E+00,  0.00000E+00,  2.44472E+18,  5.63092E+14,  1.37852E+11,  3.40596E+07,  9.18484E+03,  6.41943E+01,  3.72839E+02,  6.00929E-02,  5.25082E-05,  6.14843E+06,  1.05802E+04,  4.94441E-06,  1.15851E-04,  2.20324E+14,  2.03102E-01,  7.78138E+04,  9.71535E+00,  1.67656E+00,  1.68692E+05,  1.17209E+07,  2.19909E+19,  2.12196E+11,  8.31424E+10,  6.78159E+10,  4.39371E+10,  7.68900E+09,  4.91851E+12,  3.77571E+06,  1.56758E+00,  3.84278E+16,  0.00000E+00,  1.91672E+15,  0.00000E+00,  0.00000E+00,  3.48558E+10,  4.35368E+11,  5.33954E+14,  3.73002E+00,  3.27571E+14,  1.99935E+01,  2.88699E+05,  2.01915E+13,  1.17000E+08,  0.00000E+00,  0.00000E+00,  0.00000E+00,  0.00000E+00,  0.00000E+00
  1.63500E-02,1,  3.49960E+00,  1.40000E+02,  2.54766E-08,  2.44426E+18,  1.01948E+15,  4.63161E+11,  1.81763E+09,  8.10468E+08,  3.08468E+08,  1.46602E+08,  3.36244E+07,  9.71220E+06,  1.94846E+11,  4.26476E+08,  2.78782E+08,  5.10198E+09,  2.21780E+14,  6.51446E+03,  2.47951E+09,  8.35553E+02,  6.67485E+05,  3.48995E+05,  1.79292E+07,  2.19907E+19,  2.06477E+13,  8.09026E+12,  6.59907E+12,  4.27530E+12,  6.26252E+11,  2.29866E+13,  7.80704E+08,  1.51527E+03,  3.86453E+16,  5.42017E+06,  1.92840E+15,  1.54805E+09,  1.38791E-01,  2.91487E+12,  5.11124E+11,  5.34865E+14,  3.20798E+02,  3.30324E+14,  1.71953E+03,  3.88237E+09,  2.03982E+13,  1.17000E+08,  0.00000E+00,  0.00000E+00,  0.00000E+00,  0.00000E+00,  0.00000E+00
  1.64000E-02,2,  2.58352E-02,  0.00000E+00,  0.00000E+00,  2.44472E+18,  5.64072E+14,  1.38332E+11,  3.42374E+07,  9.24744E+03,  6.45678E+01,  3.74969E+02,  6.05415E-02,  5.29867E-05,  6.16234E+06,  1.06406E+04,  4.96703E-06,  1.16376E-04,  2.20949E+14,  2.04718E-01,  7.82111E+04,  9.74563E+00,  1.67865E+00,  1.68882E+05,  1.17343E+07,  2.19908E+19,  2.13513E+11,  8.36585E+10,  6.82368E+10,  4.42099E+10,  7.72607E+09,  4.93493E+12,  3.80107E+06,  1.58350E+00,  3.85632E+16,  0.00000E+00,  1.92830E+15,  6.43664E-21,  0.00000E+00,  3.50343E+10,  4.35301E+11,  5.35598E+14,  3.74165E+00,  3.28963E+14,  2.00558E+01,  2.88702E+05,  2.02944E+13,  1.17000E+08,  0.00000E+00,  0.00000E+00,  0.00000E+00,  0.00000E+00,  0.00000E+00
  1.64500E-02,1,  3.49960E+00,  1.40000E+02,  2.54766E-08,  2.44426E+18,  1.01978E+15,  4.63430E+11,  1.81782E+09,  8.10470E+08,  3.08469E+08,  1.46602E+08,  3.36245E+07,  9.71223E+06,  1.94185E+11,  4.26477E+08,  2.78782E+08,  5.10197E+09,  2.22410E+14,  6.52928E+03,  2.47812E+09,  8.37928E+02,  6.67487E+05,  3.49427E+05,  1.79291E+07,  2.19906E+19,  2.05939E+13,  8.06917E+12,  6.58187E+12,  4.26416E+12,  6.24566E+11,  2.29955E+13,  7.80768E+08,  1.51599E+03,  3.87802E+16,  5.42016E+06,  1.93998E+15,  1.54519E+09,  1.37626E-01,  2.90553E+12,  5.10967E+11,  5.36505E+14,  3.21709E+02,  3.31715E+14,  1.72441E+03,  3.87529E+09,  2.05014E+13,  1.17000E+08,  0.00000E+00,  0.00000E+00,  0.00000E+00,  0.00000E+00,  0.00000E+00
  1.65000E-02,2,  2.58352E-02,  0.00000E+00,  0.00000E+00,  2.44472E+18,  5.63174E+14,  1.37892E+11,  3.40747E+07,  9.19951E+03,  6.48971E+01,  3.77051E+02,  6.07808E-02,  5.31164E-05,  6.17560E+06,  1.06997E+04,  4.98828E-06,  1.16877E-04,  2.21558E+14,  2.06291E-01,  7.85955E+04,  9.76810E+00,  1.67558E+00,  1.68300E+05,  1.17124E+07,  2.19907E+19,  2.06311E+11,  8.08367E+10,  6.59352E+10,  4.27187E+10,  7.47272E+09,  4.91987E+12,  3.77786E+06,  1.56899E+00,  3.86973E+16,  0.00000E+00,  1.93989E+15,  0.00000E+00,  0.00000E+00,  3.39114E+10,  4.35165E+11,  5.37239E+14,  3.75027E+00,  3.30343E+14,  2.01020E+01,  2.88643E+05,  2.03966E+13,  1.17000E+08,  0.00000E+00,  0.00000E+00,  0.00000E+00,  0.00000E+00,  0.00000E+00
  1.65500E-02,1,  3.49960E+00,  1.40000E+02,  2.54766E-08,  2.44425E+18,  1.01950E+15,  4.63184E+11,  1.81765E+09,  8.10471E+08,  3.08470E+08,  1.46603E+08,  3.36246E+07,  9.71226E+06,  1.93536E+11,  4.26478E+08,  2.78781E+08,  5.10197E+09,  2.23023E+14,  6.54336E+03,  2.47664E+09,  8.40240E+02,  6.67489E+05,  3.49477E+05,  1.79291E+07,  2.19905E+19,  2.05416E+13,  8.04870E+12,  6.56518E+12,  4.25334E+12,  6.22930E+11,  2.29872E+13,  7.80709E+08,  1.51534E+03,  3.89136E+16,  5.42014E+06,  1.95156E+15,  1.54233E+09,  1.36487E-01,  2.89632E+12,  5.10809E+11,  5.38144E+14,  3.22597E+02,  3.33096E+14,  1.72917E+03,  3.86821E+09,  2.06038E+13,  1.17000E+08,  0.00000E+00,  0.00000E+00,  0.00000E+00,  0.00000E+00,  0.00000E+00
  1.66000E-02,2,  2.58352E-02,  0.00000E+00,  0.00000E+00,  2.44471E+18,  5.64310E+14,  1.38449E+11,  3.42814E+07,  9.27175E+03,  6.52693E+01,  3.79152E+02,  6.12429E-02,  5.36207E-05,  6.18920E+06,  1.07593E+04,  5.01027E-06,  1.17392E-04,  2.22170E+14,  2.07891E-01,  7.89865E+04,  9.79893E+00,  1.67840E+00,  1.68538E+05,  1.17311E+07,  2.19906E+19,  2.07624E+11,  8.13510E+10,  6.63547E+10,  4.29905E+10,  7.51345E+09,  4.93886E+12,  3.80733E+06,  1.58773E+00,  3.88305E+16,  0.00000E+00,  1.95146E+15,  4.42242-208,  0.00000E+00,  3.40902E+10,  4.35104E+11,  5.38875E+14,  3.76211E+00,  3.31724E+14,  2.01654E+01,  2.88651E+05,  2.04989E+13,  1.17000E+08,  0.00000E+00,  0.00000E+00,  0.00000E+00,  0.00000E+00,  0.00000E+00
  1.66500E-02,1,  3.49960E+00,  1.40000E+02,  2.54766E-08,  2.44425E+18,  1.01985E+15,  4.63495E+11,  1.81787E+09,  8.10473E+08,  3.08470E+08,  1.46603E+08,  3.36246E+07,  9.71228E+06,  1.92894E+11,  4.26479E+08,  2.78781E+08,  5.10197E+09,  2.23640E+14,  6.55784E+03,  2.47527E+09,  8.42568E+02,  6.67491E+05,  3.49924E+05,  1.79291E+07,  2.19904E+19,  2.04893E+13,  8.02821E+12,  6.54846E+12,  4.24251E+12,  6.21292E+11,  2.29975E+13,  7.80784E+08,  1.51617E+03,  3.90462E+16,  5.42013E+06,  1.96314E+15,  1.53949E+09,  1.35360E-01,  2.88725E+12,  5.10656E+11,  5.39777E+14,  3.23491E+02,  3.34476E+14,  1.73396E+03,  3.86119E+09,  2.07064E+13,  1.17000E+08,  0.00000E+00,  0.00000E+00,  0.00000E+00,  0.00000E+00,  0.00000E+00
  1.67000E-02,2,  2.58352E-02,  0.00000E+00,  0.00000E+00,  2.44471E+18,  5.62478E+14,  1.37554E+11,  3.39507E+07,  9.16930E+03,  6.55713E+01,  3.81178E+02,  6.13703E-02,  5.35716E-05,  6.20173E+06,  1.08167E+04,  5.03058E-06,  1.17868E-04,  2.22759E+14,  2.09418E-01,  7.93563E+04,  9.81711E+00,  1.67289E+00,  1.67549E+05,  1.16925E+07,  2.19906E+19,  1.98496E+11,  7.77746E+10,  6.34376E+10,  4.11005E+10,  7.18842E+09,  4.90830E+12,  3.76043E+06,  1.55858E+00,  3.89620E+16,  0.00000E+00,  1.96304E+15,  2.90879E-35,  0.00000E+00,  3.26758E+10,  4.34944E+11,  5.40511E+14,  3.76909E+00,  3.33089E+14,  2.02028E+01,  2.88560E+05,  2.06002E+13,  1.17000E+08,  0.00000E+00,  0.00000E+00,  0.00000E+00,  0.00000E+00,  0.00000E+00
  1.67500E-02,1,  3.49960E+00,  1.40000E+02,  2.54766E-08,  2.44425E+18,  1.01929E+15,  4.62993E+11,  1.81753E+09,  8.10474E+08,  3.08471E+08,  1.46603E+08,  3.36247E+07,  9.71231E+06,  1.92265E+11,  4.26480E+08,  2.78781E+08,  5.10196E+09,  2.24233E+14,  6.57115E+03,  2.47373E+09,  8.44805E+02,  6.67493E+05,  3.49769E+05,  1.79291E+07,  2.19904E+19,  2.04392E+13,  8.00859E+12,  6.53246E+12,  4.23214E+12,  6.19724E+11,  2.29807E+13,  7.80663E+08,  1.51483E+03,  3.91772E+16,  5.42012E+06,  1.97471E+15,  1.53665E+09,  1.34262E-01,  2.87831E+12,  5.10500E+11,  5.41410E+14,  3.24349E+02,  3.35841E+14,  1.73856E+03,  3.85415E+09,  2.08079E+13,  1.17000E+08,  0.00000E+00,  0.00000E+00,  0.00000E+00,  0.00000E+00,  0.00000E+00
  1.68000E-02,2,  2.58352E-02,  0.00000E+00,  0.00000E+00,  2.44471E+18,  5.63580E+14,  1.38094E+11,  3.41510E+07,  9.23909E+03,  6.59333E+01,  3.83224E+02,  6.18207E-02,  5.40639E-05,  6.21463E+06,  1.08748E+04,  5.05148E-06,  1.18359E-04,  2.23352E+14,  2.10973E-01,  7.97333E+04,  9.84732E+00,  1.67584E+00,  1.67726E+05,  1.17123E+07,  2.19905E+19,  2.01072E+11,  7.87839E+10,  6.42608E+10,  4.16338E+10,  7.27098E+09,  4.92684E+12,  3.78905E+06,  1.57642E+00,  3.90928E+16,  0.00000E+00,  1.97462E+15,  1.57094E-14,  0.00000E+00,  3.30466E+10,  4.34889E+11,  5.42142E+14,  3.78068E+00,  3.34455E+14,  2.02650E+01,  2.88564E+05,  2.07016E+13,  1.17000E+08,  0.00000E+00,  0.00000E+00,  0.00000E+00,  0.00000E+00,  0.00000E+00
  1.68500E-02,1,  3.49960E+00,  1.40000E+02,  2.54766E-08,  2.44425E+18,  1.01963E+15,  4.63295E+11,  1.81773E+09,  8.10476E+08,  3.08472E+08,  1.46604E+08,  3.36248E+07,  9.71234E+06,  1.91643E+11,  4.26481E+08,  2.78780E+08,  5.10196E+09,  2.24831E+14,  6.58490E+03,  2.47231E+09,  8.47061E+02,  6.67494E+05,  3.50175E+05,  1.79291E+07,  2.19903E+19,  2.03891E+13,  7.98893E+12,  6.51642E+12,  4.22175E+12,  6.18153E+11,  2.29907E+13,  7.80736E+08,  1.51564E+03,  3.93073E+16,  5.42011E+06,  1.98629E+15,  1.53383E+09,  1.33176E-01,  2.86951E+12,  5.10351E+11,  5.43038E+14,  3.25215E+02,  3.37207E+14,  1.74320E+03,  3.84716E+09,  2.09096E+13,  1.17000E+08,  0.00000E+00,  0.00000E+00,  0.00000E+00,  0.00000E+00,  0.00000E+00
  1.69000E-02,2,  2.58352E-02,  0.00000E+00,  0.00000E+00,  2.44471E+18,  5.63699E+14,  1.38153E+11,  3.41726E+07,  9.25077E+03,  6.62737E+01,  3.85254E+02,  6.21615E-02,  5.43725E-05,  6.22736E+06,  1.09323E+04,  5.07200E-06,  1.18845E-04,  2.23940E+14,  2.12519E-01,  8.01069E+04,  9.87253E+00,  1.67546E+00,  1.67595E+05,  1.17088E+07,  2.19904E+19,  1.98249E+11,  7.76778E+10,  6.33586E+10,  4.10493E+10,  7.16829E+09,  4.92882E+12,  3.79211E+06,  1.57833E+00,  3.92224E+16,  0.00000E+00,  1.98619E+15,  9.92385E-15,  0.00000E+00,  3.25958E+10,  4.34791E+11,  5.43769E+14,  3.79036E+00,  3.35814E+14,  2.03168E+01,  2.88530E+05,  2.08028E+13,  1.17000E+08,  0.00000E+00,  0.00000E+00,  0.00000E+00,  0.00000E+00,  0.00000E+00
  1.69500E-02,1,  3.49960E+00,  1.40000E+02,  2.54766E-08,  2.44424E+18,  1.01966E+15,  4.63328E+11,  1.81776E+09,  8.10477E+08,  3.08473E+08,  1.46604E+08,  3.36249E+07,  9.71237E+06,  1.91031E+11,  4.26482E+08,  2.78780E+08,  5.10196E+09,  2.25422E+14,  6.59844E+03,  2.47090E+09,  8.49292E+02,  6.67496E+05,  3.50430E+05,  1.79291E+07,  2.19902E+19,  2.03396E+13,  7.96956E+12,  6.50062E+12,  4.21152E+12,  6.16605E+11,  2.29917E+13,  7.80743E+08,  1.51572E+03,  3.94364E+16,  5.42010E+06,  1.99786E+15,  1.53102E+09,  1.32107E-01,  2.86082E+12,  5.10203E+11,  5.44663E+14,  3.26072E+02,  3.38566E+14,  1.74779E+03,  3.84020E+09,  2.10110E+13,  1.17000E+08,  0.00000E+00,  0.00000E+00,  0.00000E+00,  0.00000E+00,  0.00000E+00
  1.70000E-02,2,  2.58352E-02,  0.00000E+00,  0.00000E+00,  2.44470E+18,  5.65305E+14,  1.38938E+11,  3.44629E+07,  9.34960E+03,  6.66478E+01,  3.87315E+02,  6.26723E-02,  5.49629E-05,  6.24062E+06,  1.09908E+04,  5.09387E-06,  1.19351E-04,  2.24534E+14,  2.14104E-01,  8.04906E+04,  9.90389E+00,  1.67924E+00,  1.68106E+05,  1.17338E+07,  2.19903E+19,  2.00643E+11,  7.86157E+10,  6.41236E+10,  4.15450E+10,  7.24858E+09,  4.95560E+12,  3.83327E+06,  1.60399E+00,  3.93513E+16,  0.00000E+00,  1.99776E+15,  0.00000E+00,  0.00000E+00,  3.29407E+10,  4.34747E+11,  5.45391E+14,  3.80240E+00,  3.37176E+14,  2.03814E+01,  2.88544E+05,  2.09042E+13,  1.17000E+08,  0.00000E+00,  0.00000E+00,  0.00000E+00,  0.00000E+00,  0.00000E+00
  1.70500E-02,1,  3.49960E+00,  1.40000E+02,  2.54766E-08,  2.44424E+18,  1.02016E+15,  4.63768E+11,  1.81806E+09,  8.10479E+08,  3.08473E+08,  1.46605E+08,  3.36250E+07,  9.71239E+06,  1.90425E+11,  4.26482E+08,  2.78780E+08,  5.10195E+09,  2.26021E+14,  6.61253E+03,  2.46961E+09,  8.51552E+02,  6.67498E+05,  3.50994E+05,  1.79291E+07,  2.19901E+19,  2.02898E+13,  7.95004E+12,  6.48470E+12,  4.20120E+12,  6.15046E+11,  2.30064E+13,  7.80848E+08,  1.51690E+03,  3.95648E+16,  5.42009E+06,  2.00943E+15,  1.52824E+09,  1.31047E-01,  2.85225E+12,  5.10060E+11,  5.46282E+14,  3.26939E+02,  3.39928E+14,  1.75244E+03,  3.83330E+09,  2.11127E+13,  1.17000E+08,  0.00000E+00,  0.00000E+00,  0.00000E+00,  0.00000E+00,  0.00000E+00
  1.71000E-02,2,  2.58352E-02,  0.00000E+00,  0.00000E+00,  2.44470E+18,  5.65611E+14,  1.39088E+11,  3.45185E+07,  9.37240E+03,  6.69949E+01,  3.89365E+02,  6.30381E-02,  5.53106E-05,  6.25375E+06,  1.10489E+04,  5.11534E-06,  1.19854E-04,  2.25124E+14,  2.15684E-01,  8.08719E+04,  9.92971E+00,  1.67924E+00,  1.68106E+05,  1.17327E+07,  2.19902E+19,  1.97191E+11,  7.72632E+10,  6.30204E+10,  4.08302E+10,  7.12699E+09,  4.96064E+12,  3.84106E+06,  1.60896E+00,  3.94792E+16,  0.00000E+00,  2.00933E+15,  7.77377E-29,  0.00000E+00,  3.23969E+10,  4.34654E+11,  5.47010E+14,  3.81231E+00,  3.38533E+14,  2.04345E+01,  2.88516E+05,  2.10055E+13,  1.17000E+08,  0.00000E+00,  0.00000E+00,  0.00000E+00,  0.00000E+00,  0.00000E+00
  1.71500E-02,1,  3.49960E+00,  1.40000E+02,  2.54766E-08,  2.44424E+18,  1.02025E+15,  4.63851E+11,  1.81812E+09,  8.10480E+08,  3.08474E+08,  1.46605E+08,  3.36251E+07,  9.71242E+06,  1.89828E+11,  4.26483E+08,  2.78779E+08,  5.10195E+09,  2.26614E+14,  6.62646E+03,  2.46833E+09,  8.53789E+02,  6.67500E+05,  3.51312E+05,  1.79291E+07,  2.19900E+19,  2.02407E+13,  7.93078E+12,  6.46899E+12,  4.19103E+12,  6.13508E+11,  2.30091E+13,  7.80868E+08,  1.51712E+03,  3.96921E+16,  5.42007E+06,  2.02100E+15,  1.52546E+09,  1.30004E-01,  2.84378E+12,  5.09918E+11,  5.47898E+14,  3.27798E+02,  3.41285E+14,  1.75704E+03,  3.82642E+09,  2.12141E+13,  1.17000E+08,  0.00000E+00,  0.00000E+00,  0.00000E+00,  0.00000E+00,  0.00000E+00
  1.72000E-02,2,  2.58352E-02,  0.00000E+00,  0.00000E+00,  2.44470E+18,  5.63948E+14,  1.38271E+11,  3.42148E+07,  9.27765E+03,  6.72912E+01,  3.91343E+02,  6.31721E-02,  5.52772E-05,  6.26591E+06,  1.11050E+04,  5.13522E-06,  1.20321E-04,  2.25691E+14,  2.17194E-01,  8.12336E+04,  9.94787E+00,  1.67443E+00,  1.67183E+05,  1.16991E+07,  2.19901E+19,  1.87949E+11,  7.36420E+10,  6.00667E+10,  3.89166E+10,  6.80397E+09,  4.93273E+12,  3.79761E+06,  1.58115E+00,  3.96054E+16,  0.00000E+00,  2.02090E+15,  0.00000E+00,  0.00000E+00,  3.09727E+10,  4.34505E+11,  5.48628E+14,  3.81928E+00,  3.39876E+14,  2.04718E+01,  2.88429E+05,  2.11057E+13,  1.17000E+08,  0.00000E+00,  0.00000E+00,  0.00000E+00,  0.00000E+00,  0.00000E+00
  1.72500E-02,1,  3.49960E+00,  1.40000E+02,  2.54766E-08,  2.44424E+18,  1.01974E+15,  4.63396E+11,  1.81781E+09,  8.10482E+08,  3.08475E+08,  1.46605E+08,  3.36252E+07,  9.71245E+06,  1.89242E+11,  4.26484E+08,  2.78779E+08,  5.10195E+09,  2.27185E+14,  6.63934E+03,  2.46692E+09,  8.55943E+02,  6.67502E+05,  3.51178E+05,  1.79291E+07,  2.19899E+19,  2.01935E+13,  7.91231E+12,  6.45393E+12,  4.18127E+12,  6.12032E+11,  2.29938E+13,  7.80759E+08,  1.51591E+03,  3.98177E+16,  5.42006E+06,  2.03256E+15,  1.52268E+09,  1.28986E-01,  2.83546E+12,  5.09774E+11,  5.49514E+14,  3.28625E+02,  3.42627E+14,  1.76147E+03,  3.81953E+09,  2.13146E+13,  1.17000E+08,  0.00000E+00,  0.00000E+00,  0.00000E+00,  0.00000E+00,  0.00000E+00
  1.73000E-02,2,  2.58352E-02,  0.00000E+00,  0.00000E+00,  2.44470E+18,  5.63752E+14,  1.38178E+11,  3.41815E+07,  9.27208E+03,  6.76141E+01,  3.93300E+02,  6.34660E-02,  5.55173E-05,  6.27782E+06,  1.11606E+04,  5.15473E-06,  1.20779E-04,  2.26252E+14,  2.18689E-01,  8.15902E+04,  9.97183E+00,  1.67393E+00,  1.66803E+05,  1.16954E+07,  2.19900E+19,  1.87666E+11,  7.35312E+10,  5.99764E+10,  3.88580E+10,  6.78313E+09,  4.92959E+12,  3.79324E+06,  1.57903E+00,  3.97306E+16,  0.00000E+00,  2.03246E+15,  0.00000E+00,  0.00000E+00,  3.09103E+10,  4.34422E+11,  5.50244E+14,  3.82848E+00,  3.41213E+14,  2.05211E+01,  2.88387E+05,  2.12056E+13,  1.17000E+08,  0.00000E+00,  0.00000E+00,  0.00000E+00,  0.00000E+00,  0.00000E+00
  1.73500E-02,1,  3.49960E+00,  1.40000E+02,  2.54766E-08,  2.44423E+18,  1.01967E+15,  4.63337E+11,  1.81777E+09,  8.10483E+08,  3.08476E+08,  1.46606E+08,  3.36253E+07,  9.71247E+06,  1.88665E+11,  4.26485E+08,  2.78779E+08,  5.10194E+09,  2.27749E+14,  6.65193E+03,  2.46548E+09,  8.58071E+02,  6.67504E+05,  3.51302E+05,  1.79291E+07,  2.19899E+19,  2.01498E+13,  7.89516E+12,  6.43994E+12,  4.17220E+12,  6.10663E+11,  2.29918E+13,  7.80744E+08,  1.51576E+03,  3.99423E+16,  5.42005E+06,  2.04412E+15,  1.51991E+09,  1.28002E-01,  2.82765E+12,  5.09646E+11,  5.51127E+14,  3.29442E+02,  3.43964E+14,  1.76585E+03,  3.81266E+09,  2.14147E+13,  1.17000E+08,  0.00000E+00,  0.00000E+00,  0.00000E+00,  0.00000E+00,  0.00000E+00
  1.74000E-02,2,  2.58352E-02,  0.00000E+00,  0.00000E+00,  2.44469E+18,  5.63852E+14,  1.38224E+11,  3.41966E+07,  9.28037E+03,  6.79389E+01,  3.95247E+02,  6.37916E-02,  5.58094E-05,  6.28965E+06,  1.12158E+04,  5.17434E-06,  1.21234E-04,  2.26807E+14,  2.20179E-01,  8.19447E+04,  9.99619E+00,  1.67390E+00,  1.66613E+05,  1.16946E+07,  2.19900E+19,  1.83678E+11,  7.19688E+10,  5.87020E+10,  3.80324E+10,  6.64611E+09,  4.93111E+12,  3.79492E+06,  1.57909E+00,  3.98547E+16,  0.00000E+00,  2.04402E+15,  0.00000E+00,  0.00000E+00,  3.02862E+10,  4.34323E+11,  5.51856E+14,  3.83783E+00,  3.42544E+14,  2.05712E+01,  2.88349E+05,  2.13052E+13,  1.17000E+08,  0.00000E+00,  0.00000E+00,  0.00000E+00,  0.00000E+00,  0.00000E+00
  1.74500E-02,1,  3.49960E+00,  1.40000E+02,  2.54766E-08,  2.44423E+18,  1.01971E+15,  4.63369E+11,  1.81780E+09,  8.10485E+08,  3.08476E+08,  1.46606E+08,  3.36254E+07,  9.71250E+06,  1.88096E+11,  4.26486E+08,  2.78779E+08,  5.10194E+09,  2.28309E+14,  6.66458E+03,  2.46411E+09,  8.60182E+02,  6.67505E+05,  3.51508E+05,  1.79291E+07,  2.19898E+19,  2.01015E+13,  7.87624E+12,  6.42450E+12,  4.16220E+12,  6.09151E+11,  2.29928E+13,  7.80752E+08,  1.51584E+03,  4.00658E+16,  5.42004E+06,  2.05568E+15,  1.51715E+09,  1.27000E-01,  2.81917E+12,  5.09496E+11,  5.52736E+14,  3.30253E+02,  3.45295E+14,  1.77019E+03,  3.80583E+09,  2.15146E+13,  1.17000E+08,  0.00000E+00,  0.00000E+00,  0.00000E+00,  0.00000E+00,  0.00000E+00
  1.75000E-02,2,  2.58352E-02,  0.00000E+00,  0.00000E+00,  2.44469E+18,  5.64264E+14,  1.38432E+11,  3.42784E+07,  9.31485E+03,  6.82743E+01,  3.97188E+02,  6.41520E-02,  5.61672E-05,  6.30147E+06,  1.12708E+04,  5.19436E-06,  1.21691E-04,  2.27360E+14,  2.21670E-01,  8.22989E+04,  1.00214E+01,  1.67457E+00,  1.66587E+05,  1.16985E+07,  2.19899E+19,  1.83947E+11,  7.20740E+10,  5.87878E+10,  3.80880E+10,  6.64688E+09,  4.93825E+12,  3.80682E+06,  1.58900E+00,  3.99778E+16,  0.00000E+00,  2.05558E+15,  1.48741E-15,  0.00000E+00,  3.03090E+10,  4.34250E+11,  5.53465E+14,  3.84751E+00,  3.43873E+14,  2.06230E+01,  2.88319E+05,  2.14047E+13,  1.17000E+08,  0.00000E+00,  0.00000E+00,  0.00000E+00,  0.00000E+00,  0.00000E+00
  1.75500E-02,1,  3.49960E+00,  1.40000E+02,  2.54766E-08,  2.44423E+18,  1.01983E+15,  4.63477E+11,  1.81787E+09,  8.10486E+08,  3.08477E+08,  1.46607E+08,  3.36255E+07,  9.71252E+06,  1.87535E+11,  4.26487E+08,  2.78778E+08,  5.10194E+09,  2.28865E+14,  6.67707E+03,  2.46272E+09,  8.62282E+02,  6.67507E+05,  3.51794E+05,  1.79291E+07,  2.19897E+19,  2.00586E+13,  7.85946E+12,  6.41081E+12,  4.15333E+12,  6.07812E+11,  2.29964E+13,  7.80778E+08,  1.51614E+03,  4.01884E+16,  5.42003E+06,  2.06724E+15,  1.51440E+09,  1.26044E-01,  2.81158E+12,  5.09372E+11,  5.54343E+14,  3.31059E+02,  3.46624E+14,  1.77451E+03,  3.79901E+09,  2.16143E+13,  1.17000E+08,  0.00000E+00,  0.00000E+00,  0.00000E+00,  0.00000E+00,  0.00000E+00
  1.76000E-02,2,  2.58352E-02,  0.00000E+00,  0.00000E+00,  2.44469E+18,  5.63968E+14,  1.38283E+11,  3.42201E+07,  9.29763E+03,  6.85841E+01,  3.99103E+02,  6.44275E-02,  5.63777E-05,  6.31298E+06,  1.13251E+04,  5.21270E-06,  1.22136E-04,  2.27904E+14,  2.23139E-01,  8.26467E+04,  1.00435E+01,  1.67336E+00,  1.66273E+05,  1.16895E+07,  2.19898E+19,  1.80249E+11,  7.06249E+10,  5.76058E+10,  3.73222E+10,  6.51470E+09,  4.93311E+12,  3.79856E+06,  1.58215E+00,  4.00997E+16,  0.00000E+00,  2.06714E+15,  2.81703E-21,  0.00000E+00,  2.97300E+10,  4.34148E+11,  5.55071E+14,  3.85601E+00,  3.45194E+14,  2.06686E+01,  2.88266E+05,  2.15037E+13,  1.17000E+08,  0.00000E+00,  0.00000E+00,  0.00000E+00,  0.00000E+00,  0.00000E+00
  1.76500E-02,1,  3.49960E+00,  1.40000E+02,  2.54766E-08,  2.44423E+18,  1.01974E+15,  4.63396E+11,  1.81782E+09,  8.10488E+08,  3.08478E+08,  1.46607E+08,  3.36255E+07,  9.71255E+06,  1.86982E+11,  4.26488E+08,  2.78778E+08,  5.10193E+09,  2.29413E+14,  6.68930E+03,  2.46134E+09,  8.64348E+02,  6.67509E+05,  3.51938E+05,  1.79291E+07,  2.19896E+19,  2.00142E+13,  7.84205E+12,  6.39661E+12,  4.14414E+12,  6.06422E+11,  2.29936E+13,  7.80758E+08,  1.51592E+03,  4.03097E+16,  5.42002E+06,  2.07880E+15,  1.51166E+09,  1.25088E-01,  2.80372E+12,  5.09237E+11,  5.55947E+14,  3.31852E+02,  3.47944E+14,  1.77876E+03,  3.79222E+09,  2.17136E+13,  1.17000E+08,  0.00000E+00,  0.00000E+00,  0.00000E+00,  0.00000E+00,  0.00000E+00
  1.77000E-02,2,  2.58352E-02,  0.00000E+00,  0.00000E+00,  2.44469E+18,  5.64233E+14,  1.38415E+11,  3.42700E+07,  9.31816E+03,  6.89066E+01,  4.01010E+02,  6.47658E-02,  5.66988E-05,  6.32444E+06,  1.13792E+04,  5.22856E-06,  1.22580E-04,  2.28444E+14,  2.24606E-01,  8.29931E+04,  1.00678E+01,  1.67376E+00,  1.66179E+05,  1.16916E+07,  2.19897E+19,  1.79003E+11,  7.01369E+10,  5.72078E+10,  3.70643E+10,  6.46750E+09,  4.93764E+12,  3.80591E+06,  1.58686E+00,  4.02206E+16,  0.00000E+00,  2.07870E+15,  6.58625E-19,  0.00000E+00,  2.95240E+10,  4.34068E+11,  5.56674E+14,  3.86533E+00,  3.46511E+14,  2.07185E+01,  2.88229E+05,  2.16025E+13,  1.17000E+08,  0.00000E+00,  0.00000E+00,  0.00000E+00,  0.00000E+00,  0.00000E+00
  1.77500E-02,1,  3.49960E+00,  1.40000E+02,  2.54766E-08,  2.44422E+18,  1.01981E+15,  4.63465E+11,  1.81787E+09,  8.10489E+08,  3.08478E+08,  1.46607E+08,  3.36256E+07,  9.71257E+06,  1.86437E+11,  4.26489E+08,  2.78778E+08,  5.10193E+09,  2.29957E+14,  6.70150E+03,  2.46000E+09,  8.66399E+02,  6.67510E+05,  3.52183E+05,  1.79291E+07,  2.19895E+19,  1.99761E+13,  7.82711E+12,  6.38443E+12,  4.13624E+12,  6.05214E+11,  2.29958E+13,  7.80775E+08,  1.51609E+03,  4.04301E+16,  5.42001E+06,  2.09035E+15,  1.50893E+09,  1.24180E-01,  2.79682E+12,  5.09121E+11,  5.57547E+14,  3.32639E+02,  3.49261E+14,  1.78298E+03,  3.78546E+09,  2.18126E+13,  1.17000E+08,  0.00000E+00,  0.00000E+00,  0.00000E+00,  0.00000E+00,  0.00000E+00
  1.78000E-02,2,  2.58352E-02,  0.00000E+00,  0.00000E+00,  2.44468E+18,  5.62386E+14,  1.37513E+11,  3.39367E+07,  9.21345E+03,  6.91738E+01,  4.02842E+02,  6.48487E-02,  5.65968E-05,  6.33491E+06,  1.14312E+04,  5.24892E-06,  1.22985E-04,  2.28962E+14,  2.25941E-01,  8.33190E+04,  1.00831E+01,  1.66855E+00,  1.65172E+05,  1.16555E+07,  2.19896E+19,  1.69892E+11,  6.65668E+10,  5.42958E+10,  3.51777E+10,  6.14918E+09,  4.90671E+12,  3.75863E+06,  1.55634E+00,  4.03399E+16,  0.00000E+00,  2.09025E+15,  1.13513E-07,  0.00000E+00,  2.81272E+10,  4.33916E+11,  5.58278E+14,  3.87121E+00,  3.47812E+14,  2.07501E+01,  2.88125E+05,  2.17003E+13,  1.17000E+08,  0.00000E+00,  0.00000E+00,  0.00000E+00,  0.00000E+00,  0.00000E+00
  1.78500E-02,1,  3.49960E+00,  1.40000E+02,  2.54766E-08,  2.44422E+18,  1.01925E+15,  4.62968E+11,  1.81753E+09,  8.10490E+08,  3.08479E+08,  1.46608E+08,  3.36257E+07,  9.71260E+06,  1.85902E+11,  4.26490E+08,  2.78778E+08,  5.10193E+09,  2.30478E+14,  6.71266E+03,  2.45852E+09,  8.68368E+02,  6.67512E+05,  3.51985E+05,  1.79291E+07,  2.19895E+19,  1.99258E+13,  7.80741E+12,  6.36836E+12,  4.12583E+12,  6.03656E+11,  2.29792E+13,  7.80656E+08,  1.51478E+03,  4.05488E+16,  5.42000E+06,  2.10191E+15,  1.50619E+09,  1.23211E-01,  2.78796E+12,  5.08961E+11,  5.59148E+14,  3.33395E+02,  3.50563E+14,  1.78703E+03,  3.77868E+09,  2.19106E+13,  1.17000E+08,  0.00000E+00,  0.00000E+00,  0.00000E+00,  0.00000E+00,  0.00000E+00
  1.79000E-02,2,  2.58352E-02,  0.00000E+00,  0.00000E+00,  2.44468E+18,  5.62775E+14,  1.37703E+11,  3.40062E+07,  9.23948E+03,  6.94861E+01,  4.04676E+02,  6.51891E-02,  5.69351E-05,  6.34547E+06,  1.14832E+04,  5.26639E-06,  1.23396E-04,  2.29479E+14,  2.27352E-01,  8.36465E+04,  1.01075E+01,  1.66970E+00,  1.65063E+05,  1.16631E+07,  2.19896E+19,  1.69120E+11,  6.62647E+10,  5.40494E+10,  3.50180E+10,  6.12021E+09,  4.91318E+12,  3.76859E+06,  1.56097E+00,  4.04582E+16,  0.00000E+00,  2.10180E+15,  1.09160E-07,  0.00000E+00,  2.79931E+10,  4.33839E+11,  5.59877E+14,  3.88058E+00,  3.49112E+14,  2.08003E+01,  2.88091E+05,  2.17980E+13,  1.17000E+08,  0.00000E+00,  0.00000E+00,  0.00000E+00,  0.00000E+00,  0.00000E+00
  1.79500E-02,1,  3.49960E+00,  1.40000E+02,  2.54766E-08,  2.44422E+18,  1.01937E+15,  4.63074E+11,  1.81760E+09,  8.10492E+08,  3.08480E+08,  1.46608E+08,  3.36258E+07,  9.71263E+06,  1.85374E+11,  4.26491E+08,  2.78777E+08,  5.10192E+09,  2.31000E+14,  6.72391E+03,  2.45708E+09,  8.70334E+02,  6.67514E+05,  3.52210E+05,  1.79291E+07,  2.19894E+19,  1.98841E+13,  7.79108E+12,  6.35504E+12,  4.11720E+12,  6.02352E+11,  2.29827E+13,  7.80681E+08,  1.51506E+03,  4.06667E+16,  5.41998E+06,  2.11346E+15,  1.50347E+09,  1.22304E-01,  2.78045E+12,  5.08831E+11,  5.60745E+14,  3.34150E+02,  3.51862E+14,  1.79107E+03,  3.77193E+09,  2.20085E+13,  1.17000E+08,  0.00000E+00,  0.00000E+00,  0.00000E+00,  0.00000E+00,  0.00000E+00
  1.80000E-02,2,  2.58352E-02,  0.00000E+00,  0.00000E+00,  2.44468E+18,  5.63237E+14,  1.37926E+11,  3.40884E+07,  9.27208E+03,  6.98025E+01,  4.06505E+02,  6.55376E-02,  5.72802E-05,  6.35604E+06,  1.15351E+04,  5.28404E-06,  1.23808E-04,  2.29994E+14,  2.28801E-01,  8.39738E+04,  1.01310E+01,  1.67032E+00,  1.65066E+05,  1.16666E+07,  2.19895E+19,  1.69248E+11,  6.63145E+10,  5.40900E+10,  3.50443E+10,  6.12044E+09,  4.92079E+12,  3.77972E+06,  1.57053E+00,  4.05757E+16,  0.00000E+00,  2.11335E+15,  3.38979E-27,  0.00000E+00,  2.79946E+10,  4.33768E+11,  5.61474E+14,  3.88957E+00,  3.50407E+14,  2.08485E+01,  2.88050E+05,  2.18955E+13,  1.17000E+08,  0.00000E+00,  0.00000E+00,  0.00000E+00,  0.00000E+00,  0.00000E+00
  1.80500E-02,1,  3.49960E+00,  1.40000E+02,  2.54766E-08,  2.44422E+18,  1.01950E+15,  4.63192E+11,  1.81769E+09,  8.10493E+08,  3.08480E+08,  1.46609E+08,  3.36259E+07,  9.71265E+06,  1.84853E+11,  4.26492E+08,  2.78777E+08,  5.10192E+09,  2.31517E+14,  6.73510E+03,  2.45567E+09,  8.72288E+02,  6.67516E+05,  3.52489E+05,  1.79291E+07,  2.19893E+19,  1.98508E+13,  7.77803E+12,  6.34439E+12,  4.11030E+12,  6.01297E+11,  2.29865E+13,  7.80709E+08,  1.51537E+03,  4.07835E+16,  5.41997E+06,  2.12500E+15,  1.50075E+09,  1.21457E-01,  2.77423E+12,  5.08730E+11,  5.62339E+14,  3.34900E+02,  3.53157E+14,  1.79509E+03,  3.76520E+09,  2.21062E+13,  1.17000E+08,  0.00000E+00,  0.00000E+00,  0.00000E+00,  0.00000E+00,  0.00000E+00
  1.81000E-02,2,  2.58352E-02,  0.00000E+00,  0.00000E+00,  2.44468E+18,  5.63466E+14,  1.38037E+11,  3.41280E+07,  9.28845E+03,  7.01091E+01,  4.08324E+02,  6.58578E-02,  5.75810E-05,  6.36654E+06,  1.15867E+04,  5.30143E-06,  1.24217E-04,  2.30504E+14,  2.30199E-01,  8.42995E+04,  1.01535E+01,  1.67044E+00,  1.64997E+05,  1.16667E+07,  2.19894E+19,  1.67051E+11,  6.54538E+10,  5.33880E+10,  3.45895E+10,  6.04346E+09,  4.92457E+12,  3.78511E+06,  1.57326E+00,  4.06921E+16,  0.00000E+00,  2.12490E+15,  0.00000E+00,  0.00000E+00,  2.76460E+10,  4.33683E+11,  5.63067E+14,  3.89823E+00,  3.51698E+14,  2.08948E+01,  2.88003E+05,  2.19928E+13,  1.17000E+08,  0.00000E+00,  0.00000E+00,  0.00000E+00,  0.00000E+00,  0.00000E+00
  1.81500E-02,1,  3.49960E+00,  1.40000E+02,  2.54766E-08,  2.44421E+18,  1.01958E+15,  4.63264E+11,  1.81774E+09,  8.10495E+08,  3.08481E+08,  1.46609E+08,  3.36260E+07,  9.71268E+06,  1.84339E+11,  4.26493E+08,  2.78777E+08,  5.10192E+09,  2.32032E+14,  6.74632E+03,  2.45430E+09,  8.74231E+02,  6.67517E+05,  3.52727E+05,  1.79291E+07,  2.19892E+19,  1.98018E+13,  7.75883E+12,  6.32873E+12,  4.10016E+12,  5.99779E+11,  2.29889E+13,  7.80726E+08,  1.51557E+03,  4.08994E+16,  5.41996E+06,  2.13655E+15,  1.49805E+09,  1.20526E-01,  2.76571E+12,  5.08579E+11,  5.63931E+14,  3.35646E+02,  3.54448E+14,  1.79909E+03,  3.75851E+09,  2.22037E+13,  1.17000E+08,  0.00000E+00,  0.00000E+00,  0.00000E+00,  0.00000E+00,  0.00000E+00
  1.82000E-02,2,  2.58352E-02,  0.00000E+00,  0.00000E+00,  2.44467E+18,  5.63038E+14,  1.37829E+11,  3.40532E+07,  9.27000E+03,  7.04009E+01,  4.10115E+02,  6.60965E-02,  5.77518E-05,  6.37672E+06,  1.16375E+04,  5.31851E-06,  1.24615E-04,  2.31006E+14,  2.31571E-01,  8.46181E+04,  1.01734E+01,  1.66899E+00,  1.64631E+05,  1.16562E+07,  2.19893E+19,  1.64414E+11,  6.44205E+10,  5.25451E+10,  3.40434E+10,  5.94445E+09,  4.91748E+12,  3.77477E+06,  1.56908E+00,  4.08074E+16,  0.00000E+00,  2.13644E+15,  1.12904E-13,  0.00000E+00,  2.72317E+10,  4.33585E+11,  5.64659E+14,  3.90588E+00,  3.52982E+14,  2.09358E+01,  2.87936E+05,  2.20896E+13,  1.17000E+08,  0.00000E+00,  0.00000E+00,  0.00000E+00,  0.00000E+00,  0.00000E+00
  1.82500E-02,1,  3.49960E+00,  1.40000E+02,  2.54766E-08,  2.44421E+18,  1.01944E+15,  4.63137E+11,  1.81765E+09,  8.10496E+08,  3.08482E+08,  1.46609E+08,  3.36261E+07,  9.71270E+06,  1.83833E+11,  4.26494E+08,  2.78777E+08,  5.10191E+09,  2.32537E+14,  6.75708E+03,  2.45288E+09,  8.76135E+02,  6.67519E+05,  3.52826E+05,  1.79290E+07,  2.19891E+19,  1.97696E+13,  7.74620E+12,  6.31843E+12,  4.09348E+12,  5.98758E+11,  2.29846E+13,  7.80696E+08,  1.51523E+03,  4.10141E+16,  5.41995E+06,  2.14809E+15,  1.49535E+09,  1.19704E-01,  2.75966E+12,  5.08480E+11,  5.65520E+14,  3.36376E+02,  3.55731E+14,  1.80300E+03,  3.75182E+09,  2.23007E+13,  1.17000E+08,  0.00000E+00,  0.00000E+00,  0.00000E+00,  0.00000E+00,  0.00000E+00
  1.83000E-02,2,  2.58352E-02,  0.00000E+00,  0.00000E+00,  2.44467E+18,  5.64219E+14,  1.38408E+11,  3.42671E+07,  9.34283E+03,  7.07249E+01,  4.11929E+02,  6.65282E-02,  5.82415E-05,  6.38729E+06,  1.16889E+04,  5.33586E-06,  1.25028E-04,  2.31513E+14,  2.32975E-01,  8.49445E+04,  1.01997E+01,  1.67182E+00,  1.64958E+05,  1.16749E+07,  2.19892E+19,  1.66738E+11,  6.53312E+10,  5.32880E+10,  3.45247E+10,  6.02125E+09,  4.93740E+12,  3.80533E+06,  1.58648E+00,  4.09219E+16,  0.00000E+00,  2.14799E+15,  3.51587E-19,  0.00000E+00,  2.75671E+10,  4.33539E+11,  5.66247E+14,  3.91597E+00,  3.54266E+14,  2.09899E+01,  2.87919E+05,  2.21865E+13,  1.17000E+08,  0.00000E+00,  0.00000E+00,  0.00000E+00,  0.00000E+00,  0.00000E+00
  1.83500E-02,1,  3.49960E+00,  1.40000E+02,  2.54766E-08,  2.44421E+18,  1.01980E+15,  4.63461E+11,  1.81788E+09,  8.10497E+08,  3.08482E+08,  1.46610E+08,  3.36261E+07,  9.71272E+06,  1.83333E+11,  4.26495E+08,  2.78776E+08,  5.10191E+09,  2.33047E+14,  6.76832E+03,  2.45158E+09,  8.78061E+02,  6.67521E+05,  3.53248E+05,  1.79290E+07,  2.19891E+19,  1.97295E+13,  7.73051E+12,  6.30563E+12,  4.08519E+12,  5.97507E+11,  2.29953E+13,  7.80773E+08,  1.51609E+03,  4.11282E+16,  5.41994E+06,  2.15964E+15,  1.49267E+09,  1.18845E-01,  2.75257E+12,  5.08361E+11,  5.67105E+14,  3.37116E+02,  3.57015E+14,  1.80697E+03,  3.74518E+09,  2.23979E+13,  1.17000E+08,  0.00000E+00,  0.00000E+00,  0.00000E+00,  0.00000E+00,  0.00000E+00
  1.84000E-02,2,  2.58352E-02,  0.00000E+00,  0.00000E+00,  2.44467E+18,  5.61650E+14,  1.37155E+11,  3.38048E+07,  9.19575E+03,  7.09577E+01,  4.13641E+02,  6.65005E-02,  5.79751E-05,  6.39651E+06,  1.17374E+04,  5.35159E-06,  1.25389E-04,  2.31990E+14,  2.34224E-01,  8.52426E+04,  1.02101E+01,  1.66449E+00,  1.63677E+05,  1.16243E+07,  2.19892E+19,  1.55949E+11,  6.11040E+10,  4.98400E+10,  3.22908E+10,  5.64430E+09,  4.89439E+12,  3.73981E+06,  1.54500E+00,  4.10346E+16,  0.00000E+00,  2.15953E+15,  9.33862E-08,  0.00000E+00,  2.59247E+10,  4.33371E+11,  5.67836E+14,  3.91995E+00,  3.55530E+14,  2.10112E+01,  2.87782E+05,  2.22821E+13,  1.17000E+08,  0.00000E+00,  0.00000E+00,  0.00000E+00,  0.00000E+00,  0.00000E+00
  1.84500E-02,1,  3.49960E+00,  1.40000E+02,  2.54766E-08,  2.44421E+18,  1.01901E+15,  4.62757E+11,  1.81740E+09,  8.10499E+08,  3.08483E+08,  1.46610E+08,  3.36262E+07,  9.71275E+06,  1.82843E+11,  4.26496E+08,  2.78776E+08,  5.10191E+09,  2.33528E+14,  6.77810E+03,  2.45007E+09,  8.79873E+02,  6.67522E+05,  3.52906E+05,  1.79290E+07,  2.19890E+19,  1.96916E+13,  7.71566E+12,  6.29352E+12,  4.07734E+12,  5.96322E+11,  2.29718E+13,  7.80605E+08,  1.51421E+03,  4.12404E+16,  5.41993E+06,  2.17117E+15,  1.48998E+09,  1.18009E-01,  2.74556E+12,  5.08237E+11,  5.68692E+14,  3.37812E+02,  3.58280E+14,  1.81069E+03,  3.73850E+09,  2.24936E+13,  1.17000E+08,  0.00000E+00,  0.00000E+00,  0.00000E+00,  0.00000E+00,  0.00000E+00
  1.85000E-02,2,  2.58352E-02,  0.00000E+00,  0.00000E+00,  2.44467E+18,  5.64225E+14,  1.38410E+11,  3.42669E+07,  9.35026E+03,  7.13071E+01,  4.15429E+02,  6.70944E-02,  5.87363E-05,  6.40688E+06,  1.17882E+04,  5.36890E-06,  1.25796E-04,  2.32488E+14,  2.35662E-01,  8.55640E+04,  1.02422E+01,  1.67158E+00,  1.64544E+05,  1.16725E+07,  2.19891E+19,  1.62214E+11,  6.35586E+10,  5.18421E+10,  3.35879E+10,  5.86132E+09,  4.93729E+12,  3.80497E+06,  1.58603E+00,  4.11472E+16,  0.00000E+00,  2.17107E+15,  0.00000E+00,  0.00000E+00,  2.68530E+10,  4.33366E+11,  5.69418E+14,  3.93229E+00,  3.56805E+14,  2.10773E+01,  2.87810E+05,  2.23785E+13,  1.17000E+08,  0.00000E+00,  0.00000E+00,  0.00000E+00,  0.00000E+00,  0.00000E+00
  1.85500E-02,1,  3.49960E+00,  1.40000E+02,  2.54766E-08,  2.44420E+18,  1.01981E+15,  4.63462E+11,  1.81788E+09,  8.10500E+08,  3.08483E+08,  1.46610E+08,  3.36263E+07,  9.71277E+06,  1.82356E+11,  4.26496E+08,  2.78776E+08,  5.10191E+09,  2.34029E+14,  6.78914E+03,  2.44880E+09,  8.81766E+02,  6.67524E+05,  3.53573E+05,  1.79290E+07,  2.19889E+19,  1.96524E+13,  7.70030E+12,  6.28099E+12,  4.06922E+12,  5.95097E+11,  2.29953E+13,  7.80773E+08,  1.51610E+03,  4.13524E+16,  5.41992E+06,  2.18271E+15,  1.48731E+09,  1.17173E-01,  2.73864E+12,  5.08122E+11,  5.70272E+14,  3.38538E+02,  3.59554E+14,  1.81459E+03,  3.73190E+09,  2.25903E+13,  1.17000E+08,  0.00000E+00,  0.00000E+00,  0.00000E+00,  0.00000E+00,  0.00000E+00
  1.86000E-02,2,  2.58352E-02,  0.00000E+00,  0.00000E+00,  2.44466E+18,  5.64747E+14,  1.38666E+11,  3.43635E+07,  9.38689E+03,  7.16152E+01,  4.17212E+02,  6.74448E-02,  5.90932E-05,  6.41724E+06,  1.18387E+04,  5.35714E-06,  1.26204E-04,  2.32983E+14,  2.37049E-01,  8.58849E+04,  1.02644E+01,  1.67196E+00,  1.64693E+05,  1.16739E+07,  2.19890E+19,  1.62179E+11,  6.35449E+10,  5.18310E+10,  3.35807E+10,  5.85265E+09,  4.94616E+12,  3.81891E+06,  1.59568E+00,  4.12589E+16,  0.00000E+00,  2.18260E+15,  2.19220E-26,  0.00000E+00,  2.68335E+10,  4.33299E+11,  5.70998E+14,  3.94078E+00,  3.58075E+14,  2.11228E+01,  2.87763E+05,  2.24747E+13,  1.17000E+08,  0.00000E+00,  0.00000E+00,  0.00000E+00,  0.00000E+00,  0.00000E+00
  1.86500E-02,1,  3.49960E+00,  1.40000E+02,  2.54766E-08,  2.44420E+18,  1.01997E+15,  4.63606E+11,  1.81798E+09,  8.10501E+08,  3.08484E+08,  1.46611E+08,  3.36264E+07,  9.71279E+06,  1.81876E+11,  4.26497E+08,  2.78775E+08,  5.10190E+09,  2.34528E+14,  6.80014E+03,  2.44756E+09,  8.83646E+02,  6.67525E+05,  3.53904E+05,  1.79290E+07,  2.19888E+19,  1.96134E+13,  7.68501E+12,  6.26852E+12,  4.06115E+12,  5.93878E+11,  2.30000E+13,  7.80808E+08,  1.51648E+03,  4.14636E+16,  5.41991E+06,  2.19425E+15,  1.48466E+09,  1.16347E-01,  2.73178E+12,  5.08008E+11,  5.71850E+14,  3.39260E+02,  3.60824E+14,  1.81845E+03,  3.72532E+09,  2.26867E+13,  1.17000E+08,  0.00000E+00,  0.00000E+00,  0.00000E+00,  0.00000E+00,  0.00000E+00
  1.87000E-02,2,  2.58352E-02,  0.00000E+00,  0.00000E+00,  2.44466E+18,  5.62521E+14,  1.37583E+11,  3.39622E+07,  9.24132E+03,  7.18249E+01,  4.18904E+02,  6.74514E-02,  5.88669E-05,  6.42641E+06,  1.18867E+04,  5.36267E-06,  1.26565E-04,  2.33451E+14,  2.38469E-01,  8.61809E+04,  1.02759E+01,  1.66569E+00,  1.63560E+05,  1.16306E+07,  2.19889E+19,  1.51918E+11,  5.95245E+10,  4.85517E+10,  3.14561E+10,  5.49877E+09,  4.90908E+12,  3.76276E+06,  1.55644E+00,  4.13688E+16,  0.00000E+00,  2.19414E+15,  1.97883E-05,  0.00000E+00,  2.52763E+10,  4.33144E+11,  5.72578E+14,  3.94519E+00,  3.59328E+14,  2.11464E+01,  2.87638E+05,  2.25696E+13,  1.17000E+08,  0.00000E+00,  0.00000E+00,  0.00000E+00,  0.00000E+00,  0.00000E+00
  1.87500E-02,1,  3.49960E+00,  1.40000E+02,  2.54766E-08,  2.44420E+18,  1.01929E+15,  4.63004E+11,  1.81757E+09,  8.10503E+08,  3.08485E+08,  1.46611E+08,  3.36265E+07,  9.71282E+06,  1.81406E+11,  4.26498E+08,  2.78775E+08,  5.10190E+09,  2.35000E+14,  6.80990E+03,  2.44615E+09,  8.85428E+02,  6.67527E+05,  3.53626E+05,  1.79290E+07,  2.19888E+19,  1.95691E+13,  7.66766E+12,  6.25437E+12,  4.05198E+12,  5.92507E+11,  2.29799E+13,  7.80663E+08,  1.51489E+03,  4.15729E+16,  5.41990E+06,  2.20578E+15,  1.48199E+09,  1.15500E-01,  2.72393E+12,  5.07865E+11,  5.73428E+14,  3.39944E+02,  3.62076E+14,  1.82212E+03,  3.71872E+09,  2.27818E+13,  1.17000E+08,  0.00000E+00,  0.00000E+00,  0.00000E+00,  0.00000E+00,  0.00000E+00
  1.88000E-02,2,  2.58352E-02,  0.00000E+00,  0.00000E+00,  2.44466E+18,  5.66718E+14,  1.39633E+11,  3.47204E+07,  9.50992E+03,  7.22366E+01,  4.20719E+02,  6.82494E-02,  5.99917E-05,  6.43737E+06,  1.19382E+04,  5.42012E-06,  1.26997E-04,  2.33953E+14,  2.39779E-01,  8.65135E+04,  1.03140E+01,  1.67676E+00,  1.65171E+05,  1.17056E+07,  2.19889E+19,  1.65843E+11,  6.49805E+10,  5.30020E+10,  3.43394E+10,  5.97417E+09,  4.97905E+12,  3.86955E+06,  1.62656E+00,  4.14790E+16,  0.00000E+00,  2.20567E+15,  0.00000E+00,  0.00000E+00,  2.73550E+10,  4.33209E+11,  5.74150E+14,  3.95982E+00,  3.60598E+14,  2.12248E+01,  2.87710E+05,  2.26661E+13,  1.17000E+08,  0.00000E+00,  0.00000E+00,  0.00000E+00,  0.00000E+00,  0.00000E+00
  1.88500E-02,1,  3.49960E+00,  1.40000E+02,  2.54766E-08,  2.44420E+18,  1.02058E+15,  4.64145E+11,  1.81835E+09,  8.10504E+08,  3.08485E+08,  1.46611E+08,  3.36265E+07,  9.71284E+06,  1.80936E+11,  4.26499E+08,  2.78775E+08,  5.10190E+09,  2.35505E+14,  6.82152E+03,  2.44506E+09,  8.87335E+02,  6.67528E+05,  3.54638E+05,  1.79290E+07,  2.19887E+19,  1.95377E+13,  7.65534E+12,  6.24432E+12,  4.04547E+12,  5.91513E+11,  2.30179E+13,  7.80937E+08,  1.51792E+03,  4.16827E+16,  5.41989E+06,  2.21731E+15,  1.47937E+09,  1.14734E-01,  2.71840E+12,  5.07785E+11,  5.74998E+14,  3.40676E+02,  3.63346E+14,  1.82604E+03,  3.71222E+09,  2.28785E+13,  1.17000E+08,  0.00000E+00,  0.00000E+00,  0.00000E+00,  0.00000E+00,  0.00000E+00
  1.89000E-02,2,  2.58352E-02,  0.00000E+00,  0.00000E+00,  2.44466E+18,  5.66129E+14,  1.39346E+11,  3.46146E+07,  9.47997E+03,  7.25205E+01,  4.22491E+02,  6.84656E-02,  6.01251E-05,  6.44780E+06,  1.19885E+04,  5.43772E-06,  1.27409E-04,  2.34442E+14,  2.41173E-01,  8.68349E+04,  1.03312E+01,  1.67395E+00,  1.64907E+05,  1.16851E+07,  2.19888E+19,  1.60135E+11,  6.27439E+10,  5.11777E+10,  3.31574E+10,  5.77330E+09,  4.96926E+12,  3.85468E+06,  1.61750E+00,  4.15880E+16,  0.00000E+00,  2.21721E+15,  0.00000E+00,  0.00000E+00,  2.64848E+10,  4.33102E+11,  5.75721E+14,  3.96642E+00,  3.61857E+14,  2.12602E+01,  2.87628E+05,  2.27618E+13,  1.17000E+08,  0.00000E+00,  0.00000E+00,  0.00000E+00,  0.00000E+00,  0.00000E+00
  1.89500E-02,1,  3.49960E+00,  1.40000E+02,  2.54766E-08,  2.44419E+18,  1.02039E+15,  4.63984E+11,  1.81824E+09,  8.10505E+08,  3.08486E+08,  1.46612E+08,  3.36266E+07,  9.71286E+06,  1.80474E+11,  4.26500E+08,  2.78775E+08,  5.10189E+09,  2.35996E+14,  6.83254E+03,  2.44391E+09,  8.89189E+02,  6.67530E+05,  3.54773E+05,  1.79290E+07,  2.19886E+19,  1.94996E+13,  7.64043E+12,  6.23215E+12,  4.03759E+12,  5.90324E+11,  2.30125E+13,  7.80898E+08,  1.51749E+03,  4.17911E+16,  5.41988E+06,  2.22884E+15,  1.47674E+09,  1.13938E-01,  2.71181E+12,  5.07676E+11,  5.76567E+14,  3.41388E+02,  3.64606E+14,  1.82985E+03,  3.70571E+09,  2.29744E+13,  1.17000E+08,  0.00000E+00,  0.00000E+00,  0.00000E+00,  0.00000E+00,  0.00000E+00
  1.90000E-02,2,  2.58352E-02,  0.00000E+00,  0.00000E+00,  2.44466E+18,  5.63632E+14,  1.38121E+11,  3.41607E+07,  9.33593E+03,  7.27496E+01,  4.24161E+02,  6.84332E-02,  5.98511E-05,  6.45690E+06,  1.20358E+04,  5.45311E-06,  1.27769E-04,  2.34902E+14,  2.42462E-01,  8.71281E+04,  1.03415E+01,  1.66714E+00,  1.63598E+05,  1.16383E+07,  2.19887E+19,  1.51479E+11,  5.93525E+10,  4.84114E+10,  3.13652E+10,  5.46963E+09,  4.92739E+12,  3.78996E+06,  1.57644E+00,  4.16952E+16,  0.00000E+00,  2.22873E+15,  4.42827-208,  0.00000E+00,  2.51710E+10,  4.32958E+11,  5.77294E+14,  3.97038E+00,  3.63099E+14,  2.12814E+01,  2.87497E+05,  2.28561E+13,  1.17000E+08,  0.00000E+00,  0.00000E+00,  0.00000E+00,  0.00000E+00,  0.00000E+00
  1.90500E-02,1,  3.49960E+00,  1.40000E+02,  2.54766E-08,  2.44419E+18,  1.01962E+15,  4.63300E+11,  1.81778E+09,  8.10507E+08,  3.08487E+08,  1.46612E+08,  3.36267E+07,  9.71289E+06,  1.80022E+11,  4.26501E+08,  2.78775E+08,  5.10189E+09,  2.36459E+14,  6.84217E+03,  2.44257E+09,  8.90934E+02,  6.67532E+05,  3.54413E+05,  1.79290E+07,  2.19885E+19,  1.94639E+13,  7.62644E+12,  6.22074E+12,  4.03020E+12,  5.89208E+11,  2.29896E+13,  7.80734E+08,  1.51567E+03,  4.18978E+16,  5.41987E+06,  2.24037E+15,  1.47411E+09,  1.13166E-01,  2.70533E+12,  5.07565E+11,  5.78138E+14,  3.42058E+02,  3.65847E+14,  1.83344E+03,  3.69918E+09,  2.30689E+13,  1.17000E+08,  0.00000E+00,  0.00000E+00,  0.00000E+00,  0.00000E+00,  0.00000E+00
  1.91000E-02,2,  2.58352E-02,  0.00000E+00,  0.00000E+00,  2.44465E+18,  5.64217E+14,  1.38407E+11,  3.42666E+07,  9.37463E+03,  7.30414E+01,  4.25843E+02,  6.87760E-02,  6.02082E-05,  6.46623E+06,  1.20835E+04,  5.46887E-06,  1.28138E-04,  2.35364E+14,  2.43769E-01,  8.74257E+04,  1.03645E+01,  1.66899E+00,  1.63575E+05,  1.16509E+07,  2.19886E+19,  1.51240E+11,  5.92587E+10,  4.83349E+10,  3.13156E+10,  5.46205E+09,  4.93713E+12,  3.80496E+06,  1.58662E+00,  4.18016E+16,  0.00000E+00,  2.24026E+15,  7.58178E-29,  0.00000E+00,  2.51216E+10,  4.32899E+11,  5.78863E+14,  3.97923E+00,  3.64339E+14,  2.13289E+01,  2.87460E+05,  2.29505E+13,  1.17000E+08,  0.00000E+00,  0.00000E+00,  0.00000E+00,  0.00000E+00,  0.00000E+00
  1.91500E-02,1,  3.49960E+00,  1.40000E+02,  2.54766E-08,  2.44419E+18,  1.01980E+15,  4.63461E+11,  1.81789E+09,  8.10508E+08,  3.08487E+08,  1.46613E+08,  3.36268E+07,  9.71291E+06,  1.79575E+11,  4.26501E+08,  2.78774E+08,  5.10189E+09,  2.36924E+14,  6.85232E+03,  2.44139E+09,  8.92690E+02,  6.67533E+05,  3.54646E+05,  1.79290E+07,  2.19885E+19,  1.94276E+13,  7.61221E+12,  6.20913E+12,  4.02267E+12,  5.88073E+11,  2.29949E+13,  7.80772E+08,  1.51611E+03,  4.20037E+16,  5.41986E+06,  2.25190E+15,  1.47149E+09,  1.12397E-01,  2.69886E+12,  5.07455E+11,  5.79705E+14,  3.42732E+02,  3.67087E+14,  1.83705E+03,  3.69268E+09,  2.31635E+13,  1.17000E+08,  0.00000E+00,  0.00000E+00,  0.00000E+00,  0.00000E+00,  0.00000E+00
  1.92000E-02,2,  2.58352E-02,  0.00000E+00,  0.00000E+00,  2.44465E+18,  5.64606E+14,  1.38597E+11,  3.43355E+07,  9.40005E+03,  7.33281E+01,  4.27525E+02,  6.90953E-02,  6.05257E-05,  6.47563E+06,  1.21312E+04,  5.48469E-06,  1.28511E-04,  2.35825E+14,  2.45081E-01,  8.77246E+04,  1.03858E+01,  1.66972E+00,  1.63598E+05,  1.16553E+07,  2.19886E+19,  1.48504E+11,  5.81867E+10,  4.74605E+10,  3.07491E+10,  5.36904E+09,  4.94358E+12,  3.81453E+06,  1.59169E+00,  4.19072E+16,  0.00000E+00,  2.25179E+15,  7.30317E-19,  0.00000E+00,  2.46987E+10,  4.32821E+11,  5.80430E+14,  3.98740E+00,  3.65577E+14,  2.13726E+01,  2.87410E+05,  2.30448E+13,  1.17000E+08,  0.00000E+00,  0.00000E+00,  0.00000E+00,  0.00000E+00,  0.00000E+00
  1.92500E-02,1,  3.49960E+00,  1.40000E+02,  2.54766E-08,  2.44419E+18,  1.01992E+15,  4.63567E+11,  1.81796E+09,  8.10509E+08,  3.08488E+08,  1.46613E+08,  3.36269E+07,  9.71293E+06,  1.79134E+11,  4.26502E+08,  2.78774E+08,  5.10188E+09,  2.37388E+14,  6.86227E+03,  2.44016E+09,  8.94441E+02,  6.67535E+05,  3.54899E+05,  1.79290E+07,  2.19884E+19,  1.93921E+13,  7.59830E+12,  6.19780E+12,  4.01533E+12,  5.86965E+11,  2.29984E+13,  7.80797E+08,  1.51639E+03,  4.21088E+16,  5.41985E+06,  2.26342E+15,  1.46887E+09,  1.11641E-01,  2.69256E+12,  5.07350E+11,  5.81269E+14,  3.43404E+02,  3.68325E+14,  1.84066E+03,  3.68621E+09,  2.32579E+13,  1.17000E+08,  0.00000E+00,  0.00000E+00,  0.00000E+00,  0.00000E+00,  0.00000E+00
  1.93000E-02,2,  2.58352E-02,  0.00000E+00,  0.00000E+00,  2.44465E+18,  5.63844E+14,  1.38225E+11,  3.41987E+07,  9.35971E+03,  7.35861E+01,  4.29161E+02,  6.92662E-02,  6.06004E-05,  6.48449E+06,  1.21776E+04,  5.49973E-06,  1.28863E-04,  2.36273E+14,  2.46350E-01,  8.80115E+04,  1.04018E+01,  1.66723E+00,  1.63098E+05,  1.16378E+07,  2.19885E+19,  1.46044E+11,  5.72231E+10,  4.66745E+10,  3.02399E+10,  5.27726E+09,  4.93088E+12,  3.79530E+06,  1.57995E+00,  4.20115E+16,  0.00000E+00,  2.26331E+15,  6.58832E-18,  0.00000E+00,  2.43171E+10,  4.32731E+11,  5.81995E+14,  3.99353E+00,  3.66805E+14,  2.14055E+01,  2.87322E+05,  2.31383E+13,  1.17000E+08,  0.00000E+00,  0.00000E+00,  0.00000E+00,  0.00000E+00,  0.00000E+00
  1.93500E-02,1,  3.49960E+00,  1.40000E+02,  2.54766E-08,  2.44419E+18,  1.01969E+15,  4.63359E+11,  1.81782E+09,  8.10510E+08,  3.08488E+08,  1.46613E+08,  3.36269E+07,  9.71296E+06,  1.78700E+11,  4.26503E+08,  2.78774E+08,  5.10188E+09,  2.37839E+14,  6.87167E+03,  2.43887E+09,  8.96142E+02,  6.67536E+05,  3.54906E+05,  1.79290E+07,  2.19883E+19,  1.93578E+13,  7.58485E+12,  6.18682E+12,  4.00821E+12,  5.85892E+11,  2.29914E+13,  7.80747E+08,  1.51584E+03,  4.22127E+16,  5.41984E+06,  2.27494E+15,  1.46626E+09,  1.10900E-01,  2.68636E+12,  5.07246E+11,  5.82833E+14,  3.44057E+02,  3.69553E+14,  1.84415E+03,  3.67973E+09,  2.33517E+13,  1.17000E+08,  0.00000E+00,  0.00000E+00,  0.00000E+00,  0.00000E+00,  0.00000E+00
  1.94000E-02,2,  2.58352E-02,  0.00000E+00,  0.00000E+00,  2.44465E+18,  5.62472E+14,  1.37553E+11,  3.39494E+07,  9.28206E+03,  7.38212E+01,  4.30735E+02,  6.93512E-02,  6.05367E-05,  6.49257E+06,  1.22223E+04,  5.51349E-06,  1.29184E-04,  2.36703E+14,  2.47555E-01,  8.82816E+04,  1.04150E+01,  1.66337E+00,  1.62270E+05,  1.16112E+07,  2.19884E+19,  1.40843E+11,  5.51849E+10,  4.50120E+10,  2.91628E+10,  5.09599E+09,  4.90786E+12,  3.75956E+06,  1.55731E+00,  4.21144E+16,  0.00000E+00,  2.27483E+15,  0.00000E+00,  0.00000E+00,  2.35240E+10,  4.32619E+11,  5.83561E+14,  3.99861E+00,  3.68020E+14,  2.14327E+01,  2.87215E+05,  2.32309E+13,  1.17000E+08,  0.00000E+00,  0.00000E+00,  0.00000E+00,  0.00000E+00,  0.00000E+00
  1.94500E-02,1,  3.49960E+00,  1.40000E+02,  2.54766E-08,  2.44418E+18,  1.01925E+15,  4.62979E+11,  1.81757E+09,  8.10512E+08,  3.08489E+08,  1.46614E+08,  3.36270E+07,  9.71298E+06,  1.78273E+11,  4.26504E+08,  2.78774E+08,  5.10188E+09,  2.38271E+14,  6.88005E+03,  2.43741E+09,  8.97774E+02,  6.67538E+05,  3.54753E+05,  1.79290E+07,  2.19882E+19,  1.93276E+13,  7.57304E+12,  6.17719E+12,  4.00198E+12,  5.84949E+11,  2.29786E+13,  7.80657E+08,  1.51483E+03,  4.23151E+16,  5.41983E+06,  2.28646E+15,  1.46364E+09,  1.10190E-01,  2.68067E+12,  5.07150E+11,  5.84396E+14,  3.44683E+02,  3.70768E+14,  1.84751E+03,  3.67325E+09,  2.34445E+13,  1.17000E+08,  0.00000E+00,  0.00000E+00,  0.00000E+00,  0.00000E+00,  0.00000E+00
  1.95000E-02,2,  2.58352E-02,  0.00000E+00,  0.00000E+00,  2.44465E+18,  5.61473E+14,  1.37069E+11,  3.37727E+07,  9.22918E+03,  7.40581E+01,  4.32268E+02,  6.94743E-02,  6.05468E-05,  6.50017E+06,  1.22657E+04,  5.52649E-06,  1.29487E-04,  2.37120E+14,  2.48568E-01,  8.85410E+04,  1.04298E+01,  1.66091E+00,  1.61596E+05,  1.15943E+07,  2.19883E+19,  1.38347E+11,  5.42072E+10,  4.42146E+10,  2.86461E+10,  5.00127E+09,  4.89133E+12,  3.73515E+06,  1.54153E+00,  4.22161E+16,  0.00000E+00,  2.28635E+15,  2.10702E-06,  0.00000E+00,  2.31369E+10,  4.32520E+11,  5.85125E+14,  4.00428E+00,  3.69226E+14,  2.14631E+01,  2.87120E+05,  2.33229E+13,  1.17000E+08,  0.00000E+00,  0.00000E+00,  0.00000E+00,  0.00000E+00,  0.00000E+00
  1.95500E-02,1,  3.49960E+00,  1.40000E+02,  2.54766E-08,  2.44418E+18,  1.01894E+15,  4.62704E+11,  1.81738E+09,  8.10513E+08,  3.08490E+08,  1.46614E+08,  3.36271E+07,  9.71300E+06,  1.77854E+11,  4.26505E+08,  2.78774E+08,  5.10188E+09,  2.38692E+14,  6.88814E+03,  2.43597E+09,  8.99363E+02,  6.67540E+05,  3.54665E+05,  1.79290E+07,  2.19882E+19,  1.92957E+13,  7.56053E+12,  6.16698E+12,  3.99536E+12,  5.83952E+11,  2.29694E+13,  7.80591E+08,  1.51410E+03,  4.24163E+16,  5.41982E+06,  2.29798E+15,  1.46103E+09,  1.09478E-01,  2.67466E+12,  5.07046E+11,  5.85959E+14,  3.45293E+02,  3.71973E+14,  1.85078E+03,  3.66676E+09,  2.35367E+13,  1.17000E+08,  0.00000E+00,  0.00000E+00,  0.00000E+00,  0.00000E+00,  0.00000E+00
  1.96000E-02,2,  2.58352E-02,  0.00000E+00,  0.00000E+00,  2.44464E+18,  5.63571E+14,  1.38092E+11,  3.41496E+07,  9.35479E+03,  7.43635E+01,  4.33860E+02,  6.99910E-02,  6.12066E-05,  6.50867E+06,  1.23109E+04,  5.54086E-06,  1.29826E-04,  2.37554E+14,  2.49957E-01,  8.88188E+04,  1.04567E+01,  1.66630E+00,  1.62330E+05,  1.16307E+07,  2.19883E+19,  1.43366E+11,  5.61738E+10,  4.58186E+10,  2.96854E+10,  5.17438E+09,  4.92626E+12,  3.78822E+06,  1.57579E+00,  4.23176E+16,  0.00000E+00,  2.29786E+15,  7.59646E-24,  0.00000E+00,  2.38754E+10,  4.32506E+11,  5.86685E+14,  4.01463E+00,  3.70438E+14,  2.15185E+01,  2.87113E+05,  2.34155E+13,  1.17000E+08,  0.00000E+00,  0.00000E+00,  0.00000E+00,  0.00000E+00,  0.00000E+00
  1.96500E-02,1,  3.49960E+00,  1.40000E+02,  2.54766E-08,  2.44418E+18,  1.01959E+15,  4.63280E+11,  1.81778E+09,  8.10514E+08,  3.08490E+08,  1.46614E+08,  3.36272E+07,  9.71302E+06,  1.77437E+11,  4.26506E+08,  2.78773E+08,  5.10187E+09,  2.39129E+14,  6.89720E+03,  2.43472E+09,  9.01012E+02,  6.67541E+05,  3.55228E+05,  1.79290E+07,  2.19881E+19,  1.92630E+13,  7.54771E+12,  6.15652E+12,  3.98859E+12,  5.82930E+11,  2.29886E+13,  7.80729E+08,  1.51563E+03,  4.25172E+16,  5.41981E+06,  2.30949E+15,  1.45843E+09,  1.08768E-01,  2.66875E+12,  5.06948E+11,  5.87516E+14,  3.45926E+02,  3.73185E+14,  1.85417E+03,  3.66034E+09,  2.36295E+13,  1.17000E+08,  0.00000E+00,  0.00000E+00,  0.00000E+00,  0.00000E+00,  0.00000E+00
  1.97000E-02,2,  2.58352E-02,  0.00000E+00,  0.00000E+00,  2.44464E+18,  5.63687E+14,  1.38147E+11,  3.41693E+07,  9.36428E+03,  7.46282E+01,  4.35440E+02,  7.02605E-02,  6.14536E-05,  6.51707E+06,  1.23557E+04,  5.55520E-06,  1.30162E-04,  2.37983E+14,  2.51185E-01,  8.90944E+04,  1.04749E+01,  1.66590E+00,  1.62312E+05,  1.16270E+07,  2.19882E+19,  1.39176E+11,  5.45318E+10,  4.44793E+10,  2.88177E+10,  5.03226E+09,  4.92816E+12,  3.79082E+06,  1.57687E+00,  4.24181E+16,  0.00000E+00,  2.30938E+15,  0.00000E+00,  0.00000E+00,  2.32371E+10,  4.32416E+11,  5.88242E+14,  4.02159E+00,  3.71645E+14,  2.15558E+01,  2.87044E+05,  2.35078E+13,  1.17000E+08,  0.00000E+00,  0.00000E+00,  0.00000E+00,  0.00000E+00,  0.00000E+00
  1.97500E-02,1,  3.49960E+00,  1.40000E+02,  2.54766E-08,  2.44418E+18,  1.01963E+15,  4.63311E+11,  1.81780E+09,  8.10515E+08,  3.08491E+08,  1.46615E+08,  3.36272E+07,  9.71304E+06,  1.77026E+11,  4.26506E+08,  2.78773E+08,  5.10187E+09,  2.39561E+14,  6.90610E+03,  2.43347E+09,  9.02641E+02,  6.67542E+05,  3.55445E+05,  1.79290E+07,  2.19880E+19,  1.92305E+13,  7.53498E+12,  6.14614E+12,  3.98186E+12,  5.81917E+11,  2.29896E+13,  7.80736E+08,  1.51572E+03,  4.26172E+16,  5.41980E+06,  2.32100E+15,  1.45585E+09,  1.08067E-01,  2.66288E+12,  5.06850E+11,  5.89072E+14,  3.46552E+02,  3.74392E+14,  1.85752E+03,  3.65393E+09,  2.37219E+13,  1.17000E+08,  0.00000E+00,  0.00000E+00,  0.00000E+00,  0.00000E+00,  0.00000E+00
  1.98000E-02,2,  2.58352E-02,  0.00000E+00,  0.00000E+00,  2.44464E+18,  5.62480E+14,  1.37555E+11,  3.39482E+07,  9.29498E+03,  7.48570E+01,  4.36962E+02,  7.03551E-02,  6.14137E-05,  6.52477E+06,  1.23988E+04,  5.56830E-06,  1.30469E-04,  2.38395E+14,  2.52354E-01,  8.93543E+04,  1.04877E+01,  1.66237E+00,  1.61628E+05,  1.16025E+07,  2.19881E+19,  1.34156E+11,  5.25649E+10,  4.28750E+10,  2.77782E+10,  4.85707E+09,  4.90788E+12,  3.75886E+06,  1.55581E+00,  4.25172E+16,  0.00000E+00,  2.32089E+15,  6.52509E-13,  0.00000E+00,  2.24744E+10,  4.32308E+11,  5.89800E+14,  4.02652E+00,  3.72840E+14,  2.15822E+01,  2.86937E+05,  2.35992E+13,  1.17000E+08,  0.00000E+00,  0.00000E+00,  0.00000E+00,  0.00000E+00,  0.00000E+00
  1.98500E-02,1,  3.49960E+00,  1.40000E+02,  2.54766E-08,  2.44418E+18,  1.01927E+15,  4.62993E+11,  1.81758E+09,  8.10517E+08,  3.08491E+08,  1.46615E+08,  3.36273E+07,  9.71307E+06,  1.76623E+11,  4.26507E+08,  2.78773E+08,  5.10187E+09,  2.39977E+14,  6.91428E+03,  2.43213E+09,  9.04212E+02,  6.67544E+05,  3.55348E+05,  1.79290E+07,  2.19880E+19,  1.91899E+13,  7.51907E+12,  6.13316E+12,  3.97346E+12,  5.80663E+11,  2.29789E+13,  7.80659E+08,  1.51487E+03,  4.27159E+16,  5.41980E+06,  2.33251E+15,  1.45326E+09,  1.07328E-01,  2.65571E+12,  5.06719E+11,  5.90627E+14,  3.47155E+02,  3.75587E+14,  1.86075E+03,  3.64751E+09,  2.38135E+13,  1.17000E+08,  0.00000E+00,  0.00000E+00,  0.00000E+00,  0.00000E+00,  0.00000E+00
  1.99000E-02,2,  2.58352E-02,  0.00000E+00,  0.00000E+00,  2.44464E+18,  5.62222E+14,  1.37428E+11,  3.39014E+07,  9.28330E+03,  7.51024E+01,  4.38465E+02,  7.05648E-02,  6.15705E-05,  6.53230E+06,  1.24415E+04,  5.58117E-06,  1.30771E-04,  2.38802E+14,  2.53509E-01,  8.96101E+04,  1.05047E+01,  1.66173E+00,  1.61307E+05,  1.15980E+07,  2.19881E+19,  1.32282E+11,  5.18307E+10,  4.22762E+10,  2.73903E+10,  4.78996E+09,  4.90354E+12,  3.75218E+06,  1.55164E+00,  4.26153E+16,  0.00000E+00,  2.33240E+15,  7.68702E-11,  0.00000E+00,  2.21826E+10,  4.32228E+11,  5.91356E+14,  4.03302E+00,  3.74029E+14,  2.16170E+01,  2.86860E+05,  2.36902E+13,  1.17000E+08,  0.00000E+00,  0.00000E+00,  0.00000E+00,  0.00000E+00,  0.00000E+00
  1.99500E-02,1,  3.49960E+00,  1.40000E+02,  2.54766E-08,  2.44417E+18,  1.01919E+15,  4.62922E+11,  1.81753E+09,  8.10518E+08,  3.08492E+08,  1.46615E+08,  3.36274E+07,  9.71309E+06,  1.76224E+11,  4.26508E+08,  2.78773E+08,  5.10187E+09,  2.40387E+14,  6.92228E+03,  2.43079E+09,  9.05758E+02,  6.67545E+05,  3.55415E+05,  1.79290E+07,  2.19879E+19,  1.91593E+13,  7.50708E+12,  6.12338E+12,  3.96712E+12,  5.79708E+11,  2.29765E+13,  7.80642E+08,  1.51468E+03,  4.28136E+16,  5.41979E+06,  2.34402E+15,  1.45067E+09,  1.06651E-01,  2.65002E+12,  5.06623E+11,  5.92181E+14,  3.47748E+02,  3.76776E+14,  1.86393E+03,  3.64111E+09,  2.39047E+13,  1.17000E+08,  0.00000E+00,  0.00000E+00,  0.00000E+00,  0.00000E+00,  0.00000E+00
  2.00000E-02,2,  2.58352E-02,  0.00000E+00,  0.00000E+00,  2.44463E+18,  5.62733E+14,  1.37681E+11,  3.39966E+07,  9.31850E+03,  7.53643E+01,  4.39973E+02,  7.08720E-02,  6.18902E-05,  6.53997E+06,  1.24842E+04,  5.59449E-06,  1.31078E-04,  2.39209E+14,  2.54673E-01,  8.98685E+04,  1.05242E+01,  1.66284E+00,  1.61365E+05,  1.16051E+07,  2.19880E+19,  1.32812E+11,  5.20385E+10,  4.24456E+10,  2.75001E+10,  4.80520E+09,  4.91217E+12,  3.76616E+06,  1.56130E+00,  4.27127E+16,  0.00000E+00,  2.34391E+15,  4.17417E-14,  0.00000E+00,  2.22504E+10,  4.32170E+11,  5.92909E+14,  4.04051E+00,  3.75216E+14,  2.16572E+01,  2.86802E+05,  2.37811E+13,  1.17000E+08,  0.00000E+00,  0.00000E+00,  0.00000E+00,  0.00000E+00,  0.00000E+00
  2.00500E-02,1,  3.49960E+00,  1.40000E+02,  2.54766E-08,  2.44417E+18,  1.01933E+15,  4.63050E+11,  1.81762E+09,  8.10519E+08,  3.08492E+08,  1.46616E+08,  3.36274E+07,  9.71311E+06,  1.75831E+11,  4.26509E+08,  2.78772E+08,  5.10186E+09,  2.40797E+14,  6.93044E+03,  2.42952E+09,  9.07304E+02,  6.67547E+05,  3.55658E+05,  1.79290E+07,  2.19878E+19,  1.91382E+13,  7.49880E+12,  6.11663E+12,  3.96274E+12,  5.79034E+11,  2.29807E+13,  7.80673E+08,  1.51503E+03,  4.29105E+16,  5.41978E+06,  2.35553E+15,  1.44810E+09,  1.06032E-01,  2.64580E+12,  5.06561E+11,  5.93732E+14,  3.48342E+02,  3.77963E+14,  1.86711E+03,  3.63473E+09,  2.39958E+13,  1.17000E+08,  0.00000E+00,  0.00000E+00,  0.00000E+00,  0.00000E+00,  0.00000E+00
  2.01000E-02,2,  2.58352E-02,  0.00000E+00,  0.00000E+00,  2.44463E+18,  5.64203E+14,  1.38413E+11,  3.42703E+07,  9.41076E+03,  7.56502E+01,  4.41519E+02,  7.13070E-02,  6.24255E-05,  6.54822E+06,  1.25281E+04,  5.60606E-06,  1.31409E-04,  2.39626E+14,  2.55884E-01,  9.01387E+04,  1.05476E+01,  1.66636E+00,  1.61906E+05,  1.16284E+07,  2.19879E+19,  1.37612E+11,  5.39190E+10,  4.39795E+10,  2.84938E+10,  4.96198E+09,  4.93696E+12,  3.80641E+06,  1.58662E+00,  4.28097E+16,  0.00000E+00,  2.35541E+15,  1.28674E-18,  0.00000E+00,  2.29556E+10,  4.32149E+11,  5.94457E+14,  4.04951E+00,  3.76406E+14,  2.17054E+01,  2.86773E+05,  2.38724E+13,  1.17000E+08,  0.00000E+00,  0.00000E+00,  0.00000E+00,  0.00000E+00,  0.00000E+00
  2.01500E-02,1,  3.49960E+00,  1.40000E+02,  2.54766E-08,  2.44417E+18,  1.01979E+15,  4.63457E+11,  1.81790E+09,  8.10520E+08,  3.08493E+08,  1.46616E+08,  3.36275E+07,  9.71313E+06,  1.75441E+11,  4.26510E+08,  2.78772E+08,  5.10186E+09,  2.41217E+14,  6.93938E+03,  2.42841E+09,  9.08890E+02,  6.67548E+05,  3.56120E+05,  1.79290E+07,  2.19878E+19,  1.91040E+13,  7.48542E+12,  6.10571E+12,  3.95567E+12,  5.77971E+11,  2.29943E+13,  7.80770E+08,  1.51611E+03,  4.30070E+16,  5.41977E+06,  2.36703E+15,  1.44555E+09,  1.05348E-01,  2.63980E+12,  5.06461E+11,  5.95279E+14,  3.48951E+02,  3.79153E+14,  1.87037E+03,  3.62840E+09,  2.40872E+13,  1.17000E+08,  0.00000E+00,  0.00000E+00,  0.00000E+00,  0.00000E+00,  0.00000E+00
  2.02000E-02,2,  2.58352E-02,  0.00000E+00,  0.00000E+00,  2.44463E+18,  5.62843E+14,  1.37732E+11,  3.40136E+07,  9.33004E+03,  7.58691E+01,  4.42998E+02,  7.13734E-02,  6.23381E-05,  6.55567E+06,  1.25700E+04,  5.62117E-06,  1.31708E-04,  2.40024E+14,  2.57028E-01,  9.03915E+04,  1.05587E+01,  1.66211E+00,  1.61206E+05,  1.15988E+07,  2.19879E+19,  1.29466E+11,  5.07271E+10,  4.13760E+10,  2.68071E+10,  4.68607E+09,  4.91390E+12,  3.76807E+06,  1.56150E+00,  4.29052E+16,  0.00000E+00,  2.36692E+15,  9.26068E-11,  0.00000E+00,  2.17297E+10,  4.32026E+11,  5.96007E+14,  4.05377E+00,  3.77583E+14,  2.17282E+01,  2.86656E+05,  2.39627E+13,  1.17000E+08,  0.00000E+00,  0.00000E+00,  0.00000E+00,  0.00000E+00,  0.00000E+00
  2.02500E-02,1,  3.49960E+00,  1.40000E+02,  2.54766E-08,  2.44417E+18,  1.01938E+15,  4.63092E+11,  1.81766E+09,  8.10521E+08,  3.08494E+08,  1.46616E+08,  3.36276E+07,  9.71315E+06,  1.75058E+11,  4.26510E+08,  2.78772E+08,  5.10186E+09,  2.41618E+14,  6.94710E+03,  2.42708E+09,  9.10404E+02,  6.67550E+05,  3.56010E+05,  1.79290E+07,  2.19877E+19,  1.90680E+13,  7.47129E+12,  6.09419E+12,  3.94820E+12,  5.76857E+11,  2.29820E+13,  7.80683E+08,  1.51514E+03,  4.31021E+16,  5.41976E+06,  2.37854E+15,  1.44299E+09,  1.04662E-01,  2.63338E+12,  5.06347E+11,  5.96827E+14,  3.49532E+02,  3.80329E+14,  1.87349E+03,  3.62205E+09,  2.41777E+13,  1.17000E+08,  0.00000E+00,  0.00000E+00,  0.00000E+00,  0.00000E+00,  0.00000E+00
  2.03000E-02,2,  2.58352E-02,  0.00000E+00,  0.00000E+00,  2.44462E+18,  5.68299E+14,  1.40417E+11,  3.50137E+07,  9.66138E+03,  7.62531E+01,  4.44648E+02,  7.23339E-02,  6.37491E-05,  6.56547E+06,  1.26168E+04,  5.63800E-06,  1.32103E-04,  2.40468E+14,  2.58364E-01,  9.06938E+04,  1.05992E+01,  1.67628E+00,  1.63489E+05,  1.16946E+07,  2.19878E+19,  1.48274E+11,  5.80968E+10,  4.73872E+10,  3.07016E+10,  5.32447E+09,  5.00576E+12,  3.91171E+06,  1.65361E+00,  4.30018E+16,  0.00000E+00,  2.37842E+15,  1.09158E-53,  1.79876-216,  2.45233E+10,  4.32143E+11,  5.97546E+14,  4.06932E+00,  3.78784E+14,  2.18115E+01,  2.86750E+05,  2.40550E+13,  1.17000E+08,  0.00000E+00,  0.00000E+00,  0.00000E+00,  0.00000E+00,  0.00000E+00
  2.03500E-02,1,  3.49960E+00,  1.40000E+02,  2.54766E-08,  2.44416E+18,  1.02106E+15,  4.64579E+11,  1.81867E+09,  8.10523E+08,  3.08494E+08,  1.46616E+08,  3.36277E+07,  9.71317E+06,  1.74673E+11,  4.26511E+08,  2.78772E+08,  5.10185E+09,  2.42065E+14,  6.95768E+03,  2.42629E+09,  9.12090E+02,  6.67551E+05,  3.57274E+05,  1.79289E+07,  2.19876E+19,  1.90414E+13,  7.46089E+12,  6.08571E+12,  3.94271E+12,  5.76019E+11,  2.30316E+13,  7.81039E+08,  1.51910E+03,  4.31981E+16,  5.41975E+06,  2.39004E+15,  1.44047E+09,  1.04031E-01,  2.62887E+12,  5.06289E+11,  5.98365E+14,  3.50179E+02,  3.81530E+14,  1.87695E+03,  3.61582E+09,  2.42702E+13,  1.17000E+08,  0.00000E+00,  0.00000E+00,  0.00000E+00,  0.00000E+00,  0.00000E+00
  2.04000E-02,2,  2.58352E-02,  0.00000E+00,  0.00000E+00,  2.44462E+18,  5.63286E+14,  1.37949E+11,  3.40937E+07,  9.36309E+03,  7.63940E+01,  4.46100E+02,  7.19298E-02,  6.28693E-05,  6.57270E+06,  1.26580E+04,  5.65035E-06,  1.32394E-04,  2.40857E+14,  2.59488E-01,  9.09410E+04,  1.05943E+01,  1.66167E+00,  1.61282E+05,  1.15939E+07,  2.19877E+19,  1.26838E+11,  4.96976E+10,  4.05363E+10,  2.62630E+10,  4.59071E+09,  4.92129E+12,  3.77941E+06,  1.56854E+00,  4.30955E+16,  0.00000E+00,  2.38992E+15,  8.79731E-11,  0.00000E+00,  2.13204E+10,  4.31902E+11,  5.99092E+14,  4.06745E+00,  3.79950E+14,  2.18015E+01,  2.86521E+05,  2.41446E+13,  1.17000E+08,  0.00000E+00,  0.00000E+00,  0.00000E+00,  0.00000E+00,  0.00000E+00
  2.04500E-02,1,  3.49960E+00,  1.40000E+02,  2.54766E-08,  2.44416E+18,  1.01951E+15,  4.63206E+11,  1.81774E+09,  8.10524E+08,  3.08495E+08,  1.46617E+08,  3.36277E+07,  9.71319E+06,  1.74301E+11,  4.26512E+08,  2.78772E+08,  5.10185E+09,  2.42455E+14,  6.96526E+03,  2.42503E+09,  9.13562E+02,  6.67552E+05,  3.56480E+05,  1.79290E+07,  2.19876E+19,  1.90127E+13,  7.44962E+12,  6.07652E+12,  3.93675E+12,  5.75120E+11,  2.29857E+13,  7.80710E+08,  1.51544E+03,  4.32914E+16,  5.41974E+06,  2.40154E+15,  1.43792E+09,  1.03396E-01,  2.62354E+12,  5.06198E+11,  5.99909E+14,  3.50744E+02,  3.82696E+14,  1.87998E+03,  3.60950E+09,  2.43600E+13,  1.17000E+08,  0.00000E+00,  0.00000E+00,  0.00000E+00,  0.00000E+00,  0.00000E+00
  2.05000E-02,2,  2.58352E-02,  0.00000E+00,  0.00000E+00,  2.44462E+18,  5.63461E+14,  1.38040E+11,  3.41309E+07,  9.38034E+03,  7.66416E+01,  4.47555E+02,  7.21870E-02,  6.31159E-05,  6.58005E+06,  1.26992E+04,  5.66308E-06,  1.32690E-04,  2.41247E+14,  2.60619E-01,  9.11900E+04,  1.06138E+01,  1.66311E+00,  1.61041E+05,  1.16043E+07,  2.19877E+19,  1.29980E+11,  5.09288E+10,  4.15405E+10,  2.69136E+10,  4.69033E+09,  4.92443E+12,  3.78557E+06,  1.57423E+00,  4.31885E+16,  0.00000E+00,  2.40142E+15,  6.92099E-14,  0.00000E+00,  2.17781E+10,  4.31865E+11,  6.00635E+14,  4.07491E+00,  3.81115E+14,  2.18415E+01,  2.86466E+05,  2.42343E+13,  1.17000E+08,  0.00000E+00,  0.00000E+00,  0.00000E+00,  0.00000E+00,  0.00000E+00
  2.05500E-02,1,  3.49960E+00,  1.40000E+02,  2.54766E-08,  2.44416E+18,  1.01956E+15,  4.63254E+11,  1.81777E+09,  8.10525E+08,  3.08495E+08,  1.46617E+08,  3.36278E+07,  9.71321E+06,  1.73932E+11,  4.26513E+08,  2.78771E+08,  5.10185E+09,  2.42848E+14,  6.97308E+03,  2.42382E+09,  9.15045E+02,  6.67554E+05,  3.56575E+05,  1.79290E+07,  2.19875E+19,  1.89838E+13,  7.43832E+12,  6.06730E+12,  3.93078E+12,  5.74220E+11,  2.29873E+13,  7.80721E+08,  1.51557E+03,  4.33840E+16,  5.41973E+06,  2.41303E+15,  1.43539E+09,  1.02767E-01,  2.61828E+12,  5.06112E+11,  6.01450E+14,  3.51313E+02,  3.83861E+14,  1.88303E+03,  3.60321E+09,  2.44498E+13,  1.17000E+08,  0.00000E+00,  0.00000E+00,  0.00000E+00,  0.00000E+00,  0.00000E+00
  2.06000E-02,2,  2.58352E-02,  0.00000E+00,  0.00000E+00,  2.44462E+18,  5.63997E+14,  1.38301E+11,  3.42271E+07,  9.41466E+03,  7.68953E+01,  4.49017E+02,  7.24919E-02,  6.34386E-05,  6.58758E+06,  1.27407E+04,  5.67610E-06,  1.32994E-04,  2.41638E+14,  2.61764E-01,  9.14424E+04,  1.06326E+01,  1.66425E+00,  1.61121E+05,  1.16116E+07,  2.19876E+19,  1.28496E+11,  5.03474E+10,  4.10663E+10,  2.66064E+10,  4.64179E+09,  4.93333E+12,  3.79910E+06,  1.58240E+00,  4.32809E+16,  0.00000E+00,  2.41291E+15,  1.96668E-21,  0.00000E+00,  2.15475E+10,  4.31804E+11,  6.02176E+14,  4.08214E+00,  3.82278E+14,  2.18802E+01,  2.86407E+05,  2.43238E+13,  1.17000E+08,  0.00000E+00,  0.00000E+00,  0.00000E+00,  0.00000E+00,  0.00000E+00
  2.06500E-02,1,  3.49960E+00,  1.40000E+02,  2.54766E-08,  2.44416E+18,  1.01973E+15,  4.63401E+11,  1.81787E+09,  8.10526E+08,  3.08496E+08,  1.46617E+08,  3.36279E+07,  9.71323E+06,  1.73568E+11,  4.26514E+08,  2.78771E+08,  5.10185E+09,  2.43241E+14,  6.98105E+03,  2.42267E+09,  9.16530E+02,  6.67555E+05,  3.56814E+05,  1.79289E+07,  2.19874E+19,  1.89550E+13,  7.42704E+12,  6.05810E+12,  3.92482E+12,  5.73322E+11,  2.29921E+13,  7.80756E+08,  1.51597E+03,  4.34759E+16,  5.41972E+06,  2.42453E+15,  1.43286E+09,  1.02144E-01,  2.61308E+12,  5.06028E+11,  6.02989E+14,  3.51883E+02,  3.85024E+14,  1.88609E+03,  3.59695E+09,  2.45395E+13,  1.17000E+08,  0.00000E+00,  0.00000E+00,  0.00000E+00,  0.00000E+00,  0.00000E+00
  2.07000E-02,2,  2.58352E-02,  0.00000E+00,  0.00000E+00,  2.44462E+18,  5.64053E+14,  1.38329E+11,  3.42373E+07,  9.42131E+03,  7.71376E+01,  4.50466E+02,  7.27330E-02,  6.36553E-05,  6.59499E+06,  1.27818E+04,  5.68879E-06,  1.33293E-04,  2.42025E+14,  2.62898E-01,  9.16918E+04,  1.06491E+01,  1.66399E+00,  1.61022E+05,  1.16093E+07,  2.19875E+19,  1.27296E+11,  4.98771E+10,  4.06827E+10,  2.63579E+10,  4.59826E+09,  4.93426E+12,  3.80054E+06,  1.58331E+00,  4.33724E+16,  0.00000E+00,  2.42441E+15,  2.01119E-21,  0.00000E+00,  2.13594E+10,  4.31739E+11,  6.03715E+14,  4.08849E+00,  3.83437E+14,  2.19142E+01,  2.86332E+05,  2.44130E+13,  1.17000E+08,  0.00000E+00,  0.00000E+00,  0.00000E+00,  0.00000E+00,  0.00000E+00
  2.07500E-02,1,  3.49960E+00,  1.40000E+02,  2.54766E-08,  2.44416E+18,  1.01974E+15,  4.63416E+11,  1.81788E+09,  8.10527E+08,  3.08496E+08,  1.46618E+08,  3.36279E+07,  9.71325E+06,  1.73209E+11,  4.26514E+08,  2.78771E+08,  5.10184E+09,  2.43630E+14,  6.98890E+03,  2.42152E+09,  9.17998E+02,  6.67557E+05,  3.56971E+05,  1.79289E+07,  2.19874E+19,  1.89267E+13,  7.41592E+12,  6.04903E+12,  3.91895E+12,  5.72437E+11,  2.29926E+13,  7.80759E+08,  1.51601E+03,  4.35669E+16,  5.41972E+06,  2.43602E+15,  1.43034E+09,  1.01529E-01,  2.60795E+12,  5.05946E+11,  6.04526E+14,  3.52447E+02,  3.86183E+14,  1.88911E+03,  3.59070E+09,  2.46289E+13,  1.17000E+08,  0.00000E+00,  0.00000E+00,  0.00000E+00,  0.00000E+00,  0.00000E+00
  2.08000E-02,2,  2.58352E-02,  0.00000E+00,  0.00000E+00,  2.44462E+18,  5.62709E+14,  1.37670E+11,  3.39928E+07,  9.34462E+03,  7.73416E+01,  4.51851E+02,  7.27829E-02,  6.35574E-05,  6.60165E+06,  1.28211E+04,  5.70039E-06,  1.33563E-04,  2.42394E+14,  2.63967E-01,  9.19246E+04,  1.06596E+01,  1.66014E+00,  1.60270E+05,  1.15827E+07,  2.19875E+19,  1.22522E+11,  4.80064E+10,  3.91569E+10,  2.53693E+10,  4.43159E+09,  4.91173E+12,  3.76555E+06,  1.56084E+00,  4.34625E+16,  0.00000E+00,  2.43590E+15,  3.74445E-11,  0.00000E+00,  2.06398E+10,  4.31638E+11,  6.05254E+14,  4.09249E+00,  3.84582E+14,  2.19356E+01,  2.86215E+05,  2.45013E+13,  1.17000E+08,  0.00000E+00,  0.00000E+00,  0.00000E+00,  0.00000E+00,  0.00000E+00
  2.08500E-02,1,  3.49960E+00,  1.40000E+02,  2.54766E-08,  2.44415E+18,  1.01933E+15,  4.63048E+11,  1.81763E+09,  8.10528E+08,  3.08497E+08,  1.46618E+08,  3.36280E+07,  9.71327E+06,  1.72856E+11,  4.26515E+08,  2.78771E+08,  5.10184E+09,  2.44002E+14,  6.99596E+03,  2.42028E+09,  9.19401E+02,  6.67558E+05,  3.56825E+05,  1.79289E+07,  2.19873E+19,  1.88996E+13,  7.40533E+12,  6.04039E+12,  3.91335E+12,  5.71593E+11,  2.29802E+13,  7.80671E+08,  1.51503E+03,  4.36566E+16,  5.41971E+06,  2.44751E+15,  1.42781E+09,  1.00927E-01,  2.60291E+12,  5.05862E+11,  6.06064E+14,  3.52985E+02,  3.87328E+14,  1.89199E+03,  3.58444E+09,  2.47173E+13,  1.17000E+08,  0.00000E+00,  0.00000E+00,  0.00000E+00,  0.00000E+00,  0.00000E+00
  2.09000E-02,2,  2.58352E-02,  0.00000E+00,  0.00000E+00,  2.44461E+18,  5.65659E+14,  1.39119E+11,  3.45304E+07,  9.52299E+03,  7.76462E+01,  4.53334E+02,  7.34048E-02,  6.44157E-05,  6.60967E+06,  1.28631E+04,  5.72046E-06,  1.33887E-04,  2.42788E+14,  2.65149E-01,  9.21862E+04,  1.06888E+01,  1.66806E+00,  1.61432E+05,  1.16363E+07,  2.19874E+19,  1.30635E+11,  5.11854E+10,  4.17498E+10,  2.70492E+10,  4.70695E+09,  4.96131E+12,  3.84283E+06,  1.60957E+00,  4.35528E+16,  0.00000E+00,  2.44739E+15,  1.88365E-19,  0.00000E+00,  2.18362E+10,  4.31662E+11,  6.06787E+14,  4.10370E+00,  3.85741E+14,  2.19957E+01,  2.86230E+05,  2.45907E+13,  1.17000E+08,  0.00000E+00,  0.00000E+00,  0.00000E+00,  0.00000E+00,  0.00000E+00
  2.09500E-02,1,  3.49960E+00,  1.40000E+02,  2.54766E-08,  2.44415E+18,  1.02024E+15,  4.63856E+11,  1.81819E+09,  8.10529E+08,  3.08497E+08,  1.46618E+08,  3.36281E+07,  9.71329E+06,  1.72503E+11,  4.26516E+08,  2.78771E+08,  5.10184E+09,  2.44399E+14,  7.00447E+03,  2.41928E+09,  9.20902E+02,  6.67559E+05,  3.57551E+05,  1.79289E+07,  2.19872E+19,  1.88708E+13,  7.39404E+12,  6.03118E+12,  3.90738E+12,  5.70695E+11,  2.30072E+13,  7.80865E+08,  1.51718E+03,  4.37465E+16,  5.41970E+06,  2.45900E+15,  1.42532E+09,  1.00321E-01,  2.59790E+12,  5.05786E+11,  6.07595E+14,  3.53561E+02,  3.88486E+14,  1.89508E+03,  3.57825E+09,  2.48069E+13,  1.17000E+08,  0.00000E+00,  0.00000E+00,  0.00000E+00,  0.00000E+00,  0.00000E+00
  2.10000E-02,2,  2.58352E-02,  0.00000E+00,  0.00000E+00,  2.44461E+18,  5.65116E+14,  1.38852E+11,  3.44323E+07,  9.49509E+03,  7.78754E+01,  4.54769E+02,  7.35665E-02,  6.44998E-05,  6.61713E+06,  1.29038E+04,  5.72705E-06,  1.34190E-04,  2.43169E+14,  2.66283E-01,  9.24352E+04,  1.07014E+01,  1.66543E+00,  1.61149E+05,  1.16173E+07,  2.19873E+19,  1.28099E+11,  5.01917E+10,  4.09393E+10,  2.65241E+10,  4.61642E+09,  4.95222E+12,  3.82863E+06,  1.60128E+00,  4.36420E+16,  0.00000E+00,  2.45888E+15,  1.93967E-28,  0.00000E+00,  2.14507E+10,  4.31588E+11,  6.08320E+14,  4.10854E+00,  3.86889E+14,  2.20216E+01,  2.86130E+05,  2.46793E+13,  1.17000E+08,  0.00000E+00,  0.00000E+00,  0.00000E+00,  0.00000E+00,  0.00000E+00
  2.10500E-02,1,  3.49960E+00,  1.40000E+02,  2.54766E-08,  2.44415E+18,  1.02007E+15,  4.63707E+11,  1.81809E+09,  8.10530E+08,  3.08498E+08,  1.46619E+08,  3.36281E+07,  9.71331E+06,  1.72157E+11,  4.26516E+08,  2.78770E+08,  5.10184E+09,  2.44783E+14,  7.01235E+03,  2.41821E+09,  9.22348E+02,  6.67560E+05,  3.57621E+05,  1.79289E+07,  2.19872E+19,  1.88431E+13,  7.38317E+12,  6.02232E+12,  3.90164E+12,  5.69830E+11,  2.30022E+13,  7.80829E+08,  1.51679E+03,  4.38352E+16,  5.41969E+06,  2.47048E+15,  1.42282E+09,  9.97262E-02,  2.59296E+12,  5.05709E+11,  6.09126E+14,  3.54117E+02,  3.89634E+14,  1.89805E+03,  3.57206E+09,  2.48957E+13,  1.17000E+08,  0.00000E+00,  0.00000E+00,  0.00000E+00,  0.00000E+00,  0.00000E+00
  2.11000E-02,2,  2.58352E-02,  0.00000E+00,  0.00000E+00,  2.44461E+18,  5.62821E+14,  1.37725E+11,  3.40133E+07,  9.36109E+03,  7.80534E+01,  4.56113E+02,  7.34842E-02,  6.41821E-05,  6.62347E+06,  1.29419E+04,  5.73810E-06,  1.34447E-04,  2.43526E+14,  2.67320E-01,  9.26595E+04,  1.07080E+01,  1.65939E+00,  1.59959E+05,  1.15761E+07,  2.19873E+19,  1.19196E+11,  4.67034E+10,  3.80940E+10,  2.46807E+10,  4.31082E+09,  4.91358E+12,  3.76844E+06,  1.56265E+00,  4.37295E+16,  0.00000E+00,  2.47036E+15,  3.46371E-11,  0.00000E+00,  2.01202E+10,  4.31455E+11,  6.09855E+14,  4.11106E+00,  3.88020E+14,  2.20351E+01,  2.85988E+05,  2.47666E+13,  1.17000E+08,  0.00000E+00,  0.00000E+00,  0.00000E+00,  0.00000E+00,  0.00000E+00
  2.11500E-02,1,  3.49960E+00,  1.40000E+02,  2.54766E-08,  2.44415E+18,  1.01936E+15,  4.63078E+11,  1.81766E+09,  8.10531E+08,  3.08498E+08,  1.46619E+08,  3.36282E+07,  9.71333E+06,  1.71818E+11,  4.26517E+08,  2.78770E+08,  5.10183E+09,  2.45141E+14,  7.01905E+03,  2.41698E+09,  9.23700E+02,  6.67562E+05,  3.57273E+05,  1.79289E+07,  2.19871E+19,  1.88172E+13,  7.37304E+12,  6.01405E+12,  3.89628E+12,  5.69023E+11,  2.29811E+13,  7.80678E+08,  1.51511E+03,  4.39223E+16,  5.41968E+06,  2.48197E+15,  1.42031E+09,  9.91475E-02,  2.58811E+12,  5.05628E+11,  6.10659E+14,  3.54636E+02,  3.90765E+14,  1.90083E+03,  3.56584E+09,  2.49831E+13,  1.17000E+08,  0.00000E+00,  0.00000E+00,  0.00000E+00,  0.00000E+00,  0.00000E+00
  2.12000E-02,2,  2.58352E-02,  0.00000E+00,  0.00000E+00,  2.44460E+18,  5.67975E+14,  1.40258E+11,  3.49547E+07,  9.67192E+03,  7.84082E+01,  4.57629E+02,  7.44041E-02,  6.55381E-05,  6.63214E+06,  1.29850E+04,  5.67727E-06,  1.34800E-04,  2.43928E+14,  2.68554E-01,  9.29339E+04,  1.07464E+01,  1.67319E+00,  1.62097E+05,  1.16695E+07,  2.19872E+19,  1.35269E+11,  5.30009E+10,  4.32307E+10,  2.80086E+10,  4.85845E+09,  5.00022E+12,  3.90314E+06,  1.64817E+00,  4.38181E+16,  0.00000E+00,  2.48185E+15,  2.18090E-43,  1.73100-193,  2.24957E+10,  4.31558E+11,  6.11379E+14,  4.12582E+00,  3.89175E+14,  2.21142E+01,  2.86069E+05,  2.48560E+13,  1.17000E+08,  0.00000E+00,  0.00000E+00,  0.00000E+00,  0.00000E+00,  0.00000E+00
  2.12500E-02,1,  3.49960E+00,  1.40000E+02,  2.54766E-08,  2.44414E+18,  1.02095E+15,  4.64490E+11,  1.81863E+09,  8.10533E+08,  3.08499E+08,  1.46619E+08,  3.36283E+07,  9.71335E+06,  1.71476E+11,  4.26518E+08,  2.78770E+08,  5.10183E+09,  2.45546E+14,  7.02826E+03,  2.41617E+09,  9.25229E+02,  6.67563E+05,  3.58436E+05,  1.79289E+07,  2.19870E+19,  1.87881E+13,  7.36165E+12,  6.00476E+12,  3.89026E+12,  5.68118E+11,  2.30282E+13,  7.81016E+08,  1.51888E+03,  4.40104E+16,  5.41967E+06,  2.49345E+15,  1.41785E+09,  9.85561E-02,  2.58327E+12,  5.05561E+11,  6.12182E+14,  3.55223E+02,  3.91921E+14,  1.90398E+03,  3.55974E+09,  2.50727E+13,  1.17000E+08,  0.00000E+00,  0.00000E+00,  0.00000E+00,  0.00000E+00,  0.00000E+00
  2.13000E-02,2,  2.58352E-02,  0.00000E+00,  0.00000E+00,  2.44460E+18,  5.69892E+14,  1.41205E+11,  3.53081E+07,  9.79120E+03,  7.87054E+01,  4.59182E+02,  7.49088E-02,  6.61884E-05,  6.64136E+06,  1.30290E+04,  5.75490E-06,  1.35175E-04,  2.44339E+14,  2.69834E-01,  9.32199E+04,  1.07693E+01,  1.67661E+00,  1.63031E+05,  1.16911E+07,  2.19871E+19,  1.37866E+11,  5.40187E+10,  4.40608E+10,  2.85465E+10,  4.94538E+09,  5.03258E+12,  3.95381E+06,  1.68037E+00,  4.39063E+16,  0.00000E+00,  2.49333E+15,  5.76008E-53,  0.00000E+00,  2.28742E+10,  4.31548E+11,  6.12900E+14,  4.13462E+00,  3.90334E+14,  2.21614E+01,  2.86042E+05,  2.49458E+13,  1.17000E+08,  0.00000E+00,  0.00000E+00,  0.00000E+00,  0.00000E+00,  0.00000E+00
  2.13500E-02,1,  3.49960E+00,  1.40000E+02,  2.54766E-08,  2.44414E+18,  1.02155E+15,  4.65014E+11,  1.81899E+09,  8.10534E+08,  3.08499E+08,  1.46619E+08,  3.36283E+07,  9.71336E+06,  1.71138E+11,  4.26519E+08,  2.78770E+08,  5.10183E+09,  2.45958E+14,  7.03796E+03,  2.41544E+09,  9.26785E+02,  6.67564E+05,  3.59064E+05,  1.79289E+07,  2.19870E+19,  1.87586E+13,  7.35006E+12,  5.99530E+12,  3.88414E+12,  5.67196E+11,  2.30457E+13,  7.81142E+08,  1.52028E+03,  4.40982E+16,  5.41967E+06,  2.50493E+15,  1.41540E+09,  9.79669E-02,  2.57846E+12,  5.05494E+11,  6.13702E+14,  3.55820E+02,  3.93079E+14,  1.90718E+03,  3.55368E+09,  2.51626E+13,  1.17000E+08,  0.00000E+00,  0.00000E+00,  0.00000E+00,  0.00000E+00,  0.00000E+00
  2.14000E-02,2,  2.58352E-02,  0.00000E+00,  0.00000E+00,  2.44460E+18,  5.65391E+14,  1.38986E+11,  3.44813E+07,  9.52400E+03,  7.88436E+01,  4.60553E+02,  7.45389E-02,  6.53797E-05,  6.64826E+06,  1.30679E+04,  5.78110E-06,  1.35456E-04,  2.44700E+14,  2.70915E-01,  9.34551E+04,  1.07662E+01,  1.66410E+00,  1.60932E+05,  1.16055E+07,  2.19871E+19,  1.22270E+11,  4.79079E+10,  3.90765E+10,  2.53172E+10,  4.40870E+09,  4.95666E+12,  3.83532E+06,  1.60524E+00,  4.39920E+16,  0.00000E+00,  2.50481E+15,  2.22604E-24,  0.00000E+00,  2.05553E+10,  4.31361E+11,  6.14427E+14,  4.13343E+00,  3.91461E+14,  2.21550E+01,  2.85836E+05,  2.50330E+13,  1.17000E+08,  0.00000E+00,  0.00000E+00,  0.00000E+00,  0.00000E+00,  0.00000E+00
  2.14500E-02,1,  3.49960E+00,  1.40000E+02,  2.54766E-08,  2.44414E+18,  1.02015E+15,  4.63783E+11,  1.81815E+09,  8.10535E+08,  3.08500E+08,  1.46620E+08,  3.36284E+07,  9.71339E+06,  1.70809E+11,  4.26519E+08,  2.78770E+08,  5.10183E+09,  2.46321E+14,  7.04519E+03,  2.41437E+09,  9.28153E+02,  6.67566E+05,  3.58314E+05,  1.79289E+07,  2.19869E+19,  1.87326E+13,  7.33987E+12,  5.98699E+12,  3.87876E+12,  5.66384E+11,  2.30045E+13,  7.80847E+08,  1.51699E+03,  4.41834E+16,  5.41966E+06,  2.51641E+15,  1.41293E+09,  9.74029E-02,  2.57376E+12,  5.05419E+11,  6.15227E+14,  3.56345E+02,  3.94206E+14,  1.90999E+03,  3.54755E+09,  2.52500E+13,  1.17000E+08,  0.00000E+00,  0.00000E+00,  0.00000E+00,  0.00000E+00,  0.00000E+00
  2.15000E-02,2,  2.58352E-02,  0.00000E+00,  0.00000E+00,  2.44460E+18,  5.64897E+14,  1.38744E+11,  3.43915E+07,  9.49788E+03,  7.90589E+01,  4.61904E+02,  7.46923E-02,  6.54612E-05,  6.65498E+06,  1.31062E+04,  5.79277E-06,  1.35730E-04,  2.45056E+14,  2.71979E-01,  9.36858E+04,  1.07815E+01,  1.66371E+00,  1.60407E+05,  1.16034E+07,  2.19870E+19,  1.21236E+11,  4.75028E+10,  3.87461E+10,  2.51031E+10,  4.37120E+09,  4.94836E+12,  3.82250E+06,  1.59720E+00,  4.40768E+16,  0.00000E+00,  2.51629E+15,  2.16482E-24,  0.00000E+00,  2.03938E+10,  4.31303E+11,  6.15953E+14,  4.13928E+00,  3.92584E+14,  2.21863E+01,  2.85757E+05,  2.51199E+13,  1.17000E+08,  0.00000E+00,  0.00000E+00,  0.00000E+00,  0.00000E+00,  0.00000E+00
  2.15500E-02,1,  3.49960E+00,  1.40000E+02,  2.54766E-08,  2.44414E+18,  1.02000E+15,  4.63647E+11,  1.81805E+09,  8.10536E+08,  3.08500E+08,  1.46620E+08,  3.36285E+07,  9.71341E+06,  1.70485E+11,  4.26520E+08,  2.78769E+08,  5.10182E+09,  2.46679E+14,  7.05230E+03,  2.41329E+09,  9.29506E+02,  6.67567E+05,  3.58264E+05,  1.79289E+07,  2.19868E+19,  1.87070E+13,  7.32985E+12,  5.97882E+12,  3.87346E+12,  5.65587E+11,  2.29999E+13,  7.80814E+08,  1.51663E+03,  4.42679E+16,  5.41965E+06,  2.52789E+15,  1.41046E+09,  9.68466E-02,  2.56915E+12,  5.05347E+11,  6.16751E+14,  3.56864E+02,  3.95329E+14,  1.91277E+03,  3.54142E+09,  2.53371E+13,  1.17000E+08,  0.00000E+00,  0.00000E+00,  0.00000E+00,  0.00000E+00,  0.00000E+00
  2.16000E-02,2,  2.58352E-02,  0.00000E+00,  0.00000E+00,  2.44460E+18,  5.63177E+14,  1.37901E+11,  3.40789E+07,  9.39897E+03,  7.92381E+01,  4.63184E+02,  7.46713E-02,  6.52579E-05,  6.66084E+06,  1.31425E+04,  5.80300E-06,  1.35969E-04,  2.45393E+14,  2.72967E-01,  9.38973E+04,  1.07893E+01,  1.65911E+00,  1.59435E+05,  1.15721E+07,  2.19869E+19,  1.14754E+11,  4.49627E+10,  3.66742E+10,  2.37608E+10,  4.14836E+09,  4.91954E+12,  3.77787E+06,  1.56895E+00,  4.41602E+16,  0.00000E+00,  2.52776E+15,  0.00000E+00,  0.00000E+00,  1.94254E+10,  4.31193E+11,  6.17479E+14,  4.14229E+00,  3.93693E+14,  2.22024E+01,  2.85628E+05,  2.52058E+13,  1.17000E+08,  0.00000E+00,  0.00000E+00,  0.00000E+00,  0.00000E+00,  0.00000E+00
  2.16500E-02,1,  3.49960E+00,  1.40000E+02,  2.54766E-08,  2.44414E+18,  1.01947E+15,  4.63176E+11,  1.81773E+09,  8.10537E+08,  3.08501E+08,  1.46620E+08,  3.36285E+07,  9.71343E+06,  1.70168E+11,  4.26521E+08,  2.78769E+08,  5.10182E+09,  2.47018E+14,  7.05850E+03,  2.41211E+09,  9.30784E+02,  6.67568E+05,  3.58005E+05,  1.79289E+07,  2.19868E+19,  1.86829E+13,  7.32040E+12,  5.97111E+12,  3.86847E+12,  5.64835E+11,  2.29842E+13,  7.80701E+08,  1.51538E+03,  4.43509E+16,  5.41964E+06,  2.53936E+15,  1.40798E+09,  9.63032E-02,  2.56461E+12,  5.05274E+11,  6.18275E+14,  3.57355E+02,  3.96438E+14,  1.91540E+03,  3.53528E+09,  2.54231E+13,  1.17000E+08,  0.00000E+00,  0.00000E+00,  0.00000E+00,  0.00000E+00,  0.00000E+00
  2.17000E-02,2,  2.58352E-02,  0.00000E+00,  0.00000E+00,  2.44460E+18,  5.62988E+14,  1.37808E+11,  3.40448E+07,  9.39082E+03,  7.94453E+01,  4.64450E+02,  7.48503E-02,  6.53937E-05,  6.66661E+06,  1.31784E+04,  5.81307E-06,  1.36205E-04,  2.45725E+14,  2.73945E-01,  9.41061E+04,  1.08035E+01,  1.65881E+00,  1.59144E+05,  1.15701E+07,  2.19869E+19,  1.13828E+11,  4.46002E+10,  3.63785E+10,  2.35692E+10,  4.11478E+09,  4.91637E+12,  3.77301E+06,  1.56592E+00,  4.42428E+16,  0.00000E+00,  2.53924E+15,  0.00000E+00,  0.00000E+00,  1.92798E+10,  4.31130E+11,  6.19004E+14,  4.14774E+00,  3.94797E+14,  2.22316E+01,  2.85542E+05,  2.52913E+13,  1.17000E+08,  0.00000E+00,  0.00000E+00,  0.00000E+00,  0.00000E+00,  0.00000E+00
  2.17500E-02,1,  3.49960E+00,  1.40000E+02,  2.54766E-08,  2.44413E+18,  1.01941E+15,  4.63124E+11,  1.81770E+09,  8.10538E+08,  3.08501E+08,  1.46621E+08,  3.36286E+07,  9.71345E+06,  1.69854E+11,  4.26522E+08,  2.78769E+08,  5.10182E+09,  2.47353E+14,  7.06463E+03,  2.41093E+09,  9.32049E+02,  6.67570E+05,  3.58048E+05,  1.79289E+07,  2.19867E+19,  1.86591E+13,  7.31108E+12,  5.96351E+12,  3.86354E+12,  5.64093E+11,  2.29824E+13,  7.80689E+08,  1.51524E+03,  4.44331E+16,  5.41963E+06,  2.55083E+15,  1.40551E+09,  9.57665E-02,  2.56014E+12,  5.05202E+11,  6.19799E+14,  3.57840E+02,  3.97542E+14,  1.91800E+03,  3.52915E+09,  2.55088E+13,  1.17000E+08,  0.00000E+00,  0.00000E+00,  0.00000E+00,  0.00000E+00,  0.00000E+00
  2.18000E-02,2,  2.58352E-02,  0.00000E+00,  0.00000E+00,  2.44459E+18,  5.62966E+14,  1.37798E+11,  3.40408E+07,  9.39243E+03,  7.96538E+01,  4.65705E+02,  7.50496E-02,  6.55651E-05,  6.67230E+06,  1.32139E+04,  5.82301E-06,  1.36437E-04,  2.46054E+14,  2.74914E-01,  9.43128E+04,  1.08176E+01,  1.65857E+00,  1.58989E+05,  1.15682E+07,  2.19868E+19,  1.12921E+11,  4.42445E+10,  3.60884E+10,  2.33813E+10,  4.08184E+09,  4.91599E+12,  3.77244E+06,  1.56557E+00,  4.43246E+16,  0.00000E+00,  2.55071E+15,  0.00000E+00,  0.00000E+00,  1.91370E+10,  4.31069E+11,  6.20528E+14,  4.15314E+00,  3.95897E+14,  2.22606E+01,  2.85457E+05,  2.53766E+13,  1.17000E+08,  0.00000E+00,  0.00000E+00,  0.00000E+00,  0.00000E+00,  0.00000E+00
  2.18500E-02,1,  3.49960E+00,  1.40000E+02,  2.54766E-08,  2.44413E+18,  1.01940E+15,  4.63118E+11,  1.81770E+09,  8.10539E+08,  3.08502E+08,  1.46621E+08,  3.36287E+07,  9.71346E+06,  1.69545E+11,  4.26522E+08,  2.78769E+08,  5.10182E+09,  2.47684E+14,  7.07068E+03,  2.40977E+09,  9.33300E+02,  6.67571E+05,  3.58149E+05,  1.79289E+07,  2.19867E+19,  1.86356E+13,  7.30188E+12,  5.95601E+12,  3.85868E+12,  5.63361E+11,  2.29821E+13,  7.80687E+08,  1.51523E+03,  4.45145E+16,  5.41963E+06,  2.56230E+15,  1.40304E+09,  9.52361E-02,  2.55572E+12,  5.05132E+11,  6.21321E+14,  3.58321E+02,  3.98641E+14,  1.92057E+03,  3.52303E+09,  2.55942E+13,  1.17000E+08,  0.00000E+00,  0.00000E+00,  0.00000E+00,  0.00000E+00,  0.00000E+00
  2.19000E-02,2,  2.58352E-02,  0.00000E+00,  0.00000E+00,  2.44459E+18,  5.62970E+14,  1.37800E+11,  3.40418E+07,  9.39561E+03,  7.98610E+01,  4.66949E+02,  7.52507E-02,  6.57420E-05,  6.67794E+06,  1.32492E+04,  5.83286E-06,  1.36668E-04,  2.46380E+14,  2.75875E-01,  9.45174E+04,  1.08315E+01,  1.65836E+00,  1.58866E+05,  1.15664E+07,  2.19868E+19,  1.12068E+11,  4.39105E+10,  3.58160E+10,  2.32048E+10,  4.05081E+09,  4.91606E+12,  3.77257E+06,  1.56567E+00,  4.44056E+16,  0.00000E+00,  2.56218E+15,  0.00000E+00,  0.00000E+00,  1.90027E+10,  4.31009E+11,  6.22050E+14,  4.15850E+00,  3.96991E+14,  2.22892E+01,  2.85371E+05,  2.54615E+13,  1.17000E+08,  0.00000E+00,  0.00000E+00,  0.00000E+00,  0.00000E+00,  0.00000E+00
  2.19500E-02,1,  3.49960E+00,  1.40000E+02,  2.54766E-08,  2.44413E+18,  1.01940E+15,  4.63119E+11,  1.81770E+09,  8.10540E+08,  3.08502E+08,  1.46621E+08,  3.36287E+07,  9.71348E+06,  1.69239E+11,  4.26523E+08,  2.78769E+08,  5.10181E+09,  2.48013E+14,  7.07665E+03,  2.40861E+09,  9.34539E+02,  6.67572E+05,  3.58262E+05,  1.79289E+07,  2.19866E+19,  1.86124E+13,  7.29279E+12,  5.94859E+12,  3.85388E+12,  5.62638E+11,  2.29821E+13,  7.80687E+08,  1.51523E+03,  4.45951E+16,  5.41962E+06,  2.57377E+15,  1.40058E+09,  9.47121E-02,  2.55136E+12,  5.05064E+11,  6.22841E+14,  3.58797E+02,  3.99736E+14,  1.92312E+03,  3.51693E+09,  2.56792E+13,  1.17000E+08,  0.00000E+00,  0.00000E+00,  0.00000E+00,  0.00000E+00,  0.00000E+00
  2.20000E-02,2,  2.58352E-02,  0.00000E+00,  0.00000E+00,  2.44459E+18,  5.66531E+14,  1.39523E+11,  3.46866E+07,  9.60983E+03,  8.01578E+01,  4.68315E+02,  7.59479E-02,  6.67363E-05,  6.68522E+06,  1.32880E+04,  5.02273E-06,  1.36966E-04,  2.46738E+14,  2.76978E-01,  9.47579E+04,  1.08614E+01,  1.66770E+00,  1.60399E+05,  1.16293E+07,  2.19867E+19,  1.20537E+11,  4.72288E+10,  3.85226E+10,  2.49583E+10,  4.33928E+09,  4.97562E+12,  3.86236E+06,  1.62566E+00,  4.44872E+16,  0.00000E+00,  2.57364E+15,  5.16814E-21,  0.00000E+00,  2.02467E+10,  4.31046E+11,  6.23565E+14,  4.16996E+00,  3.98103E+14,  2.23507E+01,  2.85395E+05,  2.55478E+13,  1.17000E+08,  0.00000E+00,  0.00000E+00,  0.00000E+00,  0.00000E+00,  0.00000E+00
  2.20500E-02,1,  3.49960E+00,  1.40000E+02,  2.54766E-08,  2.44413E+18,  1.02050E+15,  4.64096E+11,  1.81837E+09,  8.10541E+08,  3.08503E+08,  1.46622E+08,  3.36288E+07,  9.71350E+06,  1.68932E+11,  4.26524E+08,  2.78769E+08,  5.10181E+09,  2.48373E+14,  7.08420E+03,  2.40769E+09,  9.35900E+02,  6.67573E+05,  3.59124E+05,  1.79289E+07,  2.19865E+19,  1.85851E+13,  7.28208E+12,  5.93986E+12,  3.84822E+12,  5.61794E+11,  2.30147E+13,  7.80921E+08,  1.51784E+03,  4.46762E+16,  5.41961E+06,  2.58524E+15,  1.39815E+09,  9.41716E-02,  2.54672E+12,  5.04998E+11,  6.24355E+14,  3.59319E+02,  4.00847E+14,  1.92592E+03,  3.51092E+09,  2.57657E+13,  1.17000E+08,  0.00000E+00,  0.00000E+00,  0.00000E+00,  0.00000E+00,  0.00000E+00
  2.21000E-02,2,  2.58352E-02,  0.00000E+00,  0.00000E+00,  2.44459E+18,  5.63862E+14,  1.38238E+11,  3.42042E+07,  9.45467E+03,  8.03124E+01,  4.69553E+02,  7.57906E-02,  6.63103E-05,  6.69093E+06,  1.33231E+04,  5.85555E-06,  1.37200E-04,  2.47061E+14,  2.77942E-01,  9.49633E+04,  1.08626E+01,  1.65933E+00,  1.59175E+05,  1.15714E+07,  2.19866E+19,  1.11936E+11,  4.38586E+10,  3.57737E+10,  2.31774E+10,  4.04202E+09,  4.93094E+12,  3.79570E+06,  1.58055E+00,  4.45668E+16,  0.00000E+00,  2.58511E+15,  0.00000E+00,  0.00000E+00,  1.89691E+10,  4.30918E+11,  6.25083E+14,  4.17044E+00,  3.99191E+14,  2.23532E+01,  2.85224E+05,  2.56323E+13,  1.17000E+08,  0.00000E+00,  0.00000E+00,  0.00000E+00,  0.00000E+00,  0.00000E+00
  2.21500E-02,1,  3.49960E+00,  1.40000E+02,  2.54766E-08,  2.44413E+18,  1.01968E+15,  4.63364E+11,  1.81787E+09,  8.10542E+08,  3.08503E+08,  1.46622E+08,  3.36288E+07,  9.71352E+06,  1.68634E+11,  4.26524E+08,  2.78769E+08,  5.10181E+09,  2.48698E+14,  7.09038E+03,  2.40664E+09,  9.37126E+02,  6.67574E+05,  3.58749E+05,  1.79289E+07,  2.19865E+19,  1.85642E+13,  7.27389E+12,  5.93318E+12,  3.84389E+12,  5.61135E+11,  2.29902E+13,  7.80746E+08,  1.51588E+03,  4.47554E+16,  5.41960E+06,  2.59670E+15,  1.39571E+09,  9.36673E-02,  2.54276E+12,  5.04936E+11,  6.25872E+14,  3.59789E+02,  4.01935E+14,  1.92844E+03,  3.50485E+09,  2.58504E+13,  1.17000E+08,  0.00000E+00,  0.00000E+00,  0.00000E+00,  0.00000E+00,  0.00000E+00
  2.22000E-02,2,  2.58352E-02,  0.00000E+00,  0.00000E+00,  2.44459E+18,  5.63962E+14,  1.38284E+11,  3.42182E+07,  9.45984E+03,  8.05179E+01,  4.70792E+02,  7.60042E-02,  6.65073E-05,  6.69672E+06,  1.33582E+04,  5.86574E-06,  1.37438E-04,  2.47385E+14,  2.78912E-01,  9.51700E+04,  1.08781E+01,  1.66011E+00,  1.59022E+05,  1.15769E+07,  2.19866E+19,  1.12418E+11,  4.40475E+10,  3.59277E+10,  2.32772E+10,  4.05549E+09,  4.93260E+12,  3.79714E+06,  1.57854E+00,  4.46458E+16,  0.00000E+00,  2.59657E+15,  2.55003E-18,  0.00000E+00,  1.90323E+10,  4.30873E+11,  6.26600E+14,  4.17638E+00,  4.00277E+14,  2.23851E+01,  2.85151E+05,  2.57167E+13,  1.17000E+08,  0.00000E+00,  0.00000E+00,  0.00000E+00,  0.00000E+00,  0.00000E+00
  2.22500E-02,1,  3.49960E+00,  1.40000E+02,  2.54766E-08,  2.44412E+18,  1.01971E+15,  4.63391E+11,  1.81789E+09,  8.10543E+08,  3.08504E+08,  1.46622E+08,  3.36289E+07,  9.71354E+06,  1.68339E+11,  4.26525E+08,  2.78768E+08,  5.10181E+09,  2.49023E+14,  7.09654E+03,  2.40558E+09,  9.38355E+02,  6.67576E+05,  3.58848E+05,  1.79289E+07,  2.19864E+19,  1.85415E+13,  7.26499E+12,  5.92592E+12,  3.83919E+12,  5.60427E+11,  2.29911E+13,  7.80752E+08,  1.51596E+03,  4.48340E+16,  5.41959E+06,  2.60816E+15,  1.39327E+09,  9.31592E-02,  2.53857E+12,  5.04873E+11,  6.27387E+14,  3.60261E+02,  4.03020E+14,  1.93097E+03,  3.49881E+09,  2.59349E+13,  1.17000E+08,  0.00000E+00,  0.00000E+00,  0.00000E+00,  0.00000E+00,  0.00000E+00
  2.23000E-02,2,  2.58352E-02,  0.00000E+00,  0.00000E+00,  2.44458E+18,  5.62729E+14,  1.37682E+11,  3.39982E+07,  9.39295E+03,  8.06928E+01,  4.71973E+02,  7.60281E-02,  6.63947E-05,  6.70183E+06,  1.33916E+04,  5.87453E-06,  1.37648E-04,  2.47692E+14,  2.79819E-01,  9.53611E+04,  1.08861E+01,  1.65652E+00,  1.58320E+05,  1.15522E+07,  2.19865E+19,  1.07614E+11,  4.21653E+10,  3.43925E+10,  2.22825E+10,  3.89137E+09,  4.91199E+12,  3.76631E+06,  1.56167E+00,  4.47235E+16,  0.00000E+00,  2.60803E+15,  0.00000E+00,  0.00000E+00,  1.83161E+10,  4.30780E+11,  6.28117E+14,  4.17945E+00,  4.01351E+14,  2.24015E+01,  2.85027E+05,  2.58001E+13,  1.17000E+08,  0.00000E+00,  0.00000E+00,  0.00000E+00,  0.00000E+00,  0.00000E+00
  2.23500E-02,1,  3.49960E+00,  1.40000E+02,  2.54766E-08,  2.44412E+18,  1.01933E+15,  4.63053E+11,  1.81766E+09,  8.10544E+08,  3.08504E+08,  1.46622E+08,  3.36290E+07,  9.71355E+06,  1.68050E+11,  4.26526E+08,  2.78768E+08,  5.10180E+09,  2.49333E+14,  7.10194E+03,  2.40443E+09,  9.39523E+02,  6.67577E+05,  3.58696E+05,  1.79289E+07,  2.19864E+19,  1.85197E+13,  7.25646E+12,  5.91895E+12,  3.83468E+12,  5.59748E+11,  2.29798E+13,  7.80671E+08,  1.51506E+03,  4.49113E+16,  5.41959E+06,  2.61962E+15,  1.39083E+09,  9.26607E-02,  2.53442E+12,  5.04808E+11,  6.28903E+14,  3.60709E+02,  4.04094E+14,  1.93337E+03,  3.49276E+09,  2.60185E+13,  1.17000E+08,  0.00000E+00,  0.00000E+00,  0.00000E+00,  0.00000E+00,  0.00000E+00
  2.24000E-02,2,  2.58352E-02,  0.00000E+00,  0.00000E+00,  2.44458E+18,  5.63276E+14,  1.37951E+11,  3.40984E+07,  9.42862E+03,  8.09027E+01,  4.73166E+02,  7.62947E-02,  6.66878E-05,  6.70719E+06,  1.34255E+04,  5.88403E-06,  1.37868E-04,  2.48003E+14,  2.80746E-01,  9.55572E+04,  1.09022E+01,  1.65809E+00,  1.58410E+05,  1.15628E+07,  2.19865E+19,  1.09446E+11,  4.28829E+10,  3.49778E+10,  2.26617E+10,  3.95045E+09,  4.92119E+12,  3.78072E+06,  1.57107E+00,  4.48007E+16,  0.00000E+00,  2.61949E+15,  0.00000E+00,  0.00000E+00,  1.85785E+10,  4.30745E+11,  6.29632E+14,  4.18562E+00,  4.02424E+14,  2.24345E+01,  2.84959E+05,  2.58836E+13,  1.17000E+08,  0.00000E+00,  0.00000E+00,  0.00000E+00,  0.00000E+00,  0.00000E+00
  2.24500E-02,1,  3.49960E+00,  1.40000E+02,  2.54766E-08,  2.44412E+18,  1.01949E+15,  4.63203E+11,  1.81776E+09,  8.10545E+08,  3.08505E+08,  1.46623E+08,  3.36290E+07,  9.71357E+06,  1.67763E+11,  4.26526E+08,  2.78768E+08,  5.10180E+09,  2.49646E+14,  7.10764E+03,  2.40334E+09,  9.40705E+02,  6.67578E+05,  3.58895E+05,  1.79289E+07,  2.19863E+19,  1.84978E+13,  7.24789E+12,  5.91197E+12,  3.83015E+12,  5.59067E+11,  2.29847E+13,  7.80707E+08,  1.51546E+03,  4.49881E+16,  5.41958E+06,  2.63108E+15,  1.38840E+09,  9.21660E-02,  2.53034E+12,  5.04746E+11,  6.30416E+14,  3.61163E+02,  4.05167E+14,  1.93580E+03,  3.48673E+09,  2.61021E+13,  1.17000E+08,  0.00000E+00,  0.00000E+00,  0.00000E+00,  0.00000E+00,  0.00000E+00
  2.25000E-02,2,  2.58352E-02,  0.00000E+00,  0.00000E+00,  2.44458E+18,  5.65532E+14,  1.39057E+11,  3.45081E+07,  9.56484E+03,  8.11572E+01,  4.74429E+02,  7.68047E-02,  6.73826E-05,  6.71350E+06,  1.34613E+04,  5.89514E-06,  1.38128E-04,  2.48331E+14,  2.81754E-01,  9.57738E+04,  1.09250E+01,  1.66365E+00,  1.59353E+05,  1.15999E+07,  2.19864E+19,  1.14158E+11,  4.47295E+10,  3.64840E+10,  2.36376E+10,  4.11226E+09,  4.95890E+12,  3.83901E+06,  1.60778E+00,  4.48779E+16,  0.00000E+00,  2.63095E+15,  2.73435E-32,  0.00000E+00,  1.92662E+10,  4.30750E+11,  6.31142E+14,  4.19438E+00,  4.03505E+14,  2.24815E+01,  2.84936E+05,  2.59678E+13,  1.17000E+08,  0.00000E+00,  0.00000E+00,  0.00000E+00,  0.00000E+00,  0.00000E+00
  2.25500E-02,1,  3.49960E+00,  1.40000E+02,  2.54766E-08,  2.44412E+18,  1.02019E+15,  4.63821E+11,  1.81819E+09,  8.10546E+08,  3.08505E+08,  1.46623E+08,  3.36291E+07,  9.71359E+06,  1.67477E+11,  4.26527E+08,  2.78768E+08,  5.10180E+09,  2.49976E+14,  7.11432E+03,  2.40242E+09,  9.41952E+02,  6.67579E+05,  3.59479E+05,  1.79289E+07,  2.19862E+19,  1.84748E+13,  7.23888E+12,  5.90462E+12,  3.82539E+12,  5.58351E+11,  2.30053E+13,  7.80855E+08,  1.51711E+03,  4.50650E+16,  5.41957E+06,  2.64253E+15,  1.38599E+09,  9.16693E-02,  2.52628E+12,  5.04689E+11,  6.31925E+14,  3.61642E+02,  4.06249E+14,  1.93837E+03,  3.48076E+09,  2.61864E+13,  1.17000E+08,  0.00000E+00,  0.00000E+00,  0.00000E+00,  0.00000E+00,  0.00000E+00
  2.26000E-02,2,  2.58352E-02,  0.00000E+00,  0.00000E+00,  2.44457E+18,  5.67000E+14,  1.39679E+11,  3.47813E+07,  9.70998E+03,  8.14563E+01,  4.75732E+02,  7.72133E-02,  6.78409E-05,  6.72040E+06,  1.34983E+04,  6.60596E-06,  1.38412E-04,  2.48669E+14,  2.82813E-01,  9.60029E+04,  1.09448E+01,  1.66696E+00,  1.60019E+05,  1.16215E+07,  2.19863E+19,  1.15618E+11,  4.53015E+10,  3.69506E+10,  2.39398E+10,  4.16058E+09,  4.98388E+12,  3.87345E+06,  1.67841E+00,  4.49549E+16,  0.00000E+00,  2.64240E+15,  8.12705E-20,  0.00000E+00,  1.94758E+10,  4.30728E+11,  6.32649E+14,  4.20197E+00,  4.04590E+14,  2.25221E+01,  2.84894E+05,  2.60523E+13,  1.17000E+08,  0.00000E+00,  0.00000E+00,  0.00000E+00,  0.00000E+00,  0.00000E+00
  2.26500E-02,1,  3.49960E+00,  1.40000E+02,  2.54766E-08,  2.44411E+18,  1.02065E+15,  4.64230E+11,  1.81847E+09,  8.10547E+08,  3.08506E+08,  1.46623E+08,  3.36291E+07,  9.71360E+06,  1.67192E+11,  4.26528E+08,  2.78768E+08,  5.10179E+09,  2.50317E+14,  7.12143E+03,  2.40155E+09,  9.43238E+02,  6.67580E+05,  3.59942E+05,  1.79289E+07,  2.19862E+19,  1.84454E+13,  7.22736E+12,  5.89522E+12,  3.81930E+12,  5.57446E+11,  2.30189E+13,  7.80953E+08,  1.51820E+03,  4.51416E+16,  5.41957E+06,  2.65399E+15,  1.38359E+09,  9.11458E-02,  2.52141E+12,  5.04615E+11,  6.33430E+14,  3.62136E+02,  4.07333E+14,  1.94101E+03,  3.47483E+09,  2.62711E+13,  1.17000E+08,  0.00000E+00,  0.00000E+00,  0.00000E+00,  0.00000E+00,  0.00000E+00
  2.27000E-02,2,  2.58352E-02,  0.00000E+00,  0.00000E+00,  2.44457E+18,  5.68603E+14,  1.40570E+11,  3.50716E+07,  9.75512E+03,  8.16595E+01,  4.77076E+02,  7.76532E-02,  6.84724E-05,  6.72789E+06,  1.35364E+04,  5.91301E-06,  1.38721E-04,  2.49018E+14,  2.83923E-01,  9.62447E+04,  1.09657E+01,  1.67067E+00,  1.60723E+05,  1.16458E+07,  2.19863E+19,  1.17627E+11,  4.60887E+10,  3.75927E+10,  2.43558E+10,  4.22934E+09,  5.01072E+12,  3.91975E+06,  1.65890E+00,  4.50318E+16,  0.00000E+00,  2.65386E+15,  4.29690E-25,  0.00000E+00,  1.97664E+10,  4.30719E+11,  6.34152E+14,  4.21000E+00,  4.05679E+14,  2.25652E+01,  2.84860E+05,  2.61373E+13,  1.17000E+08,  0.00000E+00,  0.00000E+00,  0.00000E+00,  0.00000E+00,  0.00000E+00
  2.27500E-02,1,  3.49960E+00,  1.40000E+02,  2.54766E-08,  2.44411E+18,  1.02113E+15,  4.64653E+11,  1.81876E+09,  8.10548E+08,  3.08506E+08,  1.46623E+08,  3.36292E+07,  9.71362E+06,  1.66910E+11,  4.26528E+08,  2.78767E+08,  5.10179E+09,  2.50666E+14,  7.13005E+03,  2.40110E+09,  9.44555E+02,  6.67581E+05,  3.60431E+05,  1.79288E+07,  2.19861E+19,  1.84333E+13,  7.22261E+12,  5.89135E+12,  3.81679E+12,  5.57045E+11,  2.30330E+13,  7.81054E+08,  1.51934E+03,  4.52180E+16,  5.41956E+06,  2.66544E+15,  1.38122E+09,  9.07086E-02,  2.51917E+12,  5.04603E+11,  6.34932E+14,  3.62641E+02,  4.08422E+14,  1.94372E+03,  3.46894E+09,  2.63562E+13,  1.17000E+08,  0.00000E+00,  0.00000E+00,  0.00000E+00,  0.00000E+00,  0.00000E+00
  2.28000E-02,2,  2.58352E-02,  0.00000E+00,  0.00000E+00,  2.44457E+18,  5.65233E+14,  1.38910E+11,  3.44534E+07,  9.55561E+03,  8.17904E+01,  4.78268E+02,  7.73856E-02,  6.78593E-05,  6.73349E+06,  1.35702E+04,  5.93031E-06,  1.38952E-04,  2.49326E+14,  2.84864E-01,  9.64443E+04,  1.09642E+01,  1.66092E+00,  1.59106E+05,  1.15791E+07,  2.19862E+19,  1.08970E+11,  4.26967E+10,  3.48259E+10,  2.25633E+10,  3.92887E+09,  4.95393E+12,  3.83120E+06,  1.60255E+00,  4.51064E+16,  0.00000E+00,  2.66531E+15,  1.75599E-46,  0.00000E+00,  1.84854E+10,  4.30594E+11,  6.35660E+14,  4.20941E+00,  4.06742E+14,  2.25620E+01,  2.84676E+05,  2.62201E+13,  1.17000E+08,  0.00000E+00,  0.00000E+00,  0.00000E+00,  0.00000E+00,  0.00000E+00
  2.28500E-02,1,  3.49960E+00,  1.40000E+02,  2.54766E-08,  2.44411E+18,  1.02009E+15,  4.63731E+11,  1.81813E+09,  8.10549E+08,  3.08507E+08,  1.46624E+08,  3.36292E+07,  9.71364E+06,  1.66636E+11,  4.26529E+08,  2.78767E+08,  5.10179E+09,  2.50975E+14,  7.13594E+03,  2.40013E+09,  9.45724E+02,  6.67583E+05,  3.59878E+05,  1.79289E+07,  2.19861E+19,  1.84119E+13,  7.21423E+12,  5.88451E+12,  3.81236E+12,  5.56378E+11,  2.30021E+13,  7.80833E+08,  1.51688E+03,  4.52923E+16,  5.41955E+06,  2.67689E+15,  1.37882E+09,  9.02326E-02,  2.51528E+12,  5.04546E+11,  6.36438E+14,  3.63090E+02,  4.09485E+14,  1.94612E+03,  3.46299E+09,  2.64392E+13,  1.17000E+08,  0.00000E+00,  0.00000E+00,  0.00000E+00,  0.00000E+00,  0.00000E+00
  2.29000E-02,2,  2.58352E-02,  0.00000E+00,  0.00000E+00,  2.44457E+18,  5.63443E+14,  1.38033E+11,  3.41280E+07,  9.45220E+03,  8.19420E+01,  4.79391E+02,  7.73217E-02,  6.76042E-05,  6.73828E+06,  1.36020E+04,  5.93868E-06,  1.39150E-04,  2.49616E+14,  2.85731E-01,  9.66254E+04,  1.09707E+01,  1.65679E+00,  1.58038E+05,  1.15516E+07,  2.19862E+19,  1.04280E+11,  4.08588E+10,  3.33269E+10,  2.15921E+10,  3.76709E+09,  4.92392E+12,  3.78474E+06,  1.57323E+00,  4.51798E+16,  0.00000E+00,  2.67676E+15,  0.00000E+00,  0.00000E+00,  1.77882E+10,  4.30504E+11,  6.37169E+14,  4.21192E+00,  4.07791E+14,  2.25754E+01,  2.84547E+05,  2.63020E+13,  1.17000E+08,  0.00000E+00,  0.00000E+00,  0.00000E+00,  0.00000E+00,  0.00000E+00
  2.29500E-02,1,  3.49960E+00,  1.40000E+02,  2.54766E-08,  2.44411E+18,  1.01954E+15,  4.63240E+11,  1.81780E+09,  8.10550E+08,  3.08507E+08,  1.46624E+08,  3.36293E+07,  9.71366E+06,  1.66367E+11,  4.26530E+08,  2.78767E+08,  5.10179E+09,  2.51267E+14,  7.14102E+03,  2.39905E+09,  9.46825E+02,  6.67584E+05,  3.59558E+05,  1.79289E+07,  2.19860E+19,  1.83918E+13,  7.20636E+12,  5.87809E+12,  3.80820E+12,  5.55752E+11,  2.29857E+13,  7.80716E+08,  1.51557E+03,  4.53653E+16,  5.41954E+06,  2.68834E+15,  1.37641E+09,  8.97676E-02,  2.51146E+12,  5.04488E+11,  6.37946E+14,  3.63513E+02,  4.10534E+14,  1.94839E+03,  3.45702E+09,  2.65212E+13,  1.17000E+08,  0.00000E+00,  0.00000E+00,  0.00000E+00,  0.00000E+00,  0.00000E+00
  2.30000E-02,2,  2.58352E-02,  0.00000E+00,  0.00000E+00,  2.44457E+18,  5.62437E+14,  1.37541E+11,  3.39461E+07,  9.39551E+03,  8.21021E+01,  4.80470E+02,  7.73574E-02,  6.75211E-05,  6.74261E+06,  1.36326E+04,  5.94644E-06,  1.39329E-04,  2.49895E+14,  2.86553E-01,  9.67955E+04,  1.09792E+01,  1.65435E+00,  1.57369E+05,  1.15352E+07,  2.19861E+19,  1.02565E+11,  4.01869E+10,  3.27788E+10,  2.12370E+10,  3.70425E+09,  4.90714E+12,  3.75891E+06,  1.55686E+00,  4.52521E+16,  0.00000E+00,  2.68820E+15,  2.45277E-22,  0.00000E+00,  1.75287E+10,  4.30435E+11,  6.38678E+14,  4.21520E+00,  4.08832E+14,  2.25930E+01,  2.84431E+05,  2.63831E+13,  1.17000E+08,  0.00000E+00,  0.00000E+00,  0.00000E+00,  0.00000E+00,  0.00000E+00
  2.30500E-02,1,  3.49960E+00,  1.40000E+02,  2.54766E-08,  2.44411E+18,  1.01922E+15,  4.62964E+11,  1.81761E+09,  8.10551E+08,  3.08508E+08,  1.46624E+08,  3.36294E+07,  9.71367E+06,  1.66103E+11,  4.26530E+08,  2.78767E+08,  5.10179E+09,  2.51548E+14,  7.14563E+03,  2.39792E+09,  9.47885E+02,  6.67585E+05,  3.59408E+05,  1.79289E+07,  2.19860E+19,  1.83726E+13,  7.19882E+12,  5.87194E+12,  3.80422E+12,  5.55152E+11,  2.29765E+13,  7.80649E+08,  1.51484E+03,  4.54372E+16,  5.41954E+06,  2.69978E+15,  1.37401E+09,  8.93108E-02,  2.50771E+12,  5.04432E+11,  6.39453E+14,  3.63920E+02,  4.11574E+14,  1.95057E+03,  3.45105E+09,  2.66024E+13,  1.17000E+08,  0.00000E+00,  0.00000E+00,  0.00000E+00,  0.00000E+00,  0.00000E+00
  2.31000E-02,2,  2.58352E-02,  0.00000E+00,  0.00000E+00,  2.44457E+18,  5.65210E+14,  1.38900E+11,  3.44502E+07,  9.56256E+03,  8.23525E+01,  4.81645E+02,  7.79291E-02,  6.83341E-05,  6.74821E+06,  1.36659E+04,  5.96670E-06,  1.39560E-04,  2.50198E+14,  2.87486E-01,  9.69934E+04,  1.10038E+01,  1.66166E+00,  1.58494E+05,  1.15845E+07,  2.19861E+19,  1.09537E+11,  4.29188E+10,  3.50071E+10,  2.26807E+10,  3.94278E+09,  4.95358E+12,  3.83082E+06,  1.60256E+00,  4.53247E+16,  0.00000E+00,  2.69965E+15,  0.00000E+00,  0.00000E+00,  1.85472E+10,  4.30460E+11,  6.40181E+14,  4.22462E+00,  4.09884E+14,  2.26435E+01,  2.84423E+05,  2.64652E+13,  1.17000E+08,  0.00000E+00,  0.00000E+00,  0.00000E+00,  0.00000E+00,  0.00000E+00
  2.31500E-02,1,  3.49960E+00,  1.40000E+02,  2.54766E-08,  2.44411E+18,  1.02008E+15,  4.63724E+11,  1.81813E+09,  8.10552E+08,  3.08508E+08,  1.46624E+08,  3.36294E+07,  9.71369E+06,  1.65838E+11,  4.26531E+08,  2.78767E+08,  5.10178E+09,  2.51853E+14,  7.15160E+03,  2.39701E+09,  9.49038E+02,  6.67586E+05,  3.60055E+05,  1.79288E+07,  2.19859E+19,  1.83518E+13,  7.19069E+12,  5.86531E+12,  3.79992E+12,  5.54506E+11,  2.30018E+13,  7.80831E+08,  1.51686E+03,  4.55095E+16,  5.41953E+06,  2.71123E+15,  1.37163E+09,  8.88499E-02,  2.50399E+12,  5.04381E+11,  6.40955E+14,  3.64362E+02,  4.12627E+14,  1.95294E+03,  3.44515E+09,  2.66847E+13,  1.17000E+08,  0.00000E+00,  0.00000E+00,  0.00000E+00,  0.00000E+00,  0.00000E+00
  2.32000E-02,2,  2.58352E-02,  0.00000E+00,  0.00000E+00,  2.44456E+18,  5.65067E+14,  1.38833E+11,  3.44260E+07,  9.55541E+03,  8.25394E+01,  4.82799E+02,  7.80962E-02,  6.84748E-05,  6.75363E+06,  1.36987E+04,  5.99717E-06,  1.39785E-04,  2.50495E+14,  2.88402E-01,  9.71868E+04,  1.10150E+01,  1.66055E+00,  1.58422E+05,  1.15762E+07,  2.19860E+19,  1.07427E+11,  4.20920E+10,  3.43327E+10,  2.22438E+10,  3.86688E+09,  4.95131E+12,  3.82773E+06,  1.60034E+00,  4.53966E+16,  0.00000E+00,  2.71109E+15,  6.53425E-23,  0.00000E+00,  1.82313E+10,  4.30398E+11,  6.41684E+14,  4.22893E+00,  4.10931E+14,  2.26665E+01,  2.84326E+05,  2.65469E+13,  1.17000E+08,  0.00000E+00,  0.00000E+00,  0.00000E+00,  0.00000E+00,  0.00000E+00
  2.32500E-02,1,  3.49960E+00,  1.40000E+02,  2.54766E-08,  2.44410E+18,  1.02004E+15,  4.63685E+11,  1.81810E+09,  8.10553E+08,  3.08508E+08,  1.46625E+08,  3.36295E+07,  9.71371E+06,  1.65577E+11,  4.26532E+08,  2.78767E+08,  5.10178E+09,  2.52152E+14,  7.15733E+03,  2.39609E+09,  9.50167E+02,  6.67587E+05,  3.60175E+05,  1.79288E+07,  2.19858E+19,  1.83314E+13,  7.18269E+12,  5.85879E+12,  3.79570E+12,  5.53870E+11,  2.30004E+13,  7.80822E+08,  1.51676E+03,  4.55810E+16,  5.41952E+06,  2.72267E+15,  1.36925E+09,  8.83946E-02,  2.50030E+12,  5.04330E+11,  6.42457E+14,  3.64795E+02,  4.13673E+14,  1.95526E+03,  3.43926E+09,  2.67665E+13,  1.17000E+08,  0.00000E+00,  0.00000E+00,  0.00000E+00,  0.00000E+00,  0.00000E+00
  2.33000E-02,2,  2.58352E-02,  0.00000E+00,  0.00000E+00,  2.44456E+18,  5.63810E+14,  1.38213E+11,  3.41946E+07,  9.48413E+03,  8.26981E+01,  4.83888E+02,  7.80982E-02,  6.83237E-05,  6.75829E+06,  1.37295E+04,  5.97403E-06,  1.39977E-04,  2.50775E+14,  2.89247E-01,  9.73627E+04,  1.10215E+01,  1.65685E+00,  1.57736E+05,  1.15508E+07,  2.19860E+19,  1.04029E+11,  4.07604E+10,  3.32466E+10,  2.15401E+10,  3.75012E+09,  4.93003E+12,  3.79416E+06,  1.57911E+00,  4.54671E+16,  0.00000E+00,  2.72253E+15,  1.89365E-28,  0.00000E+00,  1.77250E+10,  4.30323E+11,  6.43188E+14,  4.23143E+00,  4.11964E+14,  2.26800E+01,  2.84199E+05,  2.66276E+13,  1.17000E+08,  0.00000E+00,  0.00000E+00,  0.00000E+00,  0.00000E+00,  0.00000E+00
  2.33500E-02,1,  3.49960E+00,  1.40000E+02,  2.54766E-08,  2.44410E+18,  1.01965E+15,  4.63340E+11,  1.81787E+09,  8.10553E+08,  3.08509E+08,  1.46625E+08,  3.36295E+07,  9.71372E+06,  1.65321E+11,  4.26532E+08,  2.78767E+08,  5.10178E+09,  2.52434E+14,  7.16227E+03,  2.39507E+09,  9.51231E+02,  6.67588E+05,  3.60018E+05,  1.79288E+07,  2.19858E+19,  1.83122E+13,  7.17517E+12,  5.85265E+12,  3.79172E+12,  5.53272E+11,  2.29889E+13,  7.80739E+08,  1.51584E+03,  4.56512E+16,  5.41952E+06,  2.73411E+15,  1.36687E+09,  8.79493E-02,  2.49668E+12,  5.04278E+11,  6.43959E+14,  3.65204E+02,  4.14707E+14,  1.95745E+03,  3.43336E+09,  2.68473E+13,  1.17000E+08,  0.00000E+00,  0.00000E+00,  0.00000E+00,  0.00000E+00,  0.00000E+00
  2.34000E-02,2,  2.58352E-02,  0.00000E+00,  0.00000E+00,  2.44456E+18,  5.62842E+14,  1.37738E+11,  3.40186E+07,  9.42924E+03,  8.28540E+01,  4.84939E+02,  7.81335E-02,  6.82463E-05,  6.76254E+06,  1.37593E+04,  5.98157E-06,  1.40154E-04,  2.51045E+14,  2.90052E-01,  9.75289E+04,  1.10299E+01,  1.65458E+00,  1.57149E+05,  1.15354E+07,  2.19859E+19,  9.97282E+10,  3.90755E+10,  3.18722E+10,  2.06497E+10,  3.60376E+09,  4.91376E+12,  3.76900E+06,  1.56332E+00,  4.55367E+16,  0.00000E+00,  2.73397E+15,  0.00000E+00,  0.00000E+00,  1.70872E+10,  4.30241E+11,  6.44691E+14,  4.23465E+00,  4.12989E+14,  2.26972E+01,  2.84085E+05,  2.67076E+13,  1.17000E+08,  0.00000E+00,  0.00000E+00,  0.00000E+00,  0.00000E+00,  0.00000E+00
  2.34500E-02,1,  3.49960E+00,  1.40000E+02,  2.54766E-08,  2.44410E+18,  1.01935E+15,  4.63074E+11,  1.81769E+09,  8.10554E+08,  3.08509E+08,  1.46625E+08,  3.36296E+07,  9.71374E+06,  1.65070E+11,  4.26533E+08,  2.78767E+08,  5.10178E+09,  2.52706E+14,  7.16678E+03,  2.39400E+09,  9.52257E+02,  6.67589E+05,  3.59899E+05,  1.79288E+07,  2.19857E+19,  1.82937E+13,  7.16793E+12,  5.84675E+12,  3.78789E+12,  5.52696E+11,  2.29800E+13,  7.80676E+08,  1.51514E+03,  4.57204E+16,  5.41951E+06,  2.74554E+15,  1.36449E+09,  8.75115E-02,  2.49311E+12,  5.04226E+11,  6.45461E+14,  3.65597E+02,  4.15731E+14,  1.95955E+03,  3.42745E+09,  2.69275E+13,  1.17000E+08,  0.00000E+00,  0.00000E+00,  0.00000E+00,  0.00000E+00,  0.00000E+00
  2.35000E-02,2,  2.58352E-02,  0.00000E+00,  0.00000E+00,  2.44456E+18,  5.63350E+14,  1.37987E+11,  3.41112E+07,  9.46199E+03,  8.30407E+01,  4.85998E+02,  7.83750E-02,  6.85134E-05,  6.76697E+06,  1.37894E+04,  5.98937E-06,  1.40338E-04,  2.51317E+14,  2.90871E-01,  9.76987E+04,  1.10439E+01,  1.65586E+00,  1.57236E+05,  1.15440E+07,  2.19858E+19,  1.01267E+11,  3.96784E+10,  3.23640E+10,  2.09683E+10,  3.65483E+09,  4.92226E+12,  3.78225E+06,  1.57184E+00,  4.56058E+16,  0.00000E+00,  2.74541E+15,  5.18990E-28,  0.00000E+00,  1.73066E+10,  4.30210E+11,  6.46193E+14,  4.24000E+00,  4.14013E+14,  2.27258E+01,  2.84008E+05,  2.67876E+13,  1.17000E+08,  0.00000E+00,  0.00000E+00,  0.00000E+00,  0.00000E+00,  0.00000E+00
  2.35500E-02,1,  3.49960E+00,  1.40000E+02,  2.54766E-08,  2.44410E+18,  1.01951E+15,  4.63214E+11,  1.81778E+09,  8.10555E+08,  3.08510E+08,  1.46625E+08,  3.36296E+07,  9.71376E+06,  1.64820E+11,  4.26533E+08,  2.78767E+08,  5.10178E+09,  2.52980E+14,  7.17151E+03,  2.39299E+09,  9.53292E+02,  6.67590E+05,  3.60076E+05,  1.79288E+07,  2.19857E+19,  1.82752E+13,  7.16066E+12,  5.84082E+12,  3.78405E+12,  5.52118E+11,  2.29846E+13,  7.80709E+08,  1.51551E+03,  4.57891E+16,  5.41950E+06,  2.75698E+15,  1.36211E+09,  8.70768E-02,  2.48960E+12,  5.04177E+11,  6.46962E+14,  3.65995E+02,  4.16755E+14,  1.96168E+03,  3.42156E+09,  2.70076E+13,  1.17000E+08,  0.00000E+00,  0.00000E+00,  0.00000E+00,  0.00000E+00,  0.00000E+00
  2.36000E-02,2,  2.58352E-02,  0.00000E+00,  0.00000E+00,  2.44456E+18,  5.62122E+14,  1.37390E+11,  3.38920E+07,  9.39370E+03,  8.31844E+01,  4.87002E+02,  7.83657E-02,  6.83711E-05,  6.77078E+06,  1.38178E+04,  5.99619E-06,  1.40495E-04,  2.51574E+14,  2.91631E-01,  9.78537E+04,  1.10496E+01,  1.65232E+00,  1.56572E+05,  1.15197E+07,  2.19858E+19,  9.89590E+10,  3.87741E+10,  3.16264E+10,  2.04904E+10,  3.56972E+09,  4.90192E+12,  3.75150E+06,  1.55302E+00,  4.56737E+16,  0.00000E+00,  2.75684E+15,  2.39890E-35,  0.00000E+00,  1.69616E+10,  4.30134E+11,  6.47696E+14,  4.24221E+00,  4.15025E+14,  2.27377E+01,  2.83878E+05,  2.68667E+13,  1.17000E+08,  0.00000E+00,  0.00000E+00,  0.00000E+00,  0.00000E+00,  0.00000E+00
  2.36500E-02,1,  3.49960E+00,  1.40000E+02,  2.54766E-08,  2.44410E+18,  1.01912E+15,  4.62877E+11,  1.81756E+09,  8.10556E+08,  3.08510E+08,  1.46626E+08,  3.36297E+07,  9.71377E+06,  1.64576E+11,  4.26534E+08,  2.78766E+08,  5.10177E+09,  2.53239E+14,  7.17557E+03,  2.39189E+09,  9.54271E+02,  6.67592E+05,  3.59918E+05,  1.79288E+07,  2.19856E+19,  1.82577E+13,  7.15380E+12,  5.83522E+12,  3.78043E+12,  5.51572E+11,  2.29733E+13,  7.80628E+08,  1.51461E+03,  4.58567E+16,  5.41950E+06,  2.76841E+15,  1.35974E+09,  8.66509E-02,  2.48614E+12,  5.04126E+11,  6.48463E+14,  3.66370E+02,  4.17767E+14,  1.96369E+03,  3.41567E+09,  2.70868E+13,  1.17000E+08,  0.00000E+00,  0.00000E+00,  0.00000E+00,  0.00000E+00,  0.00000E+00
  2.37000E-02,2,  2.58352E-02,  0.00000E+00,  0.00000E+00,  2.44456E+18,  5.63237E+14,  1.37934E+11,  3.40929E+07,  9.46152E+03,  8.33805E+01,  4.88047E+02,  7.86898E-02,  6.87772E-05,  6.77517E+06,  1.38474E+04,  6.00394E-06,  1.40678E-04,  2.51842E+14,  2.92442E-01,  9.80215E+04,  1.10664E+01,  1.65553E+00,  1.56962E+05,  1.15414E+07,  2.19857E+19,  9.98490E+10,  3.91228E+10,  3.19108E+10,  2.06747E+10,  3.60236E+09,  4.92047E+12,  3.77993E+06,  1.57112E+00,  4.57414E+16,  0.00000E+00,  2.76827E+15,  8.85495E-20,  0.00000E+00,  1.70858E+10,  4.30105E+11,  6.49195E+14,  4.24864E+00,  4.16040E+14,  2.27721E+01,  2.83821E+05,  2.69460E+13,  1.17000E+08,  0.00000E+00,  0.00000E+00,  0.00000E+00,  0.00000E+00,  0.00000E+00
  2.37500E-02,1,  3.49960E+00,  1.40000E+02,  2.54766E-08,  2.44409E+18,  1.01947E+15,  4.63190E+11,  1.81777E+09,  8.10557E+08,  3.08511E+08,  1.46626E+08,  3.36297E+07,  9.71379E+06,  1.64333E+11,  4.26535E+08,  2.78766E+08,  5.10177E+09,  2.53509E+14,  7.17958E+03,  2.39069E+09,  9.55291E+02,  6.67593E+05,  3.60224E+05,  1.79288E+07,  2.19856E+19,  1.82345E+13,  7.14470E+12,  5.82780E+12,  3.77562E+12,  5.50861E+11,  2.29838E+13,  7.80702E+08,  1.51544E+03,  4.59240E+16,  5.41949E+06,  2.77984E+15,  1.35737E+09,  8.62024E-02,  2.48198E+12,  5.04064E+11,  6.49961E+14,  3.66762E+02,  4.18782E+14,  1.96579E+03,  3.40981E+09,  2.71663E+13,  1.17000E+08,  0.00000E+00,  0.00000E+00,  0.00000E+00,  0.00000E+00,  0.00000E+00
  2.38000E-02,2,  2.58352E-02,  0.00000E+00,  0.00000E+00,  2.44455E+18,  5.67579E+14,  1.40065E+11,  3.48828E+07,  9.72098E+03,  8.36638E+01,  4.89238E+02,  7.94901E-02,  6.99729E-05,  6.78145E+06,  1.38812E+04,  6.01509E-06,  1.40939E-04,  2.52147E+14,  2.93422E-01,  9.82312E+04,  1.10965E+01,  1.66640E+00,  1.58916E+05,  1.16142E+07,  2.19857E+19,  1.10199E+11,  4.31783E+10,  3.52188E+10,  2.28178E+10,  3.95683E+09,  4.99328E+12,  3.89244E+06,  1.64134E+00,  4.58101E+16,  0.00000E+00,  2.77970E+15,  0.00000E+00,  3.03661-200,  1.85975E+10,  4.30173E+11,  6.50687E+14,  4.26021E+00,  4.17076E+14,  2.28341E+01,  2.83851E+05,  2.70272E+13,  1.17000E+08,  0.00000E+00,  0.00000E+00,  0.00000E+00,  0.00000E+00,  0.00000E+00
  2.38500E-02,1,  3.49960E+00,  1.40000E+02,  2.54766E-08,  2.44409E+18,  1.02082E+15,  4.64379E+11,  1.81858E+09,  8.10558E+08,  3.08511E+08,  1.46626E+08,  3.36298E+07,  9.71380E+06,  1.64087E+11,  4.26535E+08,  2.78766E+08,  5.10177E+09,  2.53816E+14,  7.18623E+03,  2.39001E+09,  9.56450E+02,  6.67593E+05,  3.61228E+05,  1.79288E+07,  2.19855E+19,  1.82138E+13,  7.13660E+12,  5.82119E+12,  3.77134E+12,  5.50218E+11,  2.30234E+13,  7.80987E+08,  1.51861E+03,  4.59923E+16,  5.41948E+06,  2.79127E+15,  1.35505E+09,  8.57675E-02,  2.47853E+12,  5.04025E+11,  6.51452E+14,  3.67207E+02,  4.19818E+14,  1.96817E+03,  3.40405E+09,  2.72475E+13,  1.17000E+08,  0.00000E+00,  0.00000E+00,  0.00000E+00,  0.00000E+00,  0.00000E+00
  2.39000E-02,2,  2.58352E-02,  0.00000E+00,  0.00000E+00,  2.44455E+18,  5.65823E+14,  1.39200E+11,  3.45605E+07,  9.61786E+03,  8.38112E+01,  4.90335E+02,  7.94220E-02,  6.97116E-05,  6.78663E+06,  1.39123E+04,  6.02419E-06,  1.41154E-04,  2.52427E+14,  2.94299E-01,  9.84156E+04,  1.10994E+01,  1.66047E+00,  1.58162E+05,  1.15729E+07,  2.19856E+19,  1.03648E+11,  4.06112E+10,  3.31249E+10,  2.14613E+10,  3.73079E+09,  4.96374E+12,  3.84620E+06,  1.61168E+00,  4.58772E+16,  0.00000E+00,  2.79113E+15,  7.33024E-30,  0.00000E+00,  1.76326E+10,  4.30078E+11,  6.52181E+14,  4.26131E+00,  4.18094E+14,  2.28400E+01,  2.83705E+05,  2.71069E+13,  1.17000E+08,  0.00000E+00,  0.00000E+00,  0.00000E+00,  0.00000E+00,  0.00000E+00
  2.39500E-02,1,  3.49960E+00,  1.40000E+02,  2.54766E-08,  2.44409E+18,  1.02027E+15,  4.63898E+11,  1.81826E+09,  8.10559E+08,  3.08511E+08,  1.46626E+08,  3.36298E+07,  9.71382E+06,  1.63847E+11,  4.26536E+08,  2.78766E+08,  5.10177E+09,  2.54098E+14,  7.19165E+03,  2.38917E+09,  9.57512E+02,  6.67594E+05,  3.61042E+05,  1.79288E+07,  2.19855E+19,  1.81947E+13,  7.12913E+12,  5.81510E+12,  3.76739E+12,  5.49624E+11,  2.30073E+13,  7.80872E+08,  1.51733E+03,  4.60591E+16,  5.41948E+06,  2.80270E+15,  1.35271E+09,  8.53441E-02,  2.47513E+12,  5.03981E+11,  6.52945E+14,  3.67615E+02,  4.20835E+14,  1.97036E+03,  3.39826E+09,  2.73274E+13,  1.17000E+08,  0.00000E+00,  0.00000E+00,  0.00000E+00,  0.00000E+00,  0.00000E+00
  2.40000E-02,2,  2.58352E-02,  0.00000E+00,  0.00000E+00,  2.44455E+18,  5.63384E+14,  1.38007E+11,  3.41201E+07,  9.47788E+03,  8.39306E+01,  4.91334E+02,  7.92406E-02,  6.92767E-05,  6.79063E+06,  1.39406E+04,  6.03133E-06,  1.41321E-04,  2.52682E+14,  2.95068E-01,  9.85732E+04,  1.11010E+01,  1.65430E+00,  1.56885E+05,  1.15312E+07,  2.19856E+19,  9.83561E+10,  3.85378E+10,  3.14337E+10,  2.03656E+10,  3.54477E+09,  4.92298E+12,  3.78386E+06,  1.57346E+00,  4.59427E+16,  0.00000E+00,  2.80256E+15,  4.30922-208,  0.00000E+00,  1.68524E+10,  4.29981E+11,  6.53678E+14,  4.26194E+00,  4.19095E+14,  2.28434E+01,  2.83550E+05,  2.71852E+13,  1.17000E+08,  0.00000E+00,  0.00000E+00,  0.00000E+00,  0.00000E+00,  0.00000E+00
  2.40500E-02,1,  3.49960E+00,  1.40000E+02,  2.54766E-08,  2.44409E+18,  1.01952E+15,  4.63230E+11,  1.81780E+09,  8.10560E+08,  3.08512E+08,  1.46627E+08,  3.36299E+07,  9.71383E+06,  1.63614E+11,  4.26537E+08,  2.78766E+08,  5.10176E+09,  2.54354E+14,  7.19588E+03,  2.38817E+09,  9.58479E+02,  6.67596E+05,  3.60617E+05,  1.79288E+07,  2.19854E+19,  1.81775E+13,  7.12237E+12,  5.80958E+12,  3.76382E+12,  5.49086E+11,  2.29850E+13,  7.80712E+08,  1.51555E+03,  4.61243E+16,  5.41947E+06,  2.81412E+15,  1.35036E+09,  8.49332E-02,  2.47182E+12,  5.03935E+11,  6.54441E+14,  3.67986E+02,  4.21836E+14,  1.97235E+03,  3.39243E+09,  2.74058E+13,  1.17000E+08,  0.00000E+00,  0.00000E+00,  0.00000E+00,  0.00000E+00,  0.00000E+00
  2.41000E-02,2,  2.58352E-02,  0.00000E+00,  0.00000E+00,  2.44455E+18,  5.61972E+14,  1.37317E+11,  3.38649E+07,  9.39582E+03,  8.40574E+01,  4.92277E+02,  7.91937E-02,  6.90512E-05,  6.79402E+06,  1.39674E+04,  6.03735E-06,  1.41462E-04,  2.52922E+14,  2.95776E-01,  9.87160E+04,  1.11065E+01,  1.65098E+00,  1.56036E+05,  1.15092E+07,  2.19855E+19,  9.47959E+10,  3.71429E+10,  3.02959E+10,  1.96284E+10,  3.42419E+09,  4.89936E+12,  3.74757E+06,  1.54931E+00,  4.60072E+16,  0.00000E+00,  2.81398E+15,  4.30540-208,  0.00000E+00,  1.63249E+10,  4.29905E+11,  6.55176E+14,  4.26405E+00,  4.20084E+14,  2.28546E+01,  2.83422E+05,  2.72626E+13,  1.17000E+08,  0.00000E+00,  0.00000E+00,  0.00000E+00,  0.00000E+00,  0.00000E+00
  2.41500E-02,1,  3.49960E+00,  1.40000E+02,  2.54766E-08,  2.44409E+18,  1.01908E+15,  4.62842E+11,  1.81754E+09,  8.10560E+08,  3.08512E+08,  1.46627E+08,  3.36300E+07,  9.71385E+06,  1.63384E+11,  4.26537E+08,  2.78766E+08,  5.10176E+09,  2.54596E+14,  7.19948E+03,  2.38709E+09,  9.59393E+02,  6.67597E+05,  3.60371E+05,  1.79288E+07,  2.19854E+19,  1.81611E+13,  7.11596E+12,  5.80435E+12,  3.76043E+12,  5.48577E+11,  2.29720E+13,  7.80619E+08,  1.51452E+03,  4.61884E+16,  5.41946E+06,  2.82554E+15,  1.34801E+09,  8.45301E-02,  2.46856E+12,  5.03889E+11,  6.55937E+14,  3.68337E+02,  4.22825E+14,  1.97423E+03,  3.38660E+09,  2.74833E+13,  1.17000E+08,  0.00000E+00,  0.00000E+00,  0.00000E+00,  0.00000E+00,  0.00000E+00
  2.42000E-02,2,  2.58352E-02,  0.00000E+00,  0.00000E+00,  2.44455E+18,  5.63512E+14,  1.38068E+11,  3.41418E+07,  9.48902E+03,  8.42560E+01,  4.93275E+02,  7.95719E-02,  6.95798E-05,  6.79817E+06,  1.39957E+04,  6.04481E-06,  1.41635E-04,  2.53177E+14,  2.96553E-01,  9.88759E+04,  1.11244E+01,  1.65524E+00,  1.56597E+05,  1.15380E+07,  2.19855E+19,  9.83929E+10,  3.85523E+10,  3.14455E+10,  2.03732E+10,  3.54505E+09,  4.92502E+12,  3.78672E+06,  1.57502E+00,  4.60716E+16,  0.00000E+00,  2.82540E+15,  0.00000E+00,  0.00000E+00,  1.68451E+10,  4.29897E+11,  6.56670E+14,  4.27089E+00,  4.21079E+14,  2.28913E+01,  2.83374E+05,  2.73405E+13,  1.17000E+08,  0.00000E+00,  0.00000E+00,  0.00000E+00,  0.00000E+00,  0.00000E+00
  2.42500E-02,1,  3.49960E+00,  1.40000E+02,  2.54766E-08,  2.44408E+18,  1.01956E+15,  4.63265E+11,  1.81783E+09,  8.10561E+08,  3.08513E+08,  1.46627E+08,  3.36300E+07,  9.71386E+06,  1.63156E+11,  4.26538E+08,  2.78766E+08,  5.10176E+09,  2.54852E+14,  7.20389E+03,  2.38616E+09,  9.60362E+02,  6.67598E+05,  3.60744E+05,  1.79288E+07,  2.19853E+19,  1.81440E+13,  7.10924E+12,  5.79887E+12,  3.75688E+12,  5.48043E+11,  2.29861E+13,  7.80720E+08,  1.51564E+03,  4.62525E+16,  5.41946E+06,  2.83696E+15,  1.34568E+09,  8.41263E-02,  2.46534E+12,  5.03847E+11,  6.57430E+14,  3.68709E+02,  4.23820E+14,  1.97622E+03,  3.38081E+09,  2.75614E+13,  1.17000E+08,  0.00000E+00,  0.00000E+00,  0.00000E+00,  0.00000E+00,  0.00000E+00
  2.43000E-02,2,  2.58352E-02,  0.00000E+00,  0.00000E+00,  2.44454E+18,  5.63673E+14,  1.38147E+11,  3.41709E+07,  9.50076E+03,  8.44240E+01,  4.94265E+02,  7.97545E-02,  6.97592E-05,  6.80228E+06,  1.40238E+04,  6.05210E-06,  1.41806E-04,  2.53428E+14,  2.97323E-01,  9.90342E+04,  1.11351E+01,  1.65509E+00,  1.56625E+05,  1.15364E+07,  2.19854E+19,  9.77777E+10,  3.83112E+10,  3.12489E+10,  2.02458E+10,  3.52285E+09,  4.92771E+12,  3.79085E+06,  1.57760E+00,  4.61354E+16,  0.00000E+00,  2.83682E+15,  0.00000E+00,  0.00000E+00,  1.67496E+10,  4.29852E+11,  6.58163E+14,  4.27501E+00,  4.22070E+14,  2.29134E+01,  2.83280E+05,  2.74181E+13,  1.17000E+08,  0.00000E+00,  0.00000E+00,  0.00000E+00,  0.00000E+00,  0.00000E+00
  2.43500E-02,1,  3.49960E+00,  1.40000E+02,  2.54766E-08,  2.44408E+18,  1.01961E+15,  4.63309E+11,  1.81786E+09,  8.10562E+08,  3.08513E+08,  1.46627E+08,  3.36301E+07,  9.71388E+06,  1.62930E+11,  4.26538E+08,  2.78765E+08,  5.10176E+09,  2.55106E+14,  7.20825E+03,  2.38523E+09,  9.61319E+02,  6.67599E+05,  3.60883E+05,  1.79288E+07,  2.19853E+19,  1.81270E+13,  7.10258E+12,  5.79344E+12,  3.75336E+12,  5.47514E+11,  2.29875E+13,  7.80731E+08,  1.51576E+03,  4.63160E+16,  5.41945E+06,  2.84838E+15,  1.34335E+09,  8.37265E-02,  2.46214E+12,  5.03806E+11,  6.58921E+14,  3.69076E+02,  4.24811E+14,  1.97819E+03,  3.37504E+09,  2.76391E+13,  1.17000E+08,  0.00000E+00,  0.00000E+00,  0.00000E+00,  0.00000E+00,  0.00000E+00
  2.44000E-02,2,  2.58352E-02,  0.00000E+00,  0.00000E+00,  2.44454E+18,  5.63254E+14,  1.37944E+11,  3.40965E+07,  9.47908E+03,  8.45771E+01,  4.95232E+02,  7.98512E-02,  6.97960E-05,  6.80616E+06,  1.40512E+04,  6.05901E-06,  1.41968E-04,  2.53674E+14,  2.98070E-01,  9.91870E+04,  1.11439E+01,  1.65386E+00,  1.56355E+05,  1.15278E+07,  2.19854E+19,  9.60627E+10,  3.76392E+10,  3.07008E+10,  1.98907E+10,  3.46213E+09,  4.92078E+12,  3.78046E+06,  1.57119E+00,  4.61984E+16,  0.00000E+00,  2.84824E+15,  1.23273E-21,  0.00000E+00,  1.64937E+10,  4.29795E+11,  6.59656E+14,  4.27840E+00,  4.23054E+14,  2.29315E+01,  2.83175E+05,  2.74953E+13,  1.17000E+08,  0.00000E+00,  0.00000E+00,  0.00000E+00,  0.00000E+00,  0.00000E+00
  2.44500E-02,1,  3.49960E+00,  1.40000E+02,  2.54766E-08,  2.44408E+18,  1.01947E+15,  4.63194E+11,  1.81778E+09,  8.10563E+08,  3.08513E+08,  1.46628E+08,  3.36301E+07,  9.71389E+06,  1.62707E+11,  4.26539E+08,  2.78765E+08,  5.10175E+09,  2.55353E+14,  7.21236E+03,  2.38428E+09,  9.62253E+02,  6.67600E+05,  3.60891E+05,  1.79288E+07,  2.19852E+19,  1.81104E+13,  7.09610E+12,  5.78815E+12,  3.74993E+12,  5.46999E+11,  2.29836E+13,  7.80703E+08,  1.51546E+03,  4.63786E+16,  5.41944E+06,  2.85980E+15,  1.34102E+09,  8.33320E-02,  2.45900E+12,  5.03765E+11,  6.60413E+14,  3.69435E+02,  4.25795E+14,  1.98011E+03,  3.36927E+09,  2.77163E+13,  1.17000E+08,  0.00000E+00,  0.00000E+00,  0.00000E+00,  0.00000E+00,  0.00000E+00
  2.45000E-02,2,  2.58352E-02,  0.00000E+00,  0.00000E+00,  2.44454E+18,  5.63372E+14,  1.38000E+11,  3.41160E+07,  9.48692E+03,  8.47385E+01,  4.96192E+02,  8.00228E-02,  6.99581E-05,  6.81003E+06,  1.40784E+04,  6.06593E-06,  1.42130E-04,  2.53918E+14,  2.98812E-01,  9.93388E+04,  1.11548E+01,  1.65400E+00,  1.56306E+05,  1.15285E+07,  2.19853E+19,  9.47943E+10,  3.71423E+10,  3.02954E+10,  1.96281E+10,  3.42143E+09,  4.92266E+12,  3.78290E+06,  1.57206E+00,  4.62608E+16,  0.00000E+00,  2.85966E+15,  0.00000E+00,  0.00000E+00,  1.63027E+10,  4.29750E+11,  6.61147E+14,  4.28258E+00,  4.24035E+14,  2.29539E+01,  2.83083E+05,  2.75721E+13,  1.17000E+08,  0.00000E+00,  0.00000E+00,  0.00000E+00,  0.00000E+00,  0.00000E+00
  2.45500E-02,1,  3.49960E+00,  1.40000E+02,  2.54766E-08,  2.44408E+18,  1.01951E+15,  4.63226E+11,  1.81780E+09,  8.10564E+08,  3.08514E+08,  1.46628E+08,  3.36302E+07,  9.71391E+06,  1.62487E+11,  4.26539E+08,  2.78765E+08,  5.10175E+09,  2.55599E+14,  7.21645E+03,  2.38334E+09,  9.63180E+02,  6.67601E+05,  3.60993E+05,  1.79288E+07,  2.19852E+19,  1.80940E+13,  7.08967E+12,  5.78291E+12,  3.74654E+12,  5.46488E+11,  2.29847E+13,  7.80711E+08,  1.51554E+03,  4.64407E+16,  5.41944E+06,  2.87121E+15,  1.33870E+09,  8.29412E-02,  2.45589E+12,  5.03725E+11,  6.61903E+14,  3.69790E+02,  4.26776E+14,  1.98201E+03,  3.36351E+09,  2.77933E+13,  1.17000E+08,  0.00000E+00,  0.00000E+00,  0.00000E+00,  0.00000E+00,  0.00000E+00
  2.46000E-02,2,  2.58352E-02,  0.00000E+00,  0.00000E+00,  2.44454E+18,  5.65667E+14,  1.39126E+11,  3.45347E+07,  9.62604E+03,  8.49574E+01,  4.97232E+02,  8.05174E-02,  7.06580E-05,  6.81495E+06,  1.41079E+04,  6.07320E-06,  1.42335E-04,  2.54182E+14,  2.99650E-01,  9.95140E+04,  1.11757E+01,  1.65996E+00,  1.57299E+05,  1.15684E+07,  2.19853E+19,  9.97205E+10,  3.90725E+10,  3.18698E+10,  2.06481E+10,  3.58926E+09,  4.96123E+12,  3.84287E+06,  1.61020E+00,  4.63234E+16,  0.00000E+00,  2.87107E+15,  5.20991E-37,  0.00000E+00,  1.70180E+10,  4.29765E+11,  6.62634E+14,  4.29059E+00,  4.25026E+14,  2.29968E+01,  2.83056E+05,  2.76499E+13,  1.17000E+08,  0.00000E+00,  0.00000E+00,  0.00000E+00,  0.00000E+00,  0.00000E+00
  2.46500E-02,1,  3.49960E+00,  1.40000E+02,  2.54766E-08,  2.44408E+18,  1.02022E+15,  4.63855E+11,  1.81824E+09,  8.10565E+08,  3.08514E+08,  1.46628E+08,  3.36302E+07,  9.71392E+06,  1.62266E+11,  4.26540E+08,  2.78765E+08,  5.10175E+09,  2.55864E+14,  7.22166E+03,  2.38259E+09,  9.64183E+02,  6.67601E+05,  3.61556E+05,  1.79288E+07,  2.19851E+19,  1.80763E+13,  7.08275E+12,  5.77726E+12,  3.74288E+12,  5.45939E+11,  2.30056E+13,  7.80861E+08,  1.51722E+03,  4.65030E+16,  5.41943E+06,  2.88262E+15,  1.33640E+09,  8.25473E-02,  2.45279E+12,  5.03690E+11,  6.63389E+14,  3.70175E+02,  4.27766E+14,  1.98407E+03,  3.35782E+09,  2.78711E+13,  1.17000E+08,  0.00000E+00,  0.00000E+00,  0.00000E+00,  0.00000E+00,  0.00000E+00
  2.47000E-02,2,  2.58352E-02,  0.00000E+00,  0.00000E+00,  2.44453E+18,  5.65913E+14,  1.39247E+11,  3.45795E+07,  9.64301E+03,  8.51338E+01,  4.98262E+02,  8.07194E-02,  7.08638E-05,  6.81980E+06,  1.41371E+04,  6.08316E-06,  1.42538E-04,  2.54443E+14,  3.00480E-01,  9.96873E+04,  1.11868E+01,  1.65985E+00,  1.57407E+05,  1.15668E+07,  2.19852E+19,  9.90989E+10,  3.88289E+10,  3.16711E+10,  2.05194E+10,  3.56679E+09,  4.96537E+12,  3.84925E+06,  1.61421E+00,  4.63855E+16,  0.00000E+00,  2.88248E+15,  5.44261E-37,  0.00000E+00,  1.69229E+10,  4.29729E+11,  6.64120E+14,  4.29486E+00,  4.26012E+14,  2.30197E+01,  2.82967E+05,  2.77273E+13,  1.17000E+08,  0.00000E+00,  0.00000E+00,  0.00000E+00,  0.00000E+00,  0.00000E+00
  2.47500E-02,1,  3.49960E+00,  1.40000E+02,  2.54766E-08,  2.44407E+18,  1.02030E+15,  4.63923E+11,  1.81828E+09,  8.10566E+08,  3.08515E+08,  1.46628E+08,  3.36303E+07,  9.71394E+06,  1.62049E+11,  4.26540E+08,  2.78765E+08,  5.10175E+09,  2.56127E+14,  7.22676E+03,  2.38183E+09,  9.65174E+02,  6.67602E+05,  3.61734E+05,  1.79288E+07,  2.19850E+19,  1.80589E+13,  7.07591E+12,  5.77168E+12,  3.73926E+12,  5.45395E+11,  2.30079E+13,  7.80877E+08,  1.51740E+03,  4.65647E+16,  5.41943E+06,  2.89404E+15,  1.33411E+09,  8.21574E-02,  2.44972E+12,  5.03655E+11,  6.64873E+14,  3.70556E+02,  4.28752E+14,  1.98611E+03,  3.35213E+09,  2.79487E+13,  1.17000E+08,  0.00000E+00,  0.00000E+00,  0.00000E+00,  0.00000E+00,  0.00000E+00
  2.48000E-02,2,  2.58352E-02,  0.00000E+00,  0.00000E+00,  2.44453E+18,  5.65055E+14,  1.38827E+11,  3.44235E+07,  9.59453E+03,  8.52817E+01,  4.99251E+02,  8.07571E-02,  7.07965E-05,  6.82422E+06,  1.41651E+04,  6.09947E-06,  1.42723E-04,  2.54693E+14,  3.01267E-01,  9.98501E+04,  1.11941E+01,  1.65751E+00,  1.56946E+05,  1.15508E+07,  2.19852E+19,  9.66633E+10,  3.78746E+10,  3.08927E+10,  2.00150E+10,  3.47953E+09,  4.95096E+12,  3.82701E+06,  1.60027E+00,  4.64466E+16,  0.00000E+00,  2.89389E+15,  1.44387E-09,  0.00000E+00,  1.65627E+10,  4.29670E+11,  6.65606E+14,  4.29767E+00,  4.26990E+14,  2.30347E+01,  2.82855E+05,  2.78040E+13,  1.17000E+08,  0.00000E+00,  0.00000E+00,  0.00000E+00,  0.00000E+00,  0.00000E+00
  2.48500E-02,1,  3.49960E+00,  1.40000E+02,  2.54766E-08,  2.44407E+18,  1.02003E+15,  4.63687E+11,  1.81812E+09,  8.10566E+08,  3.08515E+08,  1.46628E+08,  3.36303E+07,  9.71395E+06,  1.61834E+11,  4.26541E+08,  2.78765E+08,  5.10175E+09,  2.56378E+14,  7.23141E+03,  2.38102E+09,  9.66124E+02,  6.67603E+05,  3.61661E+05,  1.79288E+07,  2.19850E+19,  1.80422E+13,  7.06935E+12,  5.76634E+12,  3.73580E+12,  5.44874E+11,  2.30000E+13,  7.80821E+08,  1.51677E+03,  4.66255E+16,  5.41942E+06,  2.90544E+15,  1.33182E+09,  8.17741E-02,  2.44671E+12,  5.03620E+11,  6.66358E+14,  3.70920E+02,  4.29730E+14,  1.98806E+03,  3.34644E+09,  2.80255E+13,  1.17000E+08,  0.00000E+00,  0.00000E+00,  0.00000E+00,  0.00000E+00,  0.00000E+00
  2.49000E-02,2,  2.58352E-02,  0.00000E+00,  0.00000E+00,  2.44453E+18,  5.69902E+14,  1.41070E+11,  3.53098E+07,  1.02714E+04,  8.62860E+01,  5.00430E+02,  8.16371E-02,  7.04665E-05,  6.83100E+06,  1.41986E+04,  5.22935E-06,  1.43007E-04,  2.54992E+14,  3.02272E-01,  1.00066E+05,  1.12278E+01,  1.67074E+00,  1.59122E+05,  1.16400E+07,  2.19851E+19,  1.05272E+11,  4.12477E+10,  3.36440E+10,  2.17976E+10,  3.77815E+09,  5.03254E+12,  3.97271E+06,  2.62450E+00,  4.65091E+16,  0.00000E+00,  2.90530E+15,  9.13354E-09,  0.00000E+00,  1.78164E+10,  4.29744E+11,  6.67082E+14,  4.31062E+00,  4.27994E+14,  2.31042E+01,  2.82912E+05,  2.78831E+13,  1.17000E+08,  0.00000E+00,  0.00000E+00,  0.00000E+00,  0.00000E+00,  0.00000E+00
  2.49500E-02,1,  3.49960E+00,  1.40000E+02,  2.54766E-08,  2.44407E+18,  1.02154E+15,  4.65024E+11,  1.81904E+09,  8.10567E+08,  3.08515E+08,  1.46629E+08,  3.36303E+07,  9.71396E+06,  1.61616E+11,  4.26541E+08,  2.78764E+08,  5.10174E+09,  2.56679E+14,  7.23831E+03,  2.38051E+09,  9.67258E+02,  6.67604E+05,  3.62746E+05,  1.79288E+07,  2.19849E+19,  1.80136E+13,  7.05817E+12,  5.75722E+12,  3.72989E+12,  5.44001E+11,  2.30446E+13,  7.81142E+08,  1.52035E+03,  4.66877E+16,  5.41941E+06,  2.91685E+15,  1.32957E+09,  8.13404E-02,  2.44239E+12,  5.03563E+11,  6.67834E+14,  3.71356E+02,  4.30735E+14,  1.99039E+03,  3.34087E+09,  2.81047E+13,  1.17000E+08,  0.00000E+00,  0.00000E+00,  0.00000E+00,  0.00000E+00,  0.00000E+00
  2.50000E-02,2,  2.58352E-02,  0.00000E+00,  0.00000E+00,  2.44453E+18,  5.64217E+14,  1.38415E+11,  3.42702E+07,  9.54913E+03,  8.56129E+01,  5.01341E+02,  8.09751E-02,  7.08894E-05,  6.83458E+06,  1.42244E+04,  6.10975E-06,  1.43156E-04,  2.55222E+14,  3.02978E-01,  1.00209E+05,  1.12111E+01,  1.65376E+00,  1.56496E+05,  1.15240E+07,  2.19851E+19,  9.22551E+10,  3.61474E+10,  2.94839E+10,  1.91023E+10,  3.32735E+09,  4.93681E+12,  3.80492E+06,  1.58611E+00,  4.65684E+16,  0.00000E+00,  2.91671E+15,  1.14228E-21,  0.00000E+00,  1.59126E+10,  4.29579E+11,  6.68569E+14,  4.30421E+00,  4.28955E+14,  2.30697E+01,  2.82648E+05,  2.79585E+13,  1.17000E+08,  0.00000E+00,  0.00000E+00,  0.00000E+00,  0.00000E+00,  0.00000E+00
  2.50500E-02,1,  3.49960E+00,  1.40000E+02,  2.54766E-08,  2.44407E+18,  1.01977E+15,  4.63458E+11,  1.81797E+09,  8.10568E+08,  3.08516E+08,  1.46629E+08,  3.36304E+07,  9.71398E+06,  1.61409E+11,  4.26542E+08,  2.78765E+08,  5.10174E+09,  2.56908E+14,  7.24226E+03,  2.37968E+09,  9.68125E+02,  6.67605E+05,  3.61734E+05,  1.79288E+07,  2.19849E+19,  1.80070E+13,  7.05557E+12,  5.75510E+12,  3.72852E+12,  5.43780E+11,  2.29922E+13,  7.80766E+08,  1.51616E+03,  4.67467E+16,  5.41941E+06,  2.92826E+15,  1.32727E+09,  8.10079E-02,  2.44072E+12,  5.03557E+11,  6.69319E+14,  3.71689E+02,  4.31695E+14,  1.99218E+03,  3.33518E+09,  2.81802E+13,  1.17000E+08,  0.00000E+00,  0.00000E+00,  0.00000E+00,  0.00000E+00,  0.00000E+00
  2.51000E-02,2,  2.58352E-02,  0.00000E+00,  0.00000E+00,  2.44453E+18,  5.63634E+14,  1.38130E+11,  3.41657E+07,  9.51763E+03,  8.57518E+01,  5.02241E+02,  8.10366E-02,  7.08766E-05,  6.83807E+06,  1.42499E+04,  6.12081E-06,  1.43303E-04,  2.55449E+14,  3.03673E-01,  1.00350E+05,  1.12211E+01,  1.65356E+00,  1.55965E+05,  1.15236E+07,  2.19850E+19,  9.27201E+10,  3.63295E+10,  2.96325E+10,  1.91986E+10,  3.33992E+09,  4.92710E+12,  3.79023E+06,  1.57725E+00,  4.66271E+16,  0.00000E+00,  2.92811E+15,  0.00000E+00,  0.00000E+00,  1.59754E+10,  4.29542E+11,  6.70055E+14,  4.30801E+00,  4.29913E+14,  2.30901E+01,  2.82553E+05,  2.80336E+13,  1.17000E+08,  0.00000E+00,  0.00000E+00,  0.00000E+00,  0.00000E+00,  0.00000E+00
  2.51500E-02,1,  3.49960E+00,  1.40000E+02,  2.54766E-08,  2.44407E+18,  1.01959E+15,  4.63298E+11,  1.81786E+09,  8.10569E+08,  3.08516E+08,  1.46629E+08,  3.36305E+07,  9.71400E+06,  1.61204E+11,  4.26543E+08,  2.78765E+08,  5.10174E+09,  2.57137E+14,  7.24597E+03,  2.37878E+09,  9.68990E+02,  6.67606E+05,  3.61620E+05,  1.79288E+07,  2.19848E+19,  1.79919E+13,  7.04966E+12,  5.75027E+12,  3.72539E+12,  5.43310E+11,  2.29869E+13,  7.80727E+08,  1.51574E+03,  4.68051E+16,  5.41940E+06,  2.93966E+15,  1.32498E+09,  8.06413E-02,  2.43784E+12,  5.03522E+11,  6.70804E+14,  3.72020E+02,  4.32653E+14,  1.99396E+03,  3.32951E+09,  2.82555E+13,  1.17000E+08,  0.00000E+00,  0.00000E+00,  0.00000E+00,  0.00000E+00,  0.00000E+00
  2.52000E-02,2,  2.58352E-02,  0.00000E+00,  0.00000E+00,  2.44453E+18,  5.62676E+14,  1.37660E+11,  3.39904E+07,  9.46202E+03,  8.58752E+01,  5.03099E+02,  8.10370E-02,  7.07638E-05,  6.84110E+06,  1.42742E+04,  6.12139E-06,  1.43430E-04,  2.55665E+14,  3.04322E-01,  1.00480E+05,  1.12265E+01,  1.65099E+00,  1.55381E+05,  1.15062E+07,  2.19850E+19,  8.83916E+10,  3.46335E+10,  2.82491E+10,  1.83023E+10,  3.19502E+09,  4.91098E+12,  3.76497E+06,  1.56083E+00,  4.66848E+16,  0.00000E+00,  2.93951E+15,  0.00000E+00,  0.00000E+00,  1.53395E+10,  4.29469E+11,  6.71541E+14,  4.31011E+00,  4.30860E+14,  2.31013E+01,  2.82431E+05,  2.81080E+13,  1.17000E+08,  0.00000E+00,  0.00000E+00,  0.00000E+00,  0.00000E+00,  0.00000E+00
  2.52500E-02,1,  3.49960E+00,  1.40000E+02,  2.54766E-08,  2.44407E+18,  1.01929E+15,  4.63035E+11,  1.81768E+09,  8.10570E+08,  3.08516E+08,  1.46629E+08,  3.36305E+07,  9.71401E+06,  1.61003E+11,  4.26543E+08,  2.78765E+08,  5.10174E+09,  2.57355E+14,  7.24917E+03,  2.37783E+09,  9.69811E+02,  6.67607E+05,  3.61478E+05,  1.79288E+07,  2.19848E+19,  1.79775E+13,  7.04403E+12,  5.74568E+12,  3.72242E+12,  5.42863E+11,  2.29781E+13,  7.80664E+08,  1.51504E+03,  4.68625E+16,  5.41940E+06,  2.95106E+15,  1.32269E+09,  8.02810E-02,  2.43500E+12,  5.03487E+11,  6.72289E+14,  3.72336E+02,  4.33600E+14,  1.99564E+03,  3.32383E+09,  2.83299E+13,  1.17000E+08,  0.00000E+00,  0.00000E+00,  0.00000E+00,  0.00000E+00,  0.00000E+00
  2.53000E-02,2,  2.58352E-02,  0.00000E+00,  0.00000E+00,  2.44453E+18,  5.62856E+14,  1.37750E+11,  3.40254E+07,  9.47616E+03,  8.60224E+01,  5.03956E+02,  8.12012E-02,  7.09295E-05,  6.84420E+06,  1.42985E+04,  6.12696E-06,  1.43560E-04,  2.55881E+14,  3.04974E-01,  1.00610E+05,  1.12368E+01,  1.65148E+00,  1.55335E+05,  1.15095E+07,  2.19849E+19,  9.11062E+10,  3.56972E+10,  2.91167E+10,  1.88644E+10,  3.28132E+09,  4.91411E+12,  3.77031E+06,  1.56491E+00,  4.67421E+16,  0.00000E+00,  2.95091E+15,  4.25810-208,  0.00000E+00,  1.57299E+10,  4.29447E+11,  6.73026E+14,  4.31405E+00,  4.31805E+14,  2.31225E+01,  2.82339E+05,  2.81822E+13,  1.17000E+08,  0.00000E+00,  0.00000E+00,  0.00000E+00,  0.00000E+00,  0.00000E+00
  2.53500E-02,1,  3.49960E+00,  1.40000E+02,  2.54766E-08,  2.44406E+18,  1.01935E+15,  4.63085E+11,  1.81772E+09,  8.10570E+08,  3.08517E+08,  1.46630E+08,  3.36305E+07,  9.71402E+06,  1.60804E+11,  4.26544E+08,  2.78764E+08,  5.10174E+09,  2.57573E+14,  7.25248E+03,  2.37690E+09,  9.70634E+02,  6.67608E+05,  3.61568E+05,  1.79288E+07,  2.19848E+19,  1.79632E+13,  7.03842E+12,  5.74111E+12,  3.71946E+12,  5.42418E+11,  2.29797E+13,  7.80676E+08,  1.51517E+03,  4.69195E+16,  5.41939E+06,  2.96246E+15,  1.32041E+09,  7.99237E-02,  2.43221E+12,  5.03454E+11,  6.73772E+14,  3.72651E+02,  4.34545E+14,  1.99733E+03,  3.31816E+09,  2.84042E+13,  1.17000E+08,  0.00000E+00,  0.00000E+00,  0.00000E+00,  0.00000E+00,  0.00000E+00
  2.54000E-02,2,  2.58352E-02,  0.00000E+00,  0.00000E+00,  2.44452E+18,  5.63914E+14,  1.38265E+11,  3.42133E+07,  9.53810E+03,  8.61900E+01,  5.04846E+02,  8.14976E-02,  7.13100E-05,  6.84777E+06,  1.43237E+04,  6.13315E-06,  1.43710E-04,  2.56105E+14,  3.05667E-01,  1.00751E+05,  1.12507E+01,  1.65407E+00,  1.55753E+05,  1.15267E+07,  2.19849E+19,  9.13988E+10,  3.58118E+10,  2.92102E+10,  1.89250E+10,  3.29532E+09,  4.93163E+12,  3.79652E+06,  1.58031E+00,  4.67991E+16,  0.00000E+00,  2.96231E+15,  0.00000E+00,  0.00000E+00,  1.57676E+10,  4.29423E+11,  6.74508E+14,  4.31937E+00,  4.32752E+14,  2.31510E+01,  2.82271E+05,  2.82566E+13,  1.17000E+08,  0.00000E+00,  0.00000E+00,  0.00000E+00,  0.00000E+00,  0.00000E+00
  2.54500E-02,1,  3.49960E+00,  1.40000E+02,  2.54766E-08,  2.44406E+18,  1.01967E+15,  4.63374E+11,  1.81791E+09,  8.10571E+08,  3.08517E+08,  1.46630E+08,  3.36306E+07,  9.71404E+06,  1.60606E+11,  4.26544E+08,  2.78764E+08,  5.10173E+09,  2.57798E+14,  7.25625E+03,  2.37606E+09,  9.71486E+02,  6.67609E+05,  3.61860E+05,  1.79288E+07,  2.19847E+19,  1.79483E+13,  7.03260E+12,  5.73636E+12,  3.71638E+12,  5.41955E+11,  2.29893E+13,  7.80746E+08,  1.51595E+03,  4.69762E+16,  5.41938E+06,  2.97385E+15,  1.31814E+09,  7.95664E-02,  2.42943E+12,  5.03423E+11,  6.75254E+14,  3.72978E+02,  4.35492E+14,  1.99909E+03,  3.31253E+09,  2.84787E+13,  1.17000E+08,  0.00000E+00,  0.00000E+00,  0.00000E+00,  0.00000E+00,  0.00000E+00
  2.55000E-02,2,  2.58352E-02,  0.00000E+00,  0.00000E+00,  2.44452E+18,  5.64216E+14,  1.38416E+11,  3.42714E+07,  9.55985E+03,  8.63451E+01,  5.05736E+02,  8.16851E-02,  7.15135E-05,  6.85138E+06,  1.43490E+04,  6.13983E-06,  1.43862E-04,  2.56329E+14,  3.06363E-01,  1.00892E+05,  1.12610E+01,  1.65446E+00,  1.55850E+05,  1.15289E+07,  2.19848E+19,  9.30949E+10,  3.64764E+10,  2.97523E+10,  1.92762E+10,  3.34765E+09,  4.93696E+12,  3.80538E+06,  1.58644E+00,  4.68557E+16,  0.00000E+00,  2.97371E+15,  9.19614E-53,  0.00000E+00,  1.60103E+10,  4.29399E+11,  6.75989E+14,  4.32335E+00,  4.33697E+14,  2.31723E+01,  2.82181E+05,  2.83308E+13,  1.17000E+08,  0.00000E+00,  0.00000E+00,  0.00000E+00,  0.00000E+00,  0.00000E+00
  2.55500E-02,1,  3.49960E+00,  1.40000E+02,  2.54766E-08,  2.44406E+18,  1.01977E+15,  4.63457E+11,  1.81797E+09,  8.10572E+08,  3.08518E+08,  1.46630E+08,  3.36306E+07,  9.71405E+06,  1.60411E+11,  4.26545E+08,  2.78764E+08,  5.10173E+09,  2.58024E+14,  7.26009E+03,  2.37524E+09,  9.72337E+02,  6.67610E+05,  3.62014E+05,  1.79288E+07,  2.19847E+19,  1.79335E+13,  7.02680E+12,  5.73163E+12,  3.71331E+12,  5.41495E+11,  2.29921E+13,  7.80765E+08,  1.51617E+03,  4.70325E+16,  5.41938E+06,  2.98525E+15,  1.31588E+09,  7.92121E-02,  2.42668E+12,  5.03393E+11,  6.76734E+14,  3.73305E+02,  4.36436E+14,  2.00084E+03,  3.30692E+09,  2.85530E+13,  1.17000E+08,  0.00000E+00,  0.00000E+00,  0.00000E+00,  0.00000E+00,  0.00000E+00
  2.56000E-02,2,  2.58352E-02,  0.00000E+00,  0.00000E+00,  2.44452E+18,  5.66618E+14,  1.39591E+11,  3.47051E+07,  9.70252E+03,  8.65553E+01,  5.06719E+02,  8.21925E-02,  7.22337E-05,  6.85620E+06,  1.43769E+04,  6.11324E-06,  1.44064E-04,  2.56576E+14,  3.07170E-01,  1.01060E+05,  1.12820E+01,  1.66092E+00,  1.56933E+05,  1.15721E+07,  2.19848E+19,  9.52084E+10,  3.73045E+10,  3.04278E+10,  1.97138E+10,  3.42461E+09,  4.97680E+12,  3.86671E+06,  1.62466E+00,  4.69127E+16,  0.00000E+00,  2.98510E+15,  3.12278E-21,  0.00000E+00,  1.63146E+10,  4.29404E+11,  6.77465E+14,  4.33140E+00,  4.34653E+14,  2.32154E+01,  2.82159E+05,  2.84060E+13,  1.17000E+08,  0.00000E+00,  0.00000E+00,  0.00000E+00,  0.00000E+00,  0.00000E+00
  2.56500E-02,1,  3.49960E+00,  1.40000E+02,  2.54766E-08,  2.44406E+18,  1.02051E+15,  4.64115E+11,  1.81842E+09,  8.10573E+08,  3.08518E+08,  1.46630E+08,  3.36307E+07,  9.71406E+06,  1.60214E+11,  4.26545E+08,  2.78764E+08,  5.10173E+09,  2.58272E+14,  7.26514E+03,  2.37461E+09,  9.73275E+02,  6.67611E+05,  3.62602E+05,  1.79288E+07,  2.19846E+19,  1.79172E+13,  7.02040E+12,  5.72641E+12,  3.70993E+12,  5.40987E+11,  2.30140E+13,  7.80923E+08,  1.51792E+03,  4.70892E+16,  5.41937E+06,  2.99664E+15,  1.31364E+09,  7.88532E-02,  2.42391E+12,  5.03368E+11,  6.78208E+14,  3.73665E+02,  4.37393E+14,  2.00276E+03,  3.30137E+09,  2.86284E+13,  1.17000E+08,  0.00000E+00,  0.00000E+00,  0.00000E+00,  0.00000E+00,  0.00000E+00
  2.57000E-02,2,  2.58352E-02,  0.00000E+00,  0.00000E+00,  2.44452E+18,  5.64360E+14,  1.38485E+11,  3.42959E+07,  9.57170E+03,  8.66559E+01,  5.07588E+02,  8.20054E-02,  7.18084E-05,  6.85967E+06,  1.44015E+04,  6.15474E-06,  1.44210E-04,  2.56794E+14,  3.07848E-01,  1.01198E+05,  1.12805E+01,  1.65399E+00,  1.55870E+05,  1.15246E+07,  2.19847E+19,  8.90423E+10,  3.48885E+10,  2.84571E+10,  1.84370E+10,  3.21263E+09,  4.93915E+12,  3.80847E+06,  1.58819E+00,  4.69681E+16,  0.00000E+00,  2.99649E+15,  0.00000E+00,  0.00000E+00,  1.54134E+10,  4.29314E+11,  6.78945E+14,  4.33082E+00,  4.35589E+14,  2.32123E+01,  2.81996E+05,  2.84796E+13,  1.17000E+08,  0.00000E+00,  0.00000E+00,  0.00000E+00,  0.00000E+00,  0.00000E+00
  2.57500E-02,1,  3.49960E+00,  1.40000E+02,  2.54766E-08,  2.44406E+18,  1.01981E+15,  4.63497E+11,  1.81800E+09,  8.10573E+08,  3.08518E+08,  1.46630E+08,  3.36307E+07,  9.71408E+06,  1.60023E+11,  4.26546E+08,  2.78764E+08,  5.10173E+09,  2.58491E+14,  7.26879E+03,  2.37379E+09,  9.74101E+02,  6.67612E+05,  3.62256E+05,  1.79288E+07,  2.19846E+19,  1.79029E+13,  7.01479E+12,  5.72183E+12,  3.70697E+12,  5.40541E+11,  2.29933E+13,  7.80775E+08,  1.51628E+03,  4.71443E+16,  5.41937E+06,  3.00803E+15,  1.31138E+09,  7.85064E-02,  2.42123E+12,  5.03339E+11,  6.79687E+14,  3.73982E+02,  4.38328E+14,  2.00446E+03,  3.29578E+09,  2.87021E+13,  1.17000E+08,  0.00000E+00,  0.00000E+00,  0.00000E+00,  0.00000E+00,  0.00000E+00
  2.58000E-02,2,  2.58352E-02,  0.00000E+00,  0.00000E+00,  2.44451E+18,  5.66306E+14,  1.39442E+11,  3.46520E+07,  9.69026E+03,  8.68508E+01,  5.08525E+02,  8.24402E-02,  7.24208E-05,  6.86403E+06,  1.44281E+04,  6.14748E-06,  1.44393E-04,  2.57029E+14,  3.08608E-01,  1.01355E+05,  1.12993E+01,  1.65936E+00,  1.56630E+05,  1.15609E+07,  2.19847E+19,  9.53724E+10,  3.73688E+10,  3.04802E+10,  1.97477E+10,  3.42665E+09,  4.97188E+12,  3.85948E+06,  1.62068E+00,  4.70237E+16,  0.00000E+00,  3.00788E+15,  0.00000E+00,  0.00000E+00,  1.63304E+10,  4.29345E+11,  6.80420E+14,  4.33806E+00,  4.36534E+14,  2.32510E+01,  2.81961E+05,  2.85539E+13,  1.17000E+08,  0.00000E+00,  0.00000E+00,  0.00000E+00,  0.00000E+00,  0.00000E+00
  2.58500E-02,1,  3.49960E+00,  1.40000E+02,  2.54766E-08,  2.44405E+18,  1.02041E+15,  4.64030E+11,  1.81837E+09,  8.10574E+08,  3.08519E+08,  1.46631E+08,  3.36308E+07,  9.71409E+06,  1.59831E+11,  4.26546E+08,  2.78764E+08,  5.10172E+09,  2.58728E+14,  7.27339E+03,  2.37313E+09,  9.74995E+02,  6.67613E+05,  3.62699E+05,  1.79288E+07,  2.19845E+19,  1.78875E+13,  7.00874E+12,  5.71690E+12,  3.70377E+12,  5.40061E+11,  2.30111E+13,  7.80902E+08,  1.51770E+03,  4.71996E+16,  5.41936E+06,  3.01942E+15,  1.30915E+09,  7.81570E-02,  2.41856E+12,  5.03314E+11,  6.81161E+14,  3.74325E+02,  4.39273E+14,  2.00630E+03,  3.29024E+09,  2.87765E+13,  1.17000E+08,  0.00000E+00,  0.00000E+00,  0.00000E+00,  0.00000E+00,  0.00000E+00
  2.59000E-02,2,  2.58352E-02,  0.00000E+00,  0.00000E+00,  2.44451E+18,  5.65415E+14,  1.39001E+11,  3.44864E+07,  9.63729E+03,  8.69798E+01,  5.09412E+02,  8.24542E-02,  7.23265E-05,  6.86784E+06,  1.44532E+04,  6.16929E-06,  1.44554E-04,  2.57251E+14,  3.09314E-01,  1.01499E+05,  1.13043E+01,  1.65639E+00,  1.56186E+05,  1.15403E+07,  2.19846E+19,  9.15461E+10,  3.58695E+10,  2.92573E+10,  1.89555E+10,  3.29573E+09,  4.95678E+12,  3.83536E+06,  1.60455E+00,  4.70783E+16,  0.00000E+00,  3.01927E+15,  1.99694E-30,  0.00000E+00,  1.57698E+10,  4.29282E+11,  6.81896E+14,  4.33997E+00,  4.37468E+14,  2.32613E+01,  2.81840E+05,  2.86274E+13,  1.17000E+08,  0.00000E+00,  0.00000E+00,  0.00000E+00,  0.00000E+00,  0.00000E+00
  2.59500E-02,1,  3.49960E+00,  1.40000E+02,  2.54766E-08,  2.44405E+18,  1.02014E+15,  4.63786E+11,  1.81820E+09,  8.10575E+08,  3.08519E+08,  1.46631E+08,  3.36308E+07,  9.71410E+06,  1.59644E+11,  4.26547E+08,  2.78764E+08,  5.10172E+09,  2.58951E+14,  7.27739E+03,  2.37239E+09,  9.75838E+02,  6.67614E+05,  3.62621E+05,  1.79288E+07,  2.19845E+19,  1.78729E+13,  7.00302E+12,  5.71223E+12,  3.70075E+12,  5.39607E+11,  2.30029E+13,  7.80844E+08,  1.51705E+03,  4.72540E+16,  5.41936E+06,  3.03081E+15,  1.30691E+09,  7.78141E-02,  2.41592E+12,  5.03288E+11,  6.82636E+14,  3.74649E+02,  4.40207E+14,  2.00803E+03,  3.28470E+09,  2.88501E+13,  1.17000E+08,  0.00000E+00,  0.00000E+00,  0.00000E+00,  0.00000E+00,  0.00000E+00
  2.60000E-02,2,  2.58352E-02,  0.00000E+00,  0.00000E+00,  2.44451E+18,  5.62435E+14,  1.37544E+11,  3.39482E+07,  9.46485E+03,  8.70493E+01,  5.10175E+02,  8.21424E-02,  7.17013E-05,  6.87020E+06,  1.44748E+04,  6.17363E-06,  1.44653E-04,  2.57442E+14,  3.09880E-01,  1.01609E+05,  1.13004E+01,  1.64858E+00,  1.54684E+05,  1.14876E+07,  2.19846E+19,  8.42917E+10,  3.30271E+10,  2.69389E+10,  1.74534E+10,  3.04601E+09,  4.90697E+12,  3.75903E+06,  1.55732E+00,  4.71312E+16,  0.00000E+00,  3.03066E+15,  0.00000E+00,  0.00000E+00,  1.47111E+10,  4.29175E+11,  6.83376E+14,  4.33846E+00,  4.38380E+14,  2.32531E+01,  2.81664E+05,  2.86991E+13,  1.17000E+08,  0.00000E+00,  0.00000E+00,  0.00000E+00,  0.00000E+00,  0.00000E+00
  2.60500E-02,1,  3.49960E+00,  1.40000E+02,  2.54766E-08,  2.44405E+18,  1.01921E+15,  4.62969E+11,  1.81764E+09,  8.10576E+08,  3.08519E+08,  1.46631E+08,  3.36309E+07,  9.71412E+06,  1.59462E+11,  4.26548E+08,  2.78764E+08,  5.10172E+09,  2.59143E+14,  7.27988E+03,  2.37145E+09,  9.76563E+02,  6.67615E+05,  3.62075E+05,  1.79288E+07,  2.19844E+19,  1.78604E+13,  6.99813E+12,  5.70825E+12,  3.69817E+12,  5.39218E+11,  2.29756E+13,  7.80648E+08,  1.51487E+03,  4.73066E+16,  5.41935E+06,  3.04219E+15,  1.30466E+09,  7.74835E-02,  2.41337E+12,  5.03259E+11,  6.84116E+14,  3.74927E+02,  4.41119E+14,  2.00952E+03,  3.27911E+09,  2.89218E+13,  1.17000E+08,  0.00000E+00,  0.00000E+00,  0.00000E+00,  0.00000E+00,  0.00000E+00
  2.61000E-02,2,  2.58352E-02,  0.00000E+00,  0.00000E+00,  2.44451E+18,  5.62111E+14,  1.37386E+11,  3.38898E+07,  9.44769E+03,  8.71687E+01,  5.10930E+02,  8.22165E-02,  7.17273E-05,  6.87253E+06,  1.44962E+04,  6.17771E-06,  1.44751E-04,  2.57631E+14,  3.10439E-01,  1.01718E+05,  1.13084E+01,  1.64835E+00,  1.54355E+05,  1.14865E+07,  2.19845E+19,  8.39077E+10,  3.28767E+10,  2.68161E+10,  1.73739E+10,  3.03208E+09,  4.90155E+12,  3.75074E+06,  1.55218E+00,  4.71835E+16,  0.00000E+00,  3.04204E+15,  0.00000E+00,  0.00000E+00,  1.46507E+10,  4.29134E+11,  6.84856E+14,  4.34154E+00,  4.39288E+14,  2.32697E+01,  2.81562E+05,  2.87704E+13,  1.17000E+08,  0.00000E+00,  0.00000E+00,  0.00000E+00,  0.00000E+00,  0.00000E+00
  2.61500E-02,1,  3.49960E+00,  1.40000E+02,  2.54766E-08,  2.44405E+18,  1.01911E+15,  4.62880E+11,  1.81758E+09,  8.10576E+08,  3.08520E+08,  1.46631E+08,  3.36309E+07,  9.71413E+06,  1.59282E+11,  4.26548E+08,  2.78764E+08,  5.10172E+09,  2.59333E+14,  7.28237E+03,  2.37052E+09,  9.77282E+02,  6.67616E+05,  3.62030E+05,  1.79288E+07,  2.19844E+19,  1.78480E+13,  6.99329E+12,  5.70429E+12,  3.69560E+12,  5.38834E+11,  2.29726E+13,  7.80627E+08,  1.51464E+03,  4.73586E+16,  5.41934E+06,  3.05357E+15,  1.30241E+09,  7.71560E-02,  2.41086E+12,  5.03231E+11,  6.85594E+14,  3.75203E+02,  4.42027E+14,  2.01100E+03,  3.27354E+09,  2.89933E+13,  1.17000E+08,  0.00000E+00,  0.00000E+00,  0.00000E+00,  0.00000E+00,  0.00000E+00
  2.62000E-02,2,  2.58352E-02,  0.00000E+00,  0.00000E+00,  2.44451E+18,  5.62075E+14,  1.37368E+11,  3.38833E+07,  9.44731E+03,  8.72927E+01,  5.11678E+02,  8.23317E-02,  7.18238E-05,  6.87484E+06,  1.45174E+04,  6.18191E-06,  1.44849E-04,  2.57818E+14,  3.10994E-01,  1.01826E+05,  1.13164E+01,  1.64820E+00,  1.54239E+05,  1.14854E+07,  2.19845E+19,  8.35280E+10,  3.27279E+10,  2.66948E+10,  1.72952E+10,  3.01832E+09,  4.90094E+12,  3.74981E+06,  1.55160E+00,  4.72353E+16,  0.00000E+00,  3.05342E+15,  0.00000E+00,  0.00000E+00,  1.45910E+10,  4.29093E+11,  6.86335E+14,  4.34460E+00,  4.40193E+14,  2.32860E+01,  2.81461E+05,  2.88415E+13,  1.17000E+08,  0.00000E+00,  0.00000E+00,  0.00000E+00,  0.00000E+00,  0.00000E+00
  2.62500E-02,1,  3.49960E+00,  1.40000E+02,  2.54766E-08,  2.44405E+18,  1.01910E+15,  4.62870E+11,  1.81758E+09,  8.10577E+08,  3.08520E+08,  1.46631E+08,  3.36310E+07,  9.71414E+06,  1.59105E+11,  4.26549E+08,  2.78764E+08,  5.10172E+09,  2.59522E+14,  7.28484E+03,  2.36960E+09,  9.77994E+02,  6.67616E+05,  3.62075E+05,  1.79288E+07,  2.19843E+19,  1.78358E+13,  6.98849E+12,  5.70038E+12,  3.69307E+12,  5.38453E+11,  2.29722E+13,  7.80624E+08,  1.51461E+03,  4.74101E+16,  5.41934E+06,  3.06495E+15,  1.30017E+09,  7.68315E-02,  2.40837E+12,  5.03204E+11,  6.87072E+14,  3.75477E+02,  4.42932E+14,  2.01246E+03,  3.26797E+09,  2.90644E+13,  1.17000E+08,  0.00000E+00,  0.00000E+00,  0.00000E+00,  0.00000E+00,  0.00000E+00
  2.63000E-02,2,  2.58352E-02,  0.00000E+00,  0.00000E+00,  2.44451E+18,  5.65789E+14,  1.39191E+11,  3.45602E+07,  9.67002E+03,  8.75141E+01,  5.12566E+02,  8.30199E-02,  7.28701E-05,  6.87889E+06,  1.45426E+04,  5.98770E-06,  1.45020E-04,  2.58040E+14,  3.11713E-01,  1.01974E+05,  1.13414E+01,  1.65791E+00,  1.55915E+05,  1.15507E+07,  2.19844E+19,  9.25626E+10,  3.62678E+10,  2.95822E+10,  1.91659E+10,  3.32609E+09,  4.96325E+12,  3.84644E+06,  1.61270E+00,  4.72881E+16,  0.00000E+00,  3.06480E+15,  2.44202E-40,  0.00000E+00,  1.58994E+10,  4.29153E+11,  6.87806E+14,  4.35422E+00,  4.41117E+14,  2.33376E+01,  2.81466E+05,  2.89142E+13,  1.17000E+08,  0.00000E+00,  0.00000E+00,  0.00000E+00,  0.00000E+00,  0.00000E+00
  2.63500E-02,1,  3.49960E+00,  1.40000E+02,  2.54766E-08,  2.44405E+18,  1.02025E+15,  4.63888E+11,  1.81828E+09,  8.10578E+08,  3.08520E+08,  1.46632E+08,  3.36310E+07,  9.71415E+06,  1.58924E+11,  4.26549E+08,  2.78763E+08,  5.10171E+09,  2.59745E+14,  7.28913E+03,  2.36896E+09,  9.78839E+02,  6.67617E+05,  3.62900E+05,  1.79287E+07,  2.19843E+19,  1.78213E+13,  6.98280E+12,  5.69574E+12,  3.69006E+12,  5.38002E+11,  2.30062E+13,  7.80868E+08,  1.51732E+03,  4.74626E+16,  5.41933E+06,  3.07633E+15,  1.29796E+09,  7.64988E-02,  2.40586E+12,  5.03184E+11,  6.88542E+14,  3.75801E+02,  4.43855E+14,  2.01420E+03,  3.26249E+09,  2.91373E+13,  1.17000E+08,  0.00000E+00,  0.00000E+00,  0.00000E+00,  0.00000E+00,  0.00000E+00
  2.64000E-02,2,  2.58352E-02,  0.00000E+00,  0.00000E+00,  2.44450E+18,  5.64630E+14,  1.38619E+11,  3.43463E+07,  9.60175E+03,  8.76277E+01,  5.13389E+02,  8.29828E-02,  7.26970E-05,  6.88222E+06,  1.45660E+04,  6.19522E-06,  1.45160E-04,  2.58245E+14,  3.12360E-01,  1.02105E+05,  1.13438E+01,  1.65384E+00,  1.55419E+05,  1.15222E+07,  2.19844E+19,  8.73429E+10,  3.42226E+10,  2.79140E+10,  1.80852E+10,  3.14758E+09,  4.94369E+12,  3.81574E+06,  1.59305E+00,  4.73397E+16,  0.00000E+00,  3.07618E+15,  2.36507E-31,  0.00000E+00,  1.51381E+10,  4.29077E+11,  6.89280E+14,  4.35513E+00,  4.42027E+14,  2.33425E+01,  2.81332E+05,  2.89859E+13,  1.17000E+08,  0.00000E+00,  0.00000E+00,  0.00000E+00,  0.00000E+00,  0.00000E+00
  2.64500E-02,1,  3.49960E+00,  1.40000E+02,  2.54766E-08,  2.44404E+18,  1.01989E+15,  4.63570E+11,  1.81806E+09,  8.10579E+08,  3.08521E+08,  1.46632E+08,  3.36310E+07,  9.71417E+06,  1.58748E+11,  4.26550E+08,  2.78763E+08,  5.10171E+09,  2.59951E+14,  7.29262E+03,  2.36821E+09,  9.79618E+02,  6.67618E+05,  3.62792E+05,  1.79287E+07,  2.19842E+19,  1.78078E+13,  6.97754E+12,  5.69145E+12,  3.68728E+12,  5.37584E+11,  2.29955E+13,  7.80792E+08,  1.51648E+03,  4.75139E+16,  5.41933E+06,  3.08771E+15,  1.29575E+09,  7.61735E-02,  2.40338E+12,  5.03161E+11,  6.90015E+14,  3.76100E+02,  4.44766E+14,  2.01580E+03,  3.25700E+09,  2.92090E+13,  1.17000E+08,  0.00000E+00,  0.00000E+00,  0.00000E+00,  0.00000E+00,  0.00000E+00
  2.65000E-02,2,  2.58352E-02,  0.00000E+00,  0.00000E+00,  2.44451E+18,  5.62270E+14,  1.37463E+11,  3.39183E+07,  9.46441E+03,  8.77017E+01,  5.14110E+02,  8.27519E-02,  7.22128E-05,  6.88437E+06,  1.45864E+04,  6.19912E-06,  1.45251E-04,  2.58424E+14,  3.12893E-01,  1.02208E+05,  1.13419E+01,  1.64765E+00,  1.54217E+05,  1.14805E+07,  2.19844E+19,  8.28841E+10,  3.24756E+10,  2.64890E+10,  1.71619E+10,  2.99216E+09,  4.90411E+12,  3.75474E+06,  1.55499E+00,  4.73898E+16,  0.00000E+00,  3.08755E+15,  1.21776E-19,  0.00000E+00,  1.44866E+10,  4.28996E+11,  6.90756E+14,  4.35440E+00,  4.42919E+14,  2.33385E+01,  2.81171E+05,  2.90560E+13,  1.17000E+08,  0.00000E+00,  0.00000E+00,  0.00000E+00,  0.00000E+00,  0.00000E+00
  2.65500E-02,1,  3.49960E+00,  1.40000E+02,  2.54766E-08,  2.44404E+18,  1.01916E+15,  4.62923E+11,  1.81762E+09,  8.10579E+08,  3.08521E+08,  1.46632E+08,  3.36311E+07,  9.71418E+06,  1.58577E+11,  4.26550E+08,  2.78763E+08,  5.10171E+09,  2.60132E+14,  7.29490E+03,  2.36731E+09,  9.80301E+02,  6.67619E+05,  3.62370E+05,  1.79288E+07,  2.19842E+19,  1.77962E+13,  6.97298E+12,  5.68773E+12,  3.68487E+12,  5.37222E+11,  2.29739E+13,  7.80637E+08,  1.51476E+03,  4.75638E+16,  5.41932E+06,  3.09908E+15,  1.29352E+09,  7.58588E-02,  2.40100E+12,  5.03136E+11,  6.91490E+14,  3.76362E+02,  4.45658E+14,  2.01721E+03,  3.25147E+09,  2.92792E+13,  1.17000E+08,  0.00000E+00,  0.00000E+00,  0.00000E+00,  0.00000E+00,  0.00000E+00
  2.66000E-02,2,  2.58352E-02,  0.00000E+00,  0.00000E+00,  2.44450E+18,  5.64467E+14,  1.38542E+11,  3.43195E+07,  9.59739E+03,  8.78799E+01,  5.14917E+02,  8.32059E-02,  7.28758E-05,  6.88761E+06,  1.46093E+04,  6.20497E-06,  1.45388E-04,  2.58626E+14,  3.13527E-01,  1.02336E+05,  1.13606E+01,  1.65383E+00,  1.55096E+05,  1.15224E+07,  2.19843E+19,  8.88556E+10,  3.48154E+10,  2.83975E+10,  1.83984E+10,  3.19582E+09,  4.94107E+12,  3.81225E+06,  1.59156E+00,  4.74404E+16,  0.00000E+00,  3.09892E+15,  4.35124E-39,  0.00000E+00,  1.53492E+10,  4.29025E+11,  6.92228E+14,  4.36158E+00,  4.43823E+14,  2.33770E+01,  2.81138E+05,  2.91270E+13,  1.17000E+08,  0.00000E+00,  0.00000E+00,  0.00000E+00,  0.00000E+00,  0.00000E+00
  2.66500E-02,1,  3.49960E+00,  1.40000E+02,  2.54766E-08,  2.44404E+18,  1.01984E+15,  4.63526E+11,  1.81803E+09,  8.10580E+08,  3.08521E+08,  1.46632E+08,  3.36311E+07,  9.71419E+06,  1.58405E+11,  4.26551E+08,  2.78763E+08,  5.10171E+09,  2.60335E+14,  7.29835E+03,  2.36659E+09,  9.81067E+02,  6.67620E+05,  3.62845E+05,  1.79287E+07,  2.19841E+19,  1.77832E+13,  6.96789E+12,  5.68357E+12,  3.68218E+12,  5.36817E+11,  2.29940E+13,  7.80781E+08,  1.51636E+03,  4.76141E+16,  5.41932E+06,  3.11045E+15,  1.29131E+09,  7.55401E-02,  2.39861E+12,  5.03117E+11,  6.92961E+14,  3.76656E+02,  4.46561E+14,  2.01878E+03,  3.24601E+09,  2.93504E+13,  1.17000E+08,  0.00000E+00,  0.00000E+00,  0.00000E+00,  0.00000E+00,  0.00000E+00
  2.67000E-02,2,  2.58352E-02,  0.00000E+00,  0.00000E+00,  2.44450E+18,  5.62443E+14,  1.37450E+11,  3.38478E+07,  9.42120E+03,  8.79376E+01,  5.15633E+02,  8.30207E-02,  7.24852E-05,  6.88982E+06,  1.46296E+04,  6.07335E-06,  1.45481E-04,  2.58804E+14,  3.11127E-01,  1.02439E+05,  1.13589E+01,  1.64792E+00,  1.54137E+05,  1.14820E+07,  2.19843E+19,  8.35202E+10,  3.27249E+10,  2.66923E+10,  1.72936E+10,  3.00949E+09,  4.90752E+12,  3.74532E+06,  1.52280E+00,  4.74895E+16,  0.00000E+00,  3.11030E+15,  2.60036E-09,  0.00000E+00,  1.45728E+10,  4.28936E+11,  6.93703E+14,  4.36093E+00,  4.44709E+14,  2.33735E+01,  2.80981E+05,  2.91967E+13,  1.17000E+08,  0.00000E+00,  0.00000E+00,  0.00000E+00,  0.00000E+00,  0.00000E+00
  2.67500E-02,1,  3.49960E+00,  1.40000E+02,  2.54766E-08,  2.44404E+18,  1.01922E+15,  4.62977E+11,  1.81766E+09,  8.10581E+08,  3.08522E+08,  1.46632E+08,  3.36312E+07,  9.71421E+06,  1.58238E+11,  4.26551E+08,  2.78763E+08,  5.10171E+09,  2.60515E+14,  7.30052E+03,  2.36566E+09,  9.81747E+02,  6.67621E+05,  3.62526E+05,  1.79287E+07,  2.19841E+19,  1.77646E+13,  6.96059E+12,  5.67762E+12,  3.67832E+12,  5.36252E+11,  2.29757E+13,  7.80650E+08,  1.51491E+03,  4.76630E+16,  5.41931E+06,  3.12182E+15,  1.28910E+09,  7.52015E-02,  2.39526E+12,  5.03070E+11,  6.94435E+14,  3.76917E+02,  4.47447E+14,  2.02018E+03,  3.24051E+09,  2.94201E+13,  1.17000E+08,  0.00000E+00,  0.00000E+00,  0.00000E+00,  0.00000E+00,  0.00000E+00
  2.68000E-02,2,  2.58352E-02,  0.00000E+00,  0.00000E+00,  2.44450E+18,  5.66892E+14,  1.39731E+11,  3.47597E+07,  9.74387E+03,  8.81967E+01,  5.16535E+02,  8.38263E-02,  7.37109E-05,  6.89431E+06,  1.46552E+04,  6.21674E-06,  1.45671E-04,  2.59028E+14,  3.14810E-01,  1.02595E+05,  1.13887E+01,  1.66041E+00,  1.56126E+05,  1.15664E+07,  2.19842E+19,  9.10554E+10,  3.56773E+10,  2.91005E+10,  1.88539E+10,  3.27238E+09,  4.98182E+12,  3.87496E+06,  1.63044E+00,  4.75402E+16,  0.00000E+00,  3.12167E+15,  7.67060E-17,  0.00000E+00,  1.56613E+10,  4.28999E+11,  6.95169E+14,  4.37236E+00,  4.45621E+14,  2.34347E+01,  2.81016E+05,  2.92686E+13,  1.17000E+08,  0.00000E+00,  0.00000E+00,  0.00000E+00,  0.00000E+00,  0.00000E+00
  2.68500E-02,1,  3.49960E+00,  1.40000E+02,  2.54766E-08,  2.44404E+18,  1.02059E+15,  4.64190E+11,  1.81849E+09,  8.10581E+08,  3.08522E+08,  1.46633E+08,  3.36312E+07,  9.71422E+06,  1.58066E+11,  4.26552E+08,  2.78763E+08,  5.10170E+09,  2.60740E+14,  7.30540E+03,  2.36520E+09,  9.82598E+02,  6.67621E+05,  3.63483E+05,  1.79287E+07,  2.19841E+19,  1.77568E+13,  6.95755E+12,  5.67514E+12,  3.67672E+12,  5.35997E+11,  2.30161E+13,  7.80940E+08,  1.51814E+03,  4.77134E+16,  5.41931E+06,  3.13319E+15,  1.28692E+09,  7.49080E-02,  2.39385E+12,  5.03078E+11,  6.95900E+14,  3.77244E+02,  4.48359E+14,  2.02193E+03,  3.23512E+09,  2.94922E+13,  1.17000E+08,  0.00000E+00,  0.00000E+00,  0.00000E+00,  0.00000E+00,  0.00000E+00
  2.69000E-02,2,  2.58352E-02,  0.00000E+00,  0.00000E+00,  2.44450E+18,  5.63169E+14,  1.37905E+11,  3.40833E+07,  9.52653E+03,  8.82441E+01,  5.17252E+02,  8.33912E-02,  7.28833E-05,  6.89663E+06,  1.46755E+04,  6.22120E-06,  1.45769E-04,  2.59206E+14,  3.15349E-01,  1.02700E+05,  1.13780E+01,  1.64889E+00,  1.54415E+05,  1.14875E+07,  2.19842E+19,  8.38321E+10,  3.28470E+10,  2.67920E+10,  1.73582E+10,  3.01858E+09,  4.91928E+12,  3.77843E+06,  1.57160E+00,  4.75885E+16,  0.00000E+00,  3.13303E+15,  0.00000E+00,  0.00000E+00,  1.46104E+10,  4.28889E+11,  6.96641E+14,  4.36824E+00,  4.46502E+14,  2.34126E+01,  2.80804E+05,  2.93379E+13,  1.17000E+08,  0.00000E+00,  0.00000E+00,  0.00000E+00,  0.00000E+00,  0.00000E+00
  2.69500E-02,1,  3.49960E+00,  1.40000E+02,  2.54766E-08,  2.44404E+18,  1.01944E+15,  4.63169E+11,  1.81779E+09,  8.10582E+08,  3.08522E+08,  1.46633E+08,  3.36313E+07,  9.71423E+06,  1.57902E+11,  4.26552E+08,  2.78763E+08,  5.10170E+09,  2.60919E+14,  7.30786E+03,  2.36438E+09,  9.83273E+02,  6.67622E+05,  3.62846E+05,  1.79287E+07,  2.19840E+19,  1.77460E+13,  6.95331E+12,  5.67168E+12,  3.67448E+12,  5.35659E+11,  2.29820E+13,  7.80696E+08,  1.51541E+03,  4.77614E+16,  5.41930E+06,  3.14455E+15,  1.28472E+09,  7.46056E-02,  2.39166E+12,  5.03058E+11,  6.97371E+14,  3.77503E+02,  4.49240E+14,  2.02331E+03,  3.22966E+09,  2.95615E+13,  1.17000E+08,  0.00000E+00,  0.00000E+00,  0.00000E+00,  0.00000E+00,  0.00000E+00
  2.70000E-02,2,  2.58352E-02,  0.00000E+00,  0.00000E+00,  2.44450E+18,  5.62448E+14,  1.37553E+11,  3.39526E+07,  9.48482E+03,  8.83447E+01,  5.17947E+02,  8.33965E-02,  7.27979E-05,  6.89875E+06,  1.46952E+04,  6.22505E-06,  1.45859E-04,  2.59379E+14,  3.15866E-01,  1.02800E+05,  1.13840E+01,  1.64784E+00,  1.53911E+05,  1.14811E+07,  2.19841E+19,  8.15898E+10,  3.19685E+10,  2.60753E+10,  1.68939E+10,  2.94450E+09,  4.90719E+12,  3.75982E+06,  1.55850E+00,  4.76361E+16,  0.00000E+00,  3.14440E+15,  1.18676E-26,  0.00000E+00,  1.42816E+10,  4.28840E+11,  6.98114E+14,  4.37057E+00,  4.47378E+14,  2.34251E+01,  2.80695E+05,  2.94067E+13,  1.17000E+08,  0.00000E+00,  0.00000E+00,  0.00000E+00,  0.00000E+00,  0.00000E+00
  2.70500E-02,1,  3.49960E+00,  1.40000E+02,  2.54766E-08,  2.44403E+18,  1.01921E+15,  4.62972E+11,  1.81766E+09,  8.10583E+08,  3.08523E+08,  1.46633E+08,  3.36313E+07,  9.71424E+06,  1.57740E+11,  4.26553E+08,  2.78763E+08,  5.10170E+09,  2.61093E+14,  7.31009E+03,  2.36353E+09,  9.83930E+02,  6.67623E+05,  3.62719E+05,  1.79287E+07,  2.19840E+19,  1.77343E+13,  6.94874E+12,  5.66795E+12,  3.67206E+12,  5.35297E+11,  2.29754E+13,  7.80648E+08,  1.51489E+03,  4.78088E+16,  5.41930E+06,  3.15592E+15,  1.28252E+09,  7.43022E-02,  2.38934E+12,  5.03036E+11,  6.98843E+14,  3.77755E+02,  4.50115E+14,  2.02466E+03,  3.22420E+09,  2.96304E+13,  1.17000E+08,  0.00000E+00,  0.00000E+00,  0.00000E+00,  0.00000E+00,  0.00000E+00
  2.71000E-02,2,  2.58352E-02,  0.00000E+00,  0.00000E+00,  2.44449E+18,  5.62940E+14,  1.37793E+11,  3.40409E+07,  9.51480E+03,  8.84728E+01,  5.18660E+02,  8.35845E-02,  7.30214E-05,  6.90115E+06,  1.47154E+04,  6.22812E-06,  1.45960E-04,  2.59556E+14,  3.16407E-01,  1.02906E+05,  1.13941E+01,  1.64927E+00,  1.54046E+05,  1.14907E+07,  2.19841E+19,  8.25324E+10,  3.23378E+10,  2.63766E+10,  1.70891E+10,  2.97590E+09,  4.91540E+12,  3.77228E+06,  1.56597E+00,  4.76836E+16,  0.00000E+00,  3.15576E+15,  2.01278E-25,  0.00000E+00,  1.44144E+10,  4.28818E+11,  6.99584E+14,  4.37443E+00,  4.48253E+14,  2.34458E+01,  2.80611E+05,  2.94756E+13,  1.17000E+08,  0.00000E+00,  0.00000E+00,  0.00000E+00,  0.00000E+00,  0.00000E+00
  2.71500E-02,1,  3.49960E+00,  1.40000E+02,  2.54766E-08,  2.44403E+18,  1.01937E+15,  4.63107E+11,  1.81775E+09,  8.10583E+08,  3.08523E+08,  1.46633E+08,  3.36313E+07,  9.71426E+06,  1.57580E+11,  4.26553E+08,  2.78763E+08,  5.10170E+09,  2.61272E+14,  7.31263E+03,  2.36273E+09,  9.84604E+02,  6.67624E+05,  3.62864E+05,  1.79287E+07,  2.19839E+19,  1.77228E+13,  6.94422E+12,  5.66427E+12,  3.66967E+12,  5.34939E+11,  2.29799E+13,  7.80681E+08,  1.51525E+03,  4.78560E+16,  5.41929E+06,  3.16728E+15,  1.28033E+09,  7.40013E-02,  2.38709E+12,  5.03018E+11,  7.00312E+14,  3.78014E+02,  4.50991E+14,  2.02605E+03,  3.21877E+09,  2.96994E+13,  1.17000E+08,  0.00000E+00,  0.00000E+00,  0.00000E+00,  0.00000E+00,  0.00000E+00
  2.72000E-02,2,  2.58352E-02,  0.00000E+00,  0.00000E+00,  2.44449E+18,  5.68311E+14,  1.40431E+11,  3.50203E+07,  9.83602E+03,  8.87339E+01,  5.19590E+02,  8.45335E-02,  7.45034E-05,  6.90617E+06,  1.47418E+04,  6.22869E-06,  1.46172E-04,  2.59787E+14,  3.17201E-01,  1.03073E+05,  1.14270E+01,  1.66362E+00,  1.56540E+05,  1.15871E+07,  2.19840E+19,  9.14031E+10,  3.58135E+10,  2.92116E+10,  1.89259E+10,  3.28354E+09,  5.00558E+12,  3.91206E+06,  1.65395E+00,  4.77328E+16,  0.00000E+00,  3.16712E+15,  0.00000E+00,  0.00000E+00,  1.56972E+10,  4.28900E+11,  7.01045E+14,  4.38708E+00,  4.49160E+14,  2.35135E+01,  2.80666E+05,  2.95472E+13,  1.17000E+08,  0.00000E+00,  0.00000E+00,  0.00000E+00,  0.00000E+00,  0.00000E+00
  2.72500E-02,1,  3.49960E+00,  1.40000E+02,  2.54766E-08,  2.44403E+18,  1.02103E+15,  4.64578E+11,  1.81876E+09,  8.10584E+08,  3.08523E+08,  1.46633E+08,  3.36314E+07,  9.71426E+06,  1.57414E+11,  4.26553E+08,  2.78762E+08,  5.10169E+09,  2.61504E+14,  7.31789E+03,  2.36234E+09,  9.85480E+02,  6.67624E+05,  3.64036E+05,  1.79287E+07,  2.19839E+19,  1.77077E+13,  6.93829E+12,  5.65943E+12,  3.66654E+12,  5.34469E+11,  2.30290E+13,  7.81033E+08,  1.51918E+03,  4.79050E+16,  5.41929E+06,  3.17864E+15,  1.27819E+09,  7.36865E-02,  2.38476E+12,  5.03007E+11,  7.01772E+14,  3.78350E+02,  4.51898E+14,  2.02785E+03,  3.21346E+09,  2.97710E+13,  1.17000E+08,  0.00000E+00,  0.00000E+00,  0.00000E+00,  0.00000E+00,  0.00000E+00
  2.73000E-02,2,  2.58352E-02,  0.00000E+00,  0.00000E+00,  2.44449E+18,  5.63575E+14,  1.38103E+11,  3.41557E+07,  9.55577E+03,  8.87560E+01,  5.20287E+02,  8.39413E-02,  7.34096E-05,  6.90846E+06,  1.47615E+04,  6.24310E-06,  1.46269E-04,  2.59959E+14,  3.17728E-01,  1.03175E+05,  1.14113E+01,  1.64917E+00,  1.54396E+05,  1.14883E+07,  2.19840E+19,  8.17315E+10,  3.20240E+10,  2.61206E+10,  1.69233E+10,  2.94692E+09,  4.92600E+12,  3.78858E+06,  1.57613E+00,  4.77792E+16,  0.00000E+00,  3.17848E+15,  0.00000E+00,  0.00000E+00,  1.42934E+10,  4.28770E+11,  7.02514E+14,  4.38103E+00,  4.50028E+14,  2.34811E+01,  2.80428E+05,  2.96154E+13,  1.17000E+08,  0.00000E+00,  0.00000E+00,  0.00000E+00,  0.00000E+00,  0.00000E+00
  2.73500E-02,1,  3.49960E+00,  1.40000E+02,  2.54766E-08,  2.44403E+18,  1.01956E+15,  4.63281E+11,  1.81787E+09,  8.10585E+08,  3.08524E+08,  1.46634E+08,  3.36314E+07,  9.71428E+06,  1.57257E+11,  4.26554E+08,  2.78763E+08,  5.10169E+09,  2.61677E+14,  7.32029E+03,  2.36155E+09,  9.86134E+02,  6.67625E+05,  3.63214E+05,  1.79287E+07,  2.19838E+19,  1.76968E+13,  6.93402E+12,  5.65595E+12,  3.66429E+12,  5.34130E+11,  2.29856E+13,  7.80722E+08,  1.51572E+03,  4.79511E+16,  5.41928E+06,  3.19000E+15,  1.27601E+09,  7.33925E-02,  2.38260E+12,  5.02989E+11,  7.03240E+14,  3.78601E+02,  4.52765E+14,  2.02919E+03,  3.20805E+09,  2.98394E+13,  1.17000E+08,  0.00000E+00,  0.00000E+00,  0.00000E+00,  0.00000E+00,  0.00000E+00
  2.74000E-02,2,  2.58352E-02,  0.00000E+00,  0.00000E+00,  2.44449E+18,  5.64834E+14,  1.38719E+11,  3.43825E+07,  9.63068E+03,  8.89072E+01,  5.21050E+02,  8.42524E-02,  7.38334E-05,  6.91160E+06,  1.47832E+04,  6.24827E-06,  1.46402E-04,  2.60148E+14,  3.18335E-01,  1.03298E+05,  1.14272E+01,  1.65379E+00,  1.54803E+05,  1.15203E+07,  2.19840E+19,  8.32510E+10,  3.26194E+10,  2.66063E+10,  1.72379E+10,  3.00203E+09,  4.94702E+12,  3.82064E+06,  1.59568E+00,  4.78259E+16,  0.00000E+00,  3.18984E+15,  5.69641E-47,  0.00000E+00,  1.45103E+10,  4.28767E+11,  7.03979E+14,  4.38712E+00,  4.50904E+14,  2.35137E+01,  2.80380E+05,  2.96844E+13,  1.17000E+08,  0.00000E+00,  0.00000E+00,  0.00000E+00,  0.00000E+00,  0.00000E+00
  2.74500E-02,1,  3.49960E+00,  1.40000E+02,  2.54766E-08,  2.44403E+18,  1.01995E+15,  4.63626E+11,  1.81811E+09,  8.10585E+08,  3.08524E+08,  1.46634E+08,  3.36315E+07,  9.71429E+06,  1.57099E+11,  4.26555E+08,  2.78762E+08,  5.10169E+09,  2.61867E+14,  7.32359E+03,  2.36090E+09,  9.86852E+02,  6.67626E+05,  3.63481E+05,  1.79287E+07,  2.19838E+19,  1.76845E+13,  6.92921E+12,  5.65202E+12,  3.66174E+12,  5.33748E+11,  2.29971E+13,  7.80805E+08,  1.51664E+03,  4.79976E+16,  5.41928E+06,  3.20135E+15,  1.27385E+09,  7.30947E-02,  2.38040E+12,  5.02975E+11,  7.04705E+14,  3.78877E+02,  4.53641E+14,  2.03067E+03,  3.20269E+09,  2.99085E+13,  1.17000E+08,  0.00000E+00,  0.00000E+00,  0.00000E+00,  0.00000E+00,  0.00000E+00
  2.75000E-02,2,  2.58352E-02,  0.00000E+00,  0.00000E+00,  2.44449E+18,  5.64567E+14,  1.38589E+11,  3.43355E+07,  9.61757E+03,  8.90250E+01,  5.21786E+02,  8.43316E-02,  7.38715E-05,  6.91445E+06,  1.48040E+04,  6.25340E-06,  1.46523E-04,  2.60330E+14,  3.18912E-01,  1.03413E+05,  1.14330E+01,  1.65249E+00,  1.54623E+05,  1.15110E+07,  2.19839E+19,  8.31558E+10,  3.25821E+10,  2.65758E+10,  1.72182E+10,  2.99607E+09,  4.94260E+12,  3.81414E+06,  1.59207E+00,  4.78719E+16,  0.00000E+00,  3.20120E+15,  5.93199E-30,  0.00000E+00,  1.44936E+10,  4.28738E+11,  7.05445E+14,  4.38936E+00,  4.51773E+14,  2.35257E+01,  2.80273E+05,  2.97529E+13,  1.17000E+08,  0.00000E+00,  0.00000E+00,  0.00000E+00,  0.00000E+00,  0.00000E+00
  2.75500E-02,1,  3.49960E+00,  1.40000E+02,  2.54766E-08,  2.44402E+18,  1.01987E+15,  4.63553E+11,  1.81806E+09,  8.10586E+08,  3.08524E+08,  1.46634E+08,  3.36315E+07,  9.71430E+06,  1.56944E+11,  4.26555E+08,  2.78762E+08,  5.10169E+09,  2.62050E+14,  7.32660E+03,  2.36023E+09,  9.87544E+02,  6.67627E+05,  3.63495E+05,  1.79287E+07,  2.19838E+19,  1.76728E+13,  6.92464E+12,  5.64830E+12,  3.65933E+12,  5.33385E+11,  2.29946E+13,  7.80787E+08,  1.51644E+03,  4.80434E+16,  5.41927E+06,  3.21271E+15,  1.27169E+09,  7.28015E-02,  2.37826E+12,  5.02960E+11,  7.06169E+14,  3.79142E+02,  4.54511E+14,  2.03209E+03,  3.19734E+09,  2.99770E+13,  1.17000E+08,  0.00000E+00,  0.00000E+00,  0.00000E+00,  0.00000E+00,  0.00000E+00
  2.76000E-02,2,  2.58352E-02,  0.00000E+00,  0.00000E+00,  2.44448E+18,  5.64112E+14,  1.38366E+11,  3.42531E+07,  9.59254E+03,  8.91345E+01,  5.22496E+02,  8.43782E-02,  7.38567E-05,  6.91705E+06,  1.48241E+04,  6.25813E-06,  1.46634E-04,  2.60506E+14,  3.19462E-01,  1.03521E+05,  1.14386E+01,  1.65120E+00,  1.54337E+05,  1.15022E+07,  2.19839E+19,  8.21548E+10,  3.21898E+10,  2.62559E+10,  1.70109E+10,  2.96061E+09,  4.93494E+12,  3.80239E+06,  1.58491E+00,  4.79173E+16,  0.00000E+00,  3.21255E+15,  0.00000E+00,  0.00000E+00,  1.43456E+10,  4.28702E+11,  7.06911E+14,  4.39152E+00,  4.52636E+14,  2.35373E+01,  2.80164E+05,  2.98208E+13,  1.17000E+08,  0.00000E+00,  0.00000E+00,  0.00000E+00,  0.00000E+00,  0.00000E+00
  2.76500E-02,1,  3.49960E+00,  1.40000E+02,  2.54766E-08,  2.44402E+18,  1.01973E+15,  4.63428E+11,  1.81797E+09,  8.10587E+08,  3.08525E+08,  1.46634E+08,  3.36315E+07,  9.71431E+06,  1.56792E+11,  4.26555E+08,  2.78762E+08,  5.10169E+09,  2.62226E+14,  7.32934E+03,  2.35952E+09,  9.88211E+02,  6.67628E+05,  3.63462E+05,  1.79287E+07,  2.19837E+19,  1.76616E+13,  6.92025E+12,  5.64472E+12,  3.65701E+12,  5.33037E+11,  2.29905E+13,  7.80757E+08,  1.51611E+03,  4.80885E+16,  5.41927E+06,  3.22406E+15,  1.26953E+09,  7.25124E-02,  2.37615E+12,  5.02946E+11,  7.07634E+14,  3.79398E+02,  4.55373E+14,  2.03346E+03,  3.19199E+09,  3.00450E+13,  1.17000E+08,  0.00000E+00,  0.00000E+00,  0.00000E+00,  0.00000E+00,  0.00000E+00
  2.77000E-02,2,  2.58352E-02,  0.00000E+00,  0.00000E+00,  2.44448E+18,  5.65847E+14,  1.39215E+11,  3.45659E+07,  9.69493E+03,  8.92969E+01,  5.23274E+02,  8.47640E-02,  7.44024E-05,  6.92050E+06,  1.48462E+04,  6.26451E-06,  1.46780E-04,  2.60698E+14,  3.20093E-01,  1.03650E+05,  1.14546E+01,  1.65595E+00,  1.55085E+05,  1.15341E+07,  2.19838E+19,  8.42062E+10,  3.29936E+10,  2.69115E+10,  1.74357E+10,  3.03320E+09,  4.96396E+12,  3.84654E+06,  1.61136E+00,  4.79630E+16,  0.00000E+00,  3.22390E+15,  0.00000E+00,  0.00000E+00,  1.46393E+10,  4.28708E+11,  7.08372E+14,  4.39767E+00,  4.53507E+14,  2.35702E+01,  2.80119E+05,  2.98894E+13,  1.17000E+08,  0.00000E+00,  0.00000E+00,  0.00000E+00,  0.00000E+00,  0.00000E+00
  2.77500E-02,1,  3.49960E+00,  1.40000E+02,  2.54766E-08,  2.44402E+18,  1.02026E+15,  4.63904E+11,  1.81830E+09,  8.10588E+08,  3.08525E+08,  1.46634E+08,  3.36316E+07,  9.71432E+06,  1.56638E+11,  4.26556E+08,  2.78762E+08,  5.10169E+09,  2.62420E+14,  7.33296E+03,  2.35895E+09,  9.88941E+02,  6.67628E+05,  3.63874E+05,  1.79287E+07,  2.19837E+19,  1.76492E+13,  6.91539E+12,  5.64075E+12,  3.65444E+12,  5.32652E+11,  2.30063E+13,  7.80871E+08,  1.51738E+03,  4.81339E+16,  5.41926E+06,  3.23541E+15,  1.26739E+09,  7.22201E-02,  2.37402E+12,  5.02935E+11,  7.09095E+14,  3.79678E+02,  4.56244E+14,  2.03496E+03,  3.18668E+09,  3.01137E+13,  1.17000E+08,  0.00000E+00,  0.00000E+00,  0.00000E+00,  0.00000E+00,  0.00000E+00
  2.78000E-02,2,  2.58352E-02,  0.00000E+00,  0.00000E+00,  2.44448E+18,  5.63310E+14,  1.37974E+11,  3.41080E+07,  9.54867E+03,  8.93574E+01,  5.23928E+02,  8.44894E-02,  7.38572E-05,  6.92254E+06,  1.48647E+04,  6.26792E-06,  1.46867E-04,  2.60860E+14,  3.20585E-01,  1.03745E+05,  1.14497E+01,  1.64847E+00,  1.53870E+05,  1.14832E+07,  2.19838E+19,  8.00022E+10,  3.13464E+10,  2.55680E+10,  1.65652E+10,  2.88429E+09,  4.92155E+12,  3.78177E+06,  1.57189E+00,  4.80069E+16,  0.00000E+00,  3.23525E+15,  8.71965E-26,  0.00000E+00,  1.40286E+10,  4.28632E+11,  7.09838E+14,  4.39576E+00,  4.54356E+14,  2.35600E+01,  2.79948E+05,  2.99562E+13,  1.17000E+08,  0.00000E+00,  0.00000E+00,  0.00000E+00,  0.00000E+00,  0.00000E+00
  2.78500E-02,1,  3.49960E+00,  1.40000E+02,  2.54766E-08,  2.44402E+18,  1.01948E+15,  4.63208E+11,  1.81782E+09,  8.10588E+08,  3.08525E+08,  1.46634E+08,  3.36316E+07,  9.71434E+06,  1.56490E+11,  4.26556E+08,  2.78762E+08,  5.10168E+09,  2.62582E+14,  7.33512E+03,  2.35819E+09,  9.89555E+02,  6.67629E+05,  3.63441E+05,  1.79287E+07,  2.19836E+19,  1.76390E+13,  6.91137E+12,  5.63747E+12,  3.65231E+12,  5.32332E+11,  2.29831E+13,  7.80704E+08,  1.51553E+03,  4.81776E+16,  5.41926E+06,  3.24676E+15,  1.26524E+09,  7.19392E-02,  2.37198E+12,  5.02921E+11,  7.10560E+14,  3.79914E+02,  4.57093E+14,  2.03622E+03,  3.18134E+09,  3.01806E+13,  1.17000E+08,  0.00000E+00,  0.00000E+00,  0.00000E+00,  0.00000E+00,  0.00000E+00
  2.79000E-02,2,  2.58352E-02,  0.00000E+00,  0.00000E+00,  2.44448E+18,  5.64580E+14,  1.38596E+11,  3.43386E+07,  9.62534E+03,  8.95014E+01,  5.24643E+02,  8.47955E-02,  7.42798E-05,  6.92535E+06,  1.48850E+04,  6.27683E-06,  1.46986E-04,  2.61036E+14,  3.21148E-01,  1.03857E+05,  1.14640E+01,  1.65254E+00,  1.54339E+05,  1.15110E+07,  2.19837E+19,  8.21880E+10,  3.22029E+10,  2.62665E+10,  1.70178E+10,  2.95952E+09,  4.94282E+12,  3.81464E+06,  1.59255E+00,  4.80512E+16,  0.00000E+00,  3.24660E+15,  1.38508E-24,  0.00000E+00,  1.43417E+10,  4.28632E+11,  7.11301E+14,  4.40128E+00,  4.55213E+14,  2.35895E+01,  2.79893E+05,  3.00237E+13,  1.17000E+08,  0.00000E+00,  0.00000E+00,  0.00000E+00,  0.00000E+00,  0.00000E+00
  2.79500E-02,1,  3.49960E+00,  1.40000E+02,  2.54766E-08,  2.44402E+18,  1.01987E+15,  4.63556E+11,  1.81806E+09,  8.10589E+08,  3.08526E+08,  1.46635E+08,  3.36317E+07,  9.71435E+06,  1.56342E+11,  4.26557E+08,  2.78762E+08,  5.10168E+09,  2.62760E+14,  7.33807E+03,  2.35755E+09,  9.90225E+02,  6.67630E+05,  3.63727E+05,  1.79287E+07,  2.19836E+19,  1.76276E+13,  6.90692E+12,  5.63384E+12,  3.64996E+12,  5.31980E+11,  2.29947E+13,  7.80788E+08,  1.51646E+03,  4.82216E+16,  5.41925E+06,  3.25810E+15,  1.26310E+09,  7.16554E-02,  2.36992E+12,  5.02909E+11,  7.12021E+14,  3.80171E+02,  4.57950E+14,  2.03760E+03,  3.17604E+09,  3.02481E+13,  1.17000E+08,  0.00000E+00,  0.00000E+00,  0.00000E+00,  0.00000E+00,  0.00000E+00
  2.80000E-02,2,  2.58352E-02,  0.00000E+00,  0.00000E+00,  2.44448E+18,  5.63399E+14,  1.38018E+11,  3.41241E+07,  9.55699E+03,  8.95857E+01,  5.25289E+02,  8.47225E-02,  7.40716E-05,  6.92739E+06,  1.49033E+04,  6.27681E-06,  1.47072E-04,  2.61195E+14,  3.21635E-01,  1.03951E+05,  1.14648E+01,  1.64869E+00,  1.53736E+05,  1.14845E+07,  2.19837E+19,  8.01509E+10,  3.14047E+10,  2.56155E+10,  1.65960E+10,  2.88810E+09,  4.92304E+12,  3.78405E+06,  1.57325E+00,  4.80943E+16,  0.00000E+00,  3.25794E+15,  0.00000E+00,  0.00000E+00,  1.40440E+10,  4.28583E+11,  7.12765E+14,  4.40155E+00,  4.56056E+14,  2.35910E+01,  2.79758E+05,  3.00900E+13,  1.17000E+08,  0.00000E+00,  0.00000E+00,  0.00000E+00,  0.00000E+00,  0.00000E+00
  2.80500E-02,1,  3.49960E+00,  1.40000E+02,  2.54766E-08,  2.44402E+18,  1.01950E+15,  4.63233E+11,  1.81784E+09,  8.10589E+08,  3.08526E+08,  1.46635E+08,  3.36317E+07,  9.71436E+06,  1.56197E+11,  4.26557E+08,  2.78762E+08,  5.10168E+09,  2.62920E+14,  7.34023E+03,  2.35681E+09,  9.90831E+02,  6.67631E+05,  3.63552E+05,  1.79287E+07,  2.19835E+19,  1.76175E+13,  6.90294E+12,  5.63060E+12,  3.64786E+12,  5.31664E+11,  2.29838E+13,  7.80710E+08,  1.51559E+03,  4.82645E+16,  5.41925E+06,  3.26945E+15,  1.26096E+09,  7.13788E-02,  2.36792E+12,  5.02897E+11,  7.13485E+14,  3.80404E+02,  4.58793E+14,  2.03885E+03,  3.17072E+09,  3.03145E+13,  1.17000E+08,  0.00000E+00,  0.00000E+00,  0.00000E+00,  0.00000E+00,  0.00000E+00
  2.81000E-02,2,  2.58352E-02,  0.00000E+00,  0.00000E+00,  2.44448E+18,  5.63816E+14,  1.38218E+11,  3.41955E+07,  9.58032E+03,  8.97030E+01,  5.25954E+02,  8.48924E-02,  7.42681E-05,  6.92969E+06,  1.49221E+04,  6.28091E-06,  1.47170E-04,  2.61359E+14,  3.22145E-01,  1.04051E+05,  1.14742E+01,  1.65008E+00,  1.53847E+05,  1.14940E+07,  2.19837E+19,  7.94223E+10,  3.11192E+10,  2.53826E+10,  1.64451E+10,  2.86593E+09,  4.92984E+12,  3.79360E+06,  1.57799E+00,  4.81372E+16,  0.00000E+00,  3.26928E+15,  0.00000E+00,  0.00000E+00,  1.39352E+10,  4.28556E+11,  7.14228E+14,  4.40518E+00,  4.56899E+14,  2.36104E+01,  2.79675E+05,  3.01563E+13,  1.17000E+08,  0.00000E+00,  0.00000E+00,  0.00000E+00,  0.00000E+00,  0.00000E+00
  2.81500E-02,1,  3.49960E+00,  1.40000E+02,  2.54766E-08,  2.44401E+18,  1.01963E+15,  4.63347E+11,  1.81792E+09,  8.10590E+08,  3.08526E+08,  1.46635E+08,  3.36317E+07,  9.71437E+06,  1.56054E+11,  4.26558E+08,  2.78762E+08,  5.10168E+09,  2.63085E+14,  7.34267E+03,  2.35612E+09,  9.91453E+02,  6.67631E+05,  3.63680E+05,  1.79287E+07,  2.19835E+19,  1.76072E+13,  6.89894E+12,  5.62734E+12,  3.64575E+12,  5.31346E+11,  2.29876E+13,  7.80737E+08,  1.51590E+03,  4.83072E+16,  5.41924E+06,  3.28079E+15,  1.25882E+09,  7.11038E-02,  2.36597E+12,  5.02886E+11,  7.14947E+14,  3.80643E+02,  4.59636E+14,  2.04012E+03,  3.16543E+09,  3.03809E+13,  1.17000E+08,  0.00000E+00,  0.00000E+00,  0.00000E+00,  0.00000E+00,  0.00000E+00
  2.82000E-02,2,  2.58352E-02,  0.00000E+00,  0.00000E+00,  2.44447E+18,  5.63715E+14,  1.38174E+11,  3.41831E+07,  9.57985E+03,  8.98114E+01,  5.26603E+02,  8.49821E-02,  7.43392E-05,  6.93187E+06,  1.49406E+04,  6.28512E-06,  1.47263E-04,  2.61519E+14,  3.22640E-01,  1.04147E+05,  1.14803E+01,  1.64950E+00,  1.53740E+05,  1.14898E+07,  2.19836E+19,  8.18935E+10,  3.20875E+10,  2.61724E+10,  1.69568E+10,  2.94230E+09,  4.92840E+12,  3.79272E+06,  1.57940E+00,  4.81796E+16,  0.00000E+00,  3.28063E+15,  4.12988-208,  0.00000E+00,  1.42899E+10,  4.28543E+11,  7.15690E+14,  4.40750E+00,  4.57738E+14,  2.36228E+01,  2.79572E+05,  3.02223E+13,  1.17000E+08,  0.00000E+00,  0.00000E+00,  0.00000E+00,  0.00000E+00,  0.00000E+00
  2.82500E-02,1,  3.49960E+00,  1.40000E+02,  2.54766E-08,  2.44401E+18,  1.01960E+15,  4.63319E+11,  1.81790E+09,  8.10591E+08,  3.08526E+08,  1.46635E+08,  3.36318E+07,  9.71438E+06,  1.55912E+11,  4.26558E+08,  2.78762E+08,  5.10168E+09,  2.63246E+14,  7.34498E+03,  2.35542E+09,  9.92062E+02,  6.67632E+05,  3.63714E+05,  1.79287E+07,  2.19835E+19,  1.75970E+13,  6.89494E+12,  5.62407E+12,  3.64363E+12,  5.31028E+11,  2.29867E+13,  7.80731E+08,  1.51583E+03,  4.83493E+16,  5.41924E+06,  3.29213E+15,  1.25669E+09,  7.08306E-02,  2.36400E+12,  5.02876E+11,  7.16408E+14,  3.80876E+02,  4.60474E+14,  2.04138E+03,  3.16015E+09,  3.04470E+13,  1.17000E+08,  0.00000E+00,  0.00000E+00,  0.00000E+00,  0.00000E+00,  0.00000E+00
  2.83000E-02,2,  2.58352E-02,  0.00000E+00,  0.00000E+00,  2.44447E+18,  5.67606E+14,  1.40101E+11,  3.49051E+07,  9.81912E+03,  9.00269E+01,  5.27417E+02,  8.57018E-02,  7.54444E-05,  6.93604E+06,  1.49637E+04,  6.26080E-06,  1.47440E-04,  2.61720E+14,  3.23330E-01,  1.04290E+05,  1.15062E+01,  1.66020E+00,  1.55544E+05,  1.15617E+07,  2.19836E+19,  8.66163E+10,  3.39380E+10,  2.76818E+10,  1.79347E+10,  3.10970E+09,  4.99384E+12,  3.89584E+06,  1.64559E+00,  4.82233E+16,  0.00000E+00,  3.29197E+15,  7.60528E-25,  0.00000E+00,  1.49699E+10,  4.28589E+11,  7.17145E+14,  4.41747E+00,  4.58600E+14,  2.36762E+01,  2.79587E+05,  3.02903E+13,  1.17000E+08,  0.00000E+00,  0.00000E+00,  0.00000E+00,  0.00000E+00,  0.00000E+00
  2.83500E-02,1,  3.49960E+00,  1.40000E+02,  2.54766E-08,  2.44401E+18,  1.02081E+15,  4.64390E+11,  1.81864E+09,  8.10591E+08,  3.08527E+08,  1.46635E+08,  3.36318E+07,  9.71439E+06,  1.55766E+11,  4.26559E+08,  2.78762E+08,  5.10167E+09,  2.63448E+14,  7.34910E+03,  2.35493E+09,  9.92826E+02,  6.67633E+05,  3.64573E+05,  1.79287E+07,  2.19834E+19,  1.75781E+13,  6.88752E+12,  5.61802E+12,  3.63971E+12,  5.30452E+11,  2.30224E+13,  7.80988E+08,  1.51869E+03,  4.83928E+16,  5.41924E+06,  3.30347E+15,  1.25460E+09,  7.05245E-02,  2.36111E+12,  5.02851E+11,  7.17862E+14,  3.81169E+02,  4.61336E+14,  2.04295E+03,  3.15496E+09,  3.05151E+13,  1.17000E+08,  0.00000E+00,  0.00000E+00,  0.00000E+00,  0.00000E+00,  0.00000E+00
  2.84000E-02,2,  2.58352E-02,  0.00000E+00,  0.00000E+00,  2.44447E+18,  5.65327E+14,  1.38963E+11,  3.44736E+07,  9.67673E+03,  9.00924E+01,  5.28106E+02,  8.54687E-02,  7.49606E-05,  6.93876E+06,  1.49832E+04,  6.29758E-06,  1.47556E-04,  2.61889E+14,  3.23876E-01,  1.04398E+05,  1.15015E+01,  1.65275E+00,  1.54515E+05,  1.15105E+07,  2.19835E+19,  8.13410E+10,  3.18710E+10,  2.59958E+10,  1.68424E+10,  2.92742E+09,  4.95532E+12,  3.83370E+06,  1.60402E+00,  4.82654E+16,  0.00000E+00,  3.30330E+15,  1.99677E-34,  0.00000E+00,  1.42058E+10,  4.28515E+11,  7.18604E+14,  4.41565E+00,  4.59439E+14,  2.36665E+01,  2.79422E+05,  3.03564E+13,  1.17000E+08,  0.00000E+00,  0.00000E+00,  0.00000E+00,  0.00000E+00,  0.00000E+00
  2.84500E-02,1,  3.49960E+00,  1.40000E+02,  2.54766E-08,  2.44401E+18,  1.02010E+15,  4.63761E+11,  1.81821E+09,  8.10592E+08,  3.08527E+08,  1.46635E+08,  3.36318E+07,  9.71440E+06,  1.55625E+11,  4.26559E+08,  2.78762E+08,  5.10167E+09,  2.63617E+14,  7.35217E+03,  2.35441E+09,  9.93465E+02,  6.67634E+05,  3.64224E+05,  1.79287E+07,  2.19834E+19,  1.75730E+13,  6.88554E+12,  5.61641E+12,  3.63867E+12,  5.30284E+11,  2.30014E+13,  7.80837E+08,  1.51701E+03,  4.84347E+16,  5.41923E+06,  3.31480E+15,  1.25249E+09,  7.02749E-02,  2.36000E+12,  5.02861E+11,  7.19320E+14,  3.81415E+02,  4.62176E+14,  2.04426E+03,  3.14972E+09,  3.05813E+13,  1.17000E+08,  0.00000E+00,  0.00000E+00,  0.00000E+00,  0.00000E+00,  0.00000E+00
  2.85000E-02,2,  2.58352E-02,  0.00000E+00,  0.00000E+00,  2.44447E+18,  5.62219E+14,  1.37442E+11,  3.39104E+07,  9.49239E+03,  9.01200E+01,  5.28663E+02,  8.50882E-02,  7.42596E-05,  6.93998E+06,  1.49989E+04,  6.29980E-06,  1.47608E-04,  2.62025E+14,  3.24270E-01,  1.04471E+05,  1.14947E+01,  1.64474E+00,  1.52915E+05,  1.14569E+07,  2.19835E+19,  7.72710E+10,  3.02763E+10,  2.46951E+10,  1.59997E+10,  2.78317E+09,  4.90336E+12,  3.75376E+06,  1.54855E+00,  4.83057E+16,  0.00000E+00,  3.31464E+15,  3.42453E-31,  0.00000E+00,  1.36148E+10,  4.28438E+11,  7.20068E+14,  4.41304E+00,  4.60256E+14,  2.36525E+01,  2.79244E+05,  3.04206E+13,  1.17000E+08,  0.00000E+00,  0.00000E+00,  0.00000E+00,  0.00000E+00,  0.00000E+00
  2.85500E-02,1,  3.49960E+00,  1.40000E+02,  2.54766E-08,  2.44401E+18,  1.01915E+15,  4.62919E+11,  1.81763E+09,  8.10592E+08,  3.08527E+08,  1.46636E+08,  3.36319E+07,  9.71442E+06,  1.55490E+11,  4.26560E+08,  2.78762E+08,  5.10167E+09,  2.63756E+14,  7.35325E+03,  2.35352E+09,  9.93988E+02,  6.67635E+05,  3.63617E+05,  1.79287E+07,  2.19833E+19,  1.75551E+13,  6.87853E+12,  5.61069E+12,  3.63496E+12,  5.29743E+11,  2.29733E+13,  7.80636E+08,  1.51477E+03,  4.84748E+16,  5.41923E+06,  3.32614E+15,  1.25036E+09,  6.99780E-02,  2.35682E+12,  5.02816E+11,  7.20783E+14,  3.81615E+02,  4.62992E+14,  2.04533E+03,  3.14445E+09,  3.06455E+13,  1.17000E+08,  0.00000E+00,  0.00000E+00,  0.00000E+00,  0.00000E+00,  0.00000E+00
  2.86000E-02,2,  2.58352E-02,  0.00000E+00,  0.00000E+00,  2.44446E+18,  5.68312E+14,  1.40433E+11,  3.50213E+07,  9.85918E+03,  9.03813E+01,  5.29480E+02,  8.61438E-02,  7.59243E-05,  6.94431E+06,  1.50222E+04,  6.30761E-06,  1.47792E-04,  2.62227E+14,  3.24971E-01,  1.04617E+05,  1.15312E+01,  1.66186E+00,  1.55649E+05,  1.15726E+07,  2.19835E+19,  8.80191E+10,  3.44876E+10,  2.81301E+10,  1.82252E+10,  3.15659E+09,  5.00559E+12,  3.91217E+06,  1.65407E+00,  4.83484E+16,  0.00000E+00,  3.32597E+15,  1.88136E-55,  0.00000E+00,  1.51641E+10,  4.28545E+11,  7.21519E+14,  4.42704E+00,  4.61112E+14,  2.37275E+01,  2.79322E+05,  3.04881E+13,  1.17000E+08,  0.00000E+00,  0.00000E+00,  0.00000E+00,  0.00000E+00,  0.00000E+00
  2.86500E-02,1,  3.49960E+00,  1.40000E+02,  2.54766E-08,  2.44400E+18,  1.02102E+15,  4.64579E+11,  1.81877E+09,  8.10593E+08,  3.08528E+08,  1.46636E+08,  3.36319E+07,  9.71442E+06,  1.55348E+11,  4.26560E+08,  2.78761E+08,  5.10167E+09,  2.63957E+14,  7.35801E+03,  2.35325E+09,  9.94749E+02,  6.67635E+05,  3.64868E+05,  1.79287E+07,  2.19833E+19,  1.75514E+13,  6.87707E+12,  5.60950E+12,  3.63419E+12,  5.29613E+11,  2.30286E+13,  7.81033E+08,  1.51919E+03,  4.85172E+16,  5.41922E+06,  3.33747E+15,  1.24829E+09,  6.97365E-02,  2.35616E+12,  5.02848E+11,  7.22234E+14,  3.81908E+02,  4.63848E+14,  2.04690E+03,  3.13931E+09,  3.07131E+13,  1.17000E+08,  0.00000E+00,  0.00000E+00,  0.00000E+00,  0.00000E+00,  0.00000E+00
  2.87000E-02,2,  2.58352E-02,  0.00000E+00,  0.00000E+00,  2.44447E+18,  5.63787E+14,  1.38209E+11,  3.41948E+07,  9.59095E+03,  9.03904E+01,  5.30075E+02,  8.55538E-02,  7.48465E-05,  6.94607E+06,  1.50390E+04,  6.31080E-06,  1.47867E-04,  2.62373E+14,  3.25415E-01,  1.04702E+05,  1.15149E+01,  1.64796E+00,  1.53610E+05,  1.14776E+07,  2.19834E+19,  7.81172E+10,  3.06079E+10,  2.49656E+10,  1.61749E+10,  2.81332E+09,  4.92954E+12,  3.79408E+06,  1.57953E+00,  4.83884E+16,  0.00000E+00,  3.33730E+15,  1.98053E-22,  0.00000E+00,  1.37330E+10,  4.28417E+11,  7.22979E+14,  4.42080E+00,  4.61930E+14,  2.36940E+01,  2.79091E+05,  3.05524E+13,  1.17000E+08,  0.00000E+00,  0.00000E+00,  0.00000E+00,  0.00000E+00,  0.00000E+00
  2.87500E-02,1,  3.49960E+00,  1.40000E+02,  2.54766E-08,  2.44400E+18,  1.01962E+15,  4.63339E+11,  1.81792E+09,  8.10594E+08,  3.08528E+08,  1.46636E+08,  3.36320E+07,  9.71444E+06,  1.55215E+11,  4.26560E+08,  2.78762E+08,  5.10167E+09,  2.64103E+14,  7.35984E+03,  2.35254E+09,  9.95301E+02,  6.67636E+05,  3.64084E+05,  1.79287E+07,  2.19833E+19,  1.75425E+13,  6.87358E+12,  5.60665E+12,  3.63235E+12,  5.29335E+11,  2.29872E+13,  7.80735E+08,  1.51589E+03,  4.85570E+16,  5.41922E+06,  3.34880E+15,  1.24618E+09,  6.94779E-02,  2.35437E+12,  5.02839E+11,  7.23693E+14,  3.82119E+02,  4.64666E+14,  2.04803E+03,  3.13408E+09,  3.07775E+13,  1.17000E+08,  0.00000E+00,  0.00000E+00,  0.00000E+00,  0.00000E+00,  0.00000E+00
  2.88000E-02,2,  2.58352E-02,  0.00000E+00,  0.00000E+00,  2.44446E+18,  5.65461E+14,  1.39030E+11,  3.44993E+07,  9.69158E+03,  9.05364E+01,  5.30754E+02,  8.59179E-02,  7.53722E-05,  6.94886E+06,  1.50582E+04,  6.31584E-06,  1.47986E-04,  2.62539E+14,  3.25959E-01,  1.04810E+05,  1.15316E+01,  1.65367E+00,  1.54247E+05,  1.15168E+07,  2.19834E+19,  8.14559E+10,  3.19160E+10,  2.60326E+10,  1.68662E+10,  2.92889E+09,  4.95760E+12,  3.83753E+06,  1.60683E+00,  4.84289E+16,  0.00000E+00,  3.34863E+15,  1.30400E-33,  0.00000E+00,  1.42122E+10,  4.28435E+11,  7.24435E+14,  4.42721E+00,  4.62759E+14,  2.37284E+01,  2.79053E+05,  3.06178E+13,  1.17000E+08,  0.00000E+00,  0.00000E+00,  0.00000E+00,  0.00000E+00,  0.00000E+00
  2.88500E-02,1,  3.49960E+00,  1.40000E+02,  2.54766E-08,  2.44400E+18,  1.02014E+15,  4.63798E+11,  1.81824E+09,  8.10594E+08,  3.08528E+08,  1.46636E+08,  3.36320E+07,  9.71445E+06,  1.55080E+11,  4.26561E+08,  2.78761E+08,  5.10167E+09,  2.64271E+14,  7.36277E+03,  2.35199E+09,  9.95934E+02,  6.67636E+05,  3.64434E+05,  1.79287E+07,  2.19832E+19,  1.75318E+13,  6.86939E+12,  5.60323E+12,  3.63013E+12,  5.29003E+11,  2.30025E+13,  7.80845E+08,  1.51711E+03,  4.85973E+16,  5.41921E+06,  3.36013E+15,  1.24409E+09,  6.92137E-02,  2.35250E+12,  5.02834E+11,  7.25148E+14,  3.82362E+02,  4.65495E+14,  2.04933E+03,  3.12890E+09,  3.08429E+13,  1.17000E+08,  0.00000E+00,  0.00000E+00,  0.00000E+00,  0.00000E+00,  0.00000E+00
  2.89000E-02,2,  2.58352E-02,  0.00000E+00,  0.00000E+00,  2.44446E+18,  5.64447E+14,  1.38531E+11,  3.43141E+07,  9.63268E+03,  9.06195E+01,  5.31373E+02,  8.58638E-02,  7.51986E-05,  6.95099E+06,  1.50758E+04,  6.31972E-06,  1.48077E-04,  2.62691E+14,  3.26436E-01,  1.04903E+05,  1.15327E+01,  1.65029E+00,  1.53738E+05,  1.14935E+07,  2.19833E+19,  7.89326E+10,  3.09273E+10,  2.52261E+10,  1.63437E+10,  2.84187E+09,  4.94050E+12,  3.81098E+06,  1.59014E+00,  4.84685E+16,  0.00000E+00,  3.35996E+15,  1.04359E-36,  0.00000E+00,  1.38457E+10,  4.28388E+11,  7.25892E+14,  4.42763E+00,  4.63577E+14,  2.37306E+01,  2.78925E+05,  3.06821E+13,  1.17000E+08,  0.00000E+00,  0.00000E+00,  0.00000E+00,  0.00000E+00,  0.00000E+00
  2.89500E-02,1,  3.49960E+00,  1.40000E+02,  2.54766E-08,  2.44400E+18,  1.01982E+15,  4.63520E+11,  1.81805E+09,  8.10595E+08,  3.08528E+08,  1.46636E+08,  3.36320E+07,  9.71446E+06,  1.54948E+11,  4.26561E+08,  2.78761E+08,  5.10166E+09,  2.64424E+14,  7.36501E+03,  2.35135E+09,  9.96510E+02,  6.67637E+05,  3.64295E+05,  1.79287E+07,  2.19832E+19,  1.75223E+13,  6.86566E+12,  5.60019E+12,  3.62816E+12,  5.28707E+11,  2.29932E+13,  7.80779E+08,  1.51637E+03,  4.86367E+16,  5.41921E+06,  3.37145E+15,  1.24200E+09,  6.89561E-02,  2.35070E+12,  5.02828E+11,  7.26604E+14,  3.82583E+02,  4.66312E+14,  2.05052E+03,  3.12372E+09,  3.09073E+13,  1.17000E+08,  0.00000E+00,  0.00000E+00,  0.00000E+00,  0.00000E+00,  0.00000E+00
  2.90000E-02,2,  2.58352E-02,  0.00000E+00,  0.00000E+00,  2.44446E+18,  5.63846E+14,  1.38238E+11,  3.42055E+07,  9.59762E+03,  9.07053E+01,  5.31968E+02,  8.58685E-02,  7.51264E-05,  6.95288E+06,  1.50926E+04,  6.32321E-06,  1.48157E-04,  2.62837E+14,  3.26887E-01,  1.04990E+05,  1.15370E+01,  1.64893E+00,  1.53371E+05,  1.14845E+07,  2.19833E+19,  7.76839E+10,  3.04381E+10,  2.48271E+10,  1.60852E+10,  2.79730E+09,  4.93053E+12,  3.79575E+06,  1.57853E+00,  4.85074E+16,  0.00000E+00,  3.37129E+15,  1.04217E-22,  0.00000E+00,  1.36633E+10,  4.28351E+11,  7.27350E+14,  4.42927E+00,  4.64388E+14,  2.37393E+01,  2.78815E+05,  3.07458E+13,  1.17000E+08,  0.00000E+00,  0.00000E+00,  0.00000E+00,  0.00000E+00,  0.00000E+00
  2.90500E-02,1,  3.49960E+00,  1.40000E+02,  2.54766E-08,  2.44400E+18,  1.01964E+15,  4.63354E+11,  1.81793E+09,  8.10596E+08,  3.08529E+08,  1.46636E+08,  3.36321E+07,  9.71447E+06,  1.54819E+11,  4.26562E+08,  2.78761E+08,  5.10166E+09,  2.64570E+14,  7.36704E+03,  2.35070E+09,  9.97064E+02,  6.67638E+05,  3.64214E+05,  1.79287E+07,  2.19831E+19,  1.75140E+13,  6.86243E+12,  5.59755E+12,  3.62645E+12,  5.28449E+11,  2.29876E+13,  7.80739E+08,  1.51593E+03,  4.86754E+16,  5.41920E+06,  3.38278E+15,  1.23991E+09,  6.87052E-02,  2.34906E+12,  5.02825E+11,  7.28061E+14,  3.82796E+02,  4.67123E+14,  2.05165E+03,  3.11854E+09,  3.09711E+13,  1.17000E+08,  0.00000E+00,  0.00000E+00,  0.00000E+00,  0.00000E+00,  0.00000E+00
  2.91000E-02,2,  2.58352E-02,  0.00000E+00,  0.00000E+00,  2.44446E+18,  5.62966E+14,  1.37808E+11,  3.40468E+07,  9.54869E+03,  9.07820E+01,  5.32521E+02,  8.58237E-02,  7.49808E-05,  6.95434E+06,  1.51083E+04,  6.32582E-06,  1.48219E-04,  2.62972E+14,  3.27292E-01,  1.05066E+05,  1.15392E+01,  1.64659E+00,  1.52881E+05,  1.14687E+07,  2.19833E+19,  7.58949E+10,  2.97371E+10,  2.42553E+10,  1.57147E+10,  2.73558E+09,  4.91571E+12,  3.77296E+06,  1.56650E+00,  4.85456E+16,  0.00000E+00,  3.38261E+15,  1.85125E-18,  0.00000E+00,  1.34022E+10,  4.28308E+11,  7.28808E+14,  4.43011E+00,  4.65190E+14,  2.37438E+01,  2.78694E+05,  3.08089E+13,  1.17000E+08,  0.00000E+00,  0.00000E+00,  0.00000E+00,  0.00000E+00,  0.00000E+00
  2.91500E-02,1,  3.49960E+00,  1.40000E+02,  2.54766E-08,  2.44400E+18,  1.01937E+15,  4.63114E+11,  1.81777E+09,  8.10596E+08,  3.08529E+08,  1.46637E+08,  3.36321E+07,  9.71448E+06,  1.54692E+11,  4.26562E+08,  2.78761E+08,  5.10166E+09,  2.64707E+14,  7.36855E+03,  2.34997E+09,  9.97580E+02,  6.67639E+05,  3.64075E+05,  1.79287E+07,  2.19831E+19,  1.75047E+13,  6.85876E+12,  5.59456E+12,  3.62451E+12,  5.28159E+11,  2.29796E+13,  7.80681E+08,  1.51529E+03,  4.87134E+16,  5.41920E+06,  3.39410E+15,  1.23782E+09,  6.84520E-02,  2.34720E+12,  5.02815E+11,  7.29518E+14,  3.82994E+02,  4.67925E+14,  2.05271E+03,  3.11335E+09,  3.10342E+13,  1.17000E+08,  0.00000E+00,  0.00000E+00,  0.00000E+00,  0.00000E+00,  0.00000E+00
  2.92000E-02,2,  2.58352E-02,  0.00000E+00,  0.00000E+00,  2.44446E+18,  5.64066E+14,  1.38330E+11,  3.42244E+07,  9.60092E+03,  9.08966E+01,  5.33122E+02,  8.60881E-02,  7.53641E-05,  6.95639E+06,  1.51254E+04,  6.36317E-06,  1.48307E-04,  2.63119E+14,  3.27755E-01,  1.05156E+05,  1.15507E+01,  1.64976E+00,  1.53322E+05,  1.14901E+07,  2.19832E+19,  7.81195E+10,  3.06088E+10,  2.49663E+10,  1.61754E+10,  2.81073E+09,  4.93443E+12,  3.79940E+06,  1.57716E+00,  4.85839E+16,  0.00000E+00,  3.39393E+15,  5.47689E-13,  0.00000E+00,  1.37204E+10,  4.28308E+11,  7.30264E+14,  4.43455E+00,  4.65997E+14,  2.37676E+01,  2.78627E+05,  3.08723E+13,  1.17000E+08,  0.00000E+00,  0.00000E+00,  0.00000E+00,  0.00000E+00,  0.00000E+00
  2.92500E-02,1,  3.49960E+00,  1.40000E+02,  2.54766E-08,  2.44400E+18,  1.01972E+15,  4.63426E+11,  1.81799E+09,  8.10597E+08,  3.08529E+08,  1.46637E+08,  3.36321E+07,  9.71449E+06,  1.54564E+11,  4.26563E+08,  2.78761E+08,  5.10166E+09,  2.64856E+14,  7.37051E+03,  2.34927E+09,  9.98143E+02,  6.67639E+05,  3.64331E+05,  1.79287E+07,  2.19831E+19,  1.74859E+13,  6.85139E+12,  5.58855E+12,  3.62062E+12,  5.27590E+11,  2.29900E+13,  7.80757E+08,  1.51613E+03,  4.87515E+16,  5.41920E+06,  3.40542E+15,  1.23575E+09,  6.81642E-02,  2.34410E+12,  5.02777E+11,  7.30973E+14,  3.83210E+02,  4.68732E+14,  2.05387E+03,  3.10821E+09,  3.10977E+13,  1.17000E+08,  0.00000E+00,  0.00000E+00,  0.00000E+00,  0.00000E+00,  0.00000E+00
  2.93000E-02,2,  2.58352E-02,  0.00000E+00,  0.00000E+00,  2.44446E+18,  5.64039E+14,  1.38333E+11,  3.42416E+07,  9.61477E+03,  9.10003E+01,  5.33705E+02,  8.61786E-02,  7.54257E-05,  6.95828E+06,  1.51419E+04,  6.33299E-06,  1.48388E-04,  2.63262E+14,  3.28199E-01,  1.05242E+05,  1.15558E+01,  1.64909E+00,  1.53276E+05,  1.14851E+07,  2.19832E+19,  7.79902E+10,  3.05581E+10,  2.49250E+10,  1.61486E+10,  2.80615E+09,  4.93379E+12,  3.80085E+06,  1.58396E+00,  4.86217E+16,  0.00000E+00,  3.40525E+15,  6.84386E-30,  0.00000E+00,  1.36990E+10,  4.28285E+11,  7.31719E+14,  4.43650E+00,  4.66799E+14,  2.37781E+01,  2.78524E+05,  3.09353E+13,  1.17000E+08,  0.00000E+00,  0.00000E+00,  0.00000E+00,  0.00000E+00,  0.00000E+00
  2.93500E-02,1,  3.49960E+00,  1.40000E+02,  2.54766E-08,  2.44399E+18,  1.01970E+15,  4.63408E+11,  1.81797E+09,  8.10597E+08,  3.08530E+08,  1.46637E+08,  3.36322E+07,  9.71450E+06,  1.54439E+11,  4.26563E+08,  2.78761E+08,  5.10166E+09,  2.64998E+14,  7.37272E+03,  2.34871E+09,  9.98682E+02,  6.67640E+05,  3.64384E+05,  1.79287E+07,  2.19830E+19,  1.74863E+13,  6.85155E+12,  5.58868E+12,  3.62070E+12,  5.27588E+11,  2.29893E+13,  7.80752E+08,  1.51607E+03,  4.87890E+16,  5.41919E+06,  3.41673E+15,  1.23368E+09,  6.79513E-02,  2.34372E+12,  5.02807E+11,  7.32428E+14,  3.83417E+02,  4.69534E+14,  2.05498E+03,  3.10307E+09,  3.11608E+13,  1.17000E+08,  0.00000E+00,  0.00000E+00,  0.00000E+00,  0.00000E+00,  0.00000E+00
  2.94000E-02,2,  2.58352E-02,  0.00000E+00,  0.00000E+00,  2.44445E+18,  5.65136E+14,  1.38873E+11,  3.44427E+07,  9.68226E+03,  9.11277E+01,  5.34336E+02,  8.64485E-02,  7.57996E-05,  6.96077E+06,  1.51598E+04,  6.33760E-06,  1.48494E-04,  2.63416E+14,  3.28701E-01,  1.05341E+05,  1.15676E+01,  1.65220E+00,  1.53762E+05,  1.15060E+07,  2.19831E+19,  7.87043E+10,  3.08379E+10,  2.51532E+10,  1.62965E+10,  2.83159E+09,  4.95227E+12,  3.82976E+06,  1.60251E+00,  4.86596E+16,  0.00000E+00,  3.41657E+15,  2.12145E-22,  0.00000E+00,  1.37999E+10,  4.28278E+11,  7.33172E+14,  4.44103E+00,  4.67605E+14,  2.38023E+01,  2.78460E+05,  3.09988E+13,  1.17000E+08,  0.00000E+00,  0.00000E+00,  0.00000E+00,  0.00000E+00,  0.00000E+00
  2.94500E-02,1,  3.49960E+00,  1.40000E+02,  2.54766E-08,  2.44399E+18,  1.02004E+15,  4.63708E+11,  1.81818E+09,  8.10598E+08,  3.08530E+08,  1.46637E+08,  3.36322E+07,  9.71451E+06,  1.54313E+11,  4.26563E+08,  2.78761E+08,  5.10165E+09,  2.65153E+14,  7.37533E+03,  2.34818E+09,  9.99269E+02,  6.67641E+05,  3.64664E+05,  1.79286E+07,  2.19830E+19,  1.74766E+13,  6.84777E+12,  5.58560E+12,  3.61871E+12,  5.27288E+11,  2.29993E+13,  7.80824E+08,  1.51688E+03,  4.88268E+16,  5.41919E+06,  3.42805E+15,  1.23162E+09,  6.77016E-02,  2.34201E+12,  5.02805E+11,  7.33880E+14,  3.83642E+02,  4.70341E+14,  2.05618E+03,  3.09796E+09,  3.12244E+13,  1.17000E+08,  0.00000E+00,  0.00000E+00,  0.00000E+00,  0.00000E+00,  0.00000E+00
  2.95000E-02,2,  2.58352E-02,  0.00000E+00,  0.00000E+00,  2.44445E+18,  5.65113E+14,  1.38857E+11,  3.44340E+07,  9.67926E+03,  9.12276E+01,  5.34949E+02,  8.65441E-02,  7.58763E-05,  6.96309E+06,  1.51772E+04,  6.34174E-06,  1.48593E-04,  2.63566E+14,  3.29185E-01,  1.05436E+05,  1.15731E+01,  1.65157E+00,  1.53727E+05,  1.15013E+07,  2.19831E+19,  7.72884E+10,  3.02831E+10,  2.47007E+10,  1.60033E+10,  2.78563E+09,  4.95162E+12,  3.82780E+06,  1.60002E+00,  4.86970E+16,  0.00000E+00,  3.42788E+15,  4.06427-208,  0.00000E+00,  1.35936E+10,  4.28252E+11,  7.34625E+14,  4.44313E+00,  4.68407E+14,  2.38136E+01,  2.78359E+05,  3.10619E+13,  1.17000E+08,  0.00000E+00,  0.00000E+00,  0.00000E+00,  0.00000E+00,  0.00000E+00
  2.95500E-02,1,  3.49960E+00,  1.40000E+02,  2.54766E-08,  2.44399E+18,  1.02003E+15,  4.63702E+11,  1.81818E+09,  8.10598E+08,  3.08530E+08,  1.46637E+08,  3.36322E+07,  9.71452E+06,  1.54189E+11,  4.26564E+08,  2.78761E+08,  5.10165E+09,  2.65304E+14,  7.37774E+03,  2.34762E+09,  9.99837E+02,  6.67641E+05,  3.64723E+05,  1.79286E+07,  2.19829E+19,  1.74669E+13,  6.84397E+12,  5.58250E+12,  3.61670E+12,  5.26987E+11,  2.29991E+13,  7.80822E+08,  1.51686E+03,  4.88640E+16,  5.41918E+06,  3.43936E+15,  1.22956E+09,  6.74533E-02,  2.34028E+12,  5.02802E+11,  7.35332E+14,  3.83860E+02,  4.71142E+14,  2.05735E+03,  3.09287E+09,  3.12875E+13,  1.17000E+08,  0.00000E+00,  0.00000E+00,  0.00000E+00,  0.00000E+00,  0.00000E+00
  2.96000E-02,2,  2.58352E-02,  0.00000E+00,  0.00000E+00,  2.44445E+18,  5.64348E+14,  1.38484E+11,  3.42976E+07,  9.63726E+03,  9.13096E+01,  5.35525E+02,  8.65200E-02,  7.57620E-05,  6.96502E+06,  1.51935E+04,  6.34527E-06,  1.48675E-04,  2.63706E+14,  3.29627E-01,  1.05522E+05,  1.15759E+01,  1.64949E+00,  1.53314E+05,  1.14872E+07,  2.19831E+19,  7.67365E+10,  3.00669E+10,  2.45243E+10,  1.58890E+10,  2.76235E+09,  4.93892E+12,  3.80878E+06,  1.58910E+00,  4.87338E+16,  0.00000E+00,  3.43919E+15,  1.32303E-45,  0.00000E+00,  1.35121E+10,  4.28220E+11,  7.36078E+14,  4.44420E+00,  4.69200E+14,  2.38193E+01,  2.78244E+05,  3.11242E+13,  1.17000E+08,  0.00000E+00,  0.00000E+00,  0.00000E+00,  0.00000E+00,  0.00000E+00
  2.96500E-02,1,  3.49960E+00,  1.40000E+02,  2.54766E-08,  2.44399E+18,  1.01979E+15,  4.63492E+11,  1.81803E+09,  8.10599E+08,  3.08530E+08,  1.46637E+08,  3.36323E+07,  9.71453E+06,  1.54067E+11,  4.26564E+08,  2.78761E+08,  5.10165E+09,  2.65445E+14,  7.37978E+03,  2.34702E+09,  1.00037E+03,  6.67642E+05,  3.64620E+05,  1.79286E+07,  2.19829E+19,  1.74583E+13,  6.84059E+12,  5.57974E+12,  3.61491E+12,  5.26719E+11,  2.29921E+13,  7.80772E+08,  1.51630E+03,  4.89005E+16,  5.41918E+06,  3.45068E+15,  1.22751E+09,  6.72109E-02,  2.33865E+12,  5.02801E+11,  7.36784E+14,  3.84065E+02,  4.71935E+14,  2.05845E+03,  3.08777E+09,  3.13499E+13,  1.17000E+08,  0.00000E+00,  0.00000E+00,  0.00000E+00,  0.00000E+00,  0.00000E+00
  2.97000E-02,2,  2.58352E-02,  0.00000E+00,  0.00000E+00,  2.44445E+18,  5.63290E+14,  1.37968E+11,  3.41071E+07,  9.57647E+03,  9.13766E+01,  5.36053E+02,  8.64431E-02,  7.55648E-05,  6.96643E+06,  1.52084E+04,  6.34783E-06,  1.48735E-04,  2.63835E+14,  3.30015E-01,  1.05595E+05,  1.15771E+01,  1.64673E+00,  1.52742E+05,  1.14686E+07,  2.19830E+19,  7.45840E+10,  2.92235E+10,  2.38364E+10,  1.54433E+10,  2.68857E+09,  4.92128E+12,  3.78184E+06,  1.57202E+00,  4.87696E+16,  0.00000E+00,  3.45050E+15,  0.00000E+00,  0.00000E+00,  1.31999E+10,  4.28177E+11,  7.37533E+14,  4.44466E+00,  4.69984E+14,  2.38218E+01,  2.78120E+05,  3.11857E+13,  1.17000E+08,  0.00000E+00,  0.00000E+00,  0.00000E+00,  0.00000E+00,  0.00000E+00
  2.97500E-02,1,  3.49960E+00,  1.40000E+02,  2.54766E-08,  2.44399E+18,  1.01946E+15,  4.63202E+11,  1.81784E+09,  8.10600E+08,  3.08531E+08,  1.46638E+08,  3.36323E+07,  9.71454E+06,  1.53948E+11,  4.26565E+08,  2.78761E+08,  5.10165E+09,  2.65575E+14,  7.38127E+03,  2.34635E+09,  1.00086E+03,  6.67643E+05,  3.64445E+05,  1.79286E+07,  2.19829E+19,  1.74503E+13,  6.83744E+12,  5.57717E+12,  3.61325E+12,  5.26469E+11,  2.29824E+13,  7.80702E+08,  1.51553E+03,  4.89362E+16,  5.41918E+06,  3.46198E+15,  1.22545E+09,  6.69726E-02,  2.33703E+12,  5.02798E+11,  7.38238E+14,  3.84253E+02,  4.72719E+14,  2.05945E+03,  3.08267E+09,  3.14115E+13,  1.17000E+08,  0.00000E+00,  0.00000E+00,  0.00000E+00,  0.00000E+00,  0.00000E+00
  2.98000E-02,2,  2.58352E-02,  0.00000E+00,  0.00000E+00,  2.44445E+18,  5.63174E+14,  1.37912E+11,  3.40861E+07,  9.57084E+03,  9.14613E+01,  5.36575E+02,  8.65095E-02,  7.56108E-05,  6.96782E+06,  1.52232E+04,  6.35039E-06,  1.48795E-04,  2.63962E+14,  3.30399E-01,  1.05667E+05,  1.15825E+01,  1.64660E+00,  1.52604E+05,  1.14679E+07,  2.19830E+19,  7.43579E+10,  2.91349E+10,  2.37641E+10,  1.53965E+10,  2.68038E+09,  4.91933E+12,  3.77886E+06,  1.57013E+00,  4.88051E+16,  0.00000E+00,  3.46181E+15,  0.00000E+00,  0.00000E+00,  1.31647E+10,  4.28152E+11,  7.38987E+14,  4.44675E+00,  4.70764E+14,  2.38329E+01,  2.78021E+05,  3.12470E+13,  1.17000E+08,  0.00000E+00,  0.00000E+00,  0.00000E+00,  0.00000E+00,  0.00000E+00
  2.98500E-02,1,  3.49960E+00,  1.40000E+02,  2.54766E-08,  2.44399E+18,  1.01943E+15,  4.63171E+11,  1.81781E+09,  8.10600E+08,  3.08531E+08,  1.46638E+08,  3.36323E+07,  9.71455E+06,  1.53830E+11,  4.26565E+08,  2.78761E+08,  5.10165E+09,  2.65703E+14,  7.38274E+03,  2.34569E+09,  1.00135E+03,  6.67643E+05,  3.64450E+05,  1.79286E+07,  2.19828E+19,  1.74423E+13,  6.83430E+12,  5.57461E+12,  3.61159E+12,  5.26220E+11,  2.29813E+13,  7.80695E+08,  1.51545E+03,  4.89715E+16,  5.41917E+06,  3.47329E+15,  1.22340E+09,  6.67359E-02,  2.33542E+12,  5.02796E+11,  7.39691E+14,  3.84439E+02,  4.73499E+14,  2.06045E+03,  3.07758E+09,  3.14728E+13,  1.17000E+08,  0.00000E+00,  0.00000E+00,  0.00000E+00,  0.00000E+00,  0.00000E+00
  2.99000E-02,2,  2.58352E-02,  0.00000E+00,  0.00000E+00,  2.44445E+18,  5.64959E+14,  1.38782E+11,  3.44064E+07,  9.67547E+03,  9.15947E+01,  5.37170E+02,  8.68802E-02,  7.61530E-05,  6.97010E+06,  1.52401E+04,  6.35459E-06,  1.48893E-04,  2.64107E+14,  3.30872E-01,  1.05760E+05,  1.15967E+01,  1.65142E+00,  1.53398E+05,  1.15002E+07,  2.19830E+19,  7.60488E+10,  2.97974E+10,  2.43045E+10,  1.57466E+10,  2.74122E+09,  4.94905E+12,  3.82389E+06,  1.59766E+00,  4.88411E+16,  0.00000E+00,  3.47312E+15,  0.00000E+00,  0.00000E+00,  1.34057E+10,  4.28158E+11,  7.40437E+14,  4.45218E+00,  4.71553E+14,  2.38620E+01,  2.77972E+05,  3.13090E+13,  1.17000E+08,  0.00000E+00,  0.00000E+00,  0.00000E+00,  0.00000E+00,  0.00000E+00
  2.99500E-02,1,  3.49960E+00,  1.40000E+02,  2.54766E-08,  2.44398E+18,  1.01998E+15,  4.63660E+11,  1.81815E+09,  8.10601E+08,  3.08531E+08,  1.46638E+08,  3.36324E+07,  9.71456E+06,  1.53711E+11,  4.26565E+08,  2.78761E+08,  5.10165E+09,  2.65849E+14,  7.38514E+03,  2.34516E+09,  1.00190E+03,  6.67644E+05,  3.64854E+05,  1.79286E+07,  2.19828E+19,  1.74329E+13,  6.83062E+12,  5.57160E+12,  3.60964E+12,  5.25928E+11,  2.29976E+13,  7.80812E+08,  1.51675E+03,  4.90072E+16,  5.41917E+06,  3.48460E+15,  1.22136E+09,  6.64952E-02,  2.33376E+12,  5.02796E+11,  7.41141E+14,  3.84651E+02,  4.74288E+14,  2.06158E+03,  3.07253E+09,  3.15349E+13,  1.17000E+08,  0.00000E+00,  0.00000E+00,  0.00000E+00,  0.00000E+00,  0.00000E+00
  3.00000E-02,2,  2.58352E-02,  0.00000E+00,  0.00000E+00,  2.44444E+18,  5.64801E+14,  1.38705E+11,  3.43779E+07,  9.66757E+03,  9.16864E+01,  5.37739E+02,  8.69479E-02,  7.61919E-05,  6.97211E+06,  1.52562E+04,  6.35816E-06,  1.48979E-04,  2.64246E+14,  3.31314E-01,  1.05846E+05,  1.16007E+01,  1.65025E+00,  1.53321E+05,  1.14917E+07,  2.19829E+19,  7.67582E+10,  3.00754E+10,  2.45312E+10,  1.58935E+10,  2.76250E+09,  4.94640E+12,  3.81987E+06,  1.59517E+00,  4.88764E+16,  0.00000E+00,  3.48443E+15,  1.36068E-32,  0.00000E+00,  1.35053E+10,  4.28144E+11,  7.41888E+14,  4.45374E+00,  4.72335E+14,  2.38704E+01,  2.77866E+05,  3.13705E+13,  1.17000E+08,  0.00000E+00,  0.00000E+00,  0.00000E+00,  0.00000E+00,  0.00000E+00
  3.00500E-02,1,  3.49960E+00,  1.40000E+02,  2.54766E-08,  2.44398E+18,  1.01993E+15,  4.63617E+11,  1.81812E+09,  8.10601E+08,  3.08531E+08,  1.46638E+08,  3.36324E+07,  9.71457E+06,  1.53594E+11,  4.26566E+08,  2.78761E+08,  5.10164E+09,  2.65989E+14,  7.38725E+03,  2.34461E+09,  1.00242E+03,  6.67645E+05,  3.64890E+05,  1.79286E+07,  2.19828E+19,  1.74242E+13,  6.82722E+12,  5.56883E+12,  3.60784E+12,  5.25659E+11,  2.29961E+13,  7.80801E+08,  1.51664E+03,  4.90424E+16,  5.41916E+06,  3.49590E+15,  1.21933E+09,  6.62588E-02,  2.33217E+12,  5.02796E+11,  7.42591E+14,  3.84853E+02,  4.75070E+14,  2.06267E+03,  3.06749E+09,  3.15965E+13,  1.17000E+08,  0.00000E+00,  0.00000E+00,  0.00000E+00,  0.00000E+00,  0.00000E+00
  3.01000E-02,2,  2.58352E-02,  0.00000E+00,  0.00000E+00,  2.44444E+18,  5.64589E+14,  1.38603E+11,  3.43415E+07,  9.65763E+03,  9.17751E+01,  5.38293E+02,  8.70048E-02,  7.62175E-05,  6.97399E+06,  1.52719E+04,  6.36166E-06,  1.49059E-04,  2.64381E+14,  3.31741E-01,  1.05929E+05,  1.16056E+01,  1.64960E+00,  1.53176E+05,  1.14872E+07,  2.19829E+19,  7.72211E+10,  3.02568E+10,  2.46792E+10,  1.59894E+10,  2.77569E+09,  4.94296E+12,  3.81502E+06,  1.59270E+00,  4.89113E+16,  0.00000E+00,  3.49573E+15,  4.51316E-23,  0.00000E+00,  1.35699E+10,  4.28127E+11,  7.43338E+14,  4.45560E+00,  4.73113E+14,  2.38803E+01,  2.77764E+05,  3.14316E+13,  1.17000E+08,  0.00000E+00,  0.00000E+00,  0.00000E+00,  0.00000E+00,  0.00000E+00
  3.01500E-02,1,  3.49960E+00,  1.40000E+02,  2.54766E-08,  2.44398E+18,  1.01986E+15,  4.63558E+11,  1.81808E+09,  8.10602E+08,  3.08532E+08,  1.46638E+08,  3.36324E+07,  9.71458E+06,  1.53478E+11,  4.26566E+08,  2.78761E+08,  5.10164E+09,  2.66124E+14,  7.38923E+03,  2.34404E+09,  1.00294E+03,  6.67645E+05,  3.64896E+05,  1.79286E+07,  2.19827E+19,  1.74158E+13,  6.82394E+12,  5.56616E+12,  3.60611E+12,  5.25399E+11,  2.29942E+13,  7.80788E+08,  1.51648E+03,  4.90770E+16,  5.41916E+06,  3.50720E+15,  1.21730E+09,  6.60252E-02,  2.33061E+12,  5.02797E+11,  7.44040E+14,  3.85050E+02,  4.75848E+14,  2.06372E+03,  3.06246E+09,  3.16576E+13,  1.17000E+08,  0.00000E+00,  0.00000E+00,  0.00000E+00,  0.00000E+00,  0.00000E+00
  3.02000E-02,2,  2.58352E-02,  0.00000E+00,  0.00000E+00,  2.44444E+18,  5.65980E+14,  1.39286E+11,  3.45942E+07,  9.74121E+03,  9.19048E+01,  5.38907E+02,  8.73189E-02,  7.66665E-05,  6.97661E+06,  1.52894E+04,  6.36556E-06,  1.49171E-04,  2.64530E+14,  3.32242E-01,  1.06028E+05,  1.16185E+01,  1.65352E+00,  1.53792E+05,  1.15135E+07,  2.19828E+19,  7.82585E+10,  3.06632E+10,  2.50107E+10,  1.62042E+10,  2.81274E+09,  4.96624E+12,  3.85090E+06,  1.61519E+00,  4.89465E+16,  0.00000E+00,  3.50703E+15,  0.00000E+00,  0.00000E+00,  1.37174E+10,  4.28128E+11,  7.44785E+14,  4.46056E+00,  4.73898E+14,  2.39069E+01,  2.77710E+05,  3.14934E+13,  1.17000E+08,  0.00000E+00,  0.00000E+00,  0.00000E+00,  0.00000E+00,  0.00000E+00
  3.02500E-02,1,  3.49960E+00,  1.40000E+02,  2.54766E-08,  2.44398E+18,  1.02030E+15,  4.63940E+11,  1.81834E+09,  8.10602E+08,  3.08532E+08,  1.46638E+08,  3.36325E+07,  9.71459E+06,  1.53362E+11,  4.26567E+08,  2.78761E+08,  5.10164E+09,  2.66275E+14,  7.39196E+03,  2.34359E+09,  1.00351E+03,  6.67646E+05,  3.65226E+05,  1.79286E+07,  2.19827E+19,  1.74063E+13,  6.82019E+12,  5.56310E+12,  3.60413E+12,  5.25102E+11,  2.30069E+13,  7.80879E+08,  1.51750E+03,  4.91121E+16,  5.41916E+06,  3.51850E+15,  1.21529E+09,  6.57883E-02,  2.32901E+12,  5.02800E+11,  7.45487E+14,  3.85268E+02,  4.76633E+14,  2.06489E+03,  3.05747E+09,  3.17194E+13,  1.17000E+08,  0.00000E+00,  0.00000E+00,  0.00000E+00,  0.00000E+00,  0.00000E+00
  3.03000E-02,2,  2.58352E-02,  0.00000E+00,  0.00000E+00,  2.44444E+18,  5.66124E+14,  1.39357E+11,  3.46210E+07,  9.75149E+03,  9.20079E+01,  5.39508E+02,  8.74385E-02,  7.67901E-05,  6.97910E+06,  1.53064E+04,  6.35961E-06,  1.49277E-04,  2.64677E+14,  3.32727E-01,  1.06125E+05,  1.16244E+01,  1.65325E+00,  1.53847E+05,  1.15112E+07,  2.19828E+19,  7.87730E+10,  3.08648E+10,  2.51751E+10,  1.63107E+10,  2.82949E+09,  4.96868E+12,  3.85480E+06,  1.61778E+00,  4.89812E+16,  0.00000E+00,  3.51833E+15,  0.00000E+00,  0.00000E+00,  1.37898E+10,  4.28120E+11,  7.46232E+14,  4.46281E+00,  4.74679E+14,  2.39189E+01,  2.77615E+05,  3.15547E+13,  1.17000E+08,  0.00000E+00,  0.00000E+00,  0.00000E+00,  0.00000E+00,  0.00000E+00
  3.03500E-02,1,  3.49960E+00,  1.40000E+02,  2.54766E-08,  2.44398E+18,  1.02034E+15,  4.63979E+11,  1.81837E+09,  8.10603E+08,  3.08532E+08,  1.46638E+08,  3.36325E+07,  9.71460E+06,  1.53247E+11,  4.26567E+08,  2.78761E+08,  5.10164E+09,  2.66421E+14,  7.39456E+03,  2.34313E+09,  1.00406E+03,  6.67646E+05,  3.65321E+05,  1.79286E+07,  2.19827E+19,  1.73972E+13,  6.81663E+12,  5.56019E+12,  3.60225E+12,  5.24819E+11,  2.30082E+13,  7.80888E+08,  1.51761E+03,  4.91466E+16,  5.41915E+06,  3.52980E+15,  1.21328E+09,  6.55547E-02,  2.32745E+12,  5.02804E+11,  7.46933E+14,  3.85481E+02,  4.77414E+14,  2.06602E+03,  3.05249E+09,  3.17809E+13,  1.17000E+08,  0.00000E+00,  0.00000E+00,  0.00000E+00,  0.00000E+00,  0.00000E+00
  3.04000E-02,2,  2.58352E-02,  0.00000E+00,  0.00000E+00,  2.44444E+18,  5.65940E+14,  1.39266E+11,  3.45868E+07,  9.74153E+03,  9.21020E+01,  5.40096E+02,  8.75053E-02,  7.68247E-05,  6.98147E+06,  1.53231E+04,  6.37532E-06,  1.49379E-04,  2.64820E+14,  3.33200E-01,  1.06219E+05,  1.16298E+01,  1.65272E+00,  1.53723E+05,  1.15075E+07,  2.19828E+19,  7.73905E+10,  3.03231E+10,  2.47333E+10,  1.60244E+10,  2.78258E+09,  4.96552E+12,  3.84979E+06,  1.61455E+00,  4.90156E+16,  0.00000E+00,  3.52963E+15,  2.19349E-54,  0.00000E+00,  1.35895E+10,  4.28095E+11,  7.47679E+14,  4.46489E+00,  4.75456E+14,  2.39300E+01,  2.77518E+05,  3.16158E+13,  1.17000E+08,  0.00000E+00,  0.00000E+00,  0.00000E+00,  0.00000E+00,  0.00000E+00
  3.04500E-02,1,  3.49960E+00,  1.40000E+02,  2.54766E-08,  2.44398E+18,  1.02028E+15,  4.63929E+11,  1.81834E+09,  8.10604E+08,  3.08532E+08,  1.46639E+08,  3.36325E+07,  9.71461E+06,  1.53134E+11,  4.26567E+08,  2.78761E+08,  5.10164E+09,  2.66565E+14,  7.39704E+03,  2.34265E+09,  1.00460E+03,  6.67647E+05,  3.65340E+05,  1.79286E+07,  2.19826E+19,  1.73882E+13,  6.81313E+12,  5.55734E+12,  3.60040E+12,  5.24542E+11,  2.30065E+13,  7.80876E+08,  1.51747E+03,  4.91808E+16,  5.41915E+06,  3.54110E+15,  1.21128E+09,  6.53233E-02,  2.32591E+12,  5.02807E+11,  7.48379E+14,  3.85689E+02,  4.78190E+14,  2.06714E+03,  3.04752E+09,  3.18420E+13,  1.17000E+08,  0.00000E+00,  0.00000E+00,  0.00000E+00,  0.00000E+00,  0.00000E+00
  3.05000E-02,2,  2.58352E-02,  0.00000E+00,  0.00000E+00,  2.44444E+18,  5.65023E+14,  1.38816E+11,  3.44195E+07,  9.68818E+03,  9.21746E+01,  5.40641E+02,  8.74519E-02,  7.66630E-05,  6.98340E+06,  1.53385E+04,  6.37924E-06,  1.49462E-04,  2.64952E+14,  3.33626E-01,  1.06301E+05,  1.16317E+01,  1.65030E+00,  1.53231E+05,  1.14911E+07,  2.19827E+19,  7.51643E+10,  2.94508E+10,  2.40218E+10,  1.55635E+10,  2.70537E+09,  4.95016E+12,  3.82594E+06,  1.59941E+00,  4.90492E+16,  0.00000E+00,  3.54092E+15,  4.42004E-22,  0.00000E+00,  1.32678E+10,  4.28056E+11,  7.49127E+14,  4.46561E+00,  4.76224E+14,  2.39339E+01,  2.77402E+05,  3.16761E+13,  1.17000E+08,  0.00000E+00,  0.00000E+00,  0.00000E+00,  0.00000E+00,  0.00000E+00
  3.05500E-02,1,  3.49960E+00,  1.40000E+02,  2.54766E-08,  2.44397E+18,  1.02000E+15,  4.63678E+11,  1.81817E+09,  8.10604E+08,  3.08533E+08,  1.46639E+08,  3.36326E+07,  9.71462E+06,  1.53023E+11,  4.26568E+08,  2.78761E+08,  5.10163E+09,  2.66698E+14,  7.39905E+03,  2.34213E+09,  1.00510E+03,  6.67648E+05,  3.65200E+05,  1.79286E+07,  2.19826E+19,  1.73800E+13,  6.80992E+12,  5.55472E+12,  3.59870E+12,  5.24288E+11,  2.29981E+13,  7.80816E+08,  1.51681E+03,  4.92142E+16,  5.41914E+06,  3.55239E+15,  1.20927E+09,  6.50962E-02,  2.32442E+12,  5.02810E+11,  7.49826E+14,  3.85882E+02,  4.78958E+14,  2.06817E+03,  3.04254E+09,  3.19024E+13,  1.17000E+08,  0.00000E+00,  0.00000E+00,  0.00000E+00,  0.00000E+00,  0.00000E+00
  3.06000E-02,2,  2.58352E-02,  0.00000E+00,  0.00000E+00,  2.44443E+18,  5.64411E+14,  1.38516E+11,  3.43089E+07,  9.65360E+03,  9.22481E+01,  5.41153E+02,  8.74399E-02,  7.65753E-05,  6.98498E+06,  1.53530E+04,  6.38173E-06,  1.49529E-04,  2.65076E+14,  3.34014E-01,  1.06375E+05,  1.16345E+01,  1.64866E+00,  1.52859E+05,  1.14801E+07,  2.19827E+19,  7.47168E+10,  2.92755E+10,  2.38788E+10,  1.54708E+10,  2.68882E+09,  4.93988E+12,  3.81020E+06,  1.58974E+00,  4.90821E+16,  0.00000E+00,  3.55222E+15,  4.08770E-29,  0.00000E+00,  1.32014E+10,  4.28033E+11,  7.50575E+14,  4.46669E+00,  4.76984E+14,  2.39397E+01,  2.77292E+05,  3.17357E+13,  1.17000E+08,  0.00000E+00,  0.00000E+00,  0.00000E+00,  0.00000E+00,  0.00000E+00
  3.06500E-02,1,  3.49960E+00,  1.40000E+02,  2.54766E-08,  2.44397E+18,  1.01981E+15,  4.63510E+11,  1.81805E+09,  8.10605E+08,  3.08533E+08,  1.46639E+08,  3.36326E+07,  9.71463E+06,  1.52914E+11,  4.26568E+08,  2.78761E+08,  5.10163E+09,  2.66823E+14,  7.40071E+03,  2.34156E+09,  1.00558E+03,  6.67648E+05,  3.65107E+05,  1.79286E+07,  2.19825E+19,  1.73724E+13,  6.80694E+12,  5.55229E+12,  3.59713E+12,  5.24051E+11,  2.29924E+13,  7.80776E+08,  1.51636E+03,  4.92470E+16,  5.41914E+06,  3.56368E+15,  1.20727E+09,  6.48729E-02,  2.32297E+12,  5.02813E+11,  7.51273E+14,  3.86063E+02,  4.79718E+14,  2.06914E+03,  3.03757E+09,  3.19621E+13,  1.17000E+08,  0.00000E+00,  0.00000E+00,  0.00000E+00,  0.00000E+00,  0.00000E+00
  3.07000E-02,2,  2.58352E-02,  0.00000E+00,  0.00000E+00,  2.44443E+18,  5.65511E+14,  1.39056E+11,  3.45096E+07,  9.72036E+03,  9.23634E+01,  5.41714E+02,  8.77013E-02,  7.69462E-05,  6.98716E+06,  1.53689E+04,  6.38572E-06,  1.49623E-04,  2.65213E+14,  3.34462E-01,  1.06463E+05,  1.16457E+01,  1.65185E+00,  1.53321E+05,  1.15016E+07,  2.19827E+19,  7.62447E+10,  2.98742E+10,  2.43671E+10,  1.57872E+10,  2.74100E+09,  4.95847E+12,  3.83901E+06,  1.60788E+00,  4.91153E+16,  0.00000E+00,  3.56351E+15,  1.01098E-22,  0.00000E+00,  1.34193E+10,  4.28035E+11,  7.52020E+14,  4.47098E+00,  4.77750E+14,  2.39627E+01,  2.77229E+05,  3.17959E+13,  1.17000E+08,  0.00000E+00,  0.00000E+00,  0.00000E+00,  0.00000E+00,  0.00000E+00
  3.07500E-02,1,  3.49960E+00,  1.40000E+02,  2.54766E-08,  2.44397E+18,  1.02015E+15,  4.63811E+11,  1.81826E+09,  8.10605E+08,  3.08533E+08,  1.46639E+08,  3.36326E+07,  9.71464E+06,  1.52804E+11,  4.26569E+08,  2.78761E+08,  5.10163E+09,  2.66960E+14,  7.40300E+03,  2.34108E+09,  1.00609E+03,  6.67649E+05,  3.65366E+05,  1.79286E+07,  2.19825E+19,  1.73638E+13,  6.80356E+12,  5.54954E+12,  3.59534E+12,  5.23784E+11,  2.30025E+13,  7.80848E+08,  1.51716E+03,  4.92800E+16,  5.41914E+06,  3.57497E+15,  1.20528E+09,  6.46471E-02,  2.32147E+12,  5.02818E+11,  7.52718E+14,  3.86262E+02,  4.80484E+14,  2.07020E+03,  3.03263E+09,  3.20223E+13,  1.17000E+08,  0.00000E+00,  0.00000E+00,  0.00000E+00,  0.00000E+00,  0.00000E+00
  3.08000E-02,2,  2.58352E-02,  0.00000E+00,  0.00000E+00,  2.44443E+18,  5.64975E+14,  1.38790E+11,  3.44087E+07,  9.68758E+03,  9.24386E+01,  5.42237E+02,  8.77028E-02,  7.68760E-05,  6.98894E+06,  1.53837E+04,  6.38903E-06,  1.49699E-04,  2.65339E+14,  3.34867E-01,  1.06541E+05,  1.16480E+01,  1.64989E+00,  1.53043E+05,  1.14880E+07,  2.19826E+19,  7.35836E+10,  2.88315E+10,  2.35167E+10,  1.52362E+10,  2.65290E+09,  4.94926E+12,  3.82405E+06,  1.59748E+00,  4.91478E+16,  0.00000E+00,  3.57480E+15,  3.99931-208,  0.00000E+00,  1.30350E+10,  4.27999E+11,  7.53467E+14,  4.47187E+00,  4.78507E+14,  2.39674E+01,  2.77116E+05,  3.18553E+13,  1.17000E+08,  0.00000E+00,  0.00000E+00,  0.00000E+00,  0.00000E+00,  0.00000E+00
  3.08500E-02,1,  3.49960E+00,  1.40000E+02,  2.54766E-08,  2.44397E+18,  1.01998E+15,  4.63664E+11,  1.81816E+09,  8.10606E+08,  3.08533E+08,  1.46639E+08,  3.36327E+07,  9.71465E+06,  1.52697E+11,  4.26569E+08,  2.78761E+08,  5.10163E+09,  2.67087E+14,  7.40485E+03,  2.34055E+09,  1.00657E+03,  6.67650E+05,  3.65313E+05,  1.79286E+07,  2.19825E+19,  1.73560E+13,  6.80050E+12,  5.54704E+12,  3.59373E+12,  5.23541E+11,  2.29976E+13,  7.80813E+08,  1.51677E+03,  4.93123E+16,  5.41913E+06,  3.58626E+15,  1.20329E+09,  6.44258E-02,  2.32003E+12,  5.02822E+11,  7.54164E+14,  3.86446E+02,  4.81241E+14,  2.07119E+03,  3.02769E+09,  3.20818E+13,  1.17000E+08,  0.00000E+00,  0.00000E+00,  0.00000E+00,  0.00000E+00,  0.00000E+00
  3.09000E-02,2,  2.58352E-02,  0.00000E+00,  0.00000E+00,  2.44443E+18,  5.64709E+14,  1.38660E+11,  3.43611E+07,  9.67346E+03,  9.25181E+01,  5.42744E+02,  8.77435E-02,  7.68779E-05,  6.99057E+06,  1.53981E+04,  6.39196E-06,  1.49769E-04,  2.65462E+14,  3.35255E-01,  1.06616E+05,  1.16523E+01,  1.64922E+00,  1.52858E+05,  1.14835E+07,  2.19826E+19,  7.31741E+10,  2.86710E+10,  2.33858E+10,  1.51514E+10,  2.63794E+09,  4.94482E+12,  3.81734E+06,  1.59344E+00,  4.91798E+16,  0.00000E+00,  3.58609E+15,  0.00000E+00,  0.00000E+00,  1.29744E+10,  4.27978E+11,  7.54913E+14,  4.47352E+00,  4.79260E+14,  2.39762E+01,  2.77015E+05,  3.19143E+13,  1.17000E+08,  0.00000E+00,  0.00000E+00,  0.00000E+00,  0.00000E+00,  0.00000E+00
  3.09500E-02,1,  3.49960E+00,  1.40000E+02,  2.54766E-08,  2.44397E+18,  1.01990E+15,  4.63591E+11,  1.81811E+09,  8.10606E+08,  3.08534E+08,  1.46639E+08,  3.36327E+07,  9.71466E+06,  1.52591E+11,  4.26569E+08,  2.78761E+08,  5.10163E+09,  2.67211E+14,  7.40656E+03,  2.34001E+09,  1.00704E+03,  6.67650E+05,  3.65296E+05,  1.79286E+07,  2.19824E+19,  1.73483E+13,  6.79749E+12,  5.54459E+12,  3.59214E+12,  5.23302E+11,  2.29951E+13,  7.80795E+08,  1.51658E+03,  4.93441E+16,  5.41913E+06,  3.59755E+15,  1.20130E+09,  6.42064E-02,  2.31860E+12,  5.02826E+11,  7.55609E+14,  3.86626E+02,  4.81994E+14,  2.07215E+03,  3.02276E+09,  3.21408E+13,  1.17000E+08,  0.00000E+00,  0.00000E+00,  0.00000E+00,  0.00000E+00,  0.00000E+00
  3.10000E-02,2,  2.58352E-02,  0.00000E+00,  0.00000E+00,  2.44443E+18,  5.63386E+14,  1.38015E+11,  3.41237E+07,  9.59816E+03,  9.25676E+01,  5.43192E+02,  8.76101E-02,  7.65956E-05,  6.99154E+06,  1.54108E+04,  6.39357E-06,  1.49811E-04,  2.65571E+14,  3.35575E-01,  1.06674E+05,  1.16513E+01,  1.64566E+00,  1.52171E+05,  1.14595E+07,  2.19826E+19,  7.22460E+10,  2.83074E+10,  2.30892E+10,  1.49592E+10,  2.60125E+09,  4.92276E+12,  3.78386E+06,  1.57322E+00,  4.92109E+16,  0.00000E+00,  3.59737E+15,  7.76249E-23,  0.00000E+00,  1.28390E+10,  4.27941E+11,  7.56361E+14,  4.47313E+00,  4.80001E+14,  2.39741E+01,  2.76885E+05,  3.19723E+13,  1.17000E+08,  0.00000E+00,  0.00000E+00,  0.00000E+00,  0.00000E+00,  0.00000E+00
  3.10500E-02,1,  3.49960E+00,  1.40000E+02,  2.54766E-08,  2.44397E+18,  1.01949E+15,  4.63229E+11,  1.81786E+09,  8.10607E+08,  3.08534E+08,  1.46640E+08,  3.36327E+07,  9.71467E+06,  1.52488E+11,  4.26570E+08,  2.78761E+08,  5.10163E+09,  2.67320E+14,  7.40760E+03,  2.33939E+09,  1.00745E+03,  6.67651E+05,  3.65064E+05,  1.79286E+07,  2.19824E+19,  1.73418E+13,  6.79493E+12,  5.54250E+12,  3.59078E+12,  5.23099E+11,  2.29830E+13,  7.80708E+08,  1.51561E+03,  4.93751E+16,  5.41913E+06,  3.60883E+15,  1.19930E+09,  6.39929E-02,  2.31724E+12,  5.02830E+11,  7.57056E+14,  3.86784E+02,  4.82735E+14,  2.07300E+03,  3.01782E+09,  3.21989E+13,  1.17000E+08,  0.00000E+00,  0.00000E+00,  0.00000E+00,  0.00000E+00,  0.00000E+00
  3.11000E-02,2,  2.58352E-02,  0.00000E+00,  0.00000E+00,  2.44443E+18,  5.63345E+14,  1.37995E+11,  3.41164E+07,  9.59664E+03,  9.26406E+01,  5.43637E+02,  8.76756E-02,  7.66478E-05,  6.99254E+06,  1.54234E+04,  6.39556E-06,  1.49853E-04,  2.65678E+14,  3.35895E-01,  1.06733E+05,  1.16562E+01,  1.64573E+00,  1.52064E+05,  1.14601E+07,  2.19825E+19,  7.38130E+10,  2.89214E+10,  2.35900E+10,  1.52837E+10,  2.65060E+09,  4.92214E+12,  3.78292E+06,  1.57229E+00,  4.92418E+16,  0.00000E+00,  3.60865E+15,  1.79944E-29,  0.00000E+00,  1.30614E+10,  4.27930E+11,  7.57809E+14,  4.47501E+00,  4.80739E+14,  2.39842E+01,  2.76788E+05,  3.20301E+13,  1.17000E+08,  0.00000E+00,  0.00000E+00,  0.00000E+00,  0.00000E+00,  0.00000E+00
  3.11500E-02,1,  3.49960E+00,  1.40000E+02,  2.54766E-08,  2.44397E+18,  1.01948E+15,  4.63217E+11,  1.81786E+09,  8.10607E+08,  3.08534E+08,  1.46640E+08,  3.36328E+07,  9.71468E+06,  1.52385E+11,  4.26570E+08,  2.78761E+08,  5.10162E+09,  2.67429E+14,  7.40867E+03,  2.33878E+09,  1.00787E+03,  6.67652E+05,  3.65073E+05,  1.79286E+07,  2.19824E+19,  1.73350E+13,  6.79228E+12,  5.54034E+12,  3.58938E+12,  5.22889E+11,  2.29826E+13,  7.80706E+08,  1.51558E+03,  4.94057E+16,  5.41912E+06,  3.62011E+15,  1.19732E+09,  6.37799E-02,  2.31586E+12,  5.02834E+11,  7.58503E+14,  3.86942E+02,  4.83473E+14,  2.07384E+03,  3.01289E+09,  3.22568E+13,  1.17000E+08,  0.00000E+00,  0.00000E+00,  0.00000E+00,  0.00000E+00,  0.00000E+00
  3.12000E-02,2,  2.58352E-02,  0.00000E+00,  0.00000E+00,  2.44442E+18,  5.64649E+14,  1.38634E+11,  3.43527E+07,  9.67471E+03,  9.27499E+01,  5.44138E+02,  8.79597E-02,  7.70617E-05,  6.99421E+06,  1.54376E+04,  6.39775E-06,  1.49925E-04,  2.65800E+14,  3.36282E-01,  1.06807E+05,  1.16673E+01,  1.64930E+00,  1.52649E+05,  1.14841E+07,  2.19825E+19,  7.40416E+10,  2.90109E+10,  2.36630E+10,  1.53310E+10,  2.66353E+09,  4.94391E+12,  3.81646E+06,  1.59362E+00,  4.92729E+16,  0.00000E+00,  3.61993E+15,  0.00000E+00,  0.00000E+00,  1.30926E+10,  4.27926E+11,  7.59253E+14,  4.47928E+00,  4.81483E+14,  2.40070E+01,  2.76726E+05,  3.20885E+13,  1.17000E+08,  0.00000E+00,  0.00000E+00,  0.00000E+00,  0.00000E+00,  0.00000E+00
  3.12500E-02,1,  3.49960E+00,  1.40000E+02,  2.54766E-08,  2.44396E+18,  1.01988E+15,  4.63575E+11,  1.81810E+09,  8.10608E+08,  3.08534E+08,  1.46640E+08,  3.36328E+07,  9.71468E+06,  1.52283E+11,  4.26570E+08,  2.78760E+08,  5.10162E+09,  2.67551E+14,  7.41042E+03,  2.33827E+09,  1.00833E+03,  6.67652E+05,  3.65376E+05,  1.79286E+07,  2.19823E+19,  1.73273E+13,  6.78927E+12,  5.53788E+12,  3.58779E+12,  5.22651E+11,  2.29945E+13,  7.80791E+08,  1.51654E+03,  4.94367E+16,  5.41912E+06,  3.63139E+15,  1.19535E+09,  6.35646E-02,  2.31446E+12,  5.02840E+11,  7.59947E+14,  3.87119E+02,  4.84217E+14,  2.07479E+03,  3.00800E+09,  3.23152E+13,  1.17000E+08,  0.00000E+00,  0.00000E+00,  0.00000E+00,  0.00000E+00,  0.00000E+00
  3.13000E-02,2,  2.58352E-02,  0.00000E+00,  0.00000E+00,  2.44442E+18,  5.64702E+14,  1.38660E+11,  3.43631E+07,  9.67958E+03,  9.28326E+01,  5.44626E+02,  8.80469E-02,  7.71453E-05,  6.99577E+06,  1.54514E+04,  6.40152E-06,  1.49992E-04,  2.65918E+14,  3.36656E-01,  1.06878E+05,  1.16717E+01,  1.64887E+00,  1.52660E+05,  1.14807E+07,  2.19824E+19,  7.52801E+10,  2.94962E+10,  2.40589E+10,  1.55874E+10,  2.70179E+09,  4.94484E+12,  3.81811E+06,  1.59502E+00,  4.93036E+16,  0.00000E+00,  3.63121E+15,  3.97352-208,  0.00000E+00,  1.32685E+10,  4.27918E+11,  7.60697E+14,  4.48097E+00,  4.82223E+14,  2.40161E+01,  2.76627E+05,  3.21465E+13,  1.17000E+08,  0.00000E+00,  0.00000E+00,  0.00000E+00,  0.00000E+00,  0.00000E+00
  3.13500E-02,1,  3.49960E+00,  1.40000E+02,  2.54766E-08,  2.44396E+18,  1.01990E+15,  4.63589E+11,  1.81811E+09,  8.10608E+08,  3.08535E+08,  1.46640E+08,  3.36328E+07,  9.71469E+06,  1.52181E+11,  4.26571E+08,  2.78760E+08,  5.10162E+09,  2.67670E+14,  7.41206E+03,  2.33775E+09,  1.00878E+03,  6.67653E+05,  3.65438E+05,  1.79286E+07,  2.19823E+19,  1.73202E+13,  6.78647E+12,  5.53559E+12,  3.58631E+12,  5.22428E+11,  2.29949E+13,  7.80795E+08,  1.51658E+03,  4.94672E+16,  5.41911E+06,  3.64267E+15,  1.19338E+09,  6.33525E-02,  2.31312E+12,  5.02847E+11,  7.61391E+14,  3.87291E+02,  4.84957E+14,  2.07571E+03,  3.00312E+09,  3.23732E+13,  1.17000E+08,  0.00000E+00,  0.00000E+00,  0.00000E+00,  0.00000E+00,  0.00000E+00
  3.14000E-02,2,  2.58352E-02,  0.00000E+00,  0.00000E+00,  2.44442E+18,  5.63720E+14,  1.38177E+11,  3.41830E+07,  9.62126E+03,  9.28861E+01,  5.45068E+02,  8.79651E-02,  7.69477E-05,  6.99683E+06,  1.54640E+04,  6.40343E-06,  1.50038E-04,  2.66025E+14,  3.36977E-01,  1.06938E+05,  1.16720E+01,  1.64617E+00,  1.52162E+05,  1.14624E+07,  2.19824E+19,  7.22473E+10,  2.83079E+10,  2.30896E+10,  1.49595E+10,  2.60006E+09,  4.92834E+12,  3.79218E+06,  1.57795E+00,  4.93335E+16,  0.00000E+00,  3.64249E+15,  0.00000E+00,  0.00000E+00,  1.28312E+10,  4.27873E+11,  7.62143E+14,  4.48107E+00,  4.82954E+14,  2.40166E+01,  2.76506E+05,  3.22036E+13,  1.17000E+08,  0.00000E+00,  0.00000E+00,  0.00000E+00,  0.00000E+00,  0.00000E+00
  3.14500E-02,1,  3.49960E+00,  1.40000E+02,  2.54766E-08,  2.44396E+18,  1.01959E+15,  4.63320E+11,  1.81793E+09,  8.10609E+08,  3.08535E+08,  1.46640E+08,  3.36329E+07,  9.71470E+06,  1.52082E+11,  4.26571E+08,  2.78760E+08,  5.10162E+09,  2.67777E+14,  7.41317E+03,  2.33717E+09,  1.00918E+03,  6.67653E+05,  3.65284E+05,  1.79286E+07,  2.19823E+19,  1.73135E+13,  6.78384E+12,  5.53345E+12,  3.58492E+12,  5.22220E+11,  2.29859E+13,  7.80730E+08,  1.51586E+03,  4.94969E+16,  5.41911E+06,  3.65394E+15,  1.19141E+09,  6.31436E-02,  2.31178E+12,  5.02852E+11,  7.62836E+14,  3.87447E+02,  4.85687E+14,  2.07655E+03,  2.99823E+09,  3.24304E+13,  1.17000E+08,  0.00000E+00,  0.00000E+00,  0.00000E+00,  0.00000E+00,  0.00000E+00
  3.15000E-02,2,  2.58352E-02,  0.00000E+00,  0.00000E+00,  2.44442E+18,  5.66083E+14,  1.39340E+11,  3.46176E+07,  9.76633E+03,  9.30267E+01,  5.45616E+02,  8.84231E-02,  7.76521E-05,  6.99916E+06,  1.54795E+04,  6.41884E-06,  1.50137E-04,  2.66158E+14,  3.37426E-01,  1.07027E+05,  1.16889E+01,  1.65294E+00,  1.53237E+05,  1.15081E+07,  2.19824E+19,  7.54432E+10,  2.95601E+10,  2.41110E+10,  1.56212E+10,  2.71146E+09,  4.96820E+12,  3.85430E+06,  1.61876E+00,  4.93643E+16,  0.00000E+00,  3.65377E+15,  1.97874-209,  0.00000E+00,  1.32886E+10,  4.27900E+11,  7.63584E+14,  4.48756E+00,  4.83699E+14,  2.40514E+01,  2.76478E+05,  3.22620E+13,  1.17000E+08,  0.00000E+00,  0.00000E+00,  0.00000E+00,  0.00000E+00,  0.00000E+00
  3.15500E-02,1,  3.49960E+00,  1.40000E+02,  2.54766E-08,  2.44396E+18,  1.02032E+15,  4.63970E+11,  1.81838E+09,  8.10609E+08,  3.08535E+08,  1.46640E+08,  3.36329E+07,  9.71471E+06,  1.51981E+11,  4.26571E+08,  2.78760E+08,  5.10162E+09,  2.67911E+14,  7.41546E+03,  2.33673E+09,  1.00969E+03,  6.67654E+05,  3.65795E+05,  1.79286E+07,  2.19822E+19,  1.73008E+13,  6.77887E+12,  5.52940E+12,  3.58230E+12,  5.21837E+11,  2.30076E+13,  7.80887E+08,  1.51760E+03,  4.95276E+16,  5.41911E+06,  3.66522E+15,  1.18946E+09,  6.29147E-02,  2.30979E+12,  5.02848E+11,  7.64276E+14,  3.87641E+02,  4.86432E+14,  2.07759E+03,  2.99340E+09,  3.24889E+13,  1.17000E+08,  0.00000E+00,  0.00000E+00,  0.00000E+00,  0.00000E+00,  0.00000E+00
  3.16000E-02,2,  2.58352E-02,  0.00000E+00,  0.00000E+00,  2.44442E+18,  5.63435E+14,  1.38039E+11,  3.41322E+07,  9.60736E+03,  9.30411E+01,  5.46029E+02,  8.80758E-02,  7.70091E-05,  6.99996E+06,  1.54912E+04,  6.40916E-06,  1.50172E-04,  2.66257E+14,  3.37717E-01,  1.07079E+05,  1.16800E+01,  1.64491E+00,  1.51987E+05,  1.14534E+07,  2.19823E+19,  7.04003E+10,  2.75842E+10,  2.24993E+10,  1.45770E+10,  2.53731E+09,  4.92356E+12,  3.78502E+06,  1.57388E+00,  4.93933E+16,  0.00000E+00,  3.66504E+15,  6.31088E-24,  0.00000E+00,  1.25633E+10,  4.27829E+11,  7.65029E+14,  4.48415E+00,  4.84420E+14,  2.40331E+01,  2.76307E+05,  3.23184E+13,  1.17000E+08,  0.00000E+00,  0.00000E+00,  0.00000E+00,  0.00000E+00,  0.00000E+00
  3.16500E-02,1,  3.49960E+00,  1.40000E+02,  2.54766E-08,  2.44396E+18,  1.01950E+15,  4.63242E+11,  1.81788E+09,  8.10610E+08,  3.08535E+08,  1.46640E+08,  3.36329E+07,  9.71472E+06,  1.51884E+11,  4.26572E+08,  2.78760E+08,  5.10162E+09,  2.68011E+14,  7.41644E+03,  2.33617E+09,  1.01007E+03,  6.67654E+05,  3.65326E+05,  1.79286E+07,  2.19822E+19,  1.72992E+13,  6.77823E+12,  5.52888E+12,  3.58196E+12,  5.21776E+11,  2.29833E+13,  7.80711E+08,  1.51565E+03,  4.95565E+16,  5.41910E+06,  3.67649E+15,  1.18750E+09,  6.27261E-02,  2.30915E+12,  5.02868E+11,  7.65720E+14,  3.87786E+02,  4.87153E+14,  2.07836E+03,  2.98853E+09,  3.25453E+13,  1.17000E+08,  0.00000E+00,  0.00000E+00,  0.00000E+00,  0.00000E+00,  0.00000E+00
  3.17000E-02,2,  2.58352E-02,  0.00000E+00,  0.00000E+00,  2.44442E+18,  5.64565E+14,  1.38593E+11,  3.43385E+07,  9.67587E+03,  9.31415E+01,  5.46496E+02,  8.83281E-02,  7.73746E-05,  7.00141E+06,  1.55044E+04,  6.41182E-06,  1.50234E-04,  2.66370E+14,  3.38073E-01,  1.07147E+05,  1.16909E+01,  1.64852E+00,  1.52411E+05,  1.14781E+07,  2.19823E+19,  7.44820E+10,  2.91835E+10,  2.38038E+10,  1.54222E+10,  2.67301E+09,  4.94254E+12,  3.81458E+06,  1.59281E+00,  4.94227E+16,  0.00000E+00,  3.67631E+15,  3.95317-208,  0.00000E+00,  1.31466E+10,  4.27849E+11,  7.66472E+14,  4.48836E+00,  4.85147E+14,  2.40556E+01,  2.76246E+05,  3.23754E+13,  1.17000E+08,  0.00000E+00,  0.00000E+00,  0.00000E+00,  0.00000E+00,  0.00000E+00
  3.17500E-02,1,  3.49960E+00,  1.40000E+02,  2.54766E-08,  2.44396E+18,  1.01985E+15,  4.63552E+11,  1.81809E+09,  8.10610E+08,  3.08536E+08,  1.46640E+08,  3.36329E+07,  9.71473E+06,  1.51787E+11,  4.26572E+08,  2.78760E+08,  5.10161E+09,  2.68125E+14,  7.41798E+03,  2.33567E+09,  1.01050E+03,  6.67655E+05,  3.65557E+05,  1.79286E+07,  2.19822E+19,  1.72922E+13,  6.77550E+12,  5.52665E+12,  3.58051E+12,  5.21559E+11,  2.29936E+13,  7.80785E+08,  1.51648E+03,  4.95857E+16,  5.41910E+06,  3.68776E+15,  1.18555E+09,  6.25199E-02,  2.30785E+12,  5.02877E+11,  7.67162E+14,  3.87951E+02,  4.87880E+14,  2.07924E+03,  2.98370E+09,  3.26023E+13,  1.17000E+08,  0.00000E+00,  0.00000E+00,  0.00000E+00,  0.00000E+00,  0.00000E+00
  3.18000E-02,2,  2.58352E-02,  0.00000E+00,  0.00000E+00,  2.44442E+18,  5.64777E+14,  1.38699E+11,  3.43773E+07,  9.68900E+03,  9.32240E+01,  5.46969E+02,  8.84380E-02,  7.74958E-05,  7.00297E+06,  1.55179E+04,  6.41277E-06,  1.50301E-04,  2.66484E+14,  3.38438E-01,  1.07217E+05,  1.16966E+01,  1.64891E+00,  1.52507E+05,  1.14805E+07,  2.19823E+19,  7.29252E+10,  2.85735E+10,  2.33062E+10,  1.50998E+10,  2.62231E+09,  4.94611E+12,  3.82010E+06,  1.59576E+00,  4.94519E+16,  0.00000E+00,  3.68758E+15,  2.55519E-20,  0.00000E+00,  1.29218E+10,  4.27825E+11,  7.67914E+14,  4.49051E+00,  4.85873E+14,  2.40671E+01,  2.76156E+05,  3.24322E+13,  1.17000E+08,  0.00000E+00,  0.00000E+00,  0.00000E+00,  0.00000E+00,  0.00000E+00
  3.18500E-02,1,  3.49960E+00,  1.40000E+02,  2.54766E-08,  2.44395E+18,  1.01992E+15,  4.63610E+11,  1.81813E+09,  8.10611E+08,  3.08536E+08,  1.46641E+08,  3.36330E+07,  9.71474E+06,  1.51690E+11,  4.26573E+08,  2.78760E+08,  5.10161E+09,  2.68239E+14,  7.41960E+03,  2.33518E+09,  1.01093E+03,  6.67655E+05,  3.65653E+05,  1.79286E+07,  2.19821E+19,  1.72849E+13,  6.77263E+12,  5.52430E+12,  3.57900E+12,  5.21332E+11,  2.29955E+13,  7.80799E+08,  1.51664E+03,  4.96147E+16,  5.41910E+06,  3.69903E+15,  1.18361E+09,  6.23137E-02,  2.30653E+12,  5.02884E+11,  7.68603E+14,  3.88118E+02,  4.88606E+14,  2.08014E+03,  2.97888E+09,  3.26592E+13,  1.17000E+08,  0.00000E+00,  0.00000E+00,  0.00000E+00,  0.00000E+00,  0.00000E+00
  3.19000E-02,2,  2.58352E-02,  0.00000E+00,  0.00000E+00,  2.44441E+18,  5.65069E+14,  1.38841E+11,  3.44306E+07,  9.70803E+03,  9.33092E+01,  5.47443E+02,  8.85603E-02,  7.76419E-05,  7.00457E+06,  1.55313E+04,  6.41760E-06,  1.50370E-04,  2.66598E+14,  3.38806E-01,  1.07287E+05,  1.17024E+01,  1.64943E+00,  1.52620E+05,  1.14837E+07,  2.19822E+19,  7.36667E+10,  2.88640E+10,  2.35432E+10,  1.52534E+10,  2.64782E+09,  4.95101E+12,  3.82772E+06,  1.60099E+00,  4.94809E+16,  0.00000E+00,  3.69885E+15,  9.66158E-35,  0.00000E+00,  1.30265E+10,  4.27821E+11,  7.69355E+14,  4.49274E+00,  4.86597E+14,  2.40791E+01,  2.76067E+05,  3.24888E+13,  1.17000E+08,  0.00000E+00,  0.00000E+00,  0.00000E+00,  0.00000E+00,  0.00000E+00
  3.19500E-02,1,  3.49960E+00,  1.40000E+02,  2.54766E-08,  2.44395E+18,  1.02001E+15,  4.63690E+11,  1.81819E+09,  8.10611E+08,  3.08536E+08,  1.46641E+08,  3.36330E+07,  9.71475E+06,  1.51595E+11,  4.26573E+08,  2.78760E+08,  5.10161E+09,  2.68354E+14,  7.42128E+03,  2.33471E+09,  1.01137E+03,  6.67656E+05,  3.65756E+05,  1.79286E+07,  2.19821E+19,  1.72779E+13,  6.76992E+12,  5.52209E+12,  3.57756E+12,  5.21117E+11,  2.29982E+13,  7.80819E+08,  1.51685E+03,  4.96435E+16,  5.41909E+06,  3.71029E+15,  1.18167E+09,  6.21102E-02,  2.30527E+12,  5.02894E+11,  7.70044E+14,  3.88284E+02,  4.89330E+14,  2.08103E+03,  2.97408E+09,  3.27159E+13,  1.17000E+08,  0.00000E+00,  0.00000E+00,  0.00000E+00,  0.00000E+00,  0.00000E+00
  3.20000E-02,2,  2.58352E-02,  0.00000E+00,  0.00000E+00,  2.44441E+18,  5.62802E+14,  1.37731E+11,  3.40195E+07,  9.57454E+03,  9.33252E+01,  5.47815E+02,  8.82647E-02,  7.70935E-05,  7.00503E+06,  1.55418E+04,  6.41844E-06,  1.50390E-04,  2.66688E+14,  3.39056E-01,  1.07331E+05,  1.16961E+01,  1.64319E+00,  1.51500E+05,  1.14416E+07,  2.19822E+19,  6.96455E+10,  2.72885E+10,  2.22581E+10,  1.44207E+10,  2.50734E+09,  4.91304E+12,  3.76932E+06,  1.56362E+00,  4.95084E+16,  0.00000E+00,  3.71011E+15,  1.03857E-14,  0.00000E+00,  1.24486E+10,  4.27756E+11,  7.70799E+14,  4.49033E+00,  4.87302E+14,  2.40661E+01,  2.75912E+05,  3.25439E+13,  1.17000E+08,  0.00000E+00,  0.00000E+00,  0.00000E+00,  0.00000E+00,  0.00000E+00
  3.20500E-02,1,  3.49960E+00,  1.40000E+02,  2.54766E-08,  2.44395E+18,  1.01930E+15,  4.63068E+11,  1.81776E+09,  8.10612E+08,  3.08536E+08,  1.46641E+08,  3.36330E+07,  9.71476E+06,  1.51503E+11,  4.26573E+08,  2.78760E+08,  5.10161E+09,  2.68444E+14,  7.42178E+03,  2.33409E+09,  1.01171E+03,  6.67657E+05,  3.65336E+05,  1.79286E+07,  2.19821E+19,  1.72726E+13,  6.76782E+12,  5.52039E+12,  3.57646E+12,  5.20951E+11,  2.29774E+13,  7.80670E+08,  1.51520E+03,  4.96709E+16,  5.41909E+06,  3.72156E+15,  1.17972E+09,  6.19139E-02,  2.30408E+12,  5.02902E+11,  7.71488E+14,  3.88415E+02,  4.90035E+14,  2.08173E+03,  2.96925E+09,  3.27710E+13,  1.17000E+08,  0.00000E+00,  0.00000E+00,  0.00000E+00,  0.00000E+00,  0.00000E+00
  3.21000E-02,2,  2.58352E-02,  0.00000E+00,  0.00000E+00,  2.44441E+18,  5.63940E+14,  1.38287E+11,  3.42243E+07,  9.64245E+03,  9.34200E+01,  5.48244E+02,  8.85126E-02,  7.74558E-05,  7.00619E+06,  1.55540E+04,  6.42125E-06,  1.50439E-04,  2.66791E+14,  3.39375E-01,  1.07390E+05,  1.17067E+01,  1.64684E+00,  1.51944E+05,  1.14666E+07,  2.19822E+19,  7.13877E+10,  2.79711E+10,  2.28149E+10,  1.47815E+10,  2.56830E+09,  4.93200E+12,  3.79814E+06,  1.58215E+00,  4.95364E+16,  0.00000E+00,  3.72137E+15,  4.08266E-33,  0.00000E+00,  1.26959E+10,  4.27762E+11,  7.72241E+14,  4.49441E+00,  4.88014E+14,  2.40880E+01,  2.75851E+05,  3.25995E+13,  1.17000E+08,  0.00000E+00,  0.00000E+00,  0.00000E+00,  0.00000E+00,  0.00000E+00
  3.21500E-02,1,  3.49960E+00,  1.40000E+02,  2.54766E-08,  2.44395E+18,  1.01966E+15,  4.63380E+11,  1.81797E+09,  8.10612E+08,  3.08537E+08,  1.46641E+08,  3.36331E+07,  9.71476E+06,  1.51410E+11,  4.26574E+08,  2.78760E+08,  5.10161E+09,  2.68549E+14,  7.42300E+03,  2.33357E+09,  1.01210E+03,  6.67657E+05,  3.65571E+05,  1.79286E+07,  2.19820E+19,  1.72661E+13,  6.76526E+12,  5.51829E+12,  3.57510E+12,  5.20748E+11,  2.29878E+13,  7.80744E+08,  1.51603E+03,  4.96987E+16,  5.41909E+06,  3.73282E+15,  1.17779E+09,  6.17144E-02,  2.30283E+12,  5.02911E+11,  7.72928E+14,  3.88567E+02,  4.90747E+14,  2.08254E+03,  2.96446E+09,  3.28267E+13,  1.17000E+08,  0.00000E+00,  0.00000E+00,  0.00000E+00,  0.00000E+00,  0.00000E+00
  3.22000E-02,2,  2.58352E-02,  0.00000E+00,  0.00000E+00,  2.44441E+18,  5.65612E+14,  1.39107E+11,  3.45288E+07,  9.74273E+03,  9.35339E+01,  5.48728E+02,  8.88538E-02,  7.79687E-05,  7.00802E+06,  1.55677E+04,  6.42394E-06,  1.50518E-04,  2.66908E+14,  3.39761E-01,  1.07465E+05,  1.17182E+01,  1.65079E+00,  1.52730E+05,  1.14927E+07,  2.19821E+19,  7.46514E+10,  2.92499E+10,  2.38579E+10,  1.54573E+10,  2.68052E+09,  4.96009E+12,  3.84164E+06,  1.60954E+00,  4.95647E+16,  0.00000E+00,  3.73263E+15,  4.39291E-43,  0.00000E+00,  1.31619E+10,  4.27785E+11,  7.73680E+14,  4.49882E+00,  4.88733E+14,  2.41116E+01,  2.75795E+05,  3.26557E+13,  1.17000E+08,  0.00000E+00,  0.00000E+00,  0.00000E+00,  0.00000E+00,  0.00000E+00
  3.22500E-02,1,  3.49960E+00,  1.40000E+02,  2.54766E-08,  2.44395E+18,  1.02017E+15,  4.63839E+11,  1.81829E+09,  8.10613E+08,  3.08537E+08,  1.46641E+08,  3.36331E+07,  9.71477E+06,  1.51317E+11,  4.26574E+08,  2.78760E+08,  5.10161E+09,  2.68667E+14,  7.42491E+03,  2.33315E+09,  1.01255E+03,  6.67658E+05,  3.65953E+05,  1.79286E+07,  2.19820E+19,  1.72586E+13,  6.76234E+12,  5.51591E+12,  3.57356E+12,  5.20517E+11,  2.30031E+13,  7.80854E+08,  1.51725E+03,  4.97269E+16,  5.41908E+06,  3.74408E+15,  1.17588E+09,  6.15126E-02,  2.30156E+12,  5.02922E+11,  7.74367E+14,  3.88738E+02,  4.91466E+14,  2.08345E+03,  2.95971E+09,  3.28830E+13,  1.17000E+08,  0.00000E+00,  0.00000E+00,  0.00000E+00,  0.00000E+00,  0.00000E+00
  3.23000E-02,2,  2.58352E-02,  0.00000E+00,  0.00000E+00,  2.44441E+18,  5.64733E+14,  1.38676E+11,  3.43685E+07,  9.69143E+03,  9.35890E+01,  5.49164E+02,  8.87862E-02,  7.77969E-05,  7.00931E+06,  1.55801E+04,  6.42534E-06,  1.50574E-04,  2.67013E+14,  3.40090E-01,  1.07527E+05,  1.17180E+01,  1.64791E+00,  1.52319E+05,  1.14729E+07,  2.19821E+19,  7.21807E+10,  2.82818E+10,  2.30683E+10,  1.49457E+10,  2.59565E+09,  4.94530E+12,  3.81867E+06,  1.59500E+00,  4.95922E+16,  0.00000E+00,  3.74389E+15,  1.74698E-40,  0.00000E+00,  1.28066E+10,  4.27748E+11,  7.75120E+14,  4.49874E+00,  4.89442E+14,  2.41112E+01,  2.75675E+05,  3.27111E+13,  1.17000E+08,  0.00000E+00,  0.00000E+00,  0.00000E+00,  0.00000E+00,  0.00000E+00
  3.23500E-02,1,  3.49960E+00,  1.40000E+02,  2.54766E-08,  2.44395E+18,  1.01990E+15,  4.63598E+11,  1.81813E+09,  8.10613E+08,  3.08537E+08,  1.46641E+08,  3.36331E+07,  9.71478E+06,  1.51226E+11,  4.26574E+08,  2.78760E+08,  5.10160E+09,  2.68772E+14,  7.42625E+03,  2.33266E+09,  1.01294E+03,  6.67658E+05,  3.65835E+05,  1.79286E+07,  2.19820E+19,  1.72522E+13,  6.75984E+12,  5.51388E+12,  3.57224E+12,  5.20319E+11,  2.29950E+13,  7.80796E+08,  1.51661E+03,  4.97542E+16,  5.41908E+06,  3.75534E+15,  1.17396E+09,  6.13160E-02,  2.30036E+12,  5.02933E+11,  7.75806E+14,  3.88890E+02,  4.92174E+14,  2.08427E+03,  2.95494E+09,  3.29384E+13,  1.17000E+08,  0.00000E+00,  0.00000E+00,  0.00000E+00,  0.00000E+00,  0.00000E+00
  3.24000E-02,2,  2.58352E-02,  0.00000E+00,  0.00000E+00,  2.44440E+18,  5.66945E+14,  1.39763E+11,  3.47727E+07,  9.82454E+03,  9.37223E+01,  5.49700E+02,  8.92211E-02,  7.84628E-05,  7.01177E+06,  1.55953E+04,  6.43084E-06,  1.50680E-04,  2.67143E+14,  3.40539E-01,  1.07617E+05,  1.17341E+01,  1.65426E+00,  1.53333E+05,  1.15156E+07,  2.19821E+19,  7.53793E+10,  2.95351E+10,  2.40906E+10,  1.56080E+10,  2.70607E+09,  4.98253E+12,  3.87650E+06,  1.63153E+00,  4.96205E+16,  0.00000E+00,  3.75515E+15,  3.10571E-32,  0.00000E+00,  1.32638E+10,  4.27777E+11,  7.76555E+14,  4.50491E+00,  4.90164E+14,  2.41442E+01,  2.75644E+05,  3.27677E+13,  1.17000E+08,  0.00000E+00,  0.00000E+00,  0.00000E+00,  0.00000E+00,  0.00000E+00
  3.24500E-02,1,  3.49960E+00,  1.40000E+02,  2.54766E-08,  2.44394E+18,  1.02059E+15,  4.64204E+11,  1.81854E+09,  8.10614E+08,  3.08537E+08,  1.46641E+08,  3.36331E+07,  9.71479E+06,  1.51132E+11,  4.26575E+08,  2.78760E+08,  5.10160E+09,  2.68902E+14,  7.42882E+03,  2.33234E+09,  1.01343E+03,  6.67659E+05,  3.66317E+05,  1.79285E+07,  2.19819E+19,  1.72440E+13,  6.75661E+12,  5.51124E+12,  3.57053E+12,  5.20063E+11,  2.30152E+13,  7.80942E+08,  1.51823E+03,  4.97824E+16,  5.41908E+06,  3.76659E+15,  1.17206E+09,  6.11135E-02,  2.29908E+12,  5.02946E+11,  7.77241E+14,  3.89079E+02,  4.92897E+14,  2.08528E+03,  2.95024E+09,  3.29950E+13,  1.17000E+08,  0.00000E+00,  0.00000E+00,  0.00000E+00,  0.00000E+00,  0.00000E+00
  3.25000E-02,2,  2.58352E-02,  0.00000E+00,  0.00000E+00,  2.44440E+18,  5.65159E+14,  1.38883E+11,  3.44443E+07,  9.71776E+03,  9.37592E+01,  5.50139E+02,  8.90111E-02,  7.80472E-05,  7.01317E+06,  1.56077E+04,  6.43337E-06,  1.50740E-04,  2.67248E+14,  3.40877E-01,  1.07682E+05,  1.17295E+01,  1.64867E+00,  1.52492E+05,  1.14774E+07,  2.19820E+19,  7.07599E+10,  2.77251E+10,  2.26142E+10,  1.46515E+10,  2.54896E+09,  4.95237E+12,  3.82922E+06,  1.60112E+00,  4.96476E+16,  0.00000E+00,  3.76641E+15,  1.34782E-37,  0.00000E+00,  1.26011E+10,  4.27721E+11,  7.77994E+14,  4.50314E+00,  4.90869E+14,  2.41347E+01,  2.75501E+05,  3.28227E+13,  1.17000E+08,  0.00000E+00,  0.00000E+00,  0.00000E+00,  0.00000E+00,  0.00000E+00
  3.25500E-02,1,  3.49960E+00,  1.40000E+02,  2.54766E-08,  2.44394E+18,  1.02003E+15,  4.63715E+11,  1.81821E+09,  8.10614E+08,  3.08538E+08,  1.46642E+08,  3.36332E+07,  9.71480E+06,  1.51043E+11,  4.26575E+08,  2.78760E+08,  5.10160E+09,  2.69008E+14,  7.43026E+03,  2.33188E+09,  1.01383E+03,  6.67659E+05,  3.66021E+05,  1.79286E+07,  2.19819E+19,  1.72376E+13,  6.75413E+12,  5.50921E+12,  3.56922E+12,  5.19866E+11,  2.29989E+13,  7.80824E+08,  1.51692E+03,  4.98093E+16,  5.41907E+06,  3.77785E+15,  1.17015E+09,  6.09193E-02,  2.29792E+12,  5.02958E+11,  7.78679E+14,  3.89232E+02,  4.93602E+14,  2.08610E+03,  2.94551E+09,  3.30501E+13,  1.17000E+08,  0.00000E+00,  0.00000E+00,  0.00000E+00,  0.00000E+00,  0.00000E+00
  3.26000E-02,2,  2.58352E-02,  0.00000E+00,  0.00000E+00,  2.44440E+18,  5.66463E+14,  1.39526E+11,  3.46844E+07,  9.79786E+03,  9.38690E+01,  5.50638E+02,  8.92976E-02,  7.84665E-05,  7.01527E+06,  1.56219E+04,  6.44617E-06,  1.50830E-04,  2.67369E+14,  3.41285E-01,  1.07762E+05,  1.17413E+01,  1.65265E+00,  1.53039E+05,  1.15044E+07,  2.19820E+19,  7.42274E+10,  2.90838E+10,  2.37224E+10,  1.53695E+10,  2.66546E+09,  4.97437E+12,  3.86380E+06,  1.62352E+00,  4.96751E+16,  0.00000E+00,  3.77766E+15,  0.00000E+00,  0.00000E+00,  1.30965E+10,  4.27747E+11,  7.79429E+14,  4.50769E+00,  4.91582E+14,  2.41591E+01,  2.75448E+05,  3.28785E+13,  1.17000E+08,  0.00000E+00,  0.00000E+00,  0.00000E+00,  0.00000E+00,  0.00000E+00
  3.26500E-02,1,  3.49960E+00,  1.40000E+02,  2.54766E-08,  2.44394E+18,  1.02044E+15,  4.64072E+11,  1.81845E+09,  8.10615E+08,  3.08538E+08,  1.46642E+08,  3.36332E+07,  9.71480E+06,  1.50952E+11,  4.26575E+08,  2.78760E+08,  5.10160E+09,  2.69128E+14,  7.43245E+03,  2.33153E+09,  1.01429E+03,  6.67660E+05,  3.66306E+05,  1.79285E+07,  2.19819E+19,  1.72302E+13,  6.75120E+12,  5.50683E+12,  3.56767E+12,  5.19634E+11,  2.30108E+13,  7.80910E+08,  1.51788E+03,  4.98367E+16,  5.41907E+06,  3.78910E+15,  1.16826E+09,  6.07221E-02,  2.29671E+12,  5.02972E+11,  7.80114E+14,  3.89407E+02,  4.94314E+14,  2.08704E+03,  2.94082E+09,  3.31059E+13,  1.17000E+08,  0.00000E+00,  0.00000E+00,  0.00000E+00,  0.00000E+00,  0.00000E+00
  3.27000E-02,2,  2.58352E-02,  0.00000E+00,  0.00000E+00,  2.44440E+18,  5.68286E+14,  1.40424E+11,  3.50182E+07,  9.90794E+03,  9.39987E+01,  5.51199E+02,  8.96764E-02,  7.90351E-05,  7.01810E+06,  1.56378E+04,  6.44246E-06,  1.50952E-04,  2.67504E+14,  3.41768E-01,  1.07860E+05,  1.17543E+01,  1.65701E+00,  1.53903E+05,  1.15333E+07,  2.19820E+19,  7.77758E+10,  3.04741E+10,  2.48565E+10,  1.61042E+10,  2.78647E+09,  5.00503E+12,  3.91150E+06,  1.65348E+00,  4.97030E+16,  0.00000E+00,  3.78892E+15,  4.82756E-48,  0.00000E+00,  1.36036E+10,  4.27781E+11,  7.80861E+14,  4.51267E+00,  4.92303E+14,  2.41857E+01,  2.75402E+05,  3.29350E+13,  1.17000E+08,  0.00000E+00,  0.00000E+00,  0.00000E+00,  0.00000E+00,  0.00000E+00
  3.27500E-02,1,  3.49960E+00,  1.40000E+02,  2.54766E-08,  2.44394E+18,  1.02100E+15,  4.64571E+11,  1.81879E+09,  8.10615E+08,  3.08538E+08,  1.46642E+08,  3.36332E+07,  9.71481E+06,  1.50860E+11,  4.26576E+08,  2.78760E+08,  5.10160E+09,  2.69264E+14,  7.43539E+03,  2.33128E+09,  1.01480E+03,  6.67660E+05,  3.66729E+05,  1.79285E+07,  2.19818E+19,  1.72215E+13,  6.74781E+12,  5.50406E+12,  3.56588E+12,  5.19367E+11,  2.30274E+13,  7.81030E+08,  1.51921E+03,  4.98645E+16,  5.41907E+06,  3.80035E+15,  1.16639E+09,  6.05217E-02,  2.29544E+12,  5.02987E+11,  7.81545E+14,  3.89604E+02,  4.95035E+14,  2.08809E+03,  2.93617E+09,  3.31624E+13,  1.17000E+08,  0.00000E+00,  0.00000E+00,  0.00000E+00,  0.00000E+00,  0.00000E+00
  3.28000E-02,2,  2.58352E-02,  0.00000E+00,  0.00000E+00,  2.44440E+18,  5.63875E+14,  1.38255E+11,  3.42134E+07,  9.64756E+03,  9.39719E+01,  5.51556E+02,  8.90377E-02,  7.79060E-05,  7.01864E+06,  1.56479E+04,  6.44345E-06,  1.50975E-04,  2.67590E+14,  3.42013E-01,  1.07903E+05,  1.17376E+01,  1.64458E+00,  1.51796E+05,  1.14493E+07,  2.19819E+19,  6.90679E+10,  2.70621E+10,  2.20735E+10,  1.43011E+10,  2.48612E+09,  4.93091E+12,  3.79661E+06,  1.58287E+00,  4.97285E+16,  0.00000E+00,  3.80016E+15,  2.09064E-21,  0.00000E+00,  1.23560E+10,  4.27673E+11,  7.82302E+14,  4.50627E+00,  4.92989E+14,  2.41514E+01,  2.75195E+05,  3.29884E+13,  1.17000E+08,  0.00000E+00,  0.00000E+00,  0.00000E+00,  0.00000E+00,  0.00000E+00
  3.28500E-02,1,  3.49960E+00,  1.40000E+02,  2.54766E-08,  2.44394E+18,  1.01964E+15,  4.63366E+11,  1.81797E+09,  8.10615E+08,  3.08538E+08,  1.46642E+08,  3.36333E+07,  9.71482E+06,  1.50775E+11,  4.26576E+08,  2.78760E+08,  5.10160E+09,  2.69350E+14,  7.43580E+03,  2.33067E+09,  1.01513E+03,  6.67661E+05,  3.65900E+05,  1.79285E+07,  2.19818E+19,  1.72121E+13,  6.74413E+12,  5.50106E+12,  3.56393E+12,  5.19084E+11,  2.29872E+13,  7.80741E+08,  1.51600E+03,  4.98898E+16,  5.41906E+06,  3.81160E+15,  1.16448E+09,  6.03212E-02,  2.29373E+12,  5.02983E+11,  7.82985E+14,  3.89729E+02,  4.95721E+14,  2.08876E+03,  2.93144E+09,  3.32159E+13,  1.17000E+08,  0.00000E+00,  0.00000E+00,  0.00000E+00,  0.00000E+00,  0.00000E+00
  3.29000E-02,2,  2.58352E-02,  0.00000E+00,  0.00000E+00,  2.44439E+18,  5.71181E+14,  1.41857E+11,  3.55545E+07,  1.00866E+04,  9.42337E+01,  5.52254E+02,  9.03061E-02,  7.99674E-05,  7.02309E+06,  1.56677E+04,  6.44930E-06,  1.51166E-04,  2.67758E+14,  3.42661E-01,  1.08040E+05,  1.17800E+01,  1.66580E+00,  1.55164E+05,  1.15927E+07,  2.19819E+19,  8.06762E+10,  3.16105E+10,  2.57834E+10,  1.67048E+10,  2.88867E+09,  5.05406E+12,  3.98863E+06,  1.70286E+00,  4.97575E+16,  0.00000E+00,  3.81142E+15,  2.68366E-33,  0.00000E+00,  1.40175E+10,  4.27811E+11,  7.83727E+14,  4.52252E+00,  4.93729E+14,  2.42385E+01,  2.75308E+05,  3.30465E+13,  1.17000E+08,  0.00000E+00,  0.00000E+00,  0.00000E+00,  0.00000E+00,  0.00000E+00
  3.29500E-02,1,  3.49960E+00,  1.40000E+02,  2.54766E-08,  2.44394E+18,  1.02190E+15,  4.65367E+11,  1.81934E+09,  8.10616E+08,  3.08538E+08,  1.46642E+08,  3.36333E+07,  9.71482E+06,  1.50681E+11,  4.26576E+08,  2.78760E+08,  5.10159E+09,  2.69519E+14,  7.44059E+03,  2.33071E+09,  1.01577E+03,  6.67661E+05,  3.67372E+05,  1.79285E+07,  2.19818E+19,  1.72029E+13,  6.74051E+12,  5.49811E+12,  3.56202E+12,  5.18791E+11,  2.30539E+13,  7.81221E+08,  1.52134E+03,  4.99186E+16,  5.41906E+06,  3.82285E+15,  1.16264E+09,  6.01198E-02,  2.29263E+12,  5.03006E+11,  7.84409E+14,  3.89973E+02,  4.96461E+14,  2.09006E+03,  2.92688E+09,  3.32741E+13,  1.17000E+08,  0.00000E+00,  0.00000E+00,  0.00000E+00,  0.00000E+00,  0.00000E+00
  3.30000E-02,2,  2.58352E-02,  0.00000E+00,  0.00000E+00,  2.44440E+18,  5.64934E+14,  1.38776E+11,  3.44060E+07,  9.71183E+03,  9.41704E+01,  5.52629E+02,  8.93787E-02,  7.83400E-05,  7.02387E+06,  1.56783E+04,  6.44031E-06,  1.51200E-04,  2.67848E+14,  3.42929E-01,  1.08088E+05,  1.17520E+01,  1.64655E+00,  1.52302E+05,  1.14616E+07,  2.19819E+19,  7.00811E+10,  2.74591E+10,  2.23973E+10,  1.45109E+10,  2.52012E+09,  4.94874E+12,  3.82415E+06,  1.59861E+00,  4.97828E+16,  0.00000E+00,  3.82266E+15,  1.00141E-18,  0.00000E+00,  1.25001E+10,  4.27679E+11,  7.85165E+14,  4.51178E+00,  4.94414E+14,  2.41809E+01,  2.75041E+05,  3.30998E+13,  1.17000E+08,  0.00000E+00,  0.00000E+00,  0.00000E+00,  0.00000E+00,  0.00000E+00
  3.30500E-02,1,  3.49960E+00,  1.40000E+02,  2.54766E-08,  2.44394E+18,  1.01996E+15,  4.63653E+11,  1.81817E+09,  8.10616E+08,  3.08539E+08,  1.46642E+08,  3.36333E+07,  9.71484E+06,  1.50597E+11,  4.26577E+08,  2.78760E+08,  5.10159E+09,  2.69608E+14,  7.44138E+03,  2.33019E+09,  1.01610E+03,  6.67662E+05,  3.66236E+05,  1.79285E+07,  2.19817E+19,  1.72011E+13,  6.73982E+12,  5.49755E+12,  3.56166E+12,  5.18732E+11,  2.29967E+13,  7.80809E+08,  1.51676E+03,  4.99438E+16,  5.41906E+06,  3.83409E+15,  1.16075E+09,  5.99475E-02,  2.29206E+12,  5.03032E+11,  7.85846E+14,  3.90103E+02,  4.97145E+14,  2.09076E+03,  2.92219E+09,  3.33275E+13,  1.17000E+08,  0.00000E+00,  0.00000E+00,  0.00000E+00,  0.00000E+00,  0.00000E+00
  3.31000E-02,2,  2.58352E-02,  0.00000E+00,  0.00000E+00,  2.44440E+18,  5.62457E+14,  1.37561E+11,  3.39557E+07,  9.56582E+03,  9.41695E+01,  5.52918E+02,  8.90332E-02,  7.77212E-05,  7.02373E+06,  1.56865E+04,  6.45283E-06,  1.51194E-04,  2.67917E+14,  3.43098E-01,  1.08114E+05,  1.17470E+01,  1.64144E+00,  1.50924E+05,  1.14285E+07,  2.19818E+19,  6.59791E+10,  2.58519E+10,  2.10863E+10,  1.36616E+10,  2.38054E+09,  4.90718E+12,  3.75985E+06,  1.55801E+00,  4.98069E+16,  0.00000E+00,  3.83390E+15,  2.20565E-25,  0.00000E+00,  1.19112E+10,  4.27619E+11,  7.86605E+14,  4.50985E+00,  4.95083E+14,  2.41706E+01,  2.74899E+05,  3.31518E+13,  1.17000E+08,  0.00000E+00,  0.00000E+00,  0.00000E+00,  0.00000E+00,  0.00000E+00
  3.31500E-02,1,  3.49960E+00,  1.40000E+02,  2.54766E-08,  2.44394E+18,  1.01919E+15,  4.62973E+11,  1.81770E+09,  8.10617E+08,  3.08539E+08,  1.46642E+08,  3.36334E+07,  9.71485E+06,  1.50516E+11,  4.26577E+08,  2.78760E+08,  5.10159E+09,  2.69678E+14,  7.44124E+03,  2.32955E+09,  1.01637E+03,  6.67663E+05,  3.65701E+05,  1.79285E+07,  2.19817E+19,  1.71973E+13,  6.73831E+12,  5.49631E+12,  3.56086E+12,  5.18612E+11,  2.29740E+13,  7.80647E+08,  1.51495E+03,  4.99678E+16,  5.41905E+06,  3.84533E+15,  1.15886E+09,  5.97692E-02,  2.29105E+12,  5.03043E+11,  7.87286E+14,  3.90204E+02,  4.97815E+14,  2.09130E+03,  2.91749E+09,  3.33795E+13,  1.17000E+08,  0.00000E+00,  0.00000E+00,  0.00000E+00,  0.00000E+00,  0.00000E+00
  3.32000E-02,2,  2.58352E-02,  0.00000E+00,  0.00000E+00,  2.44440E+18,  5.62345E+14,  1.37506E+11,  3.39349E+07,  9.55946E+03,  9.42162E+01,  5.53214E+02,  8.90632E-02,  7.77322E-05,  7.02369E+06,  1.56948E+04,  6.45275E-06,  1.51192E-04,  2.67988E+14,  3.43277E-01,  1.08142E+05,  1.17508E+01,  1.64180E+00,  1.50751E+05,  1.14315E+07,  2.19818E+19,  6.52436E+10,  2.55637E+10,  2.08512E+10,  1.35093E+10,  2.35685E+09,  4.90528E+12,  3.75675E+06,  1.55580E+00,  4.98309E+16,  0.00000E+00,  3.84514E+15,  3.87697-208,  0.00000E+00,  1.18039E+10,  4.27595E+11,  7.88045E+14,  4.51132E+00,  4.95751E+14,  2.41784E+01,  2.74804E+05,  3.32037E+13,  1.17000E+08,  0.00000E+00,  0.00000E+00,  0.00000E+00,  0.00000E+00,  0.00000E+00
  3.32500E-02,1,  3.49960E+00,  1.40000E+02,  2.54766E-08,  2.44393E+18,  1.01916E+15,  4.62943E+11,  1.81768E+09,  8.10617E+08,  3.08539E+08,  1.46642E+08,  3.36334E+07,  9.71486E+06,  1.50435E+11,  4.26578E+08,  2.78760E+08,  5.10159E+09,  2.69749E+14,  7.44123E+03,  2.32893E+09,  1.01664E+03,  6.67663E+05,  3.65665E+05,  1.79285E+07,  2.19817E+19,  1.71930E+13,  6.73663E+12,  5.49494E+12,  3.55997E+12,  5.18479E+11,  2.29730E+13,  7.80639E+08,  1.51487E+03,  4.99917E+16,  5.41905E+06,  3.85657E+15,  1.15697E+09,  5.95905E-02,  2.29001E+12,  5.03054E+11,  7.88726E+14,  3.90308E+02,  4.98482E+14,  2.09185E+03,  2.91280E+09,  3.34315E+13,  1.17000E+08,  0.00000E+00,  0.00000E+00,  0.00000E+00,  0.00000E+00,  0.00000E+00
  3.33000E-02,2,  2.58352E-02,  0.00000E+00,  0.00000E+00,  2.44439E+18,  5.64591E+14,  1.38607E+11,  3.43433E+07,  9.69358E+03,  9.43259E+01,  5.53604E+02,  8.94821E-02,  7.83881E-05,  7.02476E+06,  1.57059E+04,  6.45471E-06,  1.51239E-04,  2.68081E+14,  3.43569E-01,  1.08196E+05,  1.17647E+01,  1.64778E+00,  1.51776E+05,  1.14716E+07,  2.19818E+19,  7.03573E+10,  2.75673E+10,  2.24855E+10,  1.45681E+10,  2.53008E+09,  4.94289E+12,  3.81508E+06,  1.59292E+00,  4.98557E+16,  0.00000E+00,  3.85638E+15,  3.13660E-33,  0.00000E+00,  1.25336E+10,  4.27632E+11,  7.89481E+14,  4.51666E+00,  4.96432E+14,  2.42070E+01,  2.74764E+05,  3.32568E+13,  1.17000E+08,  0.00000E+00,  0.00000E+00,  0.00000E+00,  0.00000E+00,  0.00000E+00
  3.33500E-02,1,  3.49960E+00,  1.40000E+02,  2.54766E-08,  2.44393E+18,  1.01985E+15,  4.63559E+11,  1.81810E+09,  8.10618E+08,  3.08539E+08,  1.46643E+08,  3.36334E+07,  9.71486E+06,  1.50353E+11,  4.26578E+08,  2.78760E+08,  5.10159E+09,  2.69844E+14,  7.44236E+03,  2.32847E+09,  1.01700E+03,  6.67664E+05,  3.66133E+05,  1.79285E+07,  2.19816E+19,  1.71868E+13,  6.73422E+12,  5.49297E+12,  3.55870E+12,  5.18288E+11,  2.29935E+13,  7.80787E+08,  1.51652E+03,  5.00163E+16,  5.41905E+06,  3.86781E+15,  1.15510E+09,  5.94061E-02,  2.28888E+12,  5.03068E+11,  7.90161E+14,  3.90446E+02,  4.99163E+14,  2.09259E+03,  2.90817E+09,  3.34845E+13,  1.17000E+08,  0.00000E+00,  0.00000E+00,  0.00000E+00,  0.00000E+00,  0.00000E+00
  3.34000E-02,2,  2.58352E-02,  0.00000E+00,  0.00000E+00,  2.44439E+18,  5.62838E+14,  1.37748E+11,  3.40244E+07,  9.59023E+03,  9.43415E+01,  5.53907E+02,  8.92531E-02,  7.79624E-05,  7.02487E+06,  1.57145E+04,  6.45489E-06,  1.51243E-04,  2.68154E+14,  3.43761E-01,  1.08228E+05,  1.17590E+01,  1.64244E+00,  1.50969E+05,  1.14352E+07,  2.19818E+19,  6.57144E+10,  2.57482E+10,  2.10017E+10,  1.36068E+10,  2.37195E+09,  4.91353E+12,  3.76952E+06,  1.56390E+00,  4.98793E+16,  0.00000E+00,  3.86762E+15,  0.00000E+00,  0.00000E+00,  1.18680E+10,  4.27569E+11,  7.90920E+14,  4.51448E+00,  4.97095E+14,  2.41953E+01,  2.74619E+05,  3.33083E+13,  1.17000E+08,  0.00000E+00,  0.00000E+00,  0.00000E+00,  0.00000E+00,  0.00000E+00
  3.34500E-02,1,  3.49960E+00,  1.40000E+02,  2.54766E-08,  2.44393E+18,  1.01931E+15,  4.63078E+11,  1.81778E+09,  8.10618E+08,  3.08540E+08,  1.46643E+08,  3.36334E+07,  9.71487E+06,  1.50274E+11,  4.26578E+08,  2.78760E+08,  5.10159E+09,  2.69917E+14,  7.44248E+03,  2.32788E+09,  1.01727E+03,  6.67664E+05,  3.65836E+05,  1.79285E+07,  2.19816E+19,  1.71826E+13,  6.73257E+12,  5.49163E+12,  3.55783E+12,  5.18157E+11,  2.29775E+13,  7.80672E+08,  1.51523E+03,  5.00397E+16,  5.41904E+06,  3.87905E+15,  1.15322E+09,  5.92297E-02,  2.28789E+12,  5.03080E+11,  7.91599E+14,  3.90552E+02,  4.99827E+14,  2.09316E+03,  2.90351E+09,  3.35361E+13,  1.17000E+08,  0.00000E+00,  0.00000E+00,  0.00000E+00,  0.00000E+00,  0.00000E+00
  3.35000E-02,2,  2.58352E-02,  0.00000E+00,  0.00000E+00,  2.44439E+18,  5.62043E+14,  1.37361E+11,  3.38830E+07,  9.54663E+03,  9.43739E+01,  5.54178E+02,  8.91708E-02,  7.77908E-05,  7.02465E+06,  1.57222E+04,  6.45453E-06,  1.51234E-04,  2.68218E+14,  3.43915E-01,  1.08250E+05,  1.17589E+01,  1.64061E+00,  1.50515E+05,  1.14232E+07,  2.19817E+19,  6.65519E+10,  2.60763E+10,  2.12694E+10,  1.37802E+10,  2.39645E+09,  4.90034E+12,  3.74962E+06,  1.55340E+00,  4.99023E+16,  0.00000E+00,  3.87885E+15,  3.86139-208,  0.00000E+00,  1.19853E+10,  4.27550E+11,  7.92359E+14,  4.51445E+00,  4.97752E+14,  2.41951E+01,  2.74505E+05,  3.33592E+13,  1.17000E+08,  0.00000E+00,  0.00000E+00,  0.00000E+00,  0.00000E+00,  0.00000E+00
  3.35500E-02,1,  3.49960E+00,  1.40000E+02,  2.54766E-08,  2.44393E+18,  1.01907E+15,  4.62863E+11,  1.81763E+09,  8.10619E+08,  3.08540E+08,  1.46643E+08,  3.36335E+07,  9.71488E+06,  1.50197E+11,  4.26579E+08,  2.78760E+08,  5.10159E+09,  2.69984E+14,  7.44212E+03,  2.32720E+09,  1.01752E+03,  6.67665E+05,  3.65681E+05,  1.79285E+07,  2.19816E+19,  1.71735E+13,  6.72900E+12,  5.48872E+12,  3.55594E+12,  5.17885E+11,  2.29703E+13,  7.80621E+08,  1.51467E+03,  5.00626E+16,  5.41904E+06,  3.89028E+15,  1.15134E+09,  5.90383E-02,  2.28615E+12,  5.03076E+11,  7.93038E+14,  3.90648E+02,  5.00483E+14,  2.09367E+03,  2.89885E+09,  3.35871E+13,  1.17000E+08,  0.00000E+00,  0.00000E+00,  0.00000E+00,  0.00000E+00,  0.00000E+00
  3.36000E-02,2,  2.58352E-02,  0.00000E+00,  0.00000E+00,  2.44439E+18,  5.62552E+14,  1.37609E+11,  3.39738E+07,  9.57550E+03,  9.44312E+01,  5.54476E+02,  8.92996E-02,  7.79654E-05,  7.02478E+06,  1.57306E+04,  6.45475E-06,  1.51239E-04,  2.68290E+14,  3.44104E-01,  1.08281E+05,  1.17647E+01,  1.64221E+00,  1.50711E+05,  1.14341E+07,  2.19817E+19,  6.64264E+10,  2.60272E+10,  2.12293E+10,  1.37542E+10,  2.39386E+09,  4.90870E+12,  3.76237E+06,  1.55989E+00,  4.99254E+16,  0.00000E+00,  3.89008E+15,  5.84856E-19,  0.00000E+00,  1.19656E+10,  4.27535E+11,  7.93797E+14,  4.51667E+00,  4.98410E+14,  2.42070E+01,  2.74422E+05,  3.34103E+13,  1.17000E+08,  0.00000E+00,  0.00000E+00,  0.00000E+00,  0.00000E+00,  0.00000E+00
  3.36500E-02,1,  3.49960E+00,  1.40000E+02,  2.54766E-08,  2.44393E+18,  1.01922E+15,  4.63000E+11,  1.81772E+09,  8.10619E+08,  3.08540E+08,  1.46643E+08,  3.36335E+07,  9.71489E+06,  1.50120E+11,  4.26579E+08,  2.78760E+08,  5.10158E+09,  2.70055E+14,  7.44243E+03,  2.32668E+09,  1.01780E+03,  6.67665E+05,  3.65797E+05,  1.79285E+07,  2.19815E+19,  1.71744E+13,  6.72934E+12,  5.48900E+12,  3.55612E+12,  5.17901E+11,  2.29748E+13,  7.80653E+08,  1.51503E+03,  5.00856E+16,  5.41904E+06,  3.90151E+15,  1.14947E+09,  5.88807E-02,  2.28590E+12,  5.03106E+11,  7.94475E+14,  3.90752E+02,  5.01141E+14,  2.09423E+03,  2.89422E+09,  3.36382E+13,  1.17000E+08,  0.00000E+00,  0.00000E+00,  0.00000E+00,  0.00000E+00,  0.00000E+00
  3.37000E-02,2,  2.58352E-02,  0.00000E+00,  0.00000E+00,  2.44439E+18,  5.63391E+14,  1.38020E+11,  3.41259E+07,  9.62571E+03,  9.45032E+01,  5.54809E+02,  8.94866E-02,  7.82389E-05,  7.02532E+06,  1.57400E+04,  6.45576E-06,  1.51263E-04,  2.68370E+14,  3.44336E-01,  1.08322E+05,  1.17717E+01,  1.64435E+00,  1.51097E+05,  1.14483E+07,  2.19817E+19,  6.77446E+10,  2.65436E+10,  2.16506E+10,  1.40271E+10,  2.43858E+09,  4.92283E+12,  3.78413E+06,  1.57349E+00,  4.99486E+16,  0.00000E+00,  3.90132E+15,  3.85188-208,  0.00000E+00,  1.21524E+10,  4.27534E+11,  7.95233E+14,  4.51935E+00,  4.99071E+14,  2.42214E+01,  2.74347E+05,  3.34616E+13,  1.17000E+08,  0.00000E+00,  0.00000E+00,  0.00000E+00,  0.00000E+00,  0.00000E+00
  3.37500E-02,1,  3.49960E+00,  1.40000E+02,  2.54766E-08,  2.44393E+18,  1.01948E+15,  4.63230E+11,  1.81788E+09,  8.10620E+08,  3.08540E+08,  1.46643E+08,  3.36335E+07,  9.71490E+06,  1.50042E+11,  4.26579E+08,  2.78760E+08,  5.10158E+09,  2.70136E+14,  7.44302E+03,  2.32617E+09,  1.01810E+03,  6.67666E+05,  3.65995E+05,  1.79285E+07,  2.19815E+19,  1.71693E+13,  6.72736E+12,  5.48738E+12,  3.55507E+12,  5.17744E+11,  2.29825E+13,  7.80708E+08,  1.51564E+03,  5.01087E+16,  5.41904E+06,  3.91274E+15,  1.14762E+09,  5.87044E-02,  2.28487E+12,  5.03120E+11,  7.95910E+14,  3.90870E+02,  5.01803E+14,  2.09486E+03,  2.88961E+09,  3.36896E+13,  1.17000E+08,  0.00000E+00,  0.00000E+00,  0.00000E+00,  0.00000E+00,  0.00000E+00
  3.38000E-02,2,  2.58352E-02,  0.00000E+00,  0.00000E+00,  2.44439E+18,  5.64506E+14,  1.38564E+11,  3.43256E+07,  9.69059E+03,  9.45862E+01,  5.55181E+02,  8.97239E-02,  7.85876E-05,  7.02634E+06,  1.57506E+04,  6.45751E-06,  1.51307E-04,  2.68459E+14,  3.44614E-01,  1.08374E+05,  1.17799E+01,  1.64699E+00,  1.51626E+05,  1.14657E+07,  2.19816E+19,  6.80359E+10,  2.66578E+10,  2.17437E+10,  1.40875E+10,  2.45244E+09,  4.94138E+12,  3.81219E+06,  1.59023E+00,  4.99720E+16,  0.00000E+00,  3.91255E+15,  3.84587-208,  0.00000E+00,  1.21925E+10,  4.27534E+11,  7.96667E+14,  4.52249E+00,  4.99736E+14,  2.42382E+01,  2.74277E+05,  3.35133E+13,  1.17000E+08,  0.00000E+00,  0.00000E+00,  0.00000E+00,  0.00000E+00,  0.00000E+00
  3.38500E-02,1,  3.49960E+00,  1.40000E+02,  2.54766E-08,  2.44393E+18,  1.01983E+15,  4.63536E+11,  1.81809E+09,  8.10620E+08,  3.08540E+08,  1.46643E+08,  3.36335E+07,  9.71490E+06,  1.49964E+11,  4.26579E+08,  2.78760E+08,  5.10158E+09,  2.70226E+14,  7.44407E+03,  2.32573E+09,  1.01844E+03,  6.67666E+05,  3.66256E+05,  1.79285E+07,  2.19815E+19,  1.71636E+13,  6.72511E+12,  5.48555E+12,  3.55389E+12,  5.17567E+11,  2.29927E+13,  7.80781E+08,  1.51646E+03,  5.01319E+16,  5.41903E+06,  3.92397E+15,  1.14577E+09,  5.85266E-02,  2.28382E+12,  5.03136E+11,  7.97344E+14,  3.91000E+02,  5.02468E+14,  2.09555E+03,  2.88503E+09,  3.37413E+13,  1.17000E+08,  0.00000E+00,  0.00000E+00,  0.00000E+00,  0.00000E+00,  0.00000E+00
  3.39000E-02,2,  2.58352E-02,  0.00000E+00,  0.00000E+00,  2.44439E+18,  5.63663E+14,  1.38151E+11,  3.41733E+07,  9.64203E+03,  9.46239E+01,  5.55506E+02,  8.96424E-02,  7.84090E-05,  7.02685E+06,  1.57598E+04,  6.45858E-06,  1.51329E-04,  2.68536E+14,  3.44838E-01,  1.08413E+05,  1.17788E+01,  1.64430E+00,  1.51224E+05,  1.14473E+07,  2.19816E+19,  6.68374E+10,  2.61882E+10,  2.13606E+10,  1.38393E+10,  2.40967E+09,  4.92729E+12,  3.79059E+06,  1.57689E+00,  4.99947E+16,  0.00000E+00,  3.92377E+15,  3.84069-208,  0.00000E+00,  1.20199E+10,  4.27505E+11,  7.98103E+14,  4.52207E+00,  5.00392E+14,  2.42359E+01,  2.74160E+05,  3.35642E+13,  1.17000E+08,  0.00000E+00,  0.00000E+00,  0.00000E+00,  0.00000E+00,  0.00000E+00
  3.39500E-02,1,  3.49960E+00,  1.40000E+02,  2.54766E-08,  2.44392E+18,  1.01956E+15,  4.63304E+11,  1.81793E+09,  8.10620E+08,  3.08541E+08,  1.46643E+08,  3.36336E+07,  9.71491E+06,  1.49888E+11,  4.26580E+08,  2.78760E+08,  5.10158E+09,  2.70304E+14,  7.44461E+03,  2.32523E+09,  1.01874E+03,  6.67667E+05,  3.66129E+05,  1.79285E+07,  2.19814E+19,  1.71590E+13,  6.72331E+12,  5.48408E+12,  3.55293E+12,  5.17424E+11,  2.29849E+13,  7.80726E+08,  1.51584E+03,  5.01545E+16,  5.41903E+06,  3.93519E+15,  1.14392E+09,  5.83538E-02,  2.28285E+12,  5.03152E+11,  7.98778E+14,  3.91114E+02,  5.03123E+14,  2.09616E+03,  2.88044E+09,  3.37922E+13,  1.17000E+08,  0.00000E+00,  0.00000E+00,  0.00000E+00,  0.00000E+00,  0.00000E+00
  3.40000E-02,2,  2.58352E-02,  0.00000E+00,  0.00000E+00,  2.44439E+18,  5.62729E+14,  1.37696E+11,  3.40058E+07,  9.58891E+03,  9.46542E+01,  5.55794E+02,  8.95401E-02,  7.81983E-05,  7.02696E+06,  1.57679E+04,  6.45879E-06,  1.51334E-04,  2.68605E+14,  3.45020E-01,  1.08443E+05,  1.17782E+01,  1.64205E+00,  1.50739E+05,  1.14323E+07,  2.19816E+19,  6.59496E+10,  2.58403E+10,  2.10769E+10,  1.36555E+10,  2.37657E+09,  4.91164E+12,  3.76690E+06,  1.56271E+00,  5.00167E+16,  0.00000E+00,  3.93500E+15,  4.98107E-19,  0.00000E+00,  1.18914E+10,  4.27476E+11,  7.99539E+14,  4.52183E+00,  5.01038E+14,  2.42346E+01,  2.74044E+05,  3.36143E+13,  1.17000E+08,  0.00000E+00,  0.00000E+00,  0.00000E+00,  0.00000E+00,  0.00000E+00
  3.40500E-02,1,  3.49960E+00,  1.40000E+02,  2.54766E-08,  2.44392E+18,  1.01927E+15,  4.63048E+11,  1.81776E+09,  8.10621E+08,  3.08541E+08,  1.46643E+08,  3.36336E+07,  9.71492E+06,  1.49814E+11,  4.26580E+08,  2.78760E+08,  5.10158E+09,  2.70374E+14,  7.44475E+03,  2.32468E+09,  1.01900E+03,  6.67667E+05,  3.65963E+05,  1.79285E+07,  2.19814E+19,  1.71551E+13,  6.72177E+12,  5.48282E+12,  3.55212E+12,  5.17301E+11,  2.29763E+13,  7.80664E+08,  1.51516E+03,  5.01764E+16,  5.41903E+06,  3.94641E+15,  1.14207E+09,  5.81844E-02,  2.28193E+12,  5.03167E+11,  8.00214E+14,  3.91214E+02,  5.03769E+14,  2.09670E+03,  2.87586E+09,  3.38423E+13,  1.17000E+08,  0.00000E+00,  0.00000E+00,  0.00000E+00,  0.00000E+00,  0.00000E+00
  3.41000E-02,2,  2.58352E-02,  0.00000E+00,  0.00000E+00,  2.44438E+18,  5.64502E+14,  1.38563E+11,  3.43270E+07,  9.69406E+03,  9.47498E+01,  5.56159E+02,  8.98814E-02,  7.87272E-05,  7.02799E+06,  1.57783E+04,  6.46062E-06,  1.51378E-04,  2.68693E+14,  3.45295E-01,  1.08494E+05,  1.17901E+01,  1.64697E+00,  1.51531E+05,  1.14654E+07,  2.19815E+19,  6.91390E+10,  2.70900E+10,  2.20962E+10,  1.43159E+10,  2.48667E+09,  4.94138E+12,  3.81272E+06,  1.59137E+00,  5.00394E+16,  0.00000E+00,  3.94622E+15,  4.64392E-48,  0.00000E+00,  1.23456E+10,  4.27501E+11,  8.00972E+14,  4.52642E+00,  5.01696E+14,  2.42592E+01,  2.73996E+05,  3.36653E+13,  1.17000E+08,  0.00000E+00,  0.00000E+00,  0.00000E+00,  0.00000E+00,  0.00000E+00
  3.41500E-02,1,  3.49960E+00,  1.40000E+02,  2.54766E-08,  2.44392E+18,  1.01982E+15,  4.63534E+11,  1.81809E+09,  8.10621E+08,  3.08541E+08,  1.46644E+08,  3.36336E+07,  9.71493E+06,  1.49738E+11,  4.26580E+08,  2.78760E+08,  5.10158E+09,  2.70462E+14,  7.44582E+03,  2.32426E+09,  1.01933E+03,  6.67668E+05,  3.66331E+05,  1.79285E+07,  2.19814E+19,  1.71493E+13,  6.71952E+12,  5.48099E+12,  3.55093E+12,  5.17124E+11,  2.29926E+13,  7.80781E+08,  1.51646E+03,  5.01990E+16,  5.41902E+06,  3.95764E+15,  1.14024E+09,  5.80097E-02,  2.28090E+12,  5.03184E+11,  8.01646E+14,  3.91343E+02,  5.04427E+14,  2.09739E+03,  2.87132E+09,  3.38934E+13,  1.17000E+08,  0.00000E+00,  0.00000E+00,  0.00000E+00,  0.00000E+00,  0.00000E+00
  3.42000E-02,2,  2.58352E-02,  0.00000E+00,  0.00000E+00,  2.44438E+18,  5.64606E+14,  1.38614E+11,  3.43455E+07,  9.70067E+03,  9.48123E+01,  5.56523E+02,  8.99571E-02,  7.88066E-05,  7.02902E+06,  1.57886E+04,  6.46230E-06,  1.51423E-04,  2.68780E+14,  3.45570E-01,  1.08545E+05,  1.17937E+01,  1.64687E+00,  1.51598E+05,  1.14644E+07,  2.19815E+19,  6.83087E+10,  2.67647E+10,  2.18308E+10,  1.41439E+10,  2.45795E+09,  4.94311E+12,  3.81523E+06,  1.59267E+00,  5.00619E+16,  0.00000E+00,  3.95744E+15,  0.00000E+00,  0.00000E+00,  1.22258E+10,  4.27483E+11,  8.02404E+14,  4.52779E+00,  5.02350E+14,  2.42665E+01,  2.73904E+05,  3.37161E+13,  1.17000E+08,  0.00000E+00,  0.00000E+00,  0.00000E+00,  0.00000E+00,  0.00000E+00
  3.42500E-02,1,  3.49960E+00,  1.40000E+02,  2.54766E-08,  2.44392E+18,  1.01986E+15,  4.63563E+11,  1.81811E+09,  8.10622E+08,  3.08541E+08,  1.46644E+08,  3.36336E+07,  9.71493E+06,  1.49663E+11,  4.26581E+08,  2.78760E+08,  5.10157E+09,  2.70550E+14,  7.44690E+03,  2.32385E+09,  1.01967E+03,  6.67668E+05,  3.66402E+05,  1.79285E+07,  2.19814E+19,  1.71439E+13,  6.71740E+12,  5.47925E+12,  3.54981E+12,  5.16956E+11,  2.29935E+13,  7.80788E+08,  1.51654E+03,  5.02213E+16,  5.41902E+06,  3.96886E+15,  1.13842E+09,  5.78369E-02,  2.27992E+12,  5.03201E+11,  8.03078E+14,  3.91470E+02,  5.05081E+14,  2.09807E+03,  2.86679E+09,  3.39442E+13,  1.17000E+08,  0.00000E+00,  0.00000E+00,  0.00000E+00,  0.00000E+00,  0.00000E+00
  3.43000E-02,2,  2.58352E-02,  0.00000E+00,  0.00000E+00,  2.44438E+18,  5.64008E+14,  1.38322E+11,  3.42375E+07,  9.66657E+03,  9.48561E+01,  5.56855E+02,  8.99154E-02,  7.86929E-05,  7.02972E+06,  1.57980E+04,  6.46349E-06,  1.51453E-04,  2.68859E+14,  3.45808E-01,  1.08588E+05,  1.17943E+01,  1.64514E+00,  1.51292E+05,  1.14526E+07,  2.19815E+19,  6.73244E+10,  2.63790E+10,  2.15163E+10,  1.39401E+10,  2.42367E+09,  4.93313E+12,  3.79994E+06,  1.58330E+00,  5.00838E+16,  0.00000E+00,  3.96866E+15,  2.88637E-28,  0.00000E+00,  1.20841E+10,  4.27461E+11,  8.03837E+14,  4.52802E+00,  5.02998E+14,  2.42678E+01,  2.73797E+05,  3.37663E+13,  1.17000E+08,  0.00000E+00,  0.00000E+00,  0.00000E+00,  0.00000E+00,  0.00000E+00
  3.43500E-02,1,  3.49960E+00,  1.40000E+02,  2.54766E-08,  2.44392E+18,  1.01967E+15,  4.63399E+11,  1.81800E+09,  8.10622E+08,  3.08541E+08,  1.46644E+08,  3.36337E+07,  9.71494E+06,  1.49589E+11,  4.26581E+08,  2.78760E+08,  5.10157E+09,  2.70630E+14,  7.44763E+03,  2.32340E+09,  1.01997E+03,  6.67669E+05,  3.66315E+05,  1.79285E+07,  2.19813E+19,  1.71393E+13,  6.71558E+12,  5.47777E+12,  3.54885E+12,  5.16811E+11,  2.29880E+13,  7.80748E+08,  1.51610E+03,  5.02431E+16,  5.41902E+06,  3.98007E+15,  1.13659E+09,  5.76678E-02,  2.27900E+12,  5.03219E+11,  8.04511E+14,  3.91586E+02,  5.05728E+14,  2.09869E+03,  2.86226E+09,  3.39945E+13,  1.17000E+08,  0.00000E+00,  0.00000E+00,  0.00000E+00,  0.00000E+00,  0.00000E+00
  3.44000E-02,2,  2.58352E-02,  0.00000E+00,  0.00000E+00,  2.44438E+18,  5.64454E+14,  1.38539E+11,  3.43170E+07,  9.69260E+03,  9.49220E+01,  5.57202E+02,  9.00427E-02,  7.88603E-05,  7.03061E+06,  1.58079E+04,  6.46550E-06,  1.51491E-04,  2.68942E+14,  3.46065E-01,  1.08636E+05,  1.17999E+01,  1.64633E+00,  1.51457E+05,  1.14605E+07,  2.19814E+19,  6.73848E+10,  2.64027E+10,  2.15356E+10,  1.39526E+10,  2.42790E+09,  4.94053E+12,  3.81102E+06,  1.58967E+00,  5.01056E+16,  0.00000E+00,  3.97988E+15,  3.13916E-51,  0.00000E+00,  1.20914E+10,  4.27456E+11,  8.05269E+14,  4.53017E+00,  5.03645E+14,  2.42793E+01,  2.73716E+05,  3.38165E+13,  1.17000E+08,  0.00000E+00,  0.00000E+00,  0.00000E+00,  0.00000E+00,  0.00000E+00
  3.44500E-02,1,  3.49960E+00,  1.40000E+02,  2.54766E-08,  2.44392E+18,  1.01981E+15,  4.63521E+11,  1.81809E+09,  8.10623E+08,  3.08542E+08,  1.46644E+08,  3.36337E+07,  9.71495E+06,  1.49516E+11,  4.26581E+08,  2.78760E+08,  5.10157E+09,  2.70713E+14,  7.44856E+03,  2.32297E+09,  1.02028E+03,  6.67669E+05,  3.66423E+05,  1.79285E+07,  2.19813E+19,  1.71340E+13,  6.71353E+12,  5.47610E+12,  3.54777E+12,  5.16650E+11,  2.29921E+13,  7.80778E+08,  1.51643E+03,  5.02648E+16,  5.41902E+06,  3.99129E+15,  1.13477E+09,  5.74978E-02,  2.27803E+12,  5.03237E+11,  8.05942E+14,  3.91707E+02,  5.06376E+14,  2.09933E+03,  2.85775E+09,  3.40447E+13,  1.17000E+08,  0.00000E+00,  0.00000E+00,  0.00000E+00,  0.00000E+00,  0.00000E+00
  3.45000E-02,2,  2.58352E-02,  0.00000E+00,  0.00000E+00,  2.44438E+18,  5.63084E+14,  1.37870E+11,  3.40702E+07,  9.61363E+03,  9.49428E+01,  5.57484E+02,  8.98695E-02,  7.85332E-05,  7.03080E+06,  1.58158E+04,  6.46589E-06,  1.51499E-04,  2.69009E+14,  3.46247E-01,  1.08666E+05,  1.17965E+01,  1.64248E+00,  1.50783E+05,  1.14346E+07,  2.19814E+19,  6.58231E+10,  2.57908E+10,  2.10365E+10,  1.36293E+10,  2.37121E+09,  4.91768E+12,  3.77613E+06,  1.56836E+00,  5.01266E+16,  0.00000E+00,  3.99109E+15,  1.25617E-48,  0.00000E+00,  1.18672E+10,  4.27421E+11,  8.06703E+14,  4.52887E+00,  5.04280E+14,  2.42723E+01,  2.73588E+05,  3.38655E+13,  1.17000E+08,  0.00000E+00,  0.00000E+00,  0.00000E+00,  0.00000E+00,  0.00000E+00
  3.45500E-02,1,  3.49960E+00,  1.40000E+02,  2.54766E-08,  2.44392E+18,  1.01938E+15,  4.63145E+11,  1.81783E+09,  8.10623E+08,  3.08542E+08,  1.46644E+08,  3.36337E+07,  9.71496E+06,  1.49445E+11,  4.26582E+08,  2.78760E+08,  5.10157E+09,  2.70781E+14,  7.44877E+03,  2.32246E+09,  1.02054E+03,  6.67670E+05,  3.66179E+05,  1.79285E+07,  2.19813E+19,  1.71303E+13,  6.71206E+12,  5.47490E+12,  3.54699E+12,  5.16533E+11,  2.29795E+13,  7.80688E+08,  1.51542E+03,  5.02857E+16,  5.41901E+06,  4.00250E+15,  1.13295E+09,  5.73337E-02,  2.27718E+12,  5.03255E+11,  8.07375E+14,  3.91805E+02,  5.07011E+14,  2.09986E+03,  2.85323E+09,  3.40938E+13,  1.17000E+08,  0.00000E+00,  0.00000E+00,  0.00000E+00,  0.00000E+00,  0.00000E+00
  3.46000E-02,2,  2.58352E-02,  0.00000E+00,  0.00000E+00,  2.44437E+18,  5.65990E+14,  1.39296E+11,  3.45992E+07,  9.78681E+03,  9.50692E+01,  5.57898E+02,  9.04007E-02,  7.93765E-05,  7.03250E+06,  1.58276E+04,  6.47398E-06,  1.51573E-04,  2.69109E+14,  3.46585E-01,  1.08732E+05,  1.18144E+01,  1.65069E+00,  1.52121E+05,  1.14899E+07,  2.19814E+19,  7.13364E+10,  2.79510E+10,  2.27985E+10,  1.47709E+10,  2.56019E+09,  4.96643E+12,  3.85165E+06,  1.61585E+00,  5.01488E+16,  0.00000E+00,  4.00231E+15,  7.34973E-33,  0.00000E+00,  1.26529E+10,  4.27475E+11,  8.08131E+14,  4.53574E+00,  5.04934E+14,  2.43091E+01,  2.73573E+05,  3.39163E+13,  1.17000E+08,  0.00000E+00,  0.00000E+00,  0.00000E+00,  0.00000E+00,  0.00000E+00
  3.46500E-02,1,  3.49960E+00,  1.40000E+02,  2.54766E-08,  2.44391E+18,  1.02028E+15,  4.63943E+11,  1.81838E+09,  8.10624E+08,  3.08542E+08,  1.46644E+08,  3.36337E+07,  9.71496E+06,  1.49371E+11,  4.26582E+08,  2.78760E+08,  5.10157E+09,  2.70881E+14,  7.45053E+03,  2.32216E+09,  1.02092E+03,  6.67670E+05,  3.66777E+05,  1.79285E+07,  2.19812E+19,  1.71237E+13,  6.70948E+12,  5.47280E+12,  3.54563E+12,  5.16330E+11,  2.30061E+13,  7.80879E+08,  1.51755E+03,  5.03078E+16,  5.41901E+06,  4.01372E+15,  1.13115E+09,  5.71608E-02,  2.27615E+12,  5.03274E+11,  8.08803E+14,  3.91950E+02,  5.07665E+14,  2.10063E+03,  2.84877E+09,  3.41447E+13,  1.17000E+08,  0.00000E+00,  0.00000E+00,  0.00000E+00,  0.00000E+00,  0.00000E+00
  3.47000E-02,2,  2.58352E-02,  0.00000E+00,  0.00000E+00,  2.44437E+18,  5.63655E+14,  1.38147E+11,  3.41717E+07,  9.64758E+03,  9.50716E+01,  5.58194E+02,  9.00754E-02,  7.87862E-05,  7.03290E+06,  1.58360E+04,  6.46976E-06,  1.51590E-04,  2.69179E+14,  3.46787E-01,  1.08767E+05,  1.18057E+01,  1.64359E+00,  1.51043E+05,  1.14416E+07,  2.19814E+19,  6.57891E+10,  2.57775E+10,  2.10256E+10,  1.36223E+10,  2.37026E+09,  4.92717E+12,  3.79036E+06,  1.57671E+00,  5.01696E+16,  0.00000E+00,  4.01352E+15,  0.00000E+00,  0.00000E+00,  1.18602E+10,  4.27406E+11,  8.09564E+14,  4.53239E+00,  5.05567E+14,  2.42911E+01,  2.73418E+05,  3.39652E+13,  1.17000E+08,  0.00000E+00,  0.00000E+00,  0.00000E+00,  0.00000E+00,  0.00000E+00
  3.47500E-02,1,  3.49960E+00,  1.40000E+02,  2.54766E-08,  2.44391E+18,  1.01956E+15,  4.63302E+11,  1.81794E+09,  8.10624E+08,  3.08542E+08,  1.46644E+08,  3.36338E+07,  9.71497E+06,  1.49301E+11,  4.26582E+08,  2.78760E+08,  5.10157E+09,  2.70951E+14,  7.45095E+03,  2.32168E+09,  1.02119E+03,  6.67671E+05,  3.66369E+05,  1.79285E+07,  2.19812E+19,  1.71198E+13,  6.70797E+12,  5.47156E+12,  3.54483E+12,  5.16209E+11,  2.29847E+13,  7.80725E+08,  1.51584E+03,  5.03284E+16,  5.41901E+06,  4.02493E+15,  1.12934E+09,  5.69981E-02,  2.27532E+12,  5.03293E+11,  8.10235E+14,  3.92053E+02,  5.08297E+14,  2.10118E+03,  2.84428E+09,  3.41936E+13,  1.17000E+08,  0.00000E+00,  0.00000E+00,  0.00000E+00,  0.00000E+00,  0.00000E+00
  3.48000E-02,2,  2.58352E-02,  0.00000E+00,  0.00000E+00,  2.44437E+18,  5.64815E+14,  1.38718E+11,  3.43841E+07,  9.71805E+03,  9.51527E+01,  5.58540E+02,  9.03168E-02,  7.91489E-05,  7.03388E+06,  1.58458E+04,  6.47153E-06,  1.51632E-04,  2.69262E+14,  3.47048E-01,  1.08816E+05,  1.18152E+01,  1.64709E+00,  1.51517E+05,  1.14653E+07,  2.19813E+19,  6.92500E+10,  2.71335E+10,  2.21317E+10,  1.43389E+10,  2.48812E+09,  4.94663E+12,  3.82082E+06,  1.59637E+00,  5.01906E+16,  0.00000E+00,  4.02473E+15,  4.65300E-42,  0.00000E+00,  1.23528E+10,  4.27433E+11,  8.10994E+14,  4.53603E+00,  5.06206E+14,  2.43106E+01,  2.73359E+05,  3.40147E+13,  1.17000E+08,  0.00000E+00,  0.00000E+00,  0.00000E+00,  0.00000E+00,  0.00000E+00
  3.48500E-02,1,  3.49960E+00,  1.40000E+02,  2.54766E-08,  2.44391E+18,  1.01992E+15,  4.63620E+11,  1.81816E+09,  8.10624E+08,  3.08542E+08,  1.46644E+08,  3.36338E+07,  9.71498E+06,  1.49230E+11,  4.26583E+08,  2.78760E+08,  5.10156E+09,  2.71035E+14,  7.45198E+03,  2.32129E+09,  1.02150E+03,  6.67671E+05,  3.66604E+05,  1.79285E+07,  2.19812E+19,  1.71146E+13,  6.70590E+12,  5.46988E+12,  3.54373E+12,  5.16046E+11,  2.29953E+13,  7.80801E+08,  1.51669E+03,  5.03494E+16,  5.41900E+06,  4.03613E+15,  1.12755E+09,  5.68316E-02,  2.27438E+12,  5.03313E+11,  8.11664E+14,  3.92174E+02,  5.08936E+14,  2.10183E+03,  2.83982E+09,  3.42431E+13,  1.17000E+08,  0.00000E+00,  0.00000E+00,  0.00000E+00,  0.00000E+00,  0.00000E+00
  3.49000E-02,2,  2.58352E-02,  0.00000E+00,  0.00000E+00,  2.44437E+18,  5.62089E+14,  1.37386E+11,  3.38927E+07,  9.55939E+03,  9.51365E+01,  5.58762E+02,  8.99165E-02,  7.84462E-05,  7.03349E+06,  1.58520E+04,  6.47079E-06,  1.51615E-04,  2.69314E+14,  3.47128E-01,  1.08831E+05,  1.18048E+01,  1.63941E+00,  1.50197E+05,  1.14135E+07,  2.19813E+19,  6.51332E+10,  2.55205E+10,  2.08160E+10,  1.34864E+10,  2.34299E+09,  4.90112E+12,  3.75128E+06,  1.55278E+00,  5.02102E+16,  0.00000E+00,  4.03593E+15,  3.78923-208,  0.00000E+00,  1.17639E+10,  4.27367E+11,  8.12429E+14,  4.53204E+00,  5.06822E+14,  2.42892E+01,  2.73197E+05,  3.40622E+13,  1.17000E+08,  0.00000E+00,  0.00000E+00,  0.00000E+00,  0.00000E+00,  0.00000E+00
  3.49500E-02,1,  3.49960E+00,  1.40000E+02,  2.54766E-08,  2.44391E+18,  1.01907E+15,  4.62872E+11,  1.81765E+09,  8.10625E+08,  3.08543E+08,  1.46645E+08,  3.36338E+07,  9.71499E+06,  1.49163E+11,  4.26583E+08,  2.78760E+08,  5.10156E+09,  2.71088E+14,  7.45159E+03,  2.32072E+09,  1.02170E+03,  6.67672E+05,  3.66088E+05,  1.79285E+07,  2.19811E+19,  1.71120E+13,  6.70488E+12,  5.46905E+12,  3.54320E+12,  5.15964E+11,  2.29703E+13,  7.80622E+08,  1.51470E+03,  5.03688E+16,  5.41900E+06,  4.04734E+15,  1.12574E+09,  5.66752E-02,  2.27362E+12,  5.03331E+11,  8.13098E+14,  3.92251E+02,  5.09552E+14,  2.10224E+03,  2.83533E+09,  3.42906E+13,  1.17000E+08,  0.00000E+00,  0.00000E+00,  0.00000E+00,  0.00000E+00,  0.00000E+00
  3.50000E-02,2,  2.58352E-02,  0.00000E+00,  0.00000E+00,  2.44437E+18,  5.62304E+14,  1.37488E+11,  3.39282E+07,  9.57064E+03,  9.51809E+01,  5.59008E+02,  8.99906E-02,  7.85373E-05,  7.03340E+06,  1.58590E+04,  6.47060E-06,  1.51612E-04,  2.69373E+14,  3.47311E-01,  1.08853E+05,  1.18098E+01,  1.64082E+00,  1.50217E+05,  1.14235E+07,  2.19813E+19,  6.30833E+10,  2.47173E+10,  2.01608E+10,  1.30620E+10,  2.27864E+09,  4.90457E+12,  3.75574E+06,  1.55518E+00,  5.02298E+16,  0.00000E+00,  4.04714E+15,  3.78404-208,  0.00000E+00,  1.14701E+10,  4.27341E+11,  8.13862E+14,  4.53397E+00,  5.07440E+14,  2.42995E+01,  2.73115E+05,  3.41098E+13,  1.17000E+08,  0.00000E+00,  0.00000E+00,  0.00000E+00,  0.00000E+00,  0.00000E+00
  3.50500E-02,1,  3.49960E+00,  1.40000E+02,  2.54766E-08,  2.44391E+18,  1.01914E+15,  4.62931E+11,  1.81769E+09,  8.10625E+08,  3.08543E+08,  1.46645E+08,  3.36338E+07,  9.71500E+06,  1.49096E+11,  4.26583E+08,  2.78760E+08,  5.10156E+09,  2.71147E+14,  7.45150E+03,  2.32019E+09,  1.02193E+03,  6.67672E+05,  3.66125E+05,  1.79285E+07,  2.19811E+19,  1.71084E+13,  6.70348E+12,  5.46790E+12,  3.54245E+12,  5.15852E+11,  2.29723E+13,  7.80636E+08,  1.51486E+03,  5.03883E+16,  5.41900E+06,  4.05854E+15,  1.12393E+09,  5.65164E-02,  2.27277E+12,  5.03349E+11,  8.14531E+14,  3.92337E+02,  5.10170E+14,  2.10270E+03,  2.83086E+09,  3.43383E+13,  1.17000E+08,  0.00000E+00,  0.00000E+00,  0.00000E+00,  0.00000E+00,  0.00000E+00
  3.51000E-02,2,  2.58352E-02,  0.00000E+00,  0.00000E+00,  2.44437E+18,  5.64671E+14,  1.38647E+11,  3.43579E+07,  9.71134E+03,  9.52845E+01,  5.59348E+02,  9.04247E-02,  7.92250E-05,  7.03440E+06,  1.58687E+04,  6.47250E-06,  1.51655E-04,  2.69454E+14,  3.47569E-01,  1.08902E+05,  1.18234E+01,  1.64694E+00,  1.51324E+05,  1.14645E+07,  2.19812E+19,  6.87972E+10,  2.69561E+10,  2.19870E+10,  1.42451E+10,  2.47229E+09,  4.94421E+12,  3.81705E+06,  1.59396E+00,  5.02503E+16,  0.00000E+00,  4.05834E+15,  7.39869E-61,  0.00000E+00,  1.22836E+10,  4.27389E+11,  8.15291E+14,  4.53920E+00,  5.08071E+14,  2.43275E+01,  2.73078E+05,  3.41586E+13,  1.17000E+08,  0.00000E+00,  0.00000E+00,  0.00000E+00,  0.00000E+00,  0.00000E+00
  3.51500E-02,1,  3.49960E+00,  1.40000E+02,  2.54766E-08,  2.44391E+18,  1.01987E+15,  4.63581E+11,  1.81813E+09,  8.10626E+08,  3.08543E+08,  1.46645E+08,  3.36339E+07,  9.71500E+06,  1.49027E+11,  4.26584E+08,  2.78760E+08,  5.10156E+09,  2.71230E+14,  7.45255E+03,  2.31982E+09,  1.02224E+03,  6.67672E+05,  3.66618E+05,  1.79285E+07,  2.19811E+19,  1.71028E+13,  6.70131E+12,  5.46613E+12,  3.54131E+12,  5.15682E+11,  2.29939E+13,  7.80792E+08,  1.51659E+03,  5.04087E+16,  5.41900E+06,  4.06974E+15,  1.12215E+09,  5.63518E-02,  2.27182E+12,  5.03369E+11,  8.15959E+14,  3.92457E+02,  5.10801E+14,  2.10334E+03,  2.82644E+09,  3.43871E+13,  1.17000E+08,  0.00000E+00,  0.00000E+00,  0.00000E+00,  0.00000E+00,  0.00000E+00
  3.52000E-02,2,  2.58352E-02,  0.00000E+00,  0.00000E+00,  2.44437E+18,  5.62058E+14,  1.37366E+11,  3.38818E+07,  9.55594E+03,  9.52680E+01,  5.59565E+02,  9.00409E-02,  7.85467E-05,  7.03404E+06,  1.58748E+04,  6.47170E-06,  1.51639E-04,  2.69506E+14,  3.47684E-01,  1.08917E+05,  1.18130E+01,  1.63929E+00,  1.50108E+05,  1.14126E+07,  2.19812E+19,  6.23998E+10,  2.44494E+10,  1.99424E+10,  1.29205E+10,  2.25415E+09,  4.90037E+12,  3.74883E+06,  1.54982E+00,  5.02692E+16,  0.00000E+00,  4.06954E+15,  4.86095E-22,  0.00000E+00,  1.13696E+10,  4.27310E+11,  8.16724E+14,  4.53519E+00,  5.08679E+14,  2.43060E+01,  2.72917E+05,  3.42054E+13,  1.17000E+08,  0.00000E+00,  0.00000E+00,  0.00000E+00,  0.00000E+00,  0.00000E+00
  3.52500E-02,1,  3.49960E+00,  1.40000E+02,  2.54766E-08,  2.44391E+18,  1.01906E+15,  4.62863E+11,  1.81764E+09,  8.10626E+08,  3.08543E+08,  1.46645E+08,  3.36339E+07,  9.71501E+06,  1.48963E+11,  4.26584E+08,  2.78760E+08,  5.10156E+09,  2.71281E+14,  7.45223E+03,  2.31928E+09,  1.02243E+03,  6.67673E+05,  3.66145E+05,  1.79285E+07,  2.19811E+19,  1.71020E+13,  6.70096E+12,  5.46585E+12,  3.54112E+12,  5.15650E+11,  2.29699E+13,  7.80620E+08,  1.51467E+03,  5.04275E+16,  5.41899E+06,  4.08094E+15,  1.12036E+09,  5.62034E-02,  2.27132E+12,  5.03394E+11,  8.17392E+14,  3.92532E+02,  5.11409E+14,  2.10374E+03,  2.82199E+09,  3.44339E+13,  1.17000E+08,  0.00000E+00,  0.00000E+00,  0.00000E+00,  0.00000E+00,  0.00000E+00
  3.53000E-02,2,  2.58352E-02,  0.00000E+00,  0.00000E+00,  2.44437E+18,  5.63244E+14,  1.37948E+11,  3.40983E+07,  9.62774E+03,  9.53384E+01,  5.59842E+02,  9.02758E-02,  7.89084E-05,  7.03438E+06,  1.58826E+04,  6.47235E-06,  1.51654E-04,  2.69572E+14,  3.47871E-01,  1.08949E+05,  1.18223E+01,  1.64310E+00,  1.50591E+05,  1.14387E+07,  2.19812E+19,  6.47312E+10,  2.53629E+10,  2.06875E+10,  1.34032E+10,  2.33486E+09,  4.92026E+12,  3.77990E+06,  1.57031E+00,  5.02885E+16,  0.00000E+00,  4.08074E+15,  0.00000E+00,  0.00000E+00,  1.17010E+10,  4.27324E+11,  8.18155E+14,  4.53876E+00,  5.09295E+14,  2.43251E+01,  2.72858E+05,  3.42529E+13,  1.17000E+08,  0.00000E+00,  0.00000E+00,  0.00000E+00,  0.00000E+00,  0.00000E+00
  3.53500E-02,1,  3.49960E+00,  1.40000E+02,  2.54766E-08,  2.44390E+18,  1.01943E+15,  4.63189E+11,  1.81786E+09,  8.10626E+08,  3.08543E+08,  1.46645E+08,  3.36339E+07,  9.71502E+06,  1.48897E+11,  4.26584E+08,  2.78760E+08,  5.10156E+09,  2.71348E+14,  7.45254E+03,  2.31881E+09,  1.02269E+03,  6.67673E+05,  3.66375E+05,  1.79285E+07,  2.19810E+19,  1.70960E+13,  6.69862E+12,  5.46394E+12,  3.53989E+12,  5.15468E+11,  2.29808E+13,  7.80698E+08,  1.51555E+03,  5.04467E+16,  5.41899E+06,  4.09214E+15,  1.11857E+09,  5.60395E-02,  2.27021E+12,  5.03408E+11,  8.18822E+14,  3.92629E+02,  5.12025E+14,  2.10426E+03,  2.81757E+09,  3.44815E+13,  1.17000E+08,  0.00000E+00,  0.00000E+00,  0.00000E+00,  0.00000E+00,  0.00000E+00
  3.54000E-02,2,  2.58352E-02,  0.00000E+00,  0.00000E+00,  2.44437E+18,  5.61902E+14,  1.37290E+11,  3.38539E+07,  9.54803E+03,  9.53466E+01,  5.60055E+02,  9.00949E-02,  7.85735E-05,  7.03402E+06,  1.58887E+04,  6.47192E-06,  1.51638E-04,  2.69622E+14,  3.47983E-01,  1.08964E+05,  1.18180E+01,  1.63917E+00,  1.49950E+05,  1.14119E+07,  2.19812E+19,  6.22205E+10,  2.43792E+10,  1.98851E+10,  1.28833E+10,  2.24767E+09,  4.89778E+12,  3.74486E+06,  1.54736E+00,  5.03070E+16,  0.00000E+00,  4.09194E+15,  4.70217E-22,  0.00000E+00,  1.13412E+10,  4.27281E+11,  8.19588E+14,  4.53709E+00,  5.09898E+14,  2.43162E+01,  2.72729E+05,  3.42992E+13,  1.17000E+08,  0.00000E+00,  0.00000E+00,  0.00000E+00,  0.00000E+00,  0.00000E+00
  3.54500E-02,1,  3.49960E+00,  1.40000E+02,  2.54766E-08,  2.44390E+18,  1.01901E+15,  4.62820E+11,  1.81761E+09,  8.10627E+08,  3.08544E+08,  1.46645E+08,  3.36339E+07,  9.71502E+06,  1.48834E+11,  4.26584E+08,  2.78760E+08,  5.10156E+09,  2.71399E+14,  7.45224E+03,  2.31828E+09,  1.02288E+03,  6.67674E+05,  3.66137E+05,  1.79285E+07,  2.19810E+19,  1.70950E+13,  6.69822E+12,  5.46361E+12,  3.53967E+12,  5.15433E+11,  2.29685E+13,  7.80609E+08,  1.51456E+03,  5.04651E+16,  5.41899E+06,  4.10333E+15,  1.11679E+09,  5.58924E-02,  2.26971E+12,  5.03434E+11,  8.20254E+14,  3.92703E+02,  5.12628E+14,  2.10466E+03,  2.81313E+09,  3.45278E+13,  1.17000E+08,  0.00000E+00,  0.00000E+00,  0.00000E+00,  0.00000E+00,  0.00000E+00
  3.55000E-02,2,  2.58352E-02,  0.00000E+00,  0.00000E+00,  2.44436E+18,  5.64362E+14,  1.38496E+11,  3.43020E+07,  9.69558E+03,  9.54497E+01,  5.60376E+02,  9.05414E-02,  7.92873E-05,  7.03490E+06,  1.58978E+04,  6.47341E-06,  1.51676E-04,  2.69699E+14,  3.48224E-01,  1.09009E+05,  1.18326E+01,  1.64600E+00,  1.51076E+05,  1.14580E+07,  2.19811E+19,  6.81759E+10,  2.67127E+10,  2.17884E+10,  1.41165E+10,  2.44985E+09,  4.93903E+12,  3.80909E+06,  1.58902E+00,  5.03265E+16,  0.00000E+00,  4.10313E+15,  3.76500-208,  0.00000E+00,  1.21890E+10,  4.27332E+11,  8.21015E+14,  4.54273E+00,  5.10517E+14,  2.43463E+01,  2.72699E+05,  3.43469E+13,  1.17000E+08,  0.00000E+00,  0.00000E+00,  0.00000E+00,  0.00000E+00,  0.00000E+00
  3.55500E-02,1,  3.49960E+00,  1.40000E+02,  2.54766E-08,  2.44390E+18,  1.01978E+15,  4.63496E+11,  1.81808E+09,  8.10627E+08,  3.08544E+08,  1.46645E+08,  3.36340E+07,  9.71503E+06,  1.48767E+11,  4.26585E+08,  2.78760E+08,  5.10155E+09,  2.71477E+14,  7.45311E+03,  2.31790E+09,  1.02317E+03,  6.67674E+05,  3.66636E+05,  1.79285E+07,  2.19810E+19,  1.70880E+13,  6.69550E+12,  5.46139E+12,  3.53824E+12,  5.15222E+11,  2.29910E+13,  7.80771E+08,  1.51637E+03,  5.04845E+16,  5.41899E+06,  4.11453E+15,  1.11502E+09,  5.57270E-02,  2.26856E+12,  5.03448E+11,  8.21682E+14,  3.92816E+02,  5.13246E+14,  2.10526E+03,  2.80876E+09,  3.45756E+13,  1.17000E+08,  0.00000E+00,  0.00000E+00,  0.00000E+00,  0.00000E+00,  0.00000E+00
  3.56000E-02,2,  2.58352E-02,  0.00000E+00,  0.00000E+00,  2.44436E+18,  5.66055E+14,  1.39328E+11,  3.46111E+07,  9.79715E+03,  9.55488E+01,  5.60769E+02,  9.08770E-02,  7.98039E-05,  7.03661E+06,  1.59089E+04,  6.47658E-06,  1.51750E-04,  2.69793E+14,  3.48551E-01,  1.09073E+05,  1.18436E+01,  1.65021E+00,  1.51934E+05,  1.14857E+07,  2.19811E+19,  7.03685E+10,  2.75717E+10,  2.24891E+10,  1.45704E+10,  2.52150E+09,  4.96751E+12,  3.85326E+06,  1.61662E+00,  5.03466E+16,  0.00000E+00,  4.11433E+15,  2.13927E-26,  0.00000E+00,  1.25009E+10,  4.27350E+11,  8.22440E+14,  4.54693E+00,  5.11145E+14,  2.43688E+01,  2.72650E+05,  3.43955E+13,  1.17000E+08,  0.00000E+00,  0.00000E+00,  0.00000E+00,  0.00000E+00,  0.00000E+00
  3.56500E-02,1,  3.49960E+00,  1.40000E+02,  2.54766E-08,  2.44390E+18,  1.02031E+15,  4.63964E+11,  1.81840E+09,  8.10628E+08,  3.08544E+08,  1.46645E+08,  3.36340E+07,  9.71503E+06,  1.48700E+11,  4.26585E+08,  2.78760E+08,  5.10155E+09,  2.71572E+14,  7.45489E+03,  2.31765E+09,  1.02353E+03,  6.67675E+05,  3.67033E+05,  1.79285E+07,  2.19809E+19,  1.70787E+13,  6.69185E+12,  5.45841E+12,  3.53631E+12,  5.14936E+11,  2.30067E+13,  7.80884E+08,  1.51762E+03,  5.05044E+16,  5.41898E+06,  4.12572E+15,  1.11327E+09,  5.55542E-02,  2.26719E+12,  5.03458E+11,  8.23106E+14,  3.92953E+02,  5.13875E+14,  2.10600E+03,  2.80442E+09,  3.46242E+13,  1.17000E+08,  0.00000E+00,  0.00000E+00,  0.00000E+00,  0.00000E+00,  0.00000E+00
  3.57000E-02,2,  2.58352E-02,  0.00000E+00,  0.00000E+00,  2.44436E+18,  5.63816E+14,  1.38230E+11,  3.42042E+07,  9.66558E+03,  9.55512E+01,  5.61047E+02,  9.05624E-02,  7.92350E-05,  7.03705E+06,  1.59168E+04,  6.49499E-06,  1.51769E-04,  2.69859E+14,  3.48744E-01,  1.09107E+05,  1.18354E+01,  1.64353E+00,  1.50885E+05,  1.14404E+07,  2.19811E+19,  6.52765E+10,  2.55766E+10,  2.08618E+10,  1.35161E+10,  2.35024E+09,  4.92994E+12,  3.79526E+06,  1.58053E+00,  5.03652E+16,  0.00000E+00,  4.12552E+15,  0.00000E+00,  0.00000E+00,  1.17748E+10,  4.27293E+11,  8.23869E+14,  4.54377E+00,  5.11752E+14,  2.43519E+01,  2.72502E+05,  3.44423E+13,  1.17000E+08,  0.00000E+00,  0.00000E+00,  0.00000E+00,  0.00000E+00,  0.00000E+00
  3.57500E-02,1,  3.49960E+00,  1.40000E+02,  2.54766E-08,  2.44390E+18,  1.01961E+15,  4.63346E+11,  1.81797E+09,  8.10628E+08,  3.08544E+08,  1.46645E+08,  3.36340E+07,  9.71504E+06,  1.48636E+11,  4.26585E+08,  2.78760E+08,  5.10155E+09,  2.71638E+14,  7.45533E+03,  2.31722E+09,  1.02378E+03,  6.67675E+05,  3.66636E+05,  1.79285E+07,  2.19809E+19,  1.70786E+13,  6.69179E+12,  5.45837E+12,  3.53628E+12,  5.14927E+11,  2.29860E+13,  7.80736E+08,  1.51597E+03,  5.05230E+16,  5.41898E+06,  4.13691E+15,  1.11151E+09,  5.54124E-02,  2.26694E+12,  5.03495E+11,  8.24534E+14,  3.93049E+02,  5.14482E+14,  2.10651E+03,  2.80005E+09,  3.46710E+13,  1.17000E+08,  0.00000E+00,  0.00000E+00,  0.00000E+00,  0.00000E+00,  0.00000E+00
  3.58000E-02,2,  2.58352E-02,  0.00000E+00,  0.00000E+00,  2.44436E+18,  5.64625E+14,  1.38625E+11,  3.43495E+07,  9.71317E+03,  9.56189E+01,  5.61361E+02,  9.07430E-02,  7.94975E-05,  7.03791E+06,  1.59257E+04,  6.47897E-06,  1.51806E-04,  2.69934E+14,  3.48979E-01,  1.09151E+05,  1.18430E+01,  1.64610E+00,  1.51194E+05,  1.14579E+07,  2.19810E+19,  6.75687E+10,  2.64747E+10,  2.15944E+10,  1.39907E+10,  2.42885E+09,  4.94339E+12,  3.81578E+06,  1.59314E+00,  5.03841E+16,  0.00000E+00,  4.13671E+15,  1.25452E-42,  0.00000E+00,  1.21002E+10,  4.27310E+11,  8.25295E+14,  4.54669E+00,  5.12364E+14,  2.43675E+01,  2.72436E+05,  3.44894E+13,  1.17000E+08,  0.00000E+00,  0.00000E+00,  0.00000E+00,  0.00000E+00,  0.00000E+00
  3.58500E-02,1,  3.49960E+00,  1.40000E+02,  2.54766E-08,  2.44390E+18,  1.01986E+15,  4.63568E+11,  1.81813E+09,  8.10628E+08,  3.08544E+08,  1.46645E+08,  3.36340E+07,  9.71505E+06,  1.48572E+11,  4.26586E+08,  2.78760E+08,  5.10155E+09,  2.71713E+14,  7.45622E+03,  2.31686E+09,  1.02407E+03,  6.67676E+05,  3.66799E+05,  1.79285E+07,  2.19809E+19,  1.70737E+13,  6.68990E+12,  5.45683E+12,  3.53528E+12,  5.14779E+11,  2.29934E+13,  7.80789E+08,  1.51656E+03,  5.05417E+16,  5.41898E+06,  4.14810E+15,  1.10976E+09,  5.52562E-02,  2.26609E+12,  5.03517E+11,  8.25960E+14,  3.93158E+02,  5.15093E+14,  2.10709E+03,  2.79571E+09,  3.47181E+13,  1.17000E+08,  0.00000E+00,  0.00000E+00,  0.00000E+00,  0.00000E+00,  0.00000E+00
  3.59000E-02,2,  2.58352E-02,  0.00000E+00,  0.00000E+00,  2.44436E+18,  5.64713E+14,  1.38668E+11,  3.43656E+07,  9.71913E+03,  9.56724E+01,  5.61671E+02,  9.08075E-02,  7.95658E-05,  7.03875E+06,  1.59345E+04,  6.48054E-06,  1.51843E-04,  2.70008E+14,  3.49212E-01,  1.09194E+05,  1.18461E+01,  1.64607E+00,  1.51224E+05,  1.14575E+07,  2.19810E+19,  6.74488E+10,  2.64277E+10,  2.15560E+10,  1.39659E+10,  2.42453E+09,  4.94487E+12,  3.81807E+06,  1.59458E+00,  5.04028E+16,  0.00000E+00,  4.14790E+15,  1.21366E-42,  0.00000E+00,  1.20823E+10,  4.27303E+11,  8.26722E+14,  4.54790E+00,  5.12972E+14,  2.43740E+01,  2.72348E+05,  3.45363E+13,  1.17000E+08,  0.00000E+00,  0.00000E+00,  0.00000E+00,  0.00000E+00,  0.00000E+00
  3.59500E-02,1,  3.49960E+00,  1.40000E+02,  2.54766E-08,  2.44390E+18,  1.01988E+15,  4.63592E+11,  1.81814E+09,  8.10629E+08,  3.08544E+08,  1.46646E+08,  3.36341E+07,  9.71506E+06,  1.48508E+11,  4.26586E+08,  2.78760E+08,  5.10155E+09,  2.71787E+14,  7.45710E+03,  2.31651E+09,  1.02435E+03,  6.67676E+05,  3.66847E+05,  1.79285E+07,  2.19809E+19,  1.70692E+13,  6.68814E+12,  5.45539E+12,  3.53435E+12,  5.14639E+11,  2.29942E+13,  7.80794E+08,  1.51663E+03,  5.05603E+16,  5.41897E+06,  4.15929E+15,  1.10802E+09,  5.51019E-02,  2.26529E+12,  5.03540E+11,  8.27386E+14,  3.93266E+02,  5.15702E+14,  2.10767E+03,  2.79138E+09,  3.47651E+13,  1.17000E+08,  0.00000E+00,  0.00000E+00,  0.00000E+00,  0.00000E+00,  0.00000E+00
  3.60000E-02,2,  2.58352E-02,  0.00000E+00,  0.00000E+00,  2.44436E+18,  5.63667E+14,  1.38157E+11,  3.41773E+07,  9.65893E+03,  9.56967E+01,  5.61938E+02,  9.06824E-02,  7.93212E-05,  7.03913E+06,  1.59420E+04,  6.48265E-06,  1.51859E-04,  2.70071E+14,  3.49395E-01,  1.09225E+05,  1.18444E+01,  1.64334E+00,  1.50703E+05,  1.14392E+07,  2.19810E+19,  6.49626E+10,  2.54536E+10,  2.07615E+10,  1.34511E+10,  2.33889E+09,  4.92744E+12,  3.79143E+06,  1.57814E+00,  5.04208E+16,  0.00000E+00,  4.15908E+15,  0.00000E+00,  0.00000E+00,  1.17274E+10,  4.27268E+11,  8.28149E+14,  4.54724E+00,  5.13572E+14,  2.43705E+01,  2.72235E+05,  3.45823E+13,  1.17000E+08,  0.00000E+00,  0.00000E+00,  0.00000E+00,  0.00000E+00,  0.00000E+00
  3.60500E-02,1,  3.49960E+00,  1.40000E+02,  2.54766E-08,  2.44389E+18,  1.01956E+15,  4.63305E+11,  1.81795E+09,  8.10629E+08,  3.08545E+08,  1.46646E+08,  3.36341E+07,  9.71506E+06,  1.48447E+11,  4.26586E+08,  2.78760E+08,  5.10155E+09,  2.71851E+14,  7.45749E+03,  2.31609E+09,  1.02459E+03,  6.67677E+05,  3.66664E+05,  1.79285E+07,  2.19808E+19,  1.70658E+13,  6.68678E+12,  5.45428E+12,  3.53363E+12,  5.14530E+11,  2.29846E+13,  7.80726E+08,  1.51586E+03,  5.05783E+16,  5.41897E+06,  4.17047E+15,  1.10627E+09,  5.49518E-02,  2.26457E+12,  5.03563E+11,  8.28813E+14,  3.93359E+02,  5.16301E+14,  2.10816E+03,  2.78704E+09,  3.48112E+13,  1.17000E+08,  0.00000E+00,  0.00000E+00,  0.00000E+00,  0.00000E+00,  0.00000E+00
  3.61000E-02,2,  2.58352E-02,  0.00000E+00,  0.00000E+00,  2.44435E+18,  5.65802E+14,  1.39203E+11,  3.45643E+07,  9.78530E+03,  9.57983E+01,  5.62297E+02,  9.10843E-02,  7.99513E-05,  7.04057E+06,  1.59522E+04,  6.48391E-06,  1.51921E-04,  2.70157E+14,  3.49688E-01,  1.09282E+05,  1.18580E+01,  1.64926E+00,  1.51671E+05,  1.14790E+07,  2.19809E+19,  6.84906E+10,  2.68360E+10,  2.18890E+10,  1.41816E+10,  2.46109E+09,  4.96317E+12,  3.84641E+06,  1.61237E+00,  5.04397E+16,  0.00000E+00,  4.17027E+15,  2.83737E-34,  0.00000E+00,  1.22290E+10,  4.27305E+11,  8.29573E+14,  4.55244E+00,  5.14185E+14,  2.43983E+01,  2.72201E+05,  3.46296E+13,  1.17000E+08,  0.00000E+00,  0.00000E+00,  0.00000E+00,  0.00000E+00,  0.00000E+00
  3.61500E-02,1,  3.49960E+00,  1.40000E+02,  2.54766E-08,  2.44389E+18,  1.02023E+15,  4.63895E+11,  1.81835E+09,  8.10630E+08,  3.08545E+08,  1.46646E+08,  3.36341E+07,  9.71507E+06,  1.48382E+11,  4.26586E+08,  2.78760E+08,  5.10154E+09,  2.71937E+14,  7.45899E+03,  2.31582E+09,  1.02492E+03,  6.67677E+05,  3.67102E+05,  1.79285E+07,  2.19808E+19,  1.70567E+13,  6.68324E+12,  5.45139E+12,  3.53176E+12,  5.14254E+11,  2.30043E+13,  7.80867E+08,  1.51744E+03,  5.05970E+16,  5.41897E+06,  4.18165E+15,  1.10454E+09,  5.47845E-02,  2.26323E+12,  5.03573E+11,  8.30236E+14,  3.93484E+02,  5.16914E+14,  2.10883E+03,  2.78276E+09,  3.48585E+13,  1.17000E+08,  0.00000E+00,  0.00000E+00,  0.00000E+00,  0.00000E+00,  0.00000E+00
  3.62000E-02,2,  2.58352E-02,  0.00000E+00,  0.00000E+00,  2.44435E+18,  5.63014E+14,  1.37835E+11,  3.40560E+07,  9.61979E+03,  9.57801E+01,  5.62522E+02,  9.06715E-02,  7.92248E-05,  7.04052E+06,  1.59586E+04,  6.48396E-06,  1.51919E-04,  2.70210E+14,  3.49823E-01,  1.09303E+05,  1.18468E+01,  1.64116E+00,  1.50360E+05,  1.14242E+07,  2.19809E+19,  6.30969E+10,  2.47226E+10,  2.01652E+10,  1.30648E+10,  2.27504E+09,  4.91644E+12,  3.77381E+06,  1.56610E+00,  5.04569E+16,  0.00000E+00,  4.18145E+15,  0.00000E+00,  0.00000E+00,  1.14599E+10,  4.27236E+11,  8.31001E+14,  4.54817E+00,  5.14773E+14,  2.43754E+01,  2.72040E+05,  3.46747E+13,  1.17000E+08,  0.00000E+00,  0.00000E+00,  0.00000E+00,  0.00000E+00,  0.00000E+00
  3.62500E-02,1,  3.49960E+00,  1.40000E+02,  2.54766E-08,  2.44389E+18,  1.01936E+15,  4.63126E+11,  1.81783E+09,  8.10630E+08,  3.08545E+08,  1.46646E+08,  3.36341E+07,  9.71508E+06,  1.48323E+11,  4.26587E+08,  2.78760E+08,  5.10154E+09,  2.71990E+14,  7.45893E+03,  2.31536E+09,  1.02512E+03,  6.67678E+05,  3.66592E+05,  1.79285E+07,  2.19808E+19,  1.70577E+13,  6.68360E+12,  5.45169E+12,  3.53195E+12,  5.14278E+11,  2.29786E+13,  7.80683E+08,  1.51539E+03,  5.06142E+16,  5.41897E+06,  4.19283E+15,  1.10280E+09,  5.46501E-02,  2.26308E+12,  5.03611E+11,  8.31664E+14,  3.93561E+02,  5.17503E+14,  2.10925E+03,  2.77844E+09,  3.49036E+13,  1.17000E+08,  0.00000E+00,  0.00000E+00,  0.00000E+00,  0.00000E+00,  0.00000E+00
  3.63000E-02,2,  2.58352E-02,  0.00000E+00,  0.00000E+00,  2.44435E+18,  5.67229E+14,  1.39906E+11,  3.48264E+07,  9.87263E+03,  9.59353E+01,  5.62946E+02,  9.14196E-02,  8.04355E-05,  7.04271E+06,  1.59706E+04,  6.48784E-06,  1.52014E-04,  2.70312E+14,  3.50194E-01,  1.09378E+05,  1.18716E+01,  1.65340E+00,  1.52306E+05,  1.15068E+07,  2.19809E+19,  7.08276E+10,  2.77516E+10,  2.26359E+10,  1.46655E+10,  2.54032E+09,  4.98730E+12,  3.88410E+06,  1.63639E+00,  5.04762E+16,  0.00000E+00,  4.19263E+15,  4.07002E-37,  2.11097-310,  1.25604E+10,  4.27321E+11,  8.32421E+14,  4.55768E+00,  5.15393E+14,  2.44264E+01,  2.72064E+05,  3.47226E+13,  1.17000E+08,  0.00000E+00,  0.00000E+00,  0.00000E+00,  0.00000E+00,  0.00000E+00
  3.63500E-02,1,  3.49960E+00,  1.40000E+02,  2.54766E-08,  2.44389E+18,  1.02067E+15,  4.64286E+11,  1.81862E+09,  8.10630E+08,  3.08545E+08,  1.46646E+08,  3.36341E+07,  9.71508E+06,  1.48258E+11,  4.26587E+08,  2.78760E+08,  5.10154E+09,  2.72093E+14,  7.46123E+03,  2.31520E+09,  1.02550E+03,  6.67678E+05,  3.67437E+05,  1.79284E+07,  2.19807E+19,  1.70474E+13,  6.67960E+12,  5.44842E+12,  3.52983E+12,  5.13966E+11,  2.30173E+13,  7.80961E+08,  1.51848E+03,  5.06334E+16,  5.41896E+06,  4.20401E+15,  1.10109E+09,  5.44805E-02,  2.26168E+12,  5.03623E+11,  8.33083E+14,  3.93709E+02,  5.18123E+14,  2.11004E+03,  2.77420E+09,  3.49515E+13,  1.17000E+08,  0.00000E+00,  0.00000E+00,  0.00000E+00,  0.00000E+00,  0.00000E+00
  3.64000E-02,2,  2.58352E-02,  0.00000E+00,  0.00000E+00,  2.44435E+18,  5.63477E+14,  1.38065E+11,  3.41431E+07,  9.65068E+03,  9.58989E+01,  5.63174E+02,  9.08514E-02,  7.94439E-05,  7.04273E+06,  1.59771E+04,  6.48787E-06,  1.52014E-04,  2.70365E+14,  3.50334E-01,  1.09401E+05,  1.18546E+01,  1.64182E+00,  1.50563E+05,  1.14281E+07,  2.19809E+19,  6.41502E+10,  2.51353E+10,  2.05018E+10,  1.32829E+10,  2.30966E+09,  4.92424E+12,  3.78654E+06,  1.57508E+00,  5.04932E+16,  0.00000E+00,  4.20381E+15,  2.75144E-38,  0.00000E+00,  1.16089E+10,  4.27238E+11,  8.33848E+14,  4.55116E+00,  5.15979E+14,  2.43914E+01,  2.71875E+05,  3.47674E+13,  1.17000E+08,  0.00000E+00,  0.00000E+00,  0.00000E+00,  0.00000E+00,  0.00000E+00
  3.64500E-02,1,  3.49960E+00,  1.40000E+02,  2.54766E-08,  2.44389E+18,  1.01950E+15,  4.63253E+11,  1.81791E+09,  8.10631E+08,  3.08545E+08,  1.46646E+08,  3.36342E+07,  9.71509E+06,  1.48199E+11,  4.26587E+08,  2.78760E+08,  5.10154E+09,  2.72146E+14,  7.46121E+03,  2.31475E+09,  1.02571E+03,  6.67678E+05,  3.66751E+05,  1.79285E+07,  2.19807E+19,  1.70481E+13,  6.67985E+12,  5.44863E+12,  3.52997E+12,  5.13982E+11,  2.29828E+13,  7.80713E+08,  1.51573E+03,  5.06503E+16,  5.41896E+06,  4.21519E+15,  1.09936E+09,  5.43468E-02,  2.26151E+12,  5.03661E+11,  8.34509E+14,  3.93787E+02,  5.18708E+14,  2.11045E+03,  2.76990E+09,  3.49964E+13,  1.17000E+08,  0.00000E+00,  0.00000E+00,  0.00000E+00,  0.00000E+00,  0.00000E+00
  3.65000E-02,2,  2.58352E-02,  0.00000E+00,  0.00000E+00,  2.44435E+18,  5.62921E+14,  1.37790E+11,  3.40404E+07,  9.61753E+03,  9.59242E+01,  5.63393E+02,  9.07970E-02,  7.93221E-05,  7.04268E+06,  1.59833E+04,  6.48779E-06,  1.52012E-04,  2.70417E+14,  3.50466E-01,  1.09421E+05,  1.18563E+01,  1.64137E+00,  1.50190E+05,  1.14258E+07,  2.19808E+19,  6.31622E+10,  2.47482E+10,  2.01860E+10,  1.30783E+10,  2.27658E+09,  4.91488E+12,  3.77167E+06,  1.56566E+00,  5.05100E+16,  0.00000E+00,  4.21498E+15,  0.00000E+00,  0.00000E+00,  1.14668E+10,  4.27218E+11,  8.35276E+14,  4.55182E+00,  5.16560E+14,  2.43949E+01,  2.71781E+05,  3.48120E+13,  1.17000E+08,  0.00000E+00,  0.00000E+00,  0.00000E+00,  0.00000E+00,  0.00000E+00
  3.65500E-02,1,  3.49960E+00,  1.40000E+02,  2.54766E-08,  2.44389E+18,  1.01933E+15,  4.63101E+11,  1.81781E+09,  8.10631E+08,  3.08546E+08,  1.46646E+08,  3.36342E+07,  9.71510E+06,  1.48141E+11,  4.26588E+08,  2.78760E+08,  5.10154E+09,  2.72199E+14,  7.46117E+03,  2.31429E+09,  1.02590E+03,  6.67679E+05,  3.66623E+05,  1.79285E+07,  2.19807E+19,  1.70450E+13,  6.67864E+12,  5.44764E+12,  3.52933E+12,  5.13886E+11,  2.29777E+13,  7.80677E+08,  1.51532E+03,  5.06669E+16,  5.41896E+06,  4.22636E+15,  1.09763E+09,  5.42021E-02,  2.26080E+12,  5.03684E+11,  8.35936E+14,  3.93863E+02,  5.19290E+14,  2.11086E+03,  2.76562E+09,  3.50410E+13,  1.17000E+08,  0.00000E+00,  0.00000E+00,  0.00000E+00,  0.00000E+00,  0.00000E+00
  3.66000E-02,2,  2.58352E-02,  0.00000E+00,  0.00000E+00,  2.44435E+18,  5.63004E+14,  1.37833E+11,  3.40575E+07,  9.62389E+03,  9.59630E+01,  5.63614E+02,  9.08462E-02,  7.93776E-05,  7.04267E+06,  1.59895E+04,  6.48779E-06,  1.52012E-04,  2.70470E+14,  3.50601E-01,  1.09442E+05,  1.18591E+01,  1.64161E+00,  1.50177E+05,  1.14275E+07,  2.19808E+19,  6.40070E+10,  2.50792E+10,  2.04560E+10,  1.32532E+10,  2.30447E+09,  4.91633E+12,  3.77437E+06,  1.56748E+00,  5.05266E+16,  0.00000E+00,  4.22615E+15,  2.31269E-38,  0.00000E+00,  1.15860E+10,  4.27215E+11,  8.36702E+14,  4.55287E+00,  5.17141E+14,  2.44005E+01,  2.71693E+05,  3.48564E+13,  1.17000E+08,  0.00000E+00,  0.00000E+00,  0.00000E+00,  0.00000E+00,  0.00000E+00
  3.66500E-02,1,  3.49960E+00,  1.40000E+02,  2.54766E-08,  2.44389E+18,  1.01935E+15,  4.63123E+11,  1.81783E+09,  8.10631E+08,  3.08546E+08,  1.46646E+08,  3.36342E+07,  9.71511E+06,  1.48084E+11,  4.26588E+08,  2.78760E+08,  5.10154E+09,  2.72252E+14,  7.46118E+03,  2.31385E+09,  1.02611E+03,  6.67679E+05,  3.66644E+05,  1.79285E+07,  2.19807E+19,  1.70419E+13,  6.67741E+12,  5.44664E+12,  3.52868E+12,  5.13789E+11,  2.29784E+13,  7.80682E+08,  1.51538E+03,  5.06834E+16,  5.41896E+06,  4.23753E+15,  1.09591E+09,  5.40580E-02,  2.26010E+12,  5.03707E+11,  8.37362E+14,  3.93941E+02,  5.19870E+14,  2.11127E+03,  2.76134E+09,  3.50854E+13,  1.17000E+08,  0.00000E+00,  0.00000E+00,  0.00000E+00,  0.00000E+00,  0.00000E+00
  3.67000E-02,2,  2.58352E-02,  0.00000E+00,  0.00000E+00,  2.44435E+18,  5.64218E+14,  1.38425E+11,  3.42749E+07,  9.69427E+03,  9.60313E+01,  5.63887E+02,  9.10862E-02,  7.97436E-05,  7.04326E+06,  1.59973E+04,  6.48872E-06,  1.52038E-04,  2.70535E+14,  3.50798E-01,  1.09478E+05,  1.18672E+01,  1.64481E+00,  1.50739E+05,  1.14489E+07,  2.19808E+19,  6.55479E+10,  2.56829E+10,  2.09485E+10,  1.35723E+10,  2.35853E+09,  4.93654E+12,  3.80495E+06,  1.58582E+00,  5.05436E+16,  0.00000E+00,  4.23732E+15,  2.42997E-28,  0.00000E+00,  1.18039E+10,  4.27227E+11,  8.38127E+14,  4.55598E+00,  5.17727E+14,  2.44172E+01,  2.71632E+05,  3.49013E+13,  1.17000E+08,  0.00000E+00,  0.00000E+00,  0.00000E+00,  0.00000E+00,  0.00000E+00
  3.67500E-02,1,  3.49960E+00,  1.40000E+02,  2.54766E-08,  2.44388E+18,  1.01973E+15,  4.63457E+11,  1.81805E+09,  8.10632E+08,  3.08546E+08,  1.46646E+08,  3.36342E+07,  9.71511E+06,  1.48025E+11,  4.26588E+08,  2.78760E+08,  5.10154E+09,  2.72317E+14,  7.46178E+03,  2.31348E+09,  1.02635E+03,  6.67680E+05,  3.66905E+05,  1.79285E+07,  2.19806E+19,  1.70375E+13,  6.67571E+12,  5.44525E+12,  3.52778E+12,  5.13655E+11,  2.29895E+13,  7.80762E+08,  1.51627E+03,  5.07003E+16,  5.41895E+06,  4.24871E+15,  1.09420E+09,  5.39108E-02,  2.25932E+12,  5.03731E+11,  8.38786E+14,  3.94036E+02,  5.20456E+14,  2.11178E+03,  2.75710E+09,  3.51304E+13,  1.17000E+08,  0.00000E+00,  0.00000E+00,  0.00000E+00,  0.00000E+00,  0.00000E+00
  3.68000E-02,2,  2.58352E-02,  0.00000E+00,  0.00000E+00,  2.44435E+18,  5.63156E+14,  1.37905E+11,  3.40828E+07,  9.63250E+03,  9.60468E+01,  5.64104E+02,  9.09497E-02,  7.94865E-05,  7.04326E+06,  1.60034E+04,  6.48885E-06,  1.52038E-04,  2.70586E+14,  3.50931E-01,  1.09499E+05,  1.18640E+01,  1.64156E+00,  1.50238E+05,  1.14268E+07,  2.19808E+19,  6.29333E+10,  2.46585E+10,  2.01129E+10,  1.30309E+10,  2.26951E+09,  4.91878E+12,  3.77765E+06,  1.56884E+00,  5.05598E+16,  0.00000E+00,  4.24849E+15,  0.00000E+00,  0.00000E+00,  1.14310E+10,  4.27191E+11,  8.39553E+14,  4.55477E+00,  5.18302E+14,  2.44107E+01,  2.71514E+05,  3.49453E+13,  1.17000E+08,  0.00000E+00,  0.00000E+00,  0.00000E+00,  0.00000E+00,  0.00000E+00
  3.68500E-02,1,  3.49960E+00,  1.40000E+02,  2.54766E-08,  2.44388E+18,  1.01940E+15,  4.63165E+11,  1.81786E+09,  8.10632E+08,  3.08546E+08,  1.46647E+08,  3.36343E+07,  9.71512E+06,  1.47968E+11,  4.26589E+08,  2.78760E+08,  5.10153E+09,  2.72369E+14,  7.46178E+03,  2.31305E+09,  1.02655E+03,  6.67680E+05,  3.66725E+05,  1.79285E+07,  2.19806E+19,  1.70347E+13,  6.67461E+12,  5.44435E+12,  3.52720E+12,  5.13566E+11,  2.29798E+13,  7.80692E+08,  1.51550E+03,  5.07165E+16,  5.41895E+06,  4.25987E+15,  1.09248E+09,  5.37691E-02,  2.25867E+12,  5.03755E+11,  8.40212E+14,  3.94111E+02,  5.21031E+14,  2.11218E+03,  2.75285E+09,  3.51744E+13,  1.17000E+08,  0.00000E+00,  0.00000E+00,  0.00000E+00,  0.00000E+00,  0.00000E+00
  3.69000E-02,2,  2.58352E-02,  0.00000E+00,  0.00000E+00,  2.44434E+18,  5.63335E+14,  1.37993E+11,  3.41155E+07,  9.64373E+03,  9.60886E+01,  5.64333E+02,  9.10157E-02,  7.95685E-05,  7.04340E+06,  1.60099E+04,  6.48914E-06,  1.52044E-04,  2.70641E+14,  3.51079E-01,  1.09523E+05,  1.18677E+01,  1.64232E+00,  1.50283E+05,  1.14320E+07,  2.19807E+19,  6.32794E+10,  2.47941E+10,  2.02235E+10,  1.31026E+10,  2.28132E+09,  4.92179E+12,  3.78233E+06,  1.57184E+00,  5.05760E+16,  0.00000E+00,  4.25966E+15,  1.45049E-36,  0.00000E+00,  1.14792E+10,  4.27185E+11,  8.40978E+14,  4.55618E+00,  5.18877E+14,  2.44182E+01,  2.71432E+05,  3.49892E+13,  1.17000E+08,  0.00000E+00,  0.00000E+00,  0.00000E+00,  0.00000E+00,  0.00000E+00
  3.69500E-02,1,  3.49960E+00,  1.40000E+02,  2.54766E-08,  2.44388E+18,  1.01945E+15,  4.63214E+11,  1.81789E+09,  8.10633E+08,  3.08546E+08,  1.46647E+08,  3.36343E+07,  9.71513E+06,  1.47912E+11,  4.26589E+08,  2.78760E+08,  5.10153E+09,  2.72424E+14,  7.46193E+03,  2.31263E+09,  1.02676E+03,  6.67681E+05,  3.66770E+05,  1.79285E+07,  2.19806E+19,  1.70313E+13,  6.67329E+12,  5.44328E+12,  3.52650E+12,  5.13462E+11,  2.29814E+13,  7.80704E+08,  1.51563E+03,  5.07326E+16,  5.41895E+06,  4.27104E+15,  1.09078E+09,  5.36266E-02,  2.25798E+12,  5.03780E+11,  8.41636E+14,  3.94191E+02,  5.21606E+14,  2.11261E+03,  2.74861E+09,  3.52184E+13,  1.17000E+08,  0.00000E+00,  0.00000E+00,  0.00000E+00,  0.00000E+00,  0.00000E+00
  3.70000E-02,2,  2.58352E-02,  0.00000E+00,  0.00000E+00,  2.44434E+18,  5.64180E+14,  1.38409E+11,  3.42703E+07,  9.69520E+03,  9.61493E+01,  5.64594E+02,  9.11944E-02,  7.98359E-05,  7.04392E+06,  1.60173E+04,  6.49009E-06,  1.52066E-04,  2.70703E+14,  3.51265E-01,  1.09556E+05,  1.18739E+01,  1.64444E+00,  1.50668E+05,  1.14461E+07,  2.19807E+19,  6.55495E+10,  2.56836E+10,  2.09490E+10,  1.35726E+10,  2.35757E+09,  4.93598E+12,  3.80459E+06,  1.58636E+00,  5.05924E+16,  0.00000E+00,  4.27083E+15,  6.82158E-35,  0.00000E+00,  1.18013E+10,  4.27200E+11,  8.42401E+14,  4.55856E+00,  5.19455E+14,  2.44310E+01,  2.71362E+05,  3.50335E+13,  1.17000E+08,  0.00000E+00,  0.00000E+00,  0.00000E+00,  0.00000E+00,  0.00000E+00
  3.70500E-02,1,  3.49960E+00,  1.40000E+02,  2.54766E-08,  2.44388E+18,  1.01972E+15,  4.63446E+11,  1.81805E+09,  8.10633E+08,  3.08546E+08,  1.46647E+08,  3.36343E+07,  9.71513E+06,  1.47855E+11,  4.26589E+08,  2.78760E+08,  5.10153E+09,  2.72487E+14,  7.46248E+03,  2.31227E+09,  1.02699E+03,  6.67681E+05,  3.66958E+05,  1.79284E+07,  2.19805E+19,  1.70275E+13,  6.67179E+12,  5.44205E+12,  3.52571E+12,  5.13344E+11,  2.29891E+13,  7.80759E+08,  1.51625E+03,  5.07489E+16,  5.41895E+06,  4.28220E+15,  1.08908E+09,  5.34832E-02,  2.25727E+12,  5.03805E+11,  8.43059E+14,  3.94281E+02,  5.22184E+14,  2.11309E+03,  2.74440E+09,  3.52626E+13,  1.17000E+08,  0.00000E+00,  0.00000E+00,  0.00000E+00,  0.00000E+00,  0.00000E+00
  3.71000E-02,2,  2.58352E-02,  0.00000E+00,  0.00000E+00,  2.44434E+18,  5.65601E+14,  1.39106E+11,  3.45290E+07,  9.78016E+03,  9.62311E+01,  5.64916E+02,  9.14766E-02,  8.02708E-05,  7.04515E+06,  1.60264E+04,  6.49235E-06,  1.52119E-04,  2.70779E+14,  3.51525E-01,  1.09606E+05,  1.18834E+01,  1.64818E+00,  1.51362E+05,  1.14710E+07,  2.19807E+19,  6.73541E+10,  2.63906E+10,  2.15258E+10,  1.39463E+10,  2.41949E+09,  4.95986E+12,  3.84152E+06,  1.60954E+00,  5.06093E+16,  0.00000E+00,  4.28199E+15,  1.78424E-31,  0.00000E+00,  1.20576E+10,  4.27219E+11,  8.43822E+14,  4.56221E+00,  5.20041E+14,  2.44505E+01,  2.71310E+05,  3.50785E+13,  1.17000E+08,  0.00000E+00,  0.00000E+00,  0.00000E+00,  0.00000E+00,  0.00000E+00
  3.71500E-02,1,  3.49960E+00,  1.40000E+02,  2.54766E-08,  2.44388E+18,  1.02016E+15,  4.63840E+11,  1.81832E+09,  8.10633E+08,  3.08547E+08,  1.46647E+08,  3.36343E+07,  9.71514E+06,  1.47797E+11,  4.26589E+08,  2.78760E+08,  5.10153E+09,  2.72564E+14,  7.46376E+03,  2.31202E+09,  1.02729E+03,  6.67681E+05,  3.67278E+05,  1.79284E+07,  2.19805E+19,  1.70192E+13,  6.66855E+12,  5.43941E+12,  3.52399E+12,  5.13090E+11,  2.30023E+13,  7.80854E+08,  1.51730E+03,  5.07657E+16,  5.41894E+06,  4.29337E+15,  1.08740E+09,  5.33264E-02,  2.25604E+12,  5.03817E+11,  8.44479E+14,  3.94394E+02,  5.22770E+14,  2.11369E+03,  2.74023E+09,  3.53077E+13,  1.17000E+08,  0.00000E+00,  0.00000E+00,  0.00000E+00,  0.00000E+00,  0.00000E+00
  3.72000E-02,2,  2.58352E-02,  0.00000E+00,  0.00000E+00,  2.44434E+18,  5.65791E+14,  1.39199E+11,  3.45642E+07,  9.79276E+03,  9.62894E+01,  5.65241E+02,  9.15599E-02,  8.03687E-05,  7.04641E+06,  1.60356E+04,  6.49468E-06,  1.52174E-04,  2.70857E+14,  3.51788E-01,  1.09657E+05,  1.18871E+01,  1.64840E+00,  1.51475E+05,  1.14721E+07,  2.19806E+19,  6.66975E+10,  2.61334E+10,  2.13159E+10,  1.38103E+10,  2.39715E+09,  4.96302E+12,  3.84645E+06,  1.61297E+00,  5.06261E+16,  0.00000E+00,  4.29316E+15,  3.66082E-26,  0.00000E+00,  1.19640E+10,  4.27212E+11,  8.45242E+14,  4.56362E+00,  5.20626E+14,  2.44580E+01,  2.71229E+05,  3.51233E+13,  1.17000E+08,  0.00000E+00,  0.00000E+00,  0.00000E+00,  0.00000E+00,  0.00000E+00
  3.72500E-02,1,  3.49960E+00,  1.40000E+02,  2.54766E-08,  2.44388E+18,  1.02022E+15,  4.63891E+11,  1.81835E+09,  8.10634E+08,  3.08547E+08,  1.46647E+08,  3.36344E+07,  9.71514E+06,  1.47739E+11,  4.26590E+08,  2.78760E+08,  5.10153E+09,  2.72641E+14,  7.46490E+03,  2.31172E+09,  1.02758E+03,  6.67682E+05,  3.67361E+05,  1.79284E+07,  2.19805E+19,  1.70135E+13,  6.66628E+12,  5.43756E+12,  3.52280E+12,  5.12918E+11,  2.30039E+13,  7.80866E+08,  1.51744E+03,  5.07824E+16,  5.41894E+06,  4.30453E+15,  1.08572E+09,  5.31788E-02,  2.25517E+12,  5.03844E+11,  8.45899E+14,  3.94506E+02,  5.23355E+14,  2.11429E+03,  2.73606E+09,  3.53525E+13,  1.17000E+08,  0.00000E+00,  0.00000E+00,  0.00000E+00,  0.00000E+00,  0.00000E+00
  3.73000E-02,2,  2.58352E-02,  0.00000E+00,  0.00000E+00,  2.44434E+18,  5.64273E+14,  1.38453E+11,  3.42857E+07,  9.70165E+03,  9.62993E+01,  5.65487E+02,  9.13540E-02,  7.99871E-05,  7.04681E+06,  1.60426E+04,  6.49541E-06,  1.52191E-04,  2.70915E+14,  3.51960E-01,  1.09687E+05,  1.18824E+01,  1.64402E+00,  1.50723E+05,  1.14425E+07,  2.19806E+19,  6.37698E+10,  2.49862E+10,  2.03802E+10,  1.32041E+10,  2.29765E+09,  4.93748E+12,  3.80653E+06,  1.58701E+00,  5.06419E+16,  0.00000E+00,  4.30432E+15,  0.00000E+00,  0.00000E+00,  1.15467E+10,  4.27177E+11,  8.46665E+14,  4.56180E+00,  5.21196E+14,  2.44483E+01,  2.71105E+05,  3.51668E+13,  1.17000E+08,  0.00000E+00,  0.00000E+00,  0.00000E+00,  0.00000E+00,  0.00000E+00
  3.73500E-02,1,  3.49960E+00,  1.40000E+02,  2.54766E-08,  2.44388E+18,  1.01974E+15,  4.63472E+11,  1.81807E+09,  8.10634E+08,  3.08547E+08,  1.46647E+08,  3.36344E+07,  9.71515E+06,  1.47684E+11,  4.26590E+08,  2.78760E+08,  5.10153E+09,  2.72699E+14,  7.46544E+03,  2.31140E+09,  1.02780E+03,  6.67682E+05,  3.67083E+05,  1.79284E+07,  2.19805E+19,  1.70146E+13,  6.66673E+12,  5.43793E+12,  3.52303E+12,  5.12943E+11,  2.29899E+13,  7.80765E+08,  1.51632E+03,  5.07981E+16,  5.41894E+06,  4.31569E+15,  1.08403E+09,  5.30526E-02,  2.25516E+12,  5.03885E+11,  8.47321E+14,  3.94590E+02,  5.23925E+14,  2.11474E+03,  2.73189E+09,  3.53961E+13,  1.17000E+08,  0.00000E+00,  0.00000E+00,  0.00000E+00,  0.00000E+00,  0.00000E+00
  3.74000E-02,2,  2.58352E-02,  0.00000E+00,  0.00000E+00,  2.44434E+18,  5.65176E+14,  1.38896E+11,  3.44499E+07,  9.75579E+03,  9.63659E+01,  5.65779E+02,  9.15476E-02,  8.02760E-05,  7.04775E+06,  1.60509E+04,  6.49704E-06,  1.52232E-04,  2.70984E+14,  3.52187E-01,  1.09730E+05,  1.18903E+01,  1.64692E+00,  1.51098E+05,  1.14623E+07,  2.19806E+19,  6.54646E+10,  2.56503E+10,  2.09219E+10,  1.35551E+10,  2.35534E+09,  4.95262E+12,  3.82995E+06,  1.60173E+00,  5.06581E+16,  0.00000E+00,  4.31547E+15,  3.39191E-45,  0.00000E+00,  1.17872E+10,  4.27192E+11,  8.48085E+14,  4.56485E+00,  5.21773E+14,  2.44646E+01,  2.71046E+05,  3.52109E+13,  1.17000E+08,  0.00000E+00,  0.00000E+00,  0.00000E+00,  0.00000E+00,  0.00000E+00
  3.74500E-02,1,  3.49960E+00,  1.40000E+02,  2.54766E-08,  2.44388E+18,  1.02003E+15,  4.63723E+11,  1.81824E+09,  8.10634E+08,  3.08547E+08,  1.46647E+08,  3.36344E+07,  9.71516E+06,  1.47628E+11,  4.26590E+08,  2.78760E+08,  5.10153E+09,  2.72769E+14,  7.46644E+03,  2.31112E+09,  1.02806E+03,  6.67682E+05,  3.67269E+05,  1.79284E+07,  2.19804E+19,  1.70070E+13,  6.66374E+12,  5.43549E+12,  3.52145E+12,  5.12710E+11,  2.29983E+13,  7.80826E+08,  1.51699E+03,  5.08142E+16,  5.41894E+06,  4.32684E+15,  1.08236E+09,  5.29002E-02,  2.25399E+12,  5.03898E+11,  8.48740E+14,  3.94692E+02,  5.24501E+14,  2.11529E+03,  2.72774E+09,  3.54402E+13,  1.17000E+08,  0.00000E+00,  0.00000E+00,  0.00000E+00,  0.00000E+00,  0.00000E+00
  3.75000E-02,2,  2.58352E-02,  0.00000E+00,  0.00000E+00,  2.44433E+18,  5.65657E+14,  1.39135E+11,  3.45398E+07,  9.78609E+03,  9.64255E+01,  5.66077E+02,  9.16739E-02,  8.04502E-05,  7.04876E+06,  1.60593E+04,  6.50043E-06,  1.52276E-04,  2.71055E+14,  3.52421E-01,  1.09775E+05,  1.18946E+01,  1.64768E+00,  1.51318E+05,  1.14670E+07,  2.19806E+19,  6.75926E+10,  2.64841E+10,  2.16020E+10,  1.39957E+10,  2.42618E+09,  4.96079E+12,  3.84306E+06,  1.61033E+00,  5.06742E+16,  0.00000E+00,  4.32663E+15,  2.90389E-43,  0.00000E+00,  1.20892E+10,  4.27208E+11,  8.49504E+14,  4.56650E+00,  5.22348E+14,  2.44734E+01,  2.70968E+05,  3.52549E+13,  1.17000E+08,  0.00000E+00,  0.00000E+00,  0.00000E+00,  0.00000E+00,  0.00000E+00
  3.75500E-02,1,  3.49960E+00,  1.40000E+02,  2.54766E-08,  2.44387E+18,  1.02018E+15,  4.63855E+11,  1.81833E+09,  8.10635E+08,  3.08547E+08,  1.46647E+08,  3.36344E+07,  9.71516E+06,  1.47572E+11,  4.26590E+08,  2.78760E+08,  5.10152E+09,  2.72840E+14,  7.46750E+03,  2.31085E+09,  1.02833E+03,  6.67683E+05,  3.67393E+05,  1.79284E+07,  2.19804E+19,  1.70027E+13,  6.66208E+12,  5.43414E+12,  3.52058E+12,  5.12579E+11,  2.30027E+13,  7.80858E+08,  1.51734E+03,  5.08303E+16,  5.41894E+06,  4.33800E+15,  1.08069E+09,  5.27591E-02,  2.25331E+12,  5.03927E+11,  8.50159E+14,  3.94795E+02,  5.25076E+14,  2.11584E+03,  2.72360E+09,  3.54843E+13,  1.17000E+08,  0.00000E+00,  0.00000E+00,  0.00000E+00,  0.00000E+00,  0.00000E+00
  3.76000E-02,2,  2.58352E-02,  0.00000E+00,  0.00000E+00,  2.44433E+18,  5.66527E+14,  1.39562E+11,  3.46984E+07,  9.83877E+03,  9.64991E+01,  5.66414E+02,  9.18696E-02,  8.07382E-05,  7.05022E+06,  1.60689E+04,  6.49792E-06,  1.52339E-04,  2.71135E+14,  3.52702E-01,  1.09830E+05,  1.19020E+01,  1.65005E+00,  1.51732E+05,  1.14828E+07,  2.19805E+19,  6.80110E+10,  2.66480E+10,  2.17357E+10,  1.40823E+10,  2.44119E+09,  4.97539E+12,  3.86565E+06,  1.62473E+00,  5.06906E+16,  0.00000E+00,  4.33779E+15,  0.00000E+00,  0.00000E+00,  1.21487E+10,  4.27216E+11,  8.50922E+14,  4.56934E+00,  5.22928E+14,  2.44886E+01,  2.70907E+05,  3.52994E+13,  1.17000E+08,  0.00000E+00,  0.00000E+00,  0.00000E+00,  0.00000E+00,  0.00000E+00
  3.76500E-02,1,  3.49960E+00,  1.40000E+02,  2.54766E-08,  2.44387E+18,  1.02045E+15,  4.64093E+11,  1.81850E+09,  8.10635E+08,  3.08547E+08,  1.46647E+08,  3.36344E+07,  9.71517E+06,  1.47515E+11,  4.26591E+08,  2.78760E+08,  5.10152E+09,  2.72920E+14,  7.46900E+03,  2.31064E+09,  1.02863E+03,  6.67683E+05,  3.67601E+05,  1.79284E+07,  2.19804E+19,  1.69980E+13,  6.66022E+12,  5.43261E+12,  3.51959E+12,  5.12431E+11,  2.30106E+13,  7.80915E+08,  1.51798E+03,  5.08466E+16,  5.41893E+06,  4.34915E+15,  1.07904E+09,  5.26170E-02,  2.25263E+12,  5.03956E+11,  8.51576E+14,  3.94911E+02,  5.25656E+14,  2.11646E+03,  2.71950E+09,  3.55287E+13,  1.17000E+08,  0.00000E+00,  0.00000E+00,  0.00000E+00,  0.00000E+00,  0.00000E+00
  3.77000E-02,2,  2.58352E-02,  0.00000E+00,  0.00000E+00,  2.44433E+18,  5.64676E+14,  1.38652E+11,  3.43606E+07,  9.72925E+03,  9.65034E+01,  5.66660E+02,  9.16092E-02,  8.02649E-05,  7.05070E+06,  1.60758E+04,  6.50263E-06,  1.52360E-04,  2.71193E+14,  3.52877E-01,  1.09861E+05,  1.18958E+01,  1.64479E+00,  1.50842E+05,  1.14473E+07,  2.19805E+19,  6.44424E+10,  2.52498E+10,  2.05952E+10,  1.33434E+10,  2.31832E+09,  4.94432E+12,  3.81746E+06,  1.59438E+00,  5.07059E+16,  0.00000E+00,  4.34894E+15,  2.90417E-47,  0.00000E+00,  1.16408E+10,  4.27173E+11,  8.52342E+14,  4.56696E+00,  5.23491E+14,  2.44759E+01,  2.70778E+05,  3.53423E+13,  1.17000E+08,  0.00000E+00,  0.00000E+00,  0.00000E+00,  0.00000E+00,  0.00000E+00
  3.77500E-02,1,  3.49960E+00,  1.40000E+02,  2.54766E-08,  2.44387E+18,  1.01987E+15,  4.63582E+11,  1.81815E+09,  8.10636E+08,  3.08548E+08,  1.46647E+08,  3.36345E+07,  9.71518E+06,  1.47462E+11,  4.26591E+08,  2.78760E+08,  5.10152E+09,  2.72978E+14,  7.46946E+03,  2.31030E+09,  1.02885E+03,  6.67684E+05,  3.67266E+05,  1.79284E+07,  2.19804E+19,  1.69979E+13,  6.66020E+12,  5.43260E+12,  3.51958E+12,  5.12426E+11,  2.29936E+13,  7.80792E+08,  1.51662E+03,  5.08618E+16,  5.41893E+06,  4.36030E+15,  1.07737E+09,  5.24904E-02,  2.25247E+12,  5.03997E+11,  8.52997E+14,  3.94995E+02,  5.26219E+14,  2.11691E+03,  2.71537E+09,  3.55717E+13,  1.17000E+08,  0.00000E+00,  0.00000E+00,  0.00000E+00,  0.00000E+00,  0.00000E+00
  3.78000E-02,2,  2.58352E-02,  0.00000E+00,  0.00000E+00,  2.44433E+18,  5.63223E+14,  1.37942E+11,  3.40987E+07,  9.64517E+03,  9.65062E+01,  5.66845E+02,  9.14031E-02,  7.98941E-05,  7.05050E+06,  1.60811E+04,  6.50252E-06,  1.52351E-04,  2.71237E+14,  3.52980E-01,  1.09876E+05,  1.18919E+01,  1.64123E+00,  1.50070E+05,  1.14237E+07,  2.19805E+19,  6.39526E+10,  2.50579E+10,  2.04387E+10,  1.32420E+10,  2.29707E+09,  4.92003E+12,  3.78039E+06,  1.57178E+00,  5.07204E+16,  0.00000E+00,  4.36009E+15,  2.28420E-36,  0.00000E+00,  1.15703E+10,  4.27150E+11,  8.53765E+14,  4.56547E+00,  5.24042E+14,  2.44678E+01,  2.70660E+05,  3.53842E+13,  1.17000E+08,  0.00000E+00,  0.00000E+00,  0.00000E+00,  0.00000E+00,  0.00000E+00
  3.78500E-02,1,  3.49960E+00,  1.40000E+02,  2.54766E-08,  2.44387E+18,  1.01942E+15,  4.63187E+11,  1.81788E+09,  8.10636E+08,  3.08548E+08,  1.46648E+08,  3.36345E+07,  9.71519E+06,  1.47411E+11,  4.26591E+08,  2.78760E+08,  5.10152E+09,  2.73023E+14,  7.46911E+03,  2.30982E+09,  1.02902E+03,  6.67684E+05,  3.66973E+05,  1.79284E+07,  2.19803E+19,  1.69907E+13,  6.65735E+12,  5.43027E+12,  3.51808E+12,  5.12210E+11,  2.29804E+13,  7.80698E+08,  1.51557E+03,  5.08762E+16,  5.41893E+06,  4.37145E+15,  1.07571E+09,  5.23429E-02,  2.25120E+12,  5.04007E+11,  8.54419E+14,  3.95060E+02,  5.26770E+14,  2.11725E+03,  2.71123E+09,  3.56136E+13,  1.17000E+08,  0.00000E+00,  0.00000E+00,  0.00000E+00,  0.00000E+00,  0.00000E+00
  3.79000E-02,2,  2.58352E-02,  0.00000E+00,  0.00000E+00,  2.44433E+18,  5.65475E+14,  1.39044E+11,  3.45061E+07,  9.77789E+03,  9.65989E+01,  5.67137E+02,  9.18162E-02,  8.05508E-05,  7.05154E+06,  1.60894E+04,  6.50416E-06,  1.52396E-04,  2.71306E+14,  3.53213E-01,  1.09920E+05,  1.19059E+01,  1.64777E+00,  1.51091E+05,  1.14679E+07,  2.19805E+19,  6.60850E+10,  2.58934E+10,  2.11202E+10,  1.36835E+10,  2.37469E+09,  4.95765E+12,  3.83814E+06,  1.60767E+00,  5.07360E+16,  0.00000E+00,  4.37124E+15,  4.90673E-43,  0.00000E+00,  1.18725E+10,  4.27180E+11,  8.55183E+14,  4.57083E+00,  5.24609E+14,  2.44965E+01,  2.70632E+05,  3.54275E+13,  1.17000E+08,  0.00000E+00,  0.00000E+00,  0.00000E+00,  0.00000E+00,  0.00000E+00
  3.79500E-02,1,  3.49960E+00,  1.40000E+02,  2.54766E-08,  2.44387E+18,  1.02012E+15,  4.63804E+11,  1.81830E+09,  8.10636E+08,  3.08548E+08,  1.46648E+08,  3.36345E+07,  9.71519E+06,  1.47356E+11,  4.26592E+08,  2.78760E+08,  5.10152E+09,  2.73093E+14,  7.47019E+03,  2.30957E+09,  1.02929E+03,  6.67685E+05,  3.67423E+05,  1.79284E+07,  2.19803E+19,  1.69865E+13,  6.65573E+12,  5.42895E+12,  3.51722E+12,  5.12082E+11,  2.30009E+13,  7.80845E+08,  1.51721E+03,  5.08917E+16,  5.41893E+06,  4.38260E+15,  1.07406E+09,  5.22050E-02,  2.25055E+12,  5.04036E+11,  8.55836E+14,  3.95161E+02,  5.27337E+14,  2.11780E+03,  2.70714E+09,  3.56570E+13,  1.17000E+08,  0.00000E+00,  0.00000E+00,  0.00000E+00,  0.00000E+00,  0.00000E+00
  3.80000E-02,2,  2.58352E-02,  0.00000E+00,  0.00000E+00,  2.44433E+18,  5.63320E+14,  1.37988E+11,  3.41148E+07,  9.65093E+03,  9.65867E+01,  5.67320E+02,  9.14956E-02,  7.99867E-05,  7.05135E+06,  1.60945E+04,  6.50360E-06,  1.52388E-04,  2.71349E+14,  3.53315E-01,  1.09935E+05,  1.18969E+01,  1.64128E+00,  1.50091E+05,  1.14239E+07,  2.19804E+19,  6.28040E+10,  2.46078E+10,  2.00716E+10,  1.30042E+10,  2.25977E+09,  4.92157E+12,  3.78243E+06,  1.57248E+00,  5.07502E+16,  0.00000E+00,  4.38238E+15,  0.00000E+00,  0.00000E+00,  1.14052E+10,  4.27132E+11,  8.56605E+14,  4.56738E+00,  5.25156E+14,  2.44781E+01,  2.70490E+05,  3.54690E+13,  1.17000E+08,  0.00000E+00,  0.00000E+00,  0.00000E+00,  0.00000E+00,  0.00000E+00
  3.80500E-02,1,  3.49960E+00,  1.40000E+02,  2.54766E-08,  2.44387E+18,  1.01945E+15,  4.63210E+11,  1.81789E+09,  8.10637E+08,  3.08548E+08,  1.46648E+08,  3.36345E+07,  9.71520E+06,  1.47306E+11,  4.26592E+08,  2.78760E+08,  5.10152E+09,  2.73136E+14,  7.47014E+03,  2.30919E+09,  1.02945E+03,  6.67685E+05,  3.67036E+05,  1.79284E+07,  2.19803E+19,  1.69889E+13,  6.65667E+12,  5.42972E+12,  3.51772E+12,  5.12146E+11,  2.29811E+13,  7.80703E+08,  1.51563E+03,  5.09058E+16,  5.41892E+06,  4.39374E+15,  1.07240E+09,  5.20875E-02,  2.25066E+12,  5.04079E+11,  8.57258E+14,  3.95224E+02,  5.27884E+14,  2.11813E+03,  2.70303E+09,  3.56985E+13,  1.17000E+08,  0.00000E+00,  0.00000E+00,  0.00000E+00,  0.00000E+00,  0.00000E+00
  3.81000E-02,2,  2.58352E-02,  0.00000E+00,  0.00000E+00,  2.44433E+18,  5.63075E+14,  1.37870E+11,  3.40720E+07,  9.63801E+03,  9.66121E+01,  5.67497E+02,  9.14844E-02,  7.99449E-05,  7.05114E+06,  1.60995E+04,  6.50336E-06,  1.52379E-04,  2.71391E+14,  3.53413E-01,  1.09948E+05,  1.18985E+01,  1.64108E+00,  1.49899E+05,  1.14228E+07,  2.19804E+19,  6.37240E+10,  2.49683E+10,  2.03656E+10,  1.31947E+10,  2.28881E+09,  4.91755E+12,  3.77659E+06,  1.56941E+00,  5.07642E+16,  0.00000E+00,  4.39353E+15,  4.26471E-38,  0.00000E+00,  1.15353E+10,  4.27128E+11,  8.58027E+14,  4.56799E+00,  5.25700E+14,  2.44813E+01,  2.70401E+05,  3.55103E+13,  1.17000E+08,  0.00000E+00,  0.00000E+00,  0.00000E+00,  0.00000E+00,  0.00000E+00
  3.81500E-02,1,  3.49960E+00,  1.40000E+02,  2.54766E-08,  2.44387E+18,  1.01937E+15,  4.63146E+11,  1.81785E+09,  8.10637E+08,  3.08548E+08,  1.46648E+08,  3.36346E+07,  9.71521E+06,  1.47256E+11,  4.26592E+08,  2.78760E+08,  5.10152E+09,  2.73179E+14,  7.46977E+03,  2.30872E+09,  1.02961E+03,  6.67686E+05,  3.66978E+05,  1.79284E+07,  2.19803E+19,  1.69814E+13,  6.65371E+12,  5.42731E+12,  3.51616E+12,  5.11922E+11,  2.29790E+13,  7.80688E+08,  1.51546E+03,  5.09197E+16,  5.41892E+06,  4.40489E+15,  1.07075E+09,  5.19415E-02,  2.24936E+12,  5.04088E+11,  8.58679E+14,  3.95286E+02,  5.28428E+14,  2.11846E+03,  2.69892E+09,  3.57398E+13,  1.17000E+08,  0.00000E+00,  0.00000E+00,  0.00000E+00,  0.00000E+00,  0.00000E+00
  3.82000E-02,2,  2.58352E-02,  0.00000E+00,  0.00000E+00,  2.44433E+18,  5.64359E+14,  1.38496E+11,  3.43022E+07,  9.71251E+03,  9.66762E+01,  5.67736E+02,  9.17319E-02,  8.03293E-05,  7.05163E+06,  1.61063E+04,  6.50434E-06,  1.52400E-04,  2.71448E+14,  3.53585E-01,  1.09979E+05,  1.19070E+01,  1.64472E+00,  1.50494E+05,  1.14474E+07,  2.19804E+19,  6.39385E+10,  2.50524E+10,  2.04342E+10,  1.32391E+10,  2.30061E+09,  4.93889E+12,  3.80895E+06,  1.58900E+00,  5.07787E+16,  0.00000E+00,  4.40467E+15,  0.00000E+00,  0.00000E+00,  1.15646E+10,  4.27134E+11,  8.59446E+14,  4.57128E+00,  5.26252E+14,  2.44989E+01,  2.70346E+05,  3.55523E+13,  1.17000E+08,  0.00000E+00,  0.00000E+00,  0.00000E+00,  0.00000E+00,  0.00000E+00
  3.82500E-02,1,  3.49960E+00,  1.40000E+02,  2.54766E-08,  2.44386E+18,  1.01977E+15,  4.63495E+11,  1.81809E+09,  8.10637E+08,  3.08549E+08,  1.46648E+08,  3.36346E+07,  9.71521E+06,  1.47205E+11,  4.26592E+08,  2.78760E+08,  5.10151E+09,  2.73235E+14,  7.47042E+03,  2.30845E+09,  1.02983E+03,  6.67686E+05,  3.67248E+05,  1.79284E+07,  2.19802E+19,  1.69827E+13,  6.65422E+12,  5.42772E+12,  3.51642E+12,  5.11953E+11,  2.29906E+13,  7.80771E+08,  1.51639E+03,  5.09342E+16,  5.41892E+06,  4.41603E+15,  1.06910E+09,  5.18218E-02,  2.24941E+12,  5.04133E+11,  8.60098E+14,  3.95368E+02,  5.28980E+14,  2.11890E+03,  2.69485E+09,  3.57818E+13,  1.17000E+08,  0.00000E+00,  0.00000E+00,  0.00000E+00,  0.00000E+00,  0.00000E+00
  3.83000E-02,2,  2.58352E-02,  0.00000E+00,  0.00000E+00,  2.44432E+18,  5.66101E+14,  1.39354E+11,  3.46208E+07,  9.81704E+03,  9.67605E+01,  5.68034E+02,  9.20635E-02,  8.08531E-05,  7.05278E+06,  1.61148E+04,  6.49271E-06,  1.52450E-04,  2.71519E+14,  3.53827E-01,  1.10026E+05,  1.19168E+01,  1.64878E+00,  1.51340E+05,  1.14741E+07,  2.19803E+19,  6.78035E+10,  2.65667E+10,  2.16694E+10,  1.40393E+10,  2.43229E+09,  4.96826E+12,  3.85469E+06,  1.61765E+00,  5.07938E+16,  0.00000E+00,  4.41581E+15,  0.00000E+00,  0.00000E+00,  1.21134E+10,  4.27174E+11,  8.60862E+14,  4.57500E+00,  5.26812E+14,  2.45189E+01,  2.70298E+05,  3.55950E+13,  1.17000E+08,  0.00000E+00,  0.00000E+00,  0.00000E+00,  0.00000E+00,  0.00000E+00
  3.83500E-02,1,  3.49960E+00,  1.40000E+02,  2.54766E-08,  2.44386E+18,  1.02031E+15,  4.63977E+11,  1.81842E+09,  8.10638E+08,  3.08549E+08,  1.46648E+08,  3.36346E+07,  9.71521E+06,  1.47152E+11,  4.26593E+08,  2.78760E+08,  5.10151E+09,  2.73307E+14,  7.47165E+03,  2.30823E+09,  1.03010E+03,  6.67686E+05,  3.67627E+05,  1.79284E+07,  2.19802E+19,  1.69750E+13,  6.65120E+12,  5.42526E+12,  3.51483E+12,  5.11717E+11,  2.30066E+13,  7.80887E+08,  1.51767E+03,  5.09492E+16,  5.41892E+06,  4.42717E+15,  1.06748E+09,  5.16757E-02,  2.24829E+12,  5.04149E+11,  8.61513E+14,  3.95472E+02,  5.29540E+14,  2.11946E+03,  2.69082E+09,  3.58246E+13,  1.17000E+08,  0.00000E+00,  0.00000E+00,  0.00000E+00,  0.00000E+00,  0.00000E+00
  3.84000E-02,2,  2.58352E-02,  0.00000E+00,  0.00000E+00,  2.44432E+18,  5.66294E+14,  1.39449E+11,  3.46562E+07,  9.82926E+03,  9.68135E+01,  5.68329E+02,  9.21429E-02,  8.09483E-05,  7.05391E+06,  1.61231E+04,  6.51659E-06,  1.52499E-04,  2.71589E+14,  3.54066E-01,  1.10072E+05,  1.19197E+01,  1.64879E+00,  1.51461E+05,  1.14737E+07,  2.19803E+19,  6.76790E+10,  2.65180E+10,  2.16296E+10,  1.40136E+10,  2.42781E+09,  4.97151E+12,  3.85975E+06,  1.62083E+00,  5.08087E+16,  0.00000E+00,  4.42695E+15,  0.00000E+00,  0.00000E+00,  1.20955E+10,  4.27173E+11,  8.62278E+14,  4.57615E+00,  5.27370E+14,  2.45250E+01,  2.70217E+05,  3.56376E+13,  1.17000E+08,  0.00000E+00,  0.00000E+00,  0.00000E+00,  0.00000E+00,  0.00000E+00
  3.84500E-02,1,  3.49960E+00,  1.40000E+02,  2.54766E-08,  2.44386E+18,  1.02037E+15,  4.64030E+11,  1.81846E+09,  8.10638E+08,  3.08549E+08,  1.46648E+08,  3.36346E+07,  9.71522E+06,  1.47100E+11,  4.26593E+08,  2.78760E+08,  5.10151E+09,  2.73376E+14,  7.47281E+03,  2.30800E+09,  1.03036E+03,  6.67686E+05,  3.67710E+05,  1.79284E+07,  2.19802E+19,  1.69708E+13,  6.64957E+12,  5.42393E+12,  3.51397E+12,  5.11588E+11,  2.30084E+13,  7.80899E+08,  1.51782E+03,  5.09640E+16,  5.41891E+06,  4.43831E+15,  1.06585E+09,  5.15411E-02,  2.24767E+12,  5.04179E+11,  8.62928E+14,  3.95573E+02,  5.30098E+14,  2.12000E+03,  2.68679E+09,  3.58671E+13,  1.17000E+08,  0.00000E+00,  0.00000E+00,  0.00000E+00,  0.00000E+00,  0.00000E+00
  3.85000E-02,2,  2.58352E-02,  0.00000E+00,  0.00000E+00,  2.44432E+18,  5.64200E+14,  1.38419E+11,  3.42737E+07,  9.70518E+03,  9.68061E+01,  5.68534E+02,  9.18350E-02,  8.03990E-05,  7.05406E+06,  1.61289E+04,  6.50867E-06,  1.52505E-04,  2.71637E+14,  3.54199E-01,  1.10094E+05,  1.19127E+01,  1.64327E+00,  1.50449E+05,  1.14367E+07,  2.19803E+19,  6.29842E+10,  2.46784E+10,  2.01292E+10,  1.30415E+10,  2.26702E+09,  4.93627E+12,  3.80496E+06,  1.58646E+00,  5.08225E+16,  0.00000E+00,  4.43809E+15,  1.88707E-27,  0.00000E+00,  1.14279E+10,  4.27118E+11,  8.63697E+14,  4.57345E+00,  5.27911E+14,  2.45105E+01,  2.70087E+05,  3.56786E+13,  1.17000E+08,  0.00000E+00,  0.00000E+00,  0.00000E+00,  0.00000E+00,  0.00000E+00
  3.85500E-02,1,  3.49960E+00,  1.40000E+02,  2.54766E-08,  2.44386E+18,  1.01972E+15,  4.63456E+11,  1.81806E+09,  8.10638E+08,  3.08549E+08,  1.46648E+08,  3.36346E+07,  9.71523E+06,  1.47051E+11,  4.26593E+08,  2.78760E+08,  5.10151E+09,  2.73425E+14,  7.47294E+03,  2.30764E+09,  1.03054E+03,  6.67687E+05,  3.67321E+05,  1.79284E+07,  2.19801E+19,  1.69679E+13,  6.64845E+12,  5.42301E+12,  3.51337E+12,  5.11499E+11,  2.29892E+13,  7.80762E+08,  1.51629E+03,  5.09777E+16,  5.41891E+06,  4.44944E+15,  1.06422E+09,  5.14113E-02,  2.24709E+12,  5.04207E+11,  8.64347E+14,  3.95644E+02,  5.30638E+14,  2.12037E+03,  2.68274E+09,  3.59082E+13,  1.17000E+08,  0.00000E+00,  0.00000E+00,  0.00000E+00,  0.00000E+00,  0.00000E+00
  3.86000E-02,2,  2.58352E-02,  0.00000E+00,  0.00000E+00,  2.44432E+18,  5.62150E+14,  1.37416E+11,  3.39017E+07,  9.58320E+03,  9.67837E+01,  5.68651E+02,  9.15201E-02,  7.98554E-05,  7.05326E+06,  1.61322E+04,  6.50727E-06,  1.52470E-04,  2.71664E+14,  3.54229E-01,  1.10093E+05,  1.19055E+01,  1.63815E+00,  1.49388E+05,  1.14027E+07,  2.19803E+19,  6.03995E+10,  2.36657E+10,  1.93031E+10,  1.25063E+10,  2.17736E+09,  4.90205E+12,  3.75214E+06,  1.55148E+00,  5.08352E+16,  0.00000E+00,  4.44922E+15,  5.75379E-19,  0.00000E+00,  1.10595E+10,  4.27076E+11,  8.65119E+14,  4.57069E+00,  5.28435E+14,  2.44957E+01,  2.69956E+05,  3.57182E+13,  1.17000E+08,  0.00000E+00,  0.00000E+00,  0.00000E+00,  0.00000E+00,  0.00000E+00
  3.86500E-02,1,  3.49960E+00,  1.40000E+02,  2.54766E-08,  2.44386E+18,  1.01908E+15,  4.62887E+11,  1.81767E+09,  8.10639E+08,  3.08549E+08,  1.46648E+08,  3.36347E+07,  9.71524E+06,  1.47004E+11,  4.26593E+08,  2.78760E+08,  5.10151E+09,  2.73452E+14,  7.47218E+03,  2.30718E+09,  1.03065E+03,  6.67688E+05,  3.66903E+05,  1.79284E+07,  2.19801E+19,  1.69732E+13,  6.65052E+12,  5.42470E+12,  3.51447E+12,  5.11653E+11,  2.29702E+13,  7.80625E+08,  1.51476E+03,  5.09904E+16,  5.41891E+06,  4.46057E+15,  1.06258E+09,  5.13067E-02,  2.24753E+12,  5.04260E+11,  8.65769E+14,  3.95683E+02,  5.31163E+14,  2.12058E+03,  2.67868E+09,  3.59478E+13,  1.17000E+08,  0.00000E+00,  0.00000E+00,  0.00000E+00,  0.00000E+00,  0.00000E+00
  3.87000E-02,2,  2.58352E-02,  0.00000E+00,  0.00000E+00,  2.44432E+18,  5.61650E+14,  1.37174E+11,  3.38139E+07,  9.55689E+03,  9.67941E+01,  5.68754E+02,  9.14554E-02,  7.97363E-05,  7.05233E+06,  1.61351E+04,  6.50563E-06,  1.52430E-04,  2.71688E+14,  3.54238E-01,  1.10084E+05,  1.19053E+01,  1.63727E+00,  1.49068E+05,  1.13972E+07,  2.19802E+19,  6.03330E+10,  2.36396E+10,  1.92819E+10,  1.24925E+10,  2.17558E+09,  4.89374E+12,  3.73961E+06,  1.54570E+00,  5.08477E+16,  0.00000E+00,  4.46035E+15,  3.59770-208,  0.00000E+00,  1.10488E+10,  4.27062E+11,  8.66542E+14,  4.57058E+00,  5.28955E+14,  2.44951E+01,  2.69859E+05,  3.57573E+13,  1.17000E+08,  0.00000E+00,  0.00000E+00,  0.00000E+00,  0.00000E+00,  0.00000E+00
  3.87500E-02,1,  3.49960E+00,  1.40000E+02,  2.54766E-08,  2.44386E+18,  1.01893E+15,  4.62752E+11,  1.81758E+09,  8.10639E+08,  3.08549E+08,  1.46648E+08,  3.36347E+07,  9.71524E+06,  1.46959E+11,  4.26594E+08,  2.78760E+08,  5.10151E+09,  2.73477E+14,  7.47115E+03,  2.30665E+09,  1.03074E+03,  6.67688E+05,  3.66784E+05,  1.79284E+07,  2.19801E+19,  1.69690E+13,  6.64887E+12,  5.42336E+12,  3.51360E+12,  5.11528E+11,  2.29657E+13,  7.80593E+08,  1.51441E+03,  5.10028E+16,  5.41891E+06,  4.47170E+15,  1.06095E+09,  5.11748E-02,  2.24662E+12,  5.04276E+11,  8.67191E+14,  3.95720E+02,  5.31682E+14,  2.12078E+03,  2.67462E+09,  3.59870E+13,  1.17000E+08,  0.00000E+00,  0.00000E+00,  0.00000E+00,  0.00000E+00,  0.00000E+00
  3.88000E-02,2,  2.58352E-02,  0.00000E+00,  0.00000E+00,  2.44432E+18,  5.63298E+14,  1.37978E+11,  3.41112E+07,  9.65349E+03,  9.68559E+01,  5.68938E+02,  9.17535E-02,  8.02095E-05,  7.05231E+06,  1.61403E+04,  6.52008E-06,  1.52429E-04,  2.71732E+14,  3.54357E-01,  1.10105E+05,  1.19150E+01,  1.64198E+00,  1.49837E+05,  1.14289E+07,  2.19802E+19,  6.27008E+10,  2.45674E+10,  2.00386E+10,  1.29828E+10,  2.25595E+09,  4.92121E+12,  3.78190E+06,  1.57214E+00,  5.08609E+16,  0.00000E+00,  4.47148E+15,  0.00000E+00,  0.00000E+00,  1.13839E+10,  4.27080E+11,  8.67961E+14,  4.57433E+00,  5.29486E+14,  2.45152E+01,  2.69812E+05,  3.57975E+13,  1.17000E+08,  0.00000E+00,  0.00000E+00,  0.00000E+00,  0.00000E+00,  0.00000E+00
  3.88500E-02,1,  3.49960E+00,  1.40000E+02,  2.54766E-08,  2.44386E+18,  1.01944E+15,  4.63204E+11,  1.81789E+09,  8.10639E+08,  3.08550E+08,  1.46649E+08,  3.36347E+07,  9.71525E+06,  1.46911E+11,  4.26594E+08,  2.78760E+08,  5.10151E+09,  2.73521E+14,  7.47112E+03,  2.30627E+09,  1.03091E+03,  6.67688E+05,  3.67118E+05,  1.79284E+07,  2.19801E+19,  1.69659E+13,  6.64767E+12,  5.42238E+12,  3.51296E+12,  5.11434E+11,  2.29808E+13,  7.80701E+08,  1.51562E+03,  5.10159E+16,  5.41891E+06,  4.48283E+15,  1.05933E+09,  5.10464E-02,  2.24601E+12,  5.04304E+11,  8.68609E+14,  3.95784E+02,  5.32213E+14,  2.12112E+03,  2.67060E+09,  3.60272E+13,  1.17000E+08,  0.00000E+00,  0.00000E+00,  0.00000E+00,  0.00000E+00,  0.00000E+00
  3.89000E-02,2,  2.58352E-02,  0.00000E+00,  0.00000E+00,  2.44432E+18,  5.64695E+14,  1.38662E+11,  3.43634E+07,  9.73545E+03,  9.69217E+01,  5.69171E+02,  9.20189E-02,  8.06271E-05,  7.05285E+06,  1.61470E+04,  6.50653E-06,  1.52453E-04,  2.71787E+14,  3.54528E-01,  1.10136E+05,  1.19226E+01,  1.64514E+00,  1.50526E+05,  1.14497E+07,  2.19802E+19,  6.46283E+10,  2.53226E+10,  2.06546E+10,  1.33819E+10,  2.32294E+09,  4.94459E+12,  3.81765E+06,  1.59400E+00,  5.08744E+16,  0.00000E+00,  4.48261E+15,  0.00000E+00,  0.00000E+00,  1.16569E+10,  4.27099E+11,  8.69377E+14,  4.57723E+00,  5.30023E+14,  2.45307E+01,  2.69754E+05,  3.58382E+13,  1.17000E+08,  0.00000E+00,  0.00000E+00,  0.00000E+00,  0.00000E+00,  0.00000E+00
  3.89500E-02,1,  3.49960E+00,  1.40000E+02,  2.54766E-08,  2.44386E+18,  1.01987E+15,  4.63591E+11,  1.81816E+09,  8.10640E+08,  3.08550E+08,  1.46649E+08,  3.36347E+07,  9.71525E+06,  1.46863E+11,  4.26594E+08,  2.78760E+08,  5.10150E+09,  2.73577E+14,  7.47170E+03,  2.30598E+09,  1.03112E+03,  6.67689E+05,  3.67425E+05,  1.79284E+07,  2.19800E+19,  1.69589E+13,  6.64489E+12,  5.42011E+12,  3.51149E+12,  5.11217E+11,  2.29937E+13,  7.80794E+08,  1.51665E+03,  5.10294E+16,  5.41890E+06,  4.49396E+15,  1.05772E+09,  5.09065E-02,  2.24490E+12,  5.04318E+11,  8.70025E+14,  3.95866E+02,  5.32751E+14,  2.12156E+03,  2.66661E+09,  3.60680E+13,  1.17000E+08,  0.00000E+00,  0.00000E+00,  0.00000E+00,  0.00000E+00,  0.00000E+00
  3.90000E-02,2,  2.58352E-02,  0.00000E+00,  0.00000E+00,  2.44432E+18,  5.62390E+14,  1.37536E+11,  3.39480E+07,  9.60161E+03,  9.68979E+01,  5.69294E+02,  9.16631E-02,  8.00127E-05,  7.05219E+06,  1.61504E+04,  6.50541E-06,  1.52424E-04,  2.71816E+14,  3.54570E-01,  1.10138E+05,  1.19128E+01,  1.63856E+00,  1.49447E+05,  1.14052E+07,  2.19802E+19,  6.05420E+10,  2.37215E+10,  1.93487E+10,  1.25358E+10,  2.18189E+09,  4.90617E+12,  3.75891E+06,  1.55792E+00,  5.08867E+16,  0.00000E+00,  4.49373E+15,  2.51660E-18,  0.00000E+00,  1.10759E+10,  4.27044E+11,  8.70798E+14,  4.57350E+00,  5.30540E+14,  2.45107E+01,  2.69613E+05,  3.58772E+13,  1.17000E+08,  0.00000E+00,  0.00000E+00,  0.00000E+00,  0.00000E+00,  0.00000E+00
  3.90500E-02,1,  3.49960E+00,  1.40000E+02,  2.54766E-08,  2.44386E+18,  1.01915E+15,  4.62955E+11,  1.81772E+09,  8.10640E+08,  3.08550E+08,  1.46649E+08,  3.36347E+07,  9.71526E+06,  1.46818E+11,  4.26595E+08,  2.78761E+08,  5.10150E+09,  2.73606E+14,  7.47100E+03,  2.30553E+09,  1.03123E+03,  6.67689E+05,  3.67001E+05,  1.79284E+07,  2.19800E+19,  1.69612E+13,  6.64583E+12,  5.42087E+12,  3.51199E+12,  5.11287E+11,  2.29724E+13,  7.80641E+08,  1.51495E+03,  5.10416E+16,  5.41890E+06,  4.50508E+15,  1.05610E+09,  5.07958E-02,  2.24497E+12,  5.04362E+11,  8.71445E+14,  3.95908E+02,  5.33267E+14,  2.12178E+03,  2.66259E+09,  3.61069E+13,  1.17000E+08,  0.00000E+00,  0.00000E+00,  0.00000E+00,  0.00000E+00,  0.00000E+00
  3.91000E-02,2,  2.58352E-02,  0.00000E+00,  0.00000E+00,  2.44431E+18,  5.64027E+14,  1.38335E+11,  3.42430E+07,  9.69752E+03,  9.69637E+01,  5.69499E+02,  9.19630E-02,  8.04889E-05,  7.05245E+06,  1.61562E+04,  6.50590E-06,  1.52436E-04,  2.71865E+14,  3.54709E-01,  1.10162E+05,  1.19234E+01,  1.64354E+00,  1.50167E+05,  1.14391E+07,  2.19801E+19,  6.36674E+10,  2.49461E+10,  2.03475E+10,  1.31829E+10,  2.28955E+09,  4.93338E+12,  3.80059E+06,  1.58380E+00,  5.08997E+16,  0.00000E+00,  4.50486E+15,  0.00000E+00,  0.00000E+00,  1.15186E+10,  4.27073E+11,  8.72215E+14,  4.57753E+00,  5.31068E+14,  2.45323E+01,  2.69570E+05,  3.59171E+13,  1.17000E+08,  0.00000E+00,  0.00000E+00,  0.00000E+00,  0.00000E+00,  0.00000E+00
  3.91500E-02,1,  3.49960E+00,  1.40000E+02,  2.54766E-08,  2.44385E+18,  1.01966E+15,  4.63404E+11,  1.81803E+09,  8.10641E+08,  3.08550E+08,  1.46649E+08,  3.36348E+07,  9.71527E+06,  1.46771E+11,  4.26595E+08,  2.78760E+08,  5.10150E+09,  2.73655E+14,  7.47127E+03,  2.30520E+09,  1.03142E+03,  6.67689E+05,  3.67317E+05,  1.79284E+07,  2.19800E+19,  1.69578E+13,  6.64446E+12,  5.41976E+12,  3.51127E+12,  5.11180E+11,  2.29874E+13,  7.80749E+08,  1.51615E+03,  5.10545E+16,  5.41890E+06,  4.51620E+15,  1.05449E+09,  5.06680E-02,  2.24435E+12,  5.04391E+11,  8.72862E+14,  3.95979E+02,  5.33796E+14,  2.12216E+03,  2.65861E+09,  3.61469E+13,  1.17000E+08,  0.00000E+00,  0.00000E+00,  0.00000E+00,  0.00000E+00,  0.00000E+00
  3.92000E-02,2,  2.58352E-02,  0.00000E+00,  0.00000E+00,  2.44431E+18,  5.65286E+14,  1.38954E+11,  3.44729E+07,  9.77276E+03,  9.70299E+01,  5.69747E+02,  9.22088E-02,  8.08715E-05,  7.05320E+06,  1.61633E+04,  6.51234E-06,  1.52468E-04,  2.71923E+14,  3.54900E-01,  1.10197E+05,  1.19305E+01,  1.64638E+00,  1.50790E+05,  1.14576E+07,  2.19801E+19,  6.59224E+10,  2.58297E+10,  2.10682E+10,  1.36499E+10,  2.36641E+09,  4.95456E+12,  3.83351E+06,  1.60433E+00,  5.09131E+16,  0.00000E+00,  4.51598E+15,  0.00000E+00,  0.00000E+00,  1.18383E+10,  4.27096E+11,  8.73630E+14,  4.58029E+00,  5.31602E+14,  2.45470E+01,  2.69511E+05,  3.59576E+13,  1.17000E+08,  0.00000E+00,  0.00000E+00,  0.00000E+00,  0.00000E+00,  0.00000E+00
  3.92500E-02,1,  3.49960E+00,  1.40000E+02,  2.54766E-08,  2.44385E+18,  1.02006E+15,  4.63753E+11,  1.81827E+09,  8.10641E+08,  3.08550E+08,  1.46649E+08,  3.36348E+07,  9.71527E+06,  1.46723E+11,  4.26595E+08,  2.78760E+08,  5.10150E+09,  2.73715E+14,  7.47207E+03,  2.30495E+09,  1.03164E+03,  6.67690E+05,  3.67598E+05,  1.79284E+07,  2.19800E+19,  1.69507E+13,  6.64169E+12,  5.41750E+12,  3.50980E+12,  5.10964E+11,  2.29991E+13,  7.80833E+08,  1.51709E+03,  5.10678E+16,  5.41890E+06,  4.52733E+15,  1.05290E+09,  5.05300E-02,  2.24329E+12,  5.04407E+11,  8.74276E+14,  3.96065E+02,  5.34330E+14,  2.12262E+03,  2.65466E+09,  3.61874E+13,  1.17000E+08,  0.00000E+00,  0.00000E+00,  0.00000E+00,  0.00000E+00,  0.00000E+00
  3.93000E-02,2,  2.58352E-02,  0.00000E+00,  0.00000E+00,  2.44431E+18,  5.65426E+14,  1.39023E+11,  3.44985E+07,  9.78167E+03,  9.70737E+01,  5.69993E+02,  9.22715E-02,  8.09460E-05,  7.05394E+06,  1.61703E+04,  6.51798E-06,  1.52500E-04,  2.71982E+14,  3.55089E-01,  1.10232E+05,  1.19330E+01,  1.64638E+00,  1.50876E+05,  1.14573E+07,  2.19801E+19,  6.58192E+10,  2.57893E+10,  2.10352E+10,  1.36285E+10,  2.36269E+09,  4.95692E+12,  3.83716E+06,  1.60662E+00,  5.09263E+16,  0.00000E+00,  4.52710E+15,  4.35171E-63,  0.00000E+00,  1.18233E+10,  4.27094E+11,  8.75044E+14,  4.58124E+00,  5.32134E+14,  2.45521E+01,  2.69430E+05,  3.59978E+13,  1.17000E+08,  0.00000E+00,  0.00000E+00,  0.00000E+00,  0.00000E+00,  0.00000E+00
  3.93500E-02,1,  3.49960E+00,  1.40000E+02,  2.54766E-08,  2.44385E+18,  1.02010E+15,  4.63792E+11,  1.81830E+09,  8.10641E+08,  3.08550E+08,  1.46649E+08,  3.36348E+07,  9.71528E+06,  1.46675E+11,  4.26595E+08,  2.78760E+08,  5.10150E+09,  2.73773E+14,  7.47283E+03,  2.30470E+09,  1.03186E+03,  6.67690E+05,  3.67662E+05,  1.79284E+07,  2.19799E+19,  1.69472E+13,  6.64034E+12,  5.41640E+12,  3.50909E+12,  5.10857E+11,  2.30003E+13,  7.80842E+08,  1.51719E+03,  5.10810E+16,  5.41889E+06,  4.53845E+15,  1.05131E+09,  5.04034E-02,  2.24274E+12,  5.04438E+11,  8.75690E+14,  3.96150E+02,  5.34861E+14,  2.12307E+03,  2.65072E+09,  3.62276E+13,  1.17000E+08,  0.00000E+00,  0.00000E+00,  0.00000E+00,  0.00000E+00,  0.00000E+00
  3.94000E-02,2,  2.58352E-02,  0.00000E+00,  0.00000E+00,  2.44431E+18,  5.62012E+14,  1.37350E+11,  3.38796E+07,  9.58119E+03,  9.70226E+01,  5.70087E+02,  9.17291E-02,  8.00206E-05,  7.05302E+06,  1.61729E+04,  6.50695E-06,  1.52460E-04,  2.72003E+14,  3.55102E-01,  1.10228E+05,  1.19187E+01,  1.63716E+00,  1.49221E+05,  1.13954E+07,  2.19801E+19,  5.98274E+10,  2.34415E+10,  1.91203E+10,  1.23878E+10,  2.15745E+09,  4.89975E+12,  3.74908E+06,  1.55184E+00,  5.09378E+16,  0.00000E+00,  4.53822E+15,  3.56328-208,  0.00000E+00,  1.09717E+10,  4.27018E+11,  8.76465E+14,  4.57573E+00,  5.32638E+14,  2.45226E+01,  2.69268E+05,  3.60356E+13,  1.17000E+08,  0.00000E+00,  0.00000E+00,  0.00000E+00,  0.00000E+00,  0.00000E+00
  3.94500E-02,1,  3.49960E+00,  1.40000E+02,  2.54766E-08,  2.44385E+18,  1.01904E+15,  4.62854E+11,  1.81766E+09,  8.10641E+08,  3.08551E+08,  1.46649E+08,  3.36348E+07,  9.71529E+06,  1.46633E+11,  4.26596E+08,  2.78761E+08,  5.10150E+09,  2.73795E+14,  7.47168E+03,  2.30417E+09,  1.03195E+03,  6.67691E+05,  3.66999E+05,  1.79284E+07,  2.19799E+19,  1.69447E+13,  6.63935E+12,  5.41559E+12,  3.50857E+12,  5.10785E+11,  2.29690E+13,  7.80618E+08,  1.51469E+03,  5.10924E+16,  5.41889E+06,  4.54956E+15,  1.04971E+09,  5.02812E-02,  2.24208E+12,  5.04464E+11,  8.77110E+14,  3.96182E+02,  5.35365E+14,  2.12325E+03,  2.64673E+09,  3.62655E+13,  1.17000E+08,  0.00000E+00,  0.00000E+00,  0.00000E+00,  0.00000E+00,  0.00000E+00
  3.95000E-02,2,  2.58352E-02,  0.00000E+00,  0.00000E+00,  2.44430E+18,  5.69856E+14,  1.41204E+11,  3.53107E+07,  1.00487E+04,  9.72572E+01,  5.70559E+02,  9.30870E-02,  8.22527E-05,  7.05628E+06,  1.61863E+04,  6.51947E-06,  1.52601E-04,  2.72116E+14,  3.55556E-01,  1.10323E+05,  1.19613E+01,  1.65973E+00,  1.52919E+05,  1.15476E+07,  2.19800E+19,  7.11578E+10,  2.78810E+10,  2.27414E+10,  1.47339E+10,  2.54902E+09,  5.03139E+12,  3.95306E+06,  1.68029E+00,  5.09533E+16,  0.00000E+00,  4.54934E+15,  0.00000E+00,  0.00000E+00,  1.25809E+10,  4.27162E+11,  8.77869E+14,  4.59209E+00,  5.33205E+14,  2.46102E+01,  2.69381E+05,  3.60790E+13,  1.17000E+08,  0.00000E+00,  0.00000E+00,  0.00000E+00,  0.00000E+00,  0.00000E+00
  3.95500E-02,1,  3.49960E+00,  1.40000E+02,  2.54766E-08,  2.44385E+18,  1.02147E+15,  4.65003E+11,  1.81913E+09,  8.10642E+08,  3.08551E+08,  1.46649E+08,  3.36348E+07,  9.71528E+06,  1.46579E+11,  4.26596E+08,  2.78760E+08,  5.10149E+09,  2.73908E+14,  7.47508E+03,  2.30427E+09,  1.03237E+03,  6.67690E+05,  3.68557E+05,  1.79284E+07,  2.19799E+19,  1.69381E+13,  6.63677E+12,  5.41349E+12,  3.50720E+12,  5.10581E+11,  2.30407E+13,  7.81133E+08,  1.52043E+03,  5.11078E+16,  5.41889E+06,  4.56068E+15,  1.04816E+09,  5.01459E-02,  2.24146E+12,  5.04503E+11,  8.78514E+14,  3.96345E+02,  5.35932E+14,  2.12412E+03,  2.64290E+09,  3.63089E+13,  1.17000E+08,  0.00000E+00,  0.00000E+00,  0.00000E+00,  0.00000E+00,  0.00000E+00
  3.96000E-02,2,  2.58352E-02,  0.00000E+00,  0.00000E+00,  2.44431E+18,  5.66476E+14,  1.39536E+11,  3.46882E+07,  9.84529E+03,  9.72325E+01,  5.70823E+02,  9.25775E-02,  8.13526E-05,  7.05724E+06,  1.61938E+04,  6.51476E-06,  1.52643E-04,  2.72178E+14,  3.55767E-01,  1.10364E+05,  1.19441E+01,  1.64802E+00,  1.51447E+05,  1.14671E+07,  2.19800E+19,  6.57243E+10,  2.57521E+10,  2.10049E+10,  1.36088E+10,  2.35986E+09,  4.97442E+12,  3.86398E+06,  1.62346E+00,  5.09664E+16,  0.00000E+00,  4.56046E+15,  9.07195E-49,  0.00000E+00,  1.18096E+10,  4.27100E+11,  8.79281E+14,  4.58549E+00,  5.33735E+14,  2.45749E+01,  2.69206E+05,  3.61191E+13,  1.17000E+08,  0.00000E+00,  0.00000E+00,  0.00000E+00,  0.00000E+00,  0.00000E+00
  3.96500E-02,1,  3.49960E+00,  1.40000E+02,  2.54766E-08,  2.44385E+18,  1.02042E+15,  4.64079E+11,  1.81850E+09,  8.10642E+08,  3.08551E+08,  1.46649E+08,  3.36349E+07,  9.71529E+06,  1.46532E+11,  4.26596E+08,  2.78760E+08,  5.10149E+09,  2.73969E+14,  7.47622E+03,  2.30411E+09,  1.03261E+03,  6.67691E+05,  3.67989E+05,  1.79284E+07,  2.19799E+19,  1.69356E+13,  6.63579E+12,  5.41268E+12,  3.50668E+12,  5.10496E+11,  2.30099E+13,  7.80911E+08,  1.51796E+03,  5.11208E+16,  5.41889E+06,  4.57180E+15,  1.04659E+09,  5.00233E-02,  2.24108E+12,  5.04536E+11,  8.79925E+14,  3.96435E+02,  5.36462E+14,  2.12460E+03,  2.63900E+09,  3.63490E+13,  1.17000E+08,  0.00000E+00,  0.00000E+00,  0.00000E+00,  0.00000E+00,  0.00000E+00
  3.97000E-02,2,  2.58352E-02,  0.00000E+00,  0.00000E+00,  2.44431E+18,  5.62560E+14,  1.37618E+11,  3.39780E+07,  9.61482E+03,  9.71725E+01,  5.70923E+02,  9.19535E-02,  8.02868E-05,  7.05643E+06,  1.61966E+04,  6.51335E-06,  1.52608E-04,  2.72201E+14,  3.55787E-01,  1.10361E+05,  1.19292E+01,  1.63833E+00,  1.49477E+05,  1.14028E+07,  2.19800E+19,  5.99576E+10,  2.34926E+10,  1.91619E+10,  1.24148E+10,  2.16044E+09,  4.90886E+12,  3.76292E+06,  1.56024E+00,  5.09776E+16,  0.00000E+00,  4.57157E+15,  0.00000E+00,  0.00000E+00,  1.09902E+10,  4.27025E+11,  8.80700E+14,  4.57978E+00,  5.34235E+14,  2.45442E+01,  2.69043E+05,  3.61566E+13,  1.17000E+08,  0.00000E+00,  0.00000E+00,  0.00000E+00,  0.00000E+00,  0.00000E+00
  3.97500E-02,1,  3.49960E+00,  1.40000E+02,  2.54766E-08,  2.44385E+18,  1.01920E+15,  4.63001E+11,  1.81776E+09,  8.10643E+08,  3.08551E+08,  1.46649E+08,  3.36349E+07,  9.71530E+06,  1.46490E+11,  4.26596E+08,  2.78761E+08,  5.10149E+09,  2.73993E+14,  7.47534E+03,  2.30365E+09,  1.03270E+03,  6.67692E+05,  3.67199E+05,  1.79284E+07,  2.19798E+19,  1.69381E+13,  6.63677E+12,  5.41349E+12,  3.50720E+12,  5.10570E+11,  2.29739E+13,  7.80653E+08,  1.51508E+03,  5.11320E+16,  5.41889E+06,  4.58291E+15,  1.04500E+09,  4.99171E-02,  2.24116E+12,  5.04580E+11,  8.81344E+14,  3.96469E+02,  5.36962E+14,  2.12478E+03,  2.63505E+09,  3.63865E+13,  1.17000E+08,  0.00000E+00,  0.00000E+00,  0.00000E+00,  0.00000E+00,  0.00000E+00
  3.98000E-02,2,  2.58352E-02,  0.00000E+00,  0.00000E+00,  2.44431E+18,  5.62131E+14,  1.37409E+11,  3.39007E+07,  9.59003E+03,  9.71806E+01,  5.71022E+02,  9.18993E-02,  8.01831E-05,  7.05562E+06,  1.61994E+04,  6.51078E-06,  1.52573E-04,  2.72224E+14,  3.55806E-01,  1.10358E+05,  1.19302E+01,  1.63818E+00,  1.49144E+05,  1.14027E+07,  2.19800E+19,  5.99446E+10,  2.34874E+10,  1.91577E+10,  1.24121E+10,  2.15993E+09,  4.90169E+12,  3.75195E+06,  1.55342E+00,  5.09888E+16,  0.00000E+00,  4.58268E+15,  0.00000E+00,  0.00000E+00,  1.09871E+10,  4.27014E+11,  8.82118E+14,  4.58015E+00,  5.34734E+14,  2.45462E+01,  2.68956E+05,  3.61940E+13,  1.17000E+08,  0.00000E+00,  0.00000E+00,  0.00000E+00,  0.00000E+00,  0.00000E+00
  3.98500E-02,1,  3.49960E+00,  1.40000E+02,  2.54766E-08,  2.44384E+18,  1.01907E+15,  4.62883E+11,  1.81768E+09,  8.10643E+08,  3.08551E+08,  1.46650E+08,  3.36349E+07,  9.71531E+06,  1.46449E+11,  4.26597E+08,  2.78761E+08,  5.10149E+09,  2.74016E+14,  7.47451E+03,  2.30319E+09,  1.03279E+03,  6.67692E+05,  3.67076E+05,  1.79284E+07,  2.19798E+19,  1.69369E+13,  6.63628E+12,  5.41309E+12,  3.50694E+12,  5.10531E+11,  2.29699E+13,  7.80624E+08,  1.51477E+03,  5.11431E+16,  5.41888E+06,  4.59401E+15,  1.04341E+09,  4.98004E-02,  2.24072E+12,  5.04609E+11,  8.82762E+14,  3.96503E+02,  5.37461E+14,  2.12496E+03,  2.63112E+09,  3.64239E+13,  1.17000E+08,  0.00000E+00,  0.00000E+00,  0.00000E+00,  0.00000E+00,  0.00000E+00
  3.99000E-02,2,  2.58352E-02,  0.00000E+00,  0.00000E+00,  2.44431E+18,  5.62084E+14,  1.37386E+11,  3.38923E+07,  9.58754E+03,  9.71964E+01,  5.71122E+02,  9.19078E-02,  8.01839E-05,  7.05484E+06,  1.62022E+04,  6.51134E-06,  1.52539E-04,  2.72248E+14,  3.55827E-01,  1.10355E+05,  1.19312E+01,  1.63815E+00,  1.49082E+05,  1.14026E+07,  2.19799E+19,  5.99127E+10,  2.34749E+10,  1.91475E+10,  1.24055E+10,  2.15877E+09,  4.90091E+12,  3.75076E+06,  1.55268E+00,  5.09998E+16,  0.00000E+00,  4.59379E+15,  0.00000E+00,  0.00000E+00,  1.09814E+10,  4.27003E+11,  8.83536E+14,  4.58054E+00,  5.35230E+14,  2.45483E+01,  2.68869E+05,  3.62311E+13,  1.17000E+08,  0.00000E+00,  0.00000E+00,  0.00000E+00,  0.00000E+00,  0.00000E+00
  3.99500E-02,1,  3.49960E+00,  1.40000E+02,  2.54766E-08,  2.44384E+18,  1.01906E+15,  4.62871E+11,  1.81767E+09,  8.10643E+08,  3.08551E+08,  1.46650E+08,  3.36349E+07,  9.71532E+06,  1.46407E+11,  4.26597E+08,  2.78761E+08,  5.10149E+09,  2.74040E+14,  7.47370E+03,  2.30275E+09,  1.03288E+03,  6.67693E+05,  3.67062E+05,  1.79284E+07,  2.19798E+19,  1.69355E+13,  6.63573E+12,  5.41264E+12,  3.50665E+12,  5.10488E+11,  2.29695E+13,  7.80621E+08,  1.51474E+03,  5.11540E+16,  5.41888E+06,  4.60512E+15,  1.04183E+09,  4.96839E-02,  2.24026E+12,  5.04639E+11,  8.84179E+14,  3.96538E+02,  5.37957E+14,  2.12515E+03,  2.62720E+09,  3.64611E+13,  1.17000E+08,  0.00000E+00,  0.00000E+00,  0.00000E+00,  0.00000E+00,  0.00000E+00
  4.00000E-02,2,  2.58352E-02,  0.00000E+00,  0.00000E+00,  2.44430E+18,  5.63989E+14,  1.38317E+11,  3.42367E+07,  9.69971E+03,  9.72644E+01,  5.71307E+02,  9.22492E-02,  8.07350E-05,  7.05501E+06,  1.62074E+04,  6.51047E-06,  1.52547E-04,  2.72291E+14,  3.55949E-01,  1.10375E+05,  1.19416E+01,  1.64325E+00,  1.49979E+05,  1.14367E+07,  2.19799E+19,  6.31116E+10,  2.47284E+10,  2.01699E+10,  1.30679E+10,  2.26877E+09,  4.93275E+12,  3.79971E+06,  1.58330E+00,  5.10116E+16,  0.00000E+00,  4.60489E+15,  0.00000E+00,  0.00000E+00,  1.14345E+10,  4.27034E+11,  8.84950E+14,  4.58453E+00,  5.35739E+14,  2.45696E+01,  2.68828E+05,  3.62694E+13,  1.17000E+08,  0.00000E+00,  0.00000E+00,  0.00000E+00,  0.00000E+00,  0.00000E+00
  4.00500E-02,1,  3.49960E+00,  1.40000E+02,  2.54766E-08,  2.44384E+18,  1.01965E+15,  4.63396E+11,  1.81803E+09,  8.10644E+08,  3.08551E+08,  1.46650E+08,  3.36349E+07,  9.71532E+06,  1.46364E+11,  4.26597E+08,  2.78761E+08,  5.10149E+09,  2.74085E+14,  7.47373E+03,  2.30239E+09,  1.03305E+03,  6.67693E+05,  3.67447E+05,  1.79284E+07,  2.19798E+19,  1.69276E+13,  6.63263E+12,  5.41011E+12,  3.50501E+12,  5.10252E+11,  2.29870E+13,  7.80748E+08,  1.51614E+03,  5.11658E+16,  5.41888E+06,  4.61623E+15,  1.04027E+09,  4.95491E-02,  2.23902E+12,  5.04652E+11,  8.85593E+14,  3.96603E+02,  5.38466E+14,  2.12549E+03,  2.62331E+09,  3.64994E+13,  1.17000E+08,  0.00000E+00,  0.00000E+00,  0.00000E+00,  0.00000E+00,  0.00000E+00
  4.01000E-02,2,  2.58352E-02,  0.00000E+00,  0.00000E+00,  2.44430E+18,  5.62691E+14,  1.37677E+11,  3.39932E+07,  9.61676E+03,  9.72552E+01,  5.71426E+02,  9.20563E-02,  8.03939E-05,  7.05447E+06,  1.62108E+04,  6.50964E-06,  1.52524E-04,  2.72320E+14,  3.56151E-01,  1.10378E+05,  1.19361E+01,  1.63928E+00,  1.49390E+05,  1.14097E+07,  2.19799E+19,  6.03051E+10,  2.36287E+10,  1.92730E+10,  1.24867E+10,  2.17208E+09,  4.91093E+12,  3.76329E+06,  1.55281E+00,  5.10226E+16,  0.00000E+00,  4.61600E+15,  1.23768E-11,  0.00000E+00,  1.10355E+10,  4.26995E+11,  8.86367E+14,  4.58243E+00,  5.36235E+14,  2.45584E+01,  2.68711E+05,  3.63065E+13,  1.17000E+08,  0.00000E+00,  0.00000E+00,  0.00000E+00,  0.00000E+00,  0.00000E+00
  4.01500E-02,1,  3.49960E+00,  1.40000E+02,  2.54766E-08,  2.44384E+18,  1.01926E+15,  4.63048E+11,  1.81779E+09,  8.10644E+08,  3.08552E+08,  1.46650E+08,  3.36350E+07,  9.71533E+06,  1.46323E+11,  4.26597E+08,  2.78761E+08,  5.10149E+09,  2.74114E+14,  7.47319E+03,  2.30198E+09,  1.03316E+03,  6.67693E+05,  3.67219E+05,  1.79284E+07,  2.19797E+19,  1.69220E+13,  6.63043E+12,  5.40832E+12,  3.50385E+12,  5.10082E+11,  2.29754E+13,  7.80664E+08,  1.51521E+03,  5.11767E+16,  5.41888E+06,  4.62733E+15,  1.03870E+09,  4.94214E-02,  2.23801E+12,  5.04664E+11,  8.87009E+14,  3.96645E+02,  5.38961E+14,  2.12572E+03,  2.61942E+09,  3.65365E+13,  1.17000E+08,  0.00000E+00,  0.00000E+00,  0.00000E+00,  0.00000E+00,  0.00000E+00
  4.02000E-02,2,  2.58352E-02,  0.00000E+00,  0.00000E+00,  2.44430E+18,  5.63757E+14,  1.38203E+11,  3.41940E+07,  9.68633E+03,  9.73074E+01,  5.71593E+02,  9.22576E-02,  8.07106E-05,  7.05447E+06,  1.62155E+04,  6.50967E-06,  1.52523E-04,  2.72359E+14,  3.56097E-01,  1.10395E+05,  1.19430E+01,  1.64232E+00,  1.49864E+05,  1.14302E+07,  2.19799E+19,  6.27454E+10,  2.45849E+10,  2.00529E+10,  1.29920E+10,  2.25610E+09,  4.92882E+12,  3.79354E+06,  1.57932E+00,  5.10339E+16,  0.00000E+00,  4.62710E+15,  3.65695-208,  0.00000E+00,  1.13808E+10,  4.27017E+11,  8.87781E+14,  4.58505E+00,  5.36736E+14,  2.45724E+01,  2.68653E+05,  3.63441E+13,  1.17000E+08,  0.00000E+00,  0.00000E+00,  0.00000E+00,  0.00000E+00,  0.00000E+00
  4.02500E-02,1,  3.49960E+00,  1.40000E+02,  2.54766E-08,  2.44384E+18,  1.01958E+15,  4.63334E+11,  1.81799E+09,  8.10644E+08,  3.08552E+08,  1.46650E+08,  3.36350E+07,  9.71533E+06,  1.46280E+11,  4.26598E+08,  2.78761E+08,  5.10149E+09,  2.74153E+14,  7.47334E+03,  2.30170E+09,  1.03331E+03,  6.67694E+05,  3.67433E+05,  1.79284E+07,  2.19797E+19,  1.69247E+13,  6.63151E+12,  5.40919E+12,  3.50442E+12,  5.10157E+11,  2.29849E+13,  7.80733E+08,  1.51598E+03,  5.11880E+16,  5.41888E+06,  4.63843E+15,  1.03714E+09,  4.93180E-02,  2.23825E+12,  5.04715E+11,  8.88423E+14,  3.96702E+02,  5.39463E+14,  2.12602E+03,  2.61556E+09,  3.65742E+13,  1.17000E+08,  0.00000E+00,  0.00000E+00,  0.00000E+00,  0.00000E+00,  0.00000E+00
  4.03000E-02,2,  2.58352E-02,  0.00000E+00,  0.00000E+00,  2.44430E+18,  5.64792E+14,  1.38711E+11,  3.43826E+07,  9.74825E+03,  9.73631E+01,  5.71804E+02,  9.24613E-02,  8.10273E-05,  7.05497E+06,  1.62215E+04,  6.51054E-06,  1.52545E-04,  2.72409E+14,  3.56253E-01,  1.10423E+05,  1.19494E+01,  1.64493E+00,  1.50375E+05,  1.14475E+07,  2.19798E+19,  6.37064E+10,  2.49614E+10,  2.03600E+10,  1.31910E+10,  2.28952E+09,  4.94620E+12,  3.82045E+06,  1.59629E+00,  5.10457E+16,  0.00000E+00,  4.63820E+15,  0.00000E+00,  0.00000E+00,  1.15168E+10,  4.27027E+11,  8.89194E+14,  4.58753E+00,  5.37244E+14,  2.45857E+01,  2.68593E+05,  3.63823E+13,  1.17000E+08,  0.00000E+00,  0.00000E+00,  0.00000E+00,  0.00000E+00,  0.00000E+00
  4.03500E-02,1,  3.49960E+00,  1.40000E+02,  2.54766E-08,  2.44384E+18,  1.01990E+15,  4.63617E+11,  1.81818E+09,  8.10645E+08,  3.08552E+08,  1.46650E+08,  3.36350E+07,  9.71534E+06,  1.46237E+11,  4.26598E+08,  2.78761E+08,  5.10149E+09,  2.74204E+14,  7.47368E+03,  2.30139E+09,  1.03350E+03,  6.67694E+05,  3.67664E+05,  1.79284E+07,  2.19797E+19,  1.69206E+13,  6.62988E+12,  5.40787E+12,  3.50356E+12,  5.10035E+11,  2.29944E+13,  7.80800E+08,  1.51673E+03,  5.11997E+16,  5.41887E+06,  4.64953E+15,  1.03559E+09,  4.91959E-02,  2.23760E+12,  5.04746E+11,  8.89835E+14,  3.96775E+02,  5.39970E+14,  2.12641E+03,  2.61171E+09,  3.66123E+13,  1.17000E+08,  0.00000E+00,  0.00000E+00,  0.00000E+00,  0.00000E+00,  0.00000E+00
  4.04000E-02,2,  2.58352E-02,  0.00000E+00,  0.00000E+00,  2.44430E+18,  5.66577E+14,  1.39588E+11,  3.47077E+07,  9.85467E+03,  9.74462E+01,  5.72091E+02,  9.28003E-02,  8.15626E-05,  7.05632E+06,  1.62297E+04,  6.51296E-06,  1.52604E-04,  2.72477E+14,  3.56499E-01,  1.10471E+05,  1.19601E+01,  1.64957E+00,  1.51256E+05,  1.14784E+07,  2.19798E+19,  6.57531E+10,  2.57633E+10,  2.10141E+10,  1.36148E+10,  2.36066E+09,  4.97615E+12,  3.86678E+06,  1.62530E+00,  5.10582E+16,  0.00000E+00,  4.64930E+15,  0.00000E+00,  0.00000E+00,  1.18072E+10,  4.27056E+11,  8.90602E+14,  4.59162E+00,  5.37762E+14,  2.46076E+01,  2.68554E+05,  3.64214E+13,  1.17000E+08,  0.00000E+00,  0.00000E+00,  0.00000E+00,  0.00000E+00,  0.00000E+00
  4.04500E-02,1,  3.49960E+00,  1.40000E+02,  2.54766E-08,  2.44384E+18,  1.02045E+15,  4.64107E+11,  1.81852E+09,  8.10645E+08,  3.08552E+08,  1.46650E+08,  3.36350E+07,  9.71534E+06,  1.46192E+11,  4.26598E+08,  2.78761E+08,  5.10148E+09,  2.74271E+14,  7.47524E+03,  2.30131E+09,  1.03375E+03,  6.67694E+05,  3.68055E+05,  1.79284E+07,  2.19797E+19,  1.69177E+13,  6.62877E+12,  5.40696E+12,  3.50297E+12,  5.09941E+11,  2.30107E+13,  7.80918E+08,  1.51804E+03,  5.12121E+16,  5.41887E+06,  4.66063E+15,  1.03406E+09,  4.90770E-02,  2.23725E+12,  5.04783E+11,  8.91243E+14,  3.96874E+02,  5.40489E+14,  2.12694E+03,  2.60791E+09,  3.66515E+13,  1.17000E+08,  0.00000E+00,  0.00000E+00,  0.00000E+00,  0.00000E+00,  0.00000E+00
  4.05000E-02,2,  2.58352E-02,  0.00000E+00,  0.00000E+00,  2.44430E+18,  5.65102E+14,  1.38863E+11,  3.44390E+07,  9.76773E+03,  9.74512E+01,  5.72296E+02,  9.25917E-02,  8.11828E-05,  7.05676E+06,  1.62355E+04,  6.51410E-06,  1.52623E-04,  2.72525E+14,  3.56647E-01,  1.10498E+05,  1.19544E+01,  1.64495E+00,  1.50572E+05,  1.14468E+07,  2.19798E+19,  6.35326E+10,  2.48933E+10,  2.03045E+10,  1.31550E+10,  2.28325E+09,  4.95139E+12,  3.82848E+06,  1.60133E+00,  5.10697E+16,  0.00000E+00,  4.66040E+15,  0.00000E+00,  0.00000E+00,  1.14920E+10,  4.27029E+11,  8.92014E+14,  4.58943E+00,  5.38265E+14,  2.45958E+01,  2.68438E+05,  3.64592E+13,  1.17000E+08,  0.00000E+00,  0.00000E+00,  0.00000E+00,  0.00000E+00,  0.00000E+00
  4.05500E-02,1,  3.49960E+00,  1.40000E+02,  2.54766E-08,  2.44384E+18,  1.01999E+15,  4.63702E+11,  1.81824E+09,  8.10645E+08,  3.08552E+08,  1.46650E+08,  3.36350E+07,  9.71535E+06,  1.46150E+11,  4.26598E+08,  2.78761E+08,  5.10148E+09,  2.74320E+14,  7.47551E+03,  2.30099E+09,  1.03393E+03,  6.67695E+05,  3.67800E+05,  1.79284E+07,  2.19796E+19,  1.69137E+13,  6.62720E+12,  5.40568E+12,  3.50214E+12,  5.09822E+11,  2.29972E+13,  7.80821E+08,  1.51696E+03,  5.12235E+16,  5.41887E+06,  4.67173E+15,  1.03252E+09,  4.89564E-02,  2.23661E+12,  5.04814E+11,  8.92654E+14,  3.96944E+02,  5.40992E+14,  2.12731E+03,  2.60409E+09,  3.66893E+13,  1.17000E+08,  0.00000E+00,  0.00000E+00,  0.00000E+00,  0.00000E+00,  0.00000E+00
  4.06000E-02,2,  2.58352E-02,  0.00000E+00,  0.00000E+00,  2.44430E+18,  5.63573E+14,  1.38114E+11,  3.41615E+07,  9.67783E+03,  9.74443E+01,  5.72435E+02,  9.23636E-02,  8.07797E-05,  7.05651E+06,  1.62394E+04,  6.51383E-06,  1.52612E-04,  2.72558E+14,  3.56719E-01,  1.10507E+05,  1.19496E+01,  1.64116E+00,  1.49786E+05,  1.14218E+07,  2.19798E+19,  6.15238E+10,  2.41062E+10,  1.96625E+10,  1.27391E+10,  2.21320E+09,  4.92579E+12,  3.78897E+06,  1.57649E+00,  5.10804E+16,  0.00000E+00,  4.67149E+15,  1.92511E-41,  0.00000E+00,  1.12064E+10,  4.26999E+11,  8.93428E+14,  4.58760E+00,  5.38756E+14,  2.45860E+01,  2.68326E+05,  3.64958E+13,  1.17000E+08,  0.00000E+00,  0.00000E+00,  0.00000E+00,  0.00000E+00,  0.00000E+00
  4.06500E-02,1,  3.49960E+00,  1.40000E+02,  2.54766E-08,  2.44383E+18,  1.01952E+15,  4.63284E+11,  1.81796E+09,  8.10646E+08,  3.08552E+08,  1.46650E+08,  3.36351E+07,  9.71536E+06,  1.46109E+11,  4.26599E+08,  2.78761E+08,  5.10148E+09,  2.74352E+14,  7.47541E+03,  2.30069E+09,  1.03406E+03,  6.67695E+05,  3.67497E+05,  1.79284E+07,  2.19796E+19,  1.69129E+13,  6.62689E+12,  5.40543E+12,  3.50198E+12,  5.09792E+11,  2.29832E+13,  7.80721E+08,  1.51585E+03,  5.12342E+16,  5.41887E+06,  4.68282E+15,  1.03097E+09,  4.88450E-02,  2.23633E+12,  5.04847E+11,  8.94067E+14,  3.96992E+02,  5.41482E+14,  2.12757E+03,  2.60026E+09,  3.67259E+13,  1.17000E+08,  0.00000E+00,  0.00000E+00,  0.00000E+00,  0.00000E+00,  0.00000E+00
  4.07000E-02,2,  2.58352E-02,  0.00000E+00,  0.00000E+00,  2.44429E+18,  5.64769E+14,  1.38700E+11,  3.43785E+07,  9.74887E+03,  9.75010E+01,  5.72634E+02,  9.25919E-02,  8.11384E-05,  7.05692E+06,  1.62450E+04,  6.51419E-06,  1.52630E-04,  2.72605E+14,  3.56862E-01,  1.10533E+05,  1.19578E+01,  1.64479E+00,  1.50303E+05,  1.14463E+07,  2.19797E+19,  6.34085E+10,  2.48447E+10,  2.02648E+10,  1.31293E+10,  2.27877E+09,  4.94581E+12,  3.81988E+06,  1.59595E+00,  5.10916E+16,  0.00000E+00,  4.68259E+15,  0.00000E+00,  0.00000E+00,  1.14732E+10,  4.27020E+11,  8.94839E+14,  4.59073E+00,  5.39254E+14,  2.46028E+01,  2.68275E+05,  3.65332E+13,  1.17000E+08,  0.00000E+00,  0.00000E+00,  0.00000E+00,  0.00000E+00,  0.00000E+00
  4.07500E-02,1,  3.49960E+00,  1.40000E+02,  2.54766E-08,  2.44383E+18,  1.01989E+15,  4.63610E+11,  1.81818E+09,  8.10646E+08,  3.08553E+08,  1.46650E+08,  3.36351E+07,  9.71536E+06,  1.46068E+11,  4.26599E+08,  2.78761E+08,  5.10148E+09,  2.74400E+14,  7.47567E+03,  2.30037E+09,  1.03424E+03,  6.67695E+05,  3.67730E+05,  1.79284E+07,  2.19796E+19,  1.69090E+13,  6.62534E+12,  5.40416E+12,  3.50116E+12,  5.09675E+11,  2.29941E+13,  7.80799E+08,  1.51672E+03,  5.12453E+16,  5.41887E+06,  4.69391E+15,  1.02944E+09,  4.87257E-02,  2.23570E+12,  5.04878E+11,  8.95478E+14,  3.97061E+02,  5.41981E+14,  2.12793E+03,  2.59646E+09,  3.67634E+13,  1.17000E+08,  0.00000E+00,  0.00000E+00,  0.00000E+00,  0.00000E+00,  0.00000E+00
  4.08000E-02,2,  2.58352E-02,  0.00000E+00,  0.00000E+00,  2.44429E+18,  5.63911E+14,  1.38277E+11,  3.42199E+07,  9.69666E+03,  9.75090E+01,  5.72790E+02,  9.24764E-02,  8.09221E-05,  7.05688E+06,  1.62494E+04,  6.51410E-06,  1.52628E-04,  2.72641E+14,  3.56956E-01,  1.10547E+05,  1.19551E+01,  1.64223E+00,  1.49903E+05,  1.14289E+07,  2.19797E+19,  6.01172E+10,  2.35551E+10,  1.92129E+10,  1.24478E+10,  2.16850E+09,  4.93134E+12,  3.79689E+06,  1.58051E+00,  5.11023E+16,  0.00000E+00,  4.69368E+15,  4.12806E-20,  0.00000E+00,  1.10059E+10,  4.26986E+11,  8.96251E+14,  4.58970E+00,  5.39744E+14,  2.45972E+01,  2.68174E+05,  3.65698E+13,  1.17000E+08,  0.00000E+00,  0.00000E+00,  0.00000E+00,  0.00000E+00,  0.00000E+00
  4.08500E-02,1,  3.49960E+00,  1.40000E+02,  2.54766E-08,  2.44383E+18,  1.01962E+15,  4.63372E+11,  1.81802E+09,  8.10646E+08,  3.08553E+08,  1.46650E+08,  3.36351E+07,  9.71537E+06,  1.46027E+11,  4.26599E+08,  2.78761E+08,  5.10148E+09,  2.74436E+14,  7.47576E+03,  2.30010E+09,  1.03438E+03,  6.67696E+05,  3.67586E+05,  1.79284E+07,  2.19796E+19,  1.69116E+13,  6.62637E+12,  5.40500E+12,  3.50171E+12,  5.09748E+11,  2.29861E+13,  7.80741E+08,  1.51608E+03,  5.12560E+16,  5.41886E+06,  4.70500E+15,  1.02791E+09,  4.86251E-02,  2.23593E+12,  5.04928E+11,  8.96890E+14,  3.97113E+02,  5.42470E+14,  2.12822E+03,  2.59266E+09,  3.68000E+13,  1.17000E+08,  0.00000E+00,  0.00000E+00,  0.00000E+00,  0.00000E+00,  0.00000E+00
  4.09000E-02,2,  2.58352E-02,  0.00000E+00,  0.00000E+00,  2.44429E+18,  5.62929E+14,  1.37799E+11,  3.40452E+07,  9.64119E+03,  9.75096E+01,  5.72902E+02,  9.23335E-02,  8.06679E-05,  7.05636E+06,  1.62526E+04,  6.51472E-06,  1.52606E-04,  2.72667E+14,  3.56998E-01,  1.10550E+05,  1.19521E+01,  1.63972E+00,  1.49400E+05,  1.14122E+07,  2.19797E+19,  6.04069E+10,  2.36686E+10,  1.93055E+10,  1.25078E+10,  2.17456E+09,  4.91502E+12,  3.77244E+06,  1.56623E+00,  5.11124E+16,  0.00000E+00,  4.70477E+15,  0.00000E+00,  0.00000E+00,  1.10462E+10,  4.26974E+11,  8.97665E+14,  4.58855E+00,  5.40224E+14,  2.45910E+01,  2.68071E+05,  3.66056E+13,  1.17000E+08,  0.00000E+00,  0.00000E+00,  0.00000E+00,  0.00000E+00,  0.00000E+00
  4.09500E-02,1,  3.49960E+00,  1.40000E+02,  2.54766E-08,  2.44383E+18,  1.01932E+15,  4.63103E+11,  1.81783E+09,  8.10647E+08,  3.08553E+08,  1.46650E+08,  3.36351E+07,  9.71537E+06,  1.45989E+11,  4.26599E+08,  2.78761E+08,  5.10148E+09,  2.74463E+14,  7.47523E+03,  2.29972E+09,  1.03448E+03,  6.67696E+05,  3.67394E+05,  1.79284E+07,  2.19795E+19,  1.69102E+13,  6.62583E+12,  5.40456E+12,  3.50142E+12,  5.09704E+11,  2.29771E+13,  7.80677E+08,  1.51536E+03,  5.12660E+16,  5.41886E+06,  4.71609E+15,  1.02637E+09,  4.85141E-02,  2.23554E+12,  5.04960E+11,  8.98303E+14,  3.97152E+02,  5.42950E+14,  2.12842E+03,  2.58885E+09,  3.68358E+13,  1.17000E+08,  0.00000E+00,  0.00000E+00,  0.00000E+00,  0.00000E+00,  0.00000E+00
  4.10000E-02,2,  2.58352E-02,  0.00000E+00,  0.00000E+00,  2.44429E+18,  5.62821E+14,  1.37747E+11,  3.40257E+07,  9.63514E+03,  9.75261E+01,  5.73014E+02,  9.23338E-02,  8.06539E-05,  7.05586E+06,  1.62558E+04,  6.51147E-06,  1.52584E-04,  2.72694E+14,  3.57041E-01,  1.10553E+05,  1.19532E+01,  1.63966E+00,  1.49309E+05,  1.14121E+07,  2.19797E+19,  6.03669E+10,  2.36529E+10,  1.92927E+10,  1.24995E+10,  2.17312E+09,  4.91321E+12,  3.76968E+06,  1.56451E+00,  5.11224E+16,  0.00000E+00,  4.71585E+15,  0.00000E+00,  0.00000E+00,  1.10396E+10,  4.26967E+11,  8.99079E+14,  4.58898E+00,  5.40702E+14,  2.45933E+01,  2.67988E+05,  3.66412E+13,  1.17000E+08,  0.00000E+00,  0.00000E+00,  0.00000E+00,  0.00000E+00,  0.00000E+00
  4.10500E-02,1,  3.49960E+00,  1.40000E+02,  2.54766E-08,  2.44383E+18,  1.01928E+15,  4.63073E+11,  1.81781E+09,  8.10647E+08,  3.08553E+08,  1.46651E+08,  3.36351E+07,  9.71538E+06,  1.45950E+11,  4.26600E+08,  2.78761E+08,  5.10148E+09,  2.74490E+14,  7.47471E+03,  2.29934E+09,  1.03458E+03,  6.67697E+05,  3.67370E+05,  1.79284E+07,  2.19795E+19,  1.69087E+13,  6.62522E+12,  5.40407E+12,  3.50110E+12,  5.09656E+11,  2.29761E+13,  7.80670E+08,  1.51528E+03,  5.12760E+16,  5.41886E+06,  4.72717E+15,  1.02484E+09,  4.84031E-02,  2.23513E+12,  5.04992E+11,  8.99716E+14,  3.97191E+02,  5.43428E+14,  2.12863E+03,  2.58506E+09,  3.68714E+13,  1.17000E+08,  0.00000E+00,  0.00000E+00,  0.00000E+00,  0.00000E+00,  0.00000E+00
  4.11000E-02,2,  2.58352E-02,  0.00000E+00,  0.00000E+00,  2.44429E+18,  5.64683E+14,  1.38658E+11,  3.43631E+07,  9.74518E+03,  9.75950E+01,  5.73208E+02,  9.26708E-02,  8.11966E-05,  7.05628E+06,  1.62613E+04,  6.51317E-06,  1.52602E-04,  2.72740E+14,  3.57182E-01,  1.10578E+05,  1.19635E+01,  1.64466E+00,  1.50183E+05,  1.14455E+07,  2.19796E+19,  6.32192E+10,  2.47705E+10,  2.02043E+10,  1.30901E+10,  2.27194E+09,  4.94436E+12,  3.81767E+06,  1.59457E+00,  5.11332E+16,  0.00000E+00,  4.72694E+15,  0.00000E+00,  0.00000E+00,  1.14436E+10,  4.26998E+11,  9.00488E+14,  4.59294E+00,  5.41193E+14,  2.46145E+01,  2.67949E+05,  3.66779E+13,  1.17000E+08,  0.00000E+00,  0.00000E+00,  0.00000E+00,  0.00000E+00,  0.00000E+00
  4.11500E-02,1,  3.49960E+00,  1.40000E+02,  2.54766E-08,  2.44383E+18,  1.01986E+15,  4.63587E+11,  1.81817E+09,  8.10647E+08,  3.08553E+08,  1.46651E+08,  3.36352E+07,  9.71538E+06,  1.45910E+11,  4.26600E+08,  2.78761E+08,  5.10147E+09,  2.74536E+14,  7.47499E+03,  2.29904E+09,  1.03476E+03,  6.67697E+05,  3.67746E+05,  1.79284E+07,  2.19795E+19,  1.69009E+13,  6.62217E+12,  5.40158E+12,  3.49949E+12,  5.09425E+11,  2.29932E+13,  7.80793E+08,  1.51666E+03,  5.12867E+16,  5.41886E+06,  4.73826E+15,  1.02333E+09,  4.82752E-02,  2.23397E+12,  5.05008E+11,  9.01126E+14,  3.97259E+02,  5.43919E+14,  2.12899E+03,  2.58130E+09,  3.69081E+13,  1.17000E+08,  0.00000E+00,  0.00000E+00,  0.00000E+00,  0.00000E+00,  0.00000E+00
  4.12000E-02,2,  2.58352E-02,  0.00000E+00,  0.00000E+00,  2.44429E+18,  5.65520E+14,  1.39071E+11,  3.45170E+07,  9.79605E+03,  9.76493E+01,  5.73432E+02,  9.28446E-02,  8.14603E-05,  7.05703E+06,  1.62676E+04,  6.53365E-06,  1.52635E-04,  2.72792E+14,  3.57358E-01,  1.10611E+05,  1.19688E+01,  1.64649E+00,  1.50622E+05,  1.14574E+07,  2.19796E+19,  6.36148E+10,  2.49255E+10,  2.03307E+10,  1.31720E+10,  2.28618E+09,  4.95848E+12,  3.83974E+06,  1.60857E+00,  5.11442E+16,  0.00000E+00,  4.73802E+15,  8.05075E-27,  0.00000E+00,  1.14997E+10,  4.27006E+11,  9.01897E+14,  4.59496E+00,  5.41687E+14,  2.46254E+01,  2.67886E+05,  3.67148E+13,  1.17000E+08,  0.00000E+00,  0.00000E+00,  0.00000E+00,  0.00000E+00,  0.00000E+00
  4.12500E-02,1,  3.49960E+00,  1.40000E+02,  2.54766E-08,  2.44383E+18,  1.02012E+15,  4.63816E+11,  1.81832E+09,  8.10648E+08,  3.08553E+08,  1.46651E+08,  3.36352E+07,  9.71539E+06,  1.45869E+11,  4.26600E+08,  2.78761E+08,  5.10147E+09,  2.74589E+14,  7.47575E+03,  2.29884E+09,  1.03496E+03,  6.67697E+05,  3.67950E+05,  1.79284E+07,  2.19795E+19,  1.68978E+13,  6.62095E+12,  5.40059E+12,  3.49884E+12,  5.09328E+11,  2.30009E+13,  7.80848E+08,  1.51727E+03,  5.12977E+16,  5.41886E+06,  4.74934E+15,  1.02182E+09,  4.81605E-02,  2.23352E+12,  5.05043E+11,  9.02533E+14,  3.97336E+02,  5.44412E+14,  2.12940E+03,  2.57757E+09,  3.69451E+13,  1.17000E+08,  0.00000E+00,  0.00000E+00,  0.00000E+00,  0.00000E+00,  0.00000E+00
  4.13000E-02,2,  2.58352E-02,  0.00000E+00,  0.00000E+00,  2.44429E+18,  5.64488E+14,  1.38563E+11,  3.43280E+07,  9.73474E+03,  9.76565E+01,  5.73599E+02,  9.27022E-02,  8.11982E-05,  7.05718E+06,  1.62724E+04,  6.51468E-06,  1.52641E-04,  2.72832E+14,  3.57468E-01,  1.10630E+05,  1.19652E+01,  1.64335E+00,  1.50134E+05,  1.14360E+07,  2.19796E+19,  6.24037E+10,  2.44510E+10,  1.99437E+10,  1.29213E+10,  2.24327E+09,  4.94111E+12,  3.81270E+06,  1.59149E+00,  5.11545E+16,  0.00000E+00,  4.74911E+15,  0.00000E+00,  0.00000E+00,  1.13275E+10,  4.26988E+11,  9.03307E+14,  4.59360E+00,  5.42169E+14,  2.46180E+01,  2.67782E+05,  3.67508E+13,  1.17000E+08,  0.00000E+00,  0.00000E+00,  0.00000E+00,  0.00000E+00,  0.00000E+00
  4.13500E-02,1,  3.49960E+00,  1.40000E+02,  2.54766E-08,  2.44383E+18,  1.01980E+15,  4.63533E+11,  1.81813E+09,  8.10648E+08,  3.08553E+08,  1.46651E+08,  3.36352E+07,  9.71540E+06,  1.45830E+11,  4.26600E+08,  2.78761E+08,  5.10147E+09,  2.74629E+14,  7.47589E+03,  2.29855E+09,  1.03511E+03,  6.67697E+05,  3.67771E+05,  1.79284E+07,  2.19794E+19,  1.68954E+13,  6.62004E+12,  5.39984E+12,  3.49836E+12,  5.09256E+11,  2.29914E+13,  7.80780E+08,  1.51652E+03,  5.13079E+16,  5.41885E+06,  4.76042E+15,  1.02031E+09,  4.80487E-02,  2.23309E+12,  5.05076E+11,  9.03943E+14,  3.97393E+02,  5.44895E+14,  2.12971E+03,  2.57382E+09,  3.69811E+13,  1.17000E+08,  0.00000E+00,  0.00000E+00,  0.00000E+00,  0.00000E+00,  0.00000E+00
  4.14000E-02,2,  2.58352E-02,  0.00000E+00,  0.00000E+00,  2.44429E+18,  5.64278E+14,  1.38462E+11,  3.42912E+07,  9.72332E+03,  9.76795E+01,  5.73760E+02,  9.26939E-02,  8.11674E-05,  7.05726E+06,  1.62769E+04,  6.42602E-06,  1.52645E-04,  2.72870E+14,  3.57571E-01,  1.10646E+05,  1.19664E+01,  1.64304E+00,  1.49995E+05,  1.14341E+07,  2.19796E+19,  6.27767E+10,  2.45971E+10,  2.00629E+10,  1.29985E+10,  2.25427E+09,  4.93769E+12,  3.80759E+06,  1.58838E+00,  5.11647E+16,  0.00000E+00,  4.76019E+15,  2.93201E-22,  0.00000E+00,  1.13798E+10,  4.26986E+11,  9.04717E+14,  4.59406E+00,  5.42649E+14,  2.46205E+01,  2.67700E+05,  3.67866E+13,  1.17000E+08,  0.00000E+00,  0.00000E+00,  0.00000E+00,  0.00000E+00,  0.00000E+00
  4.14500E-02,1,  3.49960E+00,  1.40000E+02,  2.54766E-08,  2.44382E+18,  1.01974E+15,  4.63476E+11,  1.81809E+09,  8.10648E+08,  3.08554E+08,  1.46651E+08,  3.36352E+07,  9.71540E+06,  1.45791E+11,  4.26600E+08,  2.78761E+08,  5.10147E+09,  2.74667E+14,  7.47597E+03,  2.29826E+09,  1.03525E+03,  6.67698E+05,  3.67733E+05,  1.79284E+07,  2.19794E+19,  1.68932E+13,  6.61916E+12,  5.39912E+12,  3.49789E+12,  5.09186E+11,  2.29895E+13,  7.80767E+08,  1.51637E+03,  5.13180E+16,  5.41885E+06,  4.77150E+15,  1.01881E+09,  4.79377E-02,  2.23267E+12,  5.05110E+11,  9.05353E+14,  3.97449E+02,  5.45375E+14,  2.13001E+03,  2.57009E+09,  3.70169E+13,  1.17000E+08,  0.00000E+00,  0.00000E+00,  0.00000E+00,  0.00000E+00,  0.00000E+00
  4.15000E-02,2,  2.58352E-02,  0.00000E+00,  0.00000E+00,  2.44428E+18,  5.65295E+14,  1.38959E+11,  3.44744E+07,  9.78310E+03,  9.77325E+01,  5.73960E+02,  9.28933E-02,  8.14730E-05,  7.05778E+06,  1.62826E+04,  6.51583E-06,  1.52667E-04,  2.72917E+14,  3.57721E-01,  1.10674E+05,  1.19729E+01,  1.64567E+00,  1.50461E+05,  1.14517E+07,  2.19795E+19,  6.41006E+10,  2.51159E+10,  2.04860E+10,  1.32726E+10,  2.30179E+09,  4.95459E+12,  3.83349E+06,  1.60446E+00,  5.11752E+16,  0.00000E+00,  4.77126E+15,  3.53418-208,  0.00000E+00,  1.15672E+10,  4.27005E+11,  9.06125E+14,  4.59653E+00,  5.43134E+14,  2.46337E+01,  2.67644E+05,  3.68228E+13,  1.17000E+08,  0.00000E+00,  0.00000E+00,  0.00000E+00,  0.00000E+00,  0.00000E+00
  4.15500E-02,1,  3.49960E+00,  1.40000E+02,  2.54766E-08,  2.44382E+18,  1.02005E+15,  4.63754E+11,  1.81828E+09,  8.10649E+08,  3.08554E+08,  1.46651E+08,  3.36352E+07,  9.71541E+06,  1.45751E+11,  4.26601E+08,  2.78761E+08,  5.10147E+09,  2.74714E+14,  7.47651E+03,  2.29804E+09,  1.03543E+03,  6.67698E+05,  3.67945E+05,  1.79283E+07,  2.19794E+19,  1.68904E+13,  6.61806E+12,  5.39823E+12,  3.49732E+12,  5.09099E+11,  2.29988E+13,  7.80833E+08,  1.51711E+03,  5.13285E+16,  5.41885E+06,  4.78258E+15,  1.01731E+09,  4.78256E-02,  2.23224E+12,  5.05145E+11,  9.06760E+14,  3.97518E+02,  5.45859E+14,  2.13037E+03,  2.56637E+09,  3.70531E+13,  1.17000E+08,  0.00000E+00,  0.00000E+00,  0.00000E+00,  0.00000E+00,  0.00000E+00
  4.16000E-02,2,  2.58352E-02,  0.00000E+00,  0.00000E+00,  2.44428E+18,  5.63574E+14,  1.38112E+11,  3.41583E+07,  9.67940E+03,  9.77176E+01,  5.74082E+02,  9.26300E-02,  8.10100E-05,  7.05746E+06,  1.62860E+04,  6.51538E-06,  1.52653E-04,  2.72945E+14,  3.57779E-01,  1.10680E+05,  1.19661E+01,  1.64086E+00,  1.49642E+05,  1.14193E+07,  2.19795E+19,  5.97002E+10,  2.33917E+10,  1.90796E+10,  1.23615E+10,  2.15223E+09,  4.92565E+12,  3.78800E+06,  1.57484E+00,  5.11848E+16,  0.00000E+00,  4.78234E+15,  0.00000E+00,  0.00000E+00,  1.09426E+10,  4.26955E+11,  9.07536E+14,  4.59392E+00,  5.43603E+14,  2.46197E+01,  2.67526E+05,  3.68576E+13,  1.17000E+08,  0.00000E+00,  0.00000E+00,  0.00000E+00,  0.00000E+00,  0.00000E+00
  4.16500E-02,1,  3.49960E+00,  1.40000E+02,  2.54766E-08,  2.44382E+18,  1.01951E+15,  4.63279E+11,  1.81796E+09,  8.10649E+08,  3.08554E+08,  1.46651E+08,  3.36353E+07,  9.71541E+06,  1.45714E+11,  4.26601E+08,  2.78761E+08,  5.10147E+09,  2.74742E+14,  7.47631E+03,  2.29774E+09,  1.03554E+03,  6.67699E+05,  3.67627E+05,  1.79284E+07,  2.19794E+19,  1.68938E+13,  6.61940E+12,  5.39932E+12,  3.49802E+12,  5.09195E+11,  2.29829E+13,  7.80719E+08,  1.51584E+03,  5.13380E+16,  5.41885E+06,  4.79365E+15,  1.01581E+09,  4.77312E-02,  2.23256E+12,  5.05196E+11,  9.08171E+14,  3.97558E+02,  5.46329E+14,  2.13059E+03,  2.56265E+09,  3.70880E+13,  1.17000E+08,  0.00000E+00,  0.00000E+00,  0.00000E+00,  0.00000E+00,  0.00000E+00
  4.17000E-02,2,  2.58352E-02,  0.00000E+00,  0.00000E+00,  2.44428E+18,  5.64791E+14,  1.38711E+11,  3.43824E+07,  9.75368E+03,  9.77735E+01,  5.74267E+02,  9.28602E-02,  8.13776E-05,  7.05784E+06,  1.62913E+04,  6.51598E-06,  1.52670E-04,  2.72989E+14,  3.57913E-01,  1.10704E+05,  1.19745E+01,  1.64469E+00,  1.50179E+05,  1.14453E+07,  2.19795E+19,  6.21293E+10,  2.43435E+10,  1.98560E+10,  1.28645E+10,  2.23484E+09,  4.94618E+12,  3.82037E+06,  1.59601E+00,  5.11949E+16,  0.00000E+00,  4.79341E+15,  2.58730E-31,  0.00000E+00,  1.12870E+10,  4.26980E+11,  9.08944E+14,  4.59714E+00,  5.44082E+14,  2.46369E+01,  2.67479E+05,  3.68933E+13,  1.17000E+08,  0.00000E+00,  0.00000E+00,  0.00000E+00,  0.00000E+00,  0.00000E+00
  4.17500E-02,1,  3.49960E+00,  1.40000E+02,  2.54766E-08,  2.44382E+18,  1.01990E+15,  4.63618E+11,  1.81819E+09,  8.10649E+08,  3.08554E+08,  1.46651E+08,  3.36353E+07,  9.71542E+06,  1.45675E+11,  4.26601E+08,  2.78761E+08,  5.10147E+09,  2.74787E+14,  7.47673E+03,  2.29751E+09,  1.03571E+03,  6.67699E+05,  3.67865E+05,  1.79283E+07,  2.19793E+19,  1.68873E+13,  6.61684E+12,  5.39723E+12,  3.49667E+12,  5.08996E+11,  2.29942E+13,  7.80800E+08,  1.51674E+03,  5.13481E+16,  5.41885E+06,  4.80472E+15,  1.01432E+09,  4.76096E-02,  2.23158E+12,  5.05214E+11,  9.09578E+14,  3.97623E+02,  5.46808E+14,  2.13093E+03,  2.55895E+09,  3.71237E+13,  1.17000E+08,  0.00000E+00,  0.00000E+00,  0.00000E+00,  0.00000E+00,  0.00000E+00
  4.18000E-02,2,  2.58352E-02,  0.00000E+00,  0.00000E+00,  2.44428E+18,  5.67018E+14,  1.39806E+11,  3.47893E+07,  9.88707E+03,  9.78631E+01,  5.74538E+02,  9.32705E-02,  8.20358E-05,  7.05918E+06,  1.62990E+04,  6.51384E-06,  1.52728E-04,  2.73053E+14,  3.58148E-01,  1.10751E+05,  1.19863E+01,  1.65018E+00,  1.51260E+05,  1.14817E+07,  2.19795E+19,  6.65803E+10,  2.60875E+10,  2.12785E+10,  1.37861E+10,  2.38648E+09,  4.98360E+12,  3.87854E+06,  1.63279E+00,  5.12060E+16,  0.00000E+00,  4.80449E+15,  1.14536E-45,  0.00000E+00,  1.19178E+10,  4.27032E+11,  9.10348E+14,  4.60169E+00,  5.44574E+14,  2.46613E+01,  2.67448E+05,  3.69302E+13,  1.17000E+08,  0.00000E+00,  0.00000E+00,  0.00000E+00,  0.00000E+00,  0.00000E+00
  4.18500E-02,1,  3.49960E+00,  1.40000E+02,  2.54766E-08,  2.44382E+18,  1.02058E+15,  4.64226E+11,  1.81861E+09,  8.10650E+08,  3.08554E+08,  1.46651E+08,  3.36353E+07,  9.71542E+06,  1.45634E+11,  4.26601E+08,  2.78761E+08,  5.10146E+09,  2.74851E+14,  7.47794E+03,  2.29735E+09,  1.03595E+03,  6.67699E+05,  3.68334E+05,  1.79283E+07,  2.19793E+19,  1.68823E+13,  6.61491E+12,  5.39566E+12,  3.49565E+12,  5.08850E+11,  2.30145E+13,  7.80946E+08,  1.51837E+03,  5.13591E+16,  5.41884E+06,  4.81580E+15,  1.01285E+09,  4.74933E-02,  2.23098E+12,  5.05250E+11,  9.10982E+14,  3.97716E+02,  5.47300E+14,  2.13143E+03,  2.55530E+09,  3.71606E+13,  1.17000E+08,  0.00000E+00,  0.00000E+00,  0.00000E+00,  0.00000E+00,  0.00000E+00
  4.19000E-02,2,  2.58352E-02,  0.00000E+00,  0.00000E+00,  2.44428E+18,  5.64938E+14,  1.38785E+11,  3.44105E+07,  9.76391E+03,  9.78487E+01,  5.74700E+02,  9.29545E-02,  8.14800E-05,  7.05932E+06,  1.63035E+04,  6.52456E-06,  1.52734E-04,  2.73091E+14,  3.58254E-01,  1.10769E+05,  1.19774E+01,  1.64386E+00,  1.50298E+05,  1.14388E+07,  2.19794E+19,  6.28764E+10,  2.46362E+10,  2.00947E+10,  1.30191E+10,  2.25879E+09,  4.94869E+12,  3.82453E+06,  1.59873E+00,  5.12157E+16,  0.00000E+00,  4.81556E+15,  4.30631E-35,  0.00000E+00,  1.13926E+10,  4.26989E+11,  9.11756E+14,  4.59824E+00,  5.45046E+14,  2.46428E+01,  2.67321E+05,  3.69653E+13,  1.17000E+08,  0.00000E+00,  0.00000E+00,  0.00000E+00,  0.00000E+00,  0.00000E+00
  4.19500E-02,1,  3.49960E+00,  1.40000E+02,  2.54766E-08,  2.44382E+18,  1.01994E+15,  4.63656E+11,  1.81822E+09,  8.10650E+08,  3.08554E+08,  1.46651E+08,  3.36353E+07,  9.71543E+06,  1.45597E+11,  4.26602E+08,  2.78761E+08,  5.10146E+09,  2.74889E+14,  7.47805E+03,  2.29707E+09,  1.03609E+03,  6.67700E+05,  3.67963E+05,  1.79283E+07,  2.19793E+19,  1.68801E+13,  6.61403E+12,  5.39494E+12,  3.49519E+12,  5.08780E+11,  2.29955E+13,  7.80810E+08,  1.51685E+03,  5.13688E+16,  5.41884E+06,  4.82686E+15,  1.01136E+09,  4.73849E-02,  2.23057E+12,  5.05284E+11,  9.12389E+14,  3.97771E+02,  5.47771E+14,  2.13172E+03,  2.55162E+09,  3.71957E+13,  1.17000E+08,  0.00000E+00,  0.00000E+00,  0.00000E+00,  0.00000E+00,  0.00000E+00
  4.20000E-02,2,  2.58352E-02,  0.00000E+00,  0.00000E+00,  2.44428E+18,  5.63231E+14,  1.37948E+11,  3.41008E+07,  9.66379E+03,  9.78309E+01,  5.74792E+02,  9.26885E-02,  8.10210E-05,  7.05872E+06,  1.63061E+04,  6.51758E-06,  1.52708E-04,  2.73113E+14,  3.58280E-01,  1.10768E+05,  1.19717E+01,  1.63981E+00,  1.49417E+05,  1.14120E+07,  2.19794E+19,  6.03461E+10,  2.36448E+10,  1.92861E+10,  1.24952E+10,  2.17164E+09,  4.92022E+12,  3.78058E+06,  1.57142E+00,  5.12246E+16,  0.00000E+00,  4.82662E+15,  3.51866-208,  0.00000E+00,  1.10335E+10,  4.26955E+11,  9.13167E+14,  4.59606E+00,  5.45504E+14,  2.46311E+01,  2.67209E+05,  3.69991E+13,  1.17000E+08,  0.00000E+00,  0.00000E+00,  0.00000E+00,  0.00000E+00,  0.00000E+00
  4.20500E-02,1,  3.49960E+00,  1.40000E+02,  2.54766E-08,  2.44382E+18,  1.01941E+15,  4.63189E+11,  1.81790E+09,  8.10650E+08,  3.08555E+08,  1.46651E+08,  3.36353E+07,  9.71544E+06,  1.45562E+11,  4.26602E+08,  2.78761E+08,  5.10146E+09,  2.74911E+14,  7.47742E+03,  2.29670E+09,  1.03617E+03,  6.67700E+05,  3.67616E+05,  1.79283E+07,  2.19793E+19,  1.68788E+13,  6.61352E+12,  5.39453E+12,  3.49492E+12,  5.08740E+11,  2.29798E+13,  7.80698E+08,  1.51561E+03,  5.13776E+16,  5.41884E+06,  4.83793E+15,  1.00987E+09,  4.72798E-02,  2.23020E+12,  5.05316E+11,  9.13800E+14,  3.97803E+02,  5.48230E+14,  2.13189E+03,  2.54792E+09,  3.72296E+13,  1.17000E+08,  0.00000E+00,  0.00000E+00,  0.00000E+00,  0.00000E+00,  0.00000E+00
  4.21000E-02,2,  2.58352E-02,  0.00000E+00,  0.00000E+00,  2.44428E+18,  5.64808E+14,  1.38721E+11,  3.43868E+07,  9.75703E+03,  9.78906E+01,  5.74965E+02,  9.29762E-02,  8.14778E-05,  7.05901E+06,  1.63110E+04,  6.30029E-06,  1.52721E-04,  2.73153E+14,  3.58401E-01,  1.10790E+05,  1.19815E+01,  1.64455E+00,  1.50115E+05,  1.14442E+07,  2.19794E+19,  6.26101E+10,  2.45319E+10,  2.00096E+10,  1.29640E+10,  2.25047E+09,  4.94648E+12,  3.82106E+06,  1.59675E+00,  5.12344E+16,  0.00000E+00,  4.83769E+15,  7.16654E-44,  0.00000E+00,  1.13539E+10,  4.26981E+11,  9.14573E+14,  4.59981E+00,  5.45974E+14,  2.46512E+01,  2.67169E+05,  3.70341E+13,  1.17000E+08,  0.00000E+00,  0.00000E+00,  0.00000E+00,  0.00000E+00,  0.00000E+00
  4.21500E-02,1,  3.49960E+00,  1.40000E+02,  2.54766E-08,  2.44382E+18,  1.01990E+15,  4.63621E+11,  1.81819E+09,  8.10650E+08,  3.08555E+08,  1.46652E+08,  3.36354E+07,  9.71544E+06,  1.45524E+11,  4.26602E+08,  2.78761E+08,  5.10146E+09,  2.74952E+14,  7.47772E+03,  2.29645E+09,  1.03633E+03,  6.67700E+05,  3.67918E+05,  1.79283E+07,  2.19793E+19,  1.68764E+13,  6.61258E+12,  5.39376E+12,  3.49442E+12,  5.08665E+11,  2.29942E+13,  7.80801E+08,  1.51676E+03,  5.13873E+16,  5.41884E+06,  4.84899E+15,  1.00840E+09,  4.71718E-02,  2.22980E+12,  5.05352E+11,  9.15206E+14,  3.97863E+02,  5.48700E+14,  2.13221E+03,  2.54427E+09,  3.72646E+13,  1.17000E+08,  0.00000E+00,  0.00000E+00,  0.00000E+00,  0.00000E+00,  0.00000E+00
  4.22000E-02,2,  2.58352E-02,  0.00000E+00,  0.00000E+00,  2.44427E+18,  5.65902E+14,  1.39257E+11,  3.45854E+07,  9.82206E+03,  9.79480E+01,  5.75180E+02,  9.31912E-02,  8.18163E-05,  7.05977E+06,  1.63171E+04,  6.51972E-06,  1.52754E-04,  2.73204E+14,  3.58573E-01,  1.10822E+05,  1.19879E+01,  1.64714E+00,  1.50665E+05,  1.14612E+07,  2.19794E+19,  6.39816E+10,  2.50692E+10,  2.04479E+10,  1.32480E+10,  2.29733E+09,  4.96481E+12,  3.84933E+06,  1.61442E+00,  5.12444E+16,  0.00000E+00,  4.84876E+15,  0.00000E+00,  0.00000E+00,  1.15480E+10,  4.26998E+11,  9.15978E+14,  4.60229E+00,  5.46450E+14,  2.46645E+01,  2.67114E+05,  3.70696E+13,  1.17000E+08,  0.00000E+00,  0.00000E+00,  0.00000E+00,  0.00000E+00,  0.00000E+00
  4.22500E-02,1,  3.49960E+00,  1.40000E+02,  2.54766E-08,  2.44381E+18,  1.02024E+15,  4.63921E+11,  1.81840E+09,  8.10651E+08,  3.08555E+08,  1.46652E+08,  3.36354E+07,  9.71544E+06,  1.45486E+11,  4.26602E+08,  2.78761E+08,  5.10146E+09,  2.75002E+14,  7.47850E+03,  2.29627E+09,  1.03652E+03,  6.67701E+05,  3.68166E+05,  1.79283E+07,  2.19792E+19,  1.68734E+13,  6.61141E+12,  5.39280E+12,  3.49380E+12,  5.08573E+11,  2.30042E+13,  7.80873E+08,  1.51756E+03,  5.13973E+16,  5.41884E+06,  4.86006E+15,  1.00694E+09,  4.70627E-02,  2.22939E+12,  5.05388E+11,  9.16610E+14,  3.97936E+02,  5.49176E+14,  2.13261E+03,  2.54063E+09,  3.73000E+13,  1.17000E+08,  0.00000E+00,  0.00000E+00,  0.00000E+00,  0.00000E+00,  0.00000E+00
  4.23000E-02,2,  2.58352E-02,  0.00000E+00,  0.00000E+00,  2.44427E+18,  5.64789E+14,  1.38712E+11,  3.43834E+07,  9.75653E+03,  9.79511E+01,  5.75332E+02,  9.30324E-02,  8.15284E-05,  7.05985E+06,  1.63214E+04,  6.51561E-06,  1.52757E-04,  2.73240E+14,  3.58669E-01,  1.10838E+05,  1.19836E+01,  1.64365E+00,  1.50143E+05,  1.14375E+07,  2.19794E+19,  6.25794E+10,  2.45198E+10,  1.99998E+10,  1.29576E+10,  2.24826E+09,  4.94618E+12,  3.82062E+06,  1.59629E+00,  5.12538E+16,  0.00000E+00,  4.85982E+15,  1.16858E-34,  0.00000E+00,  1.13490E+10,  4.26980E+11,  9.17385E+14,  4.60063E+00,  5.46914E+14,  2.46555E+01,  2.67009E+05,  3.71039E+13,  1.17000E+08,  0.00000E+00,  0.00000E+00,  0.00000E+00,  0.00000E+00,  0.00000E+00
  4.23500E-02,1,  3.49960E+00,  1.40000E+02,  2.54766E-08,  2.44381E+18,  1.01989E+15,  4.63616E+11,  1.81819E+09,  8.10651E+08,  3.08555E+08,  1.46652E+08,  3.36354E+07,  9.71545E+06,  1.45450E+11,  4.26603E+08,  2.78761E+08,  5.10146E+09,  2.75038E+14,  7.47857E+03,  2.29600E+09,  1.03666E+03,  6.67701E+05,  3.67971E+05,  1.79283E+07,  2.19792E+19,  1.68713E+13,  6.61059E+12,  5.39213E+12,  3.49336E+12,  5.08507E+11,  2.29940E+13,  7.80800E+08,  1.51675E+03,  5.14066E+16,  5.41883E+06,  4.87112E+15,  1.00547E+09,  4.69566E-02,  2.22901E+12,  5.05423E+11,  9.18017E+14,  3.97988E+02,  5.49639E+14,  2.13288E+03,  2.53699E+09,  3.73344E+13,  1.17000E+08,  0.00000E+00,  0.00000E+00,  0.00000E+00,  0.00000E+00,  0.00000E+00
  4.24000E-02,2,  2.58352E-02,  0.00000E+00,  0.00000E+00,  2.44427E+18,  5.64846E+14,  1.38741E+11,  3.43942E+07,  9.76043E+03,  9.79785E+01,  5.75489E+02,  9.30673E-02,  8.15676E-05,  7.06000E+06,  1.63259E+04,  6.51737E-06,  1.52763E-04,  2.73277E+14,  3.58774E-01,  1.10855E+05,  1.19860E+01,  1.64408E+00,  1.50133E+05,  1.14405E+07,  2.19793E+19,  6.28484E+10,  2.46252E+10,  2.00858E+10,  1.30133E+10,  2.25738E+09,  4.94716E+12,  3.82221E+06,  1.59729E+00,  5.12631E+16,  0.00000E+00,  4.87088E+15,  1.49225E-35,  0.00000E+00,  1.13867E+10,  4.26981E+11,  9.18792E+14,  4.60155E+00,  5.47377E+14,  2.46604E+01,  2.66936E+05,  3.71382E+13,  1.17000E+08,  0.00000E+00,  0.00000E+00,  0.00000E+00,  0.00000E+00,  0.00000E+00
  4.24500E-02,1,  3.49960E+00,  1.40000E+02,  2.54766E-08,  2.44381E+18,  1.01991E+15,  4.63631E+11,  1.81820E+09,  8.10651E+08,  3.08555E+08,  1.46652E+08,  3.36354E+07,  9.71546E+06,  1.45413E+11,  4.26603E+08,  2.78761E+08,  5.10146E+09,  2.75075E+14,  7.47871E+03,  2.29574E+09,  1.03680E+03,  6.67701E+05,  3.67985E+05,  1.79283E+07,  2.19792E+19,  1.68691E+13,  6.60973E+12,  5.39143E+12,  3.49291E+12,  5.08440E+11,  2.29946E+13,  7.80804E+08,  1.51679E+03,  5.14159E+16,  5.41883E+06,  4.88218E+15,  1.00401E+09,  4.68508E-02,  2.22862E+12,  5.05458E+11,  9.19423E+14,  3.98042E+02,  5.50102E+14,  2.13317E+03,  2.53336E+09,  3.73687E+13,  1.17000E+08,  0.00000E+00,  0.00000E+00,  0.00000E+00,  0.00000E+00,  0.00000E+00
  4.25000E-02,2,  2.58352E-02,  0.00000E+00,  0.00000E+00,  2.44427E+18,  5.64852E+14,  1.38744E+11,  3.43953E+07,  9.76117E+03,  9.80045E+01,  5.75644E+02,  9.30934E-02,  8.15921E-05,  7.06013E+06,  1.63303E+04,  6.52224E-06,  1.52769E-04,  2.73313E+14,  3.58876E-01,  1.10872E+05,  1.19875E+01,  1.64406E+00,  1.50121E+05,  1.14403E+07,  2.19793E+19,  6.27941E+10,  2.46040E+10,  2.00684E+10,  1.30021E+10,  2.25543E+09,  4.94726E+12,  3.82238E+06,  1.59740E+00,  5.12723E+16,  0.00000E+00,  4.88194E+15,  1.48206E-35,  0.00000E+00,  1.13787E+10,  4.26979E+11,  9.20198E+14,  4.60215E+00,  5.47838E+14,  2.46636E+01,  2.66859E+05,  3.71724E+13,  1.17000E+08,  0.00000E+00,  0.00000E+00,  0.00000E+00,  0.00000E+00,  0.00000E+00
  4.25500E-02,1,  3.49960E+00,  1.40000E+02,  2.54766E-08,  2.44381E+18,  1.01991E+15,  4.63633E+11,  1.81820E+09,  8.10652E+08,  3.08555E+08,  1.46652E+08,  3.36354E+07,  9.71546E+06,  1.45377E+11,  4.26603E+08,  2.78762E+08,  5.10146E+09,  2.75112E+14,  7.47885E+03,  2.29548E+09,  1.03694E+03,  6.67702E+05,  3.67998E+05,  1.79283E+07,  2.19792E+19,  1.68670E+13,  6.60888E+12,  5.39074E+12,  3.49247E+12,  5.08373E+11,  2.29946E+13,  7.80804E+08,  1.51679E+03,  5.14250E+16,  5.41883E+06,  4.89324E+15,  1.00255E+09,  4.67456E-02,  2.22825E+12,  5.05493E+11,  9.20829E+14,  3.98096E+02,  5.50563E+14,  2.13346E+03,  2.52974E+09,  3.74029E+13,  1.17000E+08,  0.00000E+00,  0.00000E+00,  0.00000E+00,  0.00000E+00,  0.00000E+00
  4.26000E-02,2,  2.58352E-02,  0.00000E+00,  0.00000E+00,  2.44427E+18,  5.65693E+14,  1.39155E+11,  3.45470E+07,  9.81095E+03,  9.80532E+01,  5.75837E+02,  9.32634E-02,  8.18511E-05,  7.06070E+06,  1.63358E+04,  6.52125E-06,  1.52794E-04,  2.73359E+14,  3.59024E-01,  1.10900E+05,  1.19934E+01,  1.64638E+00,  1.50518E+05,  1.14559E+07,  2.19793E+19,  6.36541E+10,  2.49409E+10,  2.03433E+10,  1.31802E+10,  2.28565E+09,  4.96126E+12,  3.84378E+06,  1.61086E+00,  5.12818E+16,  0.00000E+00,  4.89299E+15,  3.51686-208,  0.00000E+00,  1.15004E+10,  4.26992E+11,  9.21602E+14,  4.60440E+00,  5.48304E+14,  2.46757E+01,  2.66802E+05,  3.72069E+13,  1.17000E+08,  0.00000E+00,  0.00000E+00,  0.00000E+00,  0.00000E+00,  0.00000E+00
  4.26500E-02,1,  3.49960E+00,  1.40000E+02,  2.54766E-08,  2.44381E+18,  1.02017E+15,  4.63863E+11,  1.81836E+09,  8.10652E+08,  3.08555E+08,  1.46652E+08,  3.36355E+07,  9.71547E+06,  1.45340E+11,  4.26603E+08,  2.78762E+08,  5.10145E+09,  2.75157E+14,  7.47942E+03,  2.29528E+09,  1.03711E+03,  6.67702E+05,  3.68180E+05,  1.79283E+07,  2.19791E+19,  1.68643E+13,  6.60784E+12,  5.38989E+12,  3.49191E+12,  5.08290E+11,  2.30023E+13,  7.80859E+08,  1.51741E+03,  5.14345E+16,  5.41883E+06,  4.90429E+15,  1.00110E+09,  4.66392E-02,  2.22786E+12,  5.05530E+11,  9.22232E+14,  3.98162E+02,  5.51029E+14,  2.13381E+03,  2.52615E+09,  3.74375E+13,  1.17000E+08,  0.00000E+00,  0.00000E+00,  0.00000E+00,  0.00000E+00,  0.00000E+00
  4.27000E-02,2,  2.58352E-02,  0.00000E+00,  0.00000E+00,  2.44427E+18,  5.64693E+14,  1.38668E+11,  3.43691E+07,  9.75441E+03,  9.80580E+01,  5.75977E+02,  9.31212E-02,  8.15969E-05,  7.06068E+06,  1.63397E+04,  6.52120E-06,  1.52793E-04,  2.73391E+14,  3.59109E-01,  1.10913E+05,  1.19898E+01,  1.64336E+00,  1.50039E+05,  1.14354E+07,  2.19793E+19,  6.22930E+10,  2.44076E+10,  1.99083E+10,  1.28984E+10,  2.23784E+09,  4.94479E+12,  3.81896E+06,  1.59597E+00,  5.12907E+16,  0.00000E+00,  4.90405E+15,  1.36686E-59,  0.00000E+00,  1.13073E+10,  4.26973E+11,  9.23008E+14,  4.60300E+00,  5.48759E+14,  2.46682E+01,  2.66702E+05,  3.72406E+13,  1.17000E+08,  0.00000E+00,  0.00000E+00,  0.00000E+00,  0.00000E+00,  0.00000E+00
  4.27500E-02,1,  3.49960E+00,  1.40000E+02,  2.54766E-08,  2.44381E+18,  1.01986E+15,  4.63589E+11,  1.81817E+09,  8.10652E+08,  3.08556E+08,  1.46652E+08,  3.36355E+07,  9.71547E+06,  1.45305E+11,  4.26604E+08,  2.78762E+08,  5.10145E+09,  2.75190E+14,  7.47938E+03,  2.29500E+09,  1.03723E+03,  6.67702E+05,  3.68002E+05,  1.79283E+07,  2.19791E+19,  1.68624E+13,  6.60709E+12,  5.38928E+12,  3.49152E+12,  5.08230E+11,  2.29931E+13,  7.80794E+08,  1.51668E+03,  5.14433E+16,  5.41883E+06,  4.91534E+15,  9.99644E+08,  4.65356E-02,  2.22749E+12,  5.05565E+11,  9.23638E+14,  3.98210E+02,  5.51484E+14,  2.13406E+03,  2.52254E+09,  3.74712E+13,  1.17000E+08,  0.00000E+00,  0.00000E+00,  0.00000E+00,  0.00000E+00,  0.00000E+00
  4.28000E-02,2,  2.58352E-02,  0.00000E+00,  0.00000E+00,  2.44427E+18,  5.67086E+14,  1.39840E+11,  3.48017E+07,  9.89493E+03,  9.81474E+01,  5.76235E+02,  9.35579E-02,  8.22977E-05,  7.06198E+06,  1.63470E+04,  6.52343E-06,  1.52849E-04,  2.73453E+14,  3.59335E-01,  1.10958E+05,  1.20041E+01,  1.65032E+00,  1.51164E+05,  1.14823E+07,  2.19792E+19,  6.49525E+10,  2.54497E+10,  2.07582E+10,  1.34490E+10,  2.33095E+09,  4.98469E+12,  3.88017E+06,  1.63377E+00,  5.13008E+16,  0.00000E+00,  4.91510E+15,  0.00000E+00,  0.00000E+00,  1.16842E+10,  4.27013E+11,  9.24409E+14,  4.60851E+00,  5.49233E+14,  2.46977E+01,  2.66685E+05,  3.72759E+13,  1.17000E+08,  0.00000E+00,  0.00000E+00,  0.00000E+00,  0.00000E+00,  0.00000E+00
  4.28500E-02,1,  3.49960E+00,  1.40000E+02,  2.54766E-08,  2.44381E+18,  1.02060E+15,  4.64245E+11,  1.81862E+09,  8.10653E+08,  3.08556E+08,  1.46652E+08,  3.36355E+07,  9.71548E+06,  1.45267E+11,  4.26604E+08,  2.78762E+08,  5.10145E+09,  2.75251E+14,  7.48073E+03,  2.29491E+09,  1.03747E+03,  6.67703E+05,  3.68487E+05,  1.79283E+07,  2.19791E+19,  1.68588E+13,  6.60568E+12,  5.38813E+12,  3.49077E+12,  5.08119E+11,  2.30150E+13,  7.80951E+08,  1.51843E+03,  5.14534E+16,  5.41883E+06,  4.92640E+15,  9.98212E+08,  4.64276E-02,  2.22708E+12,  5.05603E+11,  9.25038E+14,  3.98298E+02,  5.51958E+14,  2.13454E+03,  2.51899E+09,  3.75065E+13,  1.17000E+08,  0.00000E+00,  0.00000E+00,  0.00000E+00,  0.00000E+00,  0.00000E+00
  4.29000E-02,2,  2.58352E-02,  0.00000E+00,  0.00000E+00,  2.44427E+18,  5.65090E+14,  1.38859E+11,  3.44379E+07,  9.77684E+03,  9.81328E+01,  5.76385E+02,  9.32528E-02,  8.17620E-05,  7.06208E+06,  1.63513E+04,  6.52375E-06,  1.52854E-04,  2.73488E+14,  3.59432E-01,  1.10974E+05,  1.19952E+01,  1.64415E+00,  1.50242E+05,  1.14403E+07,  2.19792E+19,  6.18959E+10,  2.42520E+10,  1.97814E+10,  1.28161E+10,  2.22469E+09,  4.95119E+12,  3.82829E+06,  1.60124E+00,  5.13097E+16,  0.00000E+00,  4.92615E+15,  0.00000E+00,  0.00000E+00,  1.12510E+10,  4.26976E+11,  9.25814E+14,  4.60509E+00,  5.49687E+14,  2.46794E+01,  2.66561E+05,  3.73095E+13,  1.17000E+08,  0.00000E+00,  0.00000E+00,  0.00000E+00,  0.00000E+00,  0.00000E+00
  4.29500E-02,1,  3.49960E+00,  1.40000E+02,  2.54766E-08,  2.44381E+18,  1.01998E+15,  4.63698E+11,  1.81825E+09,  8.10653E+08,  3.08556E+08,  1.46652E+08,  3.36355E+07,  9.71548E+06,  1.45232E+11,  4.26604E+08,  2.78762E+08,  5.10145E+09,  2.75286E+14,  7.48081E+03,  2.29465E+09,  1.03760E+03,  6.67703E+05,  3.68131E+05,  1.79283E+07,  2.19791E+19,  1.68567E+13,  6.60487E+12,  5.38747E+12,  3.49034E+12,  5.08055E+11,  2.29967E+13,  7.80820E+08,  1.51697E+03,  5.14622E+16,  5.41882E+06,  4.93745E+15,  9.96769E+08,  4.63245E-02,  2.22672E+12,  5.05638E+11,  9.26443E+14,  3.98349E+02,  5.52412E+14,  2.13481E+03,  2.51541E+09,  3.75401E+13,  1.17000E+08,  0.00000E+00,  0.00000E+00,  0.00000E+00,  0.00000E+00,  0.00000E+00
  4.30000E-02,2,  2.58352E-02,  0.00000E+00,  0.00000E+00,  2.44426E+18,  5.65651E+14,  1.39136E+11,  3.45408E+07,  9.81095E+03,  9.81749E+01,  5.76570E+02,  9.33753E-02,  8.19467E-05,  7.06259E+06,  1.63565E+04,  6.52476E-06,  1.52876E-04,  2.73531E+14,  3.59571E-01,  1.11000E+05,  1.20008E+01,  1.64627E+00,  1.50458E+05,  1.14550E+07,  2.19792E+19,  6.26927E+10,  2.45642E+10,  2.00360E+10,  1.29811E+10,  2.25238E+09,  4.96076E+12,  3.84321E+06,  1.61067E+00,  5.13188E+16,  0.00000E+00,  4.93720E+15,  5.95812E-23,  0.00000E+00,  1.13639E+10,  4.26987E+11,  9.27217E+14,  4.60723E+00,  5.50146E+14,  2.46908E+01,  2.66504E+05,  3.73434E+13,  1.17000E+08,  0.00000E+00,  0.00000E+00,  0.00000E+00,  0.00000E+00,  0.00000E+00
  4.30500E-02,1,  3.49960E+00,  1.40000E+02,  2.54766E-08,  2.44380E+18,  1.02016E+15,  4.63852E+11,  1.81836E+09,  8.10653E+08,  3.08556E+08,  1.46652E+08,  3.36355E+07,  9.71549E+06,  1.45196E+11,  4.26604E+08,  2.78762E+08,  5.10145E+09,  2.75330E+14,  7.48132E+03,  2.29444E+09,  1.03776E+03,  6.67703E+05,  3.68239E+05,  1.79283E+07,  2.19790E+19,  1.68542E+13,  6.60387E+12,  5.38665E+12,  3.48982E+12,  5.07976E+11,  2.30018E+13,  7.80856E+08,  1.51738E+03,  5.14713E+16,  5.41882E+06,  4.94850E+15,  9.95335E+08,  4.62204E-02,  2.22634E+12,  5.05675E+11,  9.27845E+14,  3.98412E+02,  5.52871E+14,  2.13514E+03,  2.51185E+09,  3.75740E+13,  1.17000E+08,  0.00000E+00,  0.00000E+00,  0.00000E+00,  0.00000E+00,  0.00000E+00
  4.31000E-02,2,  2.58352E-02,  0.00000E+00,  0.00000E+00,  2.44426E+18,  5.71637E+14,  1.42187E+11,  3.56913E+07,  1.01391E+04,  9.82683E+01,  5.77028E+02,  9.44570E-02,  8.40402E-05,  7.06609E+06,  1.63696E+04,  3.07386E-06,  1.53027E-04,  2.73640E+14,  3.60035E-01,  1.11099E+05,  1.20332E+01,  1.66266E+00,  1.53360E+05,  1.15646E+07,  2.19792E+19,  7.05609E+10,  2.76471E+10,  2.25506E+10,  1.46103E+10,  2.52509E+09,  5.06162E+12,  4.03691E+06,  1.65847E+00,  5.13310E+16,  0.00000E+00,  4.94826E+15,  1.93135E-42,  0.00000E+00,  1.24802E+10,  4.27101E+11,  9.28607E+14,  4.61965E+00,  5.50651E+14,  2.47572E+01,  2.66568E+05,  3.73815E+13,  1.17000E+08,  0.00000E+00,  0.00000E+00,  0.00000E+00,  0.00000E+00,  0.00000E+00
  4.31500E-02,1,  3.49960E+00,  1.40000E+02,  2.54766E-08,  2.44380E+18,  1.02201E+15,  4.65493E+11,  1.81948E+09,  8.10654E+08,  3.08556E+08,  1.46652E+08,  3.36355E+07,  9.71549E+06,  1.45153E+11,  4.26604E+08,  2.78761E+08,  5.10145E+09,  2.75438E+14,  7.48498E+03,  2.29466E+09,  1.03817E+03,  6.67703E+05,  3.69464E+05,  1.79283E+07,  2.19790E+19,  1.68462E+13,  6.60077E+12,  5.38412E+12,  3.48818E+12,  5.07733E+11,  2.30566E+13,  7.81250E+08,  1.52176E+03,  5.14834E+16,  5.41882E+06,  4.95955E+15,  9.93942E+08,  4.61015E-02,  2.22564E+12,  5.05713E+11,  9.29236E+14,  3.98569E+02,  5.53376E+14,  2.13598E+03,  2.50840E+09,  3.76121E+13,  1.17000E+08,  0.00000E+00,  0.00000E+00,  0.00000E+00,  0.00000E+00,  0.00000E+00
  4.32000E-02,2,  2.58352E-02,  0.00000E+00,  0.00000E+00,  2.44426E+18,  5.66914E+14,  1.39755E+11,  3.47705E+07,  9.88704E+03,  9.83092E+01,  5.77226E+02,  9.36906E-02,  8.23913E-05,  7.06673E+06,  1.63751E+04,  6.53256E-06,  1.53055E-04,  2.73686E+14,  3.60189E-01,  1.11128E+05,  1.20098E+01,  1.64784E+00,  1.51192E+05,  1.14639E+07,  2.19791E+19,  6.31578E+10,  2.47465E+10,  2.01847E+10,  1.30774E+10,  2.26849E+09,  4.98180E+12,  3.87570E+06,  1.63099E+00,  5.13402E+16,  0.00000E+00,  4.95930E+15,  0.00000E+00,  0.00000E+00,  1.14315E+10,  4.27018E+11,  9.30009E+14,  4.61069E+00,  5.51110E+14,  2.47093E+01,  2.66381E+05,  3.74155E+13,  1.17000E+08,  0.00000E+00,  0.00000E+00,  0.00000E+00,  0.00000E+00,  0.00000E+00
  4.32500E-02,1,  3.49960E+00,  1.40000E+02,  2.54766E-08,  2.44380E+18,  1.02055E+15,  4.64198E+11,  1.81859E+09,  8.10654E+08,  3.08556E+08,  1.46652E+08,  3.36356E+07,  9.71550E+06,  1.45117E+11,  4.26605E+08,  2.78762E+08,  5.10145E+09,  2.75483E+14,  7.48557E+03,  2.29447E+09,  1.03834E+03,  6.67704E+05,  3.68610E+05,  1.79283E+07,  2.19790E+19,  1.68452E+13,  6.60034E+12,  5.38377E+12,  3.48795E+12,  5.07696E+11,  2.30133E+13,  7.80939E+08,  1.51830E+03,  5.14925E+16,  5.41882E+06,  4.97059E+15,  9.92518E+08,  4.60022E-02,  2.22549E+12,  5.05755E+11,  9.30637E+14,  3.98635E+02,  5.53835E+14,  2.13634E+03,  2.50487E+09,  3.76461E+13,  1.17000E+08,  0.00000E+00,  0.00000E+00,  0.00000E+00,  0.00000E+00,  0.00000E+00
  4.33000E-02,2,  2.58352E-02,  0.00000E+00,  0.00000E+00,  2.44426E+18,  5.67117E+14,  1.39856E+11,  3.48085E+07,  9.90021E+03,  9.83505E+01,  5.77449E+02,  9.37602E-02,  8.24814E-05,  7.06766E+06,  1.63814E+04,  6.53403E-06,  1.53095E-04,  2.73738E+14,  3.60374E-01,  1.11164E+05,  1.20153E+01,  1.64958E+00,  1.51167E+05,  1.14764E+07,  2.19791E+19,  6.47035E+10,  2.53521E+10,  2.06787E+10,  1.33975E+10,  2.32068E+09,  4.98531E+12,  3.88131E+06,  1.63470E+00,  5.13496E+16,  0.00000E+00,  4.97035E+15,  1.10979E-40,  0.00000E+00,  1.16506E+10,  4.27038E+11,  9.31409E+14,  4.61278E+00,  5.51572E+14,  2.47205E+01,  2.66324E+05,  3.74498E+13,  1.17000E+08,  0.00000E+00,  0.00000E+00,  0.00000E+00,  0.00000E+00,  0.00000E+00
  4.33500E-02,1,  3.49960E+00,  1.40000E+02,  2.54766E-08,  2.44380E+18,  1.02061E+15,  4.64253E+11,  1.81863E+09,  8.10654E+08,  3.08556E+08,  1.46653E+08,  3.36356E+07,  9.71551E+06,  1.45081E+11,  4.26605E+08,  2.78762E+08,  5.10145E+09,  2.75536E+14,  7.48652E+03,  2.29433E+09,  1.03854E+03,  6.67704E+05,  3.68625E+05,  1.79283E+07,  2.19790E+19,  1.68421E+13,  6.59915E+12,  5.38280E+12,  3.48732E+12,  5.07602E+11,  2.30152E+13,  7.80953E+08,  1.51845E+03,  5.15019E+16,  5.41882E+06,  4.98164E+15,  9.91103E+08,  4.58981E-02,  2.22511E+12,  5.05793E+11,  9.32036E+14,  3.98711E+02,  5.54297E+14,  2.13674E+03,  2.50136E+09,  3.76805E+13,  1.17000E+08,  0.00000E+00,  0.00000E+00,  0.00000E+00,  0.00000E+00,  0.00000E+00
  4.34000E-02,2,  2.58352E-02,  0.00000E+00,  0.00000E+00,  2.44426E+18,  5.64723E+14,  1.38680E+11,  3.43719E+07,  9.75832E+03,  9.83213E+01,  5.77558E+02,  9.33821E-02,  8.18270E-05,  7.06736E+06,  1.63845E+04,  6.53360E-06,  1.53083E-04,  2.73764E+14,  3.60425E-01,  1.11170E+05,  1.20054E+01,  1.64298E+00,  1.49975E+05,  1.14322E+07,  2.19791E+19,  6.16615E+10,  2.41602E+10,  1.97065E+10,  1.27676E+10,  2.21333E+09,  4.94508E+12,  3.81901E+06,  1.59563E+00,  5.13578E+16,  0.00000E+00,  4.98139E+15,  1.67984E-86,  0.00000E+00,  1.12193E+10,  4.26996E+11,  9.32813E+14,  4.60898E+00,  5.52014E+14,  2.47001E+01,  2.66197E+05,  3.74822E+13,  1.17000E+08,  0.00000E+00,  0.00000E+00,  0.00000E+00,  0.00000E+00,  0.00000E+00
  4.34500E-02,1,  3.49960E+00,  1.40000E+02,  2.54766E-08,  2.44380E+18,  1.01987E+15,  4.63597E+11,  1.81818E+09,  8.10655E+08,  3.08557E+08,  1.46653E+08,  3.36356E+07,  9.71551E+06,  1.45048E+11,  4.26605E+08,  2.78762E+08,  5.10144E+09,  2.75561E+14,  7.48619E+03,  2.29402E+09,  1.03864E+03,  6.67705E+05,  3.68155E+05,  1.79283E+07,  2.19789E+19,  1.68406E+13,  6.59856E+12,  5.38232E+12,  3.48701E+12,  5.07555E+11,  2.29933E+13,  7.80795E+08,  1.51671E+03,  5.15101E+16,  5.41881E+06,  4.99267E+15,  9.89677E+08,  4.57989E-02,  2.22477E+12,  5.05828E+11,  9.33440E+14,  3.98748E+02,  5.54738E+14,  2.13694E+03,  2.49782E+09,  3.77129E+13,  1.17000E+08,  0.00000E+00,  0.00000E+00,  0.00000E+00,  0.00000E+00,  0.00000E+00
  4.35000E-02,2,  2.58352E-02,  0.00000E+00,  0.00000E+00,  2.44425E+18,  5.71563E+14,  1.42055E+11,  3.56300E+07,  1.01707E+04,  9.85318E+01,  5.77994E+02,  9.45850E-02,  8.38152E-05,  7.07063E+06,  1.63969E+04,  6.54446E-06,  1.53225E-04,  2.73867E+14,  3.60863E-01,  1.11263E+05,  1.20425E+01,  1.66243E+00,  1.53225E+05,  1.15630E+07,  2.19791E+19,  7.08211E+10,  2.77491E+10,  2.26338E+10,  1.46642E+10,  2.53291E+09,  5.06040E+12,  3.99914E+06,  1.70970E+00,  5.13695E+16,  0.00000E+00,  4.99243E+15,  1.71252E-32,  0.00000E+00,  1.25184E+10,  4.27128E+11,  9.34203E+14,  4.62324E+00,  5.52511E+14,  2.47765E+01,  2.66284E+05,  3.75196E+13,  1.17000E+08,  0.00000E+00,  0.00000E+00,  0.00000E+00,  0.00000E+00,  0.00000E+00
  4.35500E-02,1,  3.49960E+00,  1.40000E+02,  2.54766E-08,  2.44380E+18,  1.02198E+15,  4.65470E+11,  1.81947E+09,  8.10655E+08,  3.08557E+08,  1.46653E+08,  3.36356E+07,  9.71551E+06,  1.45005E+11,  4.26605E+08,  2.78762E+08,  5.10144E+09,  2.75664E+14,  7.48959E+03,  2.29422E+09,  1.03903E+03,  6.67705E+05,  3.69519E+05,  1.79283E+07,  2.19789E+19,  1.68346E+13,  6.59621E+12,  5.38040E+12,  3.48577E+12,  5.07370E+11,  2.30557E+13,  7.81244E+08,  1.52170E+03,  5.15217E+16,  5.41881E+06,  5.00372E+15,  9.88298E+08,  4.56872E-02,  2.22431E+12,  5.05872E+11,  9.34829E+14,  3.98897E+02,  5.55235E+14,  2.13774E+03,  2.49440E+09,  3.77503E+13,  1.17000E+08,  0.00000E+00,  0.00000E+00,  0.00000E+00,  0.00000E+00,  0.00000E+00
  4.36000E-02,2,  2.58352E-02,  0.00000E+00,  0.00000E+00,  2.44426E+18,  5.64511E+14,  1.38581E+11,  3.43368E+07,  9.74837E+03,  9.84015E+01,  5.78061E+02,  9.34287E-02,  8.18367E-05,  7.06988E+06,  1.63988E+04,  6.58560E-06,  1.53192E-04,  2.73882E+14,  3.60865E-01,  1.11258E+05,  1.20072E+01,  1.64112E+00,  1.49945E+05,  1.14186E+07,  2.19790E+19,  5.98661E+10,  2.34567E+10,  1.91327E+10,  1.23958E+10,  2.15319E+09,  4.94163E+12,  3.81419E+06,  1.59267E+00,  5.13771E+16,  0.00000E+00,  5.00347E+15,  5.53620E-19,  0.00000E+00,  1.09658E+10,  4.26994E+11,  9.35608E+14,  4.60969E+00,  5.52942E+14,  2.47039E+01,  2.66043E+05,  3.75512E+13,  1.17000E+08,  0.00000E+00,  0.00000E+00,  0.00000E+00,  0.00000E+00,  0.00000E+00
  4.36500E-02,1,  3.49960E+00,  1.40000E+02,  2.54766E-08,  2.44380E+18,  1.01980E+15,  4.63539E+11,  1.81814E+09,  8.10655E+08,  3.08557E+08,  1.46653E+08,  3.36356E+07,  9.71552E+06,  1.44974E+11,  4.26606E+08,  2.78762E+08,  5.10144E+09,  2.75679E+14,  7.48875E+03,  2.29384E+09,  1.03908E+03,  6.67706E+05,  3.68200E+05,  1.79283E+07,  2.19789E+19,  1.68337E+13,  6.59586E+12,  5.38012E+12,  3.48558E+12,  5.07342E+11,  2.29913E+13,  7.80782E+08,  1.51655E+03,  5.15292E+16,  5.41881E+06,  5.01475E+15,  9.86875E+08,  4.55906E-02,  2.22399E+12,  5.05905E+11,  9.36234E+14,  3.98919E+02,  5.55667E+14,  2.13785E+03,  2.49087E+09,  3.77819E+13,  1.17000E+08,  0.00000E+00,  0.00000E+00,  0.00000E+00,  0.00000E+00,  0.00000E+00
  4.37000E-02,2,  2.58352E-02,  0.00000E+00,  0.00000E+00,  2.44425E+18,  5.67373E+14,  1.39982E+11,  3.48544E+07,  9.91666E+03,  9.84953E+01,  5.78289E+02,  9.39395E-02,  8.26716E-05,  7.07091E+06,  1.64052E+04,  6.54023E-06,  1.53236E-04,  2.73936E+14,  3.61059E-01,  1.11296E+05,  1.20260E+01,  1.65076E+00,  1.51152E+05,  1.14847E+07,  2.19790E+19,  6.48934E+10,  2.54265E+10,  2.07393E+10,  1.34368E+10,  2.32756E+09,  4.98955E+12,  3.88767E+06,  1.63824E+00,  5.13864E+16,  0.00000E+00,  5.01451E+15,  6.25361E-67,  0.00000E+00,  1.16780E+10,  4.27058E+11,  9.37005E+14,  4.61691E+00,  5.53401E+14,  2.47426E+01,  2.66047E+05,  3.75852E+13,  1.17000E+08,  0.00000E+00,  0.00000E+00,  0.00000E+00,  0.00000E+00,  0.00000E+00
  4.37500E-02,1,  3.49960E+00,  1.40000E+02,  2.54766E-08,  2.44380E+18,  1.02069E+15,  4.64325E+11,  1.81868E+09,  8.10656E+08,  3.08557E+08,  1.46653E+08,  3.36357E+07,  9.71553E+06,  1.44938E+11,  4.26606E+08,  2.78762E+08,  5.10144E+09,  2.75733E+14,  7.49001E+03,  2.29378E+09,  1.03929E+03,  6.67706E+05,  3.68713E+05,  1.79283E+07,  2.19789E+19,  1.68317E+13,  6.59505E+12,  5.37946E+12,  3.48515E+12,  5.07272E+11,  2.30175E+13,  7.80970E+08,  1.51864E+03,  5.15385E+16,  5.41881E+06,  5.02579E+15,  9.85477E+08,  4.54905E-02,  2.22377E+12,  5.05945E+11,  9.37631E+14,  3.98997E+02,  5.56125E+14,  2.13827E+03,  2.48740E+09,  3.78160E+13,  1.17000E+08,  0.00000E+00,  0.00000E+00,  0.00000E+00,  0.00000E+00,  0.00000E+00
  4.38000E-02,2,  2.58352E-02,  0.00000E+00,  0.00000E+00,  2.44425E+18,  5.66456E+14,  1.39533E+11,  3.46887E+07,  9.86361E+03,  9.85057E+01,  5.78458E+02,  9.38150E-02,  8.24421E-05,  7.07128E+06,  1.64100E+04,  6.54094E-06,  1.53253E-04,  2.73976E+14,  3.61182E-01,  1.11318E+05,  1.20220E+01,  1.64743E+00,  1.50744E+05,  1.14617E+07,  2.19790E+19,  6.29627E+10,  2.46700E+10,  2.01223E+10,  1.30370E+10,  2.26117E+09,  4.97431E+12,  3.86434E+06,  1.62405E+00,  5.13950E+16,  0.00000E+00,  5.02554E+15,  3.35796-208,  1.02109-178,  1.14047E+10,  4.27038E+11,  9.38405E+14,  4.61539E+00,  5.53848E+14,  2.47344E+01,  2.65949E+05,  3.76181E+13,  1.17000E+08,  0.00000E+00,  0.00000E+00,  0.00000E+00,  0.00000E+00,  0.00000E+00
  4.38500E-02,1,  3.49960E+00,  1.40000E+02,  2.54766E-08,  2.44379E+18,  1.02041E+15,  4.64072E+11,  1.81851E+09,  8.10656E+08,  3.08557E+08,  1.46653E+08,  3.36357E+07,  9.71553E+06,  1.44904E+11,  4.26606E+08,  2.78762E+08,  5.10144E+09,  2.75772E+14,  7.49019E+03,  2.29351E+09,  1.03944E+03,  6.67706E+05,  3.68568E+05,  1.79283E+07,  2.19789E+19,  1.68283E+13,  6.59372E+12,  5.37837E+12,  3.48445E+12,  5.07172E+11,  2.30091E+13,  7.80909E+08,  1.51798E+03,  5.15470E+16,  5.41881E+06,  5.03682E+15,  9.84076E+08,  4.53883E-02,  2.22327E+12,  5.05980E+11,  9.39030E+14,  3.99054E+02,  5.56572E+14,  2.13857E+03,  2.48393E+09,  3.78489E+13,  1.17000E+08,  0.00000E+00,  0.00000E+00,  0.00000E+00,  0.00000E+00,  0.00000E+00
  4.39000E-02,2,  2.58352E-02,  0.00000E+00,  0.00000E+00,  2.44425E+18,  5.66454E+14,  1.39532E+11,  3.46884E+07,  9.86383E+03,  9.85342E+01,  5.78629E+02,  9.38425E-02,  8.24568E-05,  7.07169E+06,  1.64148E+04,  6.62070E-06,  1.53271E-04,  2.74016E+14,  3.61308E-01,  1.11341E+05,  1.20243E+01,  1.64768E+00,  1.50713E+05,  1.14636E+07,  2.19790E+19,  6.31499E+10,  2.47434E+10,  2.01822E+10,  1.30758E+10,  2.26702E+09,  4.97414E+12,  3.86411E+06,  1.62386E+00,  5.14035E+16,  0.00000E+00,  5.03657E+15,  1.14807E-42,  0.00000E+00,  1.14310E+10,  4.27041E+11,  9.39805E+14,  4.61624E+00,  5.54293E+14,  2.47389E+01,  2.65878E+05,  3.76510E+13,  1.17000E+08,  0.00000E+00,  0.00000E+00,  0.00000E+00,  0.00000E+00,  0.00000E+00
  4.39500E-02,1,  3.49960E+00,  1.40000E+02,  2.54766E-08,  2.44379E+18,  1.02040E+15,  4.64072E+11,  1.81851E+09,  8.10656E+08,  3.08557E+08,  1.46653E+08,  3.36357E+07,  9.71554E+06,  1.44870E+11,  4.26606E+08,  2.78762E+08,  5.10144E+09,  2.75812E+14,  7.49060E+03,  2.29331E+09,  1.03959E+03,  6.67706E+05,  3.68574E+05,  1.79283E+07,  2.19788E+19,  1.68259E+13,  6.59280E+12,  5.37762E+12,  3.48396E+12,  5.07099E+11,  2.30091E+13,  7.80909E+08,  1.51797E+03,  5.15555E+16,  5.41880E+06,  5.04785E+15,  9.82679E+08,  4.52888E-02,  2.22292E+12,  5.06017E+11,  9.40429E+14,  3.99113E+02,  5.57018E+14,  2.13889E+03,  2.48046E+09,  3.78818E+13,  1.17000E+08,  0.00000E+00,  0.00000E+00,  0.00000E+00,  0.00000E+00,  0.00000E+00
  4.40000E-02,2,  2.58352E-02,  0.00000E+00,  0.00000E+00,  2.44425E+18,  5.66319E+14,  1.39462E+11,  3.46613E+07,  9.85492E+03,  9.85578E+01,  5.78790E+02,  9.38461E-02,  8.24461E-05,  7.07201E+06,  1.64194E+04,  6.54222E-06,  1.53284E-04,  2.74054E+14,  3.61424E-01,  1.11361E+05,  1.20252E+01,  1.64727E+00,  1.50633E+05,  1.14607E+07,  2.19790E+19,  6.28635E+10,  2.46312E+10,  2.00906E+10,  1.30165E+10,  2.25731E+09,  4.97174E+12,  3.86004E+06,  1.62108E+00,  5.14119E+16,  0.00000E+00,  5.04761E+15,  4.25236E-54,  0.00000E+00,  1.13901E+10,  4.27039E+11,  9.41204E+14,  4.61661E+00,  5.54736E+14,  2.47409E+01,  2.65802E+05,  3.76836E+13,  1.17000E+08,  0.00000E+00,  0.00000E+00,  0.00000E+00,  0.00000E+00,  0.00000E+00
  4.40500E-02,1,  3.49960E+00,  1.40000E+02,  2.54766E-08,  2.44379E+18,  1.02036E+15,  4.64035E+11,  1.81849E+09,  8.10656E+08,  3.08557E+08,  1.46653E+08,  3.36357E+07,  9.71554E+06,  1.44836E+11,  4.26607E+08,  2.78762E+08,  5.10144E+09,  2.75850E+14,  7.49092E+03,  2.29310E+09,  1.03973E+03,  6.67707E+05,  3.68560E+05,  1.79283E+07,  2.19788E+19,  1.68237E+13,  6.59192E+12,  5.37691E+12,  3.48350E+12,  5.07030E+11,  2.30078E+13,  7.80900E+08,  1.51788E+03,  5.15639E+16,  5.41880E+06,  5.05888E+15,  9.81285E+08,  4.51902E-02,  2.22258E+12,  5.06054E+11,  9.41828E+14,  3.99168E+02,  5.57460E+14,  2.13918E+03,  2.47700E+09,  3.79144E+13,  1.17000E+08,  0.00000E+00,  0.00000E+00,  0.00000E+00,  0.00000E+00,  0.00000E+00
  4.41000E-02,2,  2.58352E-02,  0.00000E+00,  0.00000E+00,  2.44425E+18,  5.65758E+14,  1.39187E+11,  3.45592E+07,  9.82186E+03,  9.85690E+01,  5.78925E+02,  9.37750E-02,  8.23103E-05,  7.07204E+06,  1.64232E+04,  6.54217E-06,  1.53286E-04,  2.74085E+14,  3.61508E-01,  1.11374E+05,  1.20241E+01,  1.64575E+00,  1.50337E+05,  1.14506E+07,  2.19789E+19,  6.21793E+10,  2.43631E+10,  1.98719E+10,  1.28748E+10,  2.23276E+09,  4.96240E+12,  3.84548E+06,  1.61170E+00,  5.14199E+16,  0.00000E+00,  5.05863E+15,  0.00000E+00,  0.00000E+00,  1.12929E+10,  4.27029E+11,  9.42604E+14,  4.61617E+00,  5.55173E+14,  2.47385E+01,  2.65717E+05,  3.77157E+13,  1.17000E+08,  0.00000E+00,  0.00000E+00,  0.00000E+00,  0.00000E+00,  0.00000E+00
  4.41500E-02,1,  3.49960E+00,  1.40000E+02,  2.54766E-08,  2.44379E+18,  1.02019E+15,  4.63883E+11,  1.81838E+09,  8.10657E+08,  3.08558E+08,  1.46653E+08,  3.36357E+07,  9.71555E+06,  1.44804E+11,  4.26607E+08,  2.78762E+08,  5.10144E+09,  2.75882E+14,  7.49112E+03,  2.29290E+09,  1.03985E+03,  6.67707E+05,  3.68456E+05,  1.79283E+07,  2.19788E+19,  1.68229E+13,  6.59162E+12,  5.37666E+12,  3.48334E+12,  5.07001E+11,  2.30027E+13,  7.80864E+08,  1.51747E+03,  5.15719E+16,  5.41880E+06,  5.06991E+15,  9.79892E+08,  4.50956E-02,  2.22240E+12,  5.06092E+11,  9.43228E+14,  3.99213E+02,  5.57897E+14,  2.13942E+03,  2.47355E+09,  3.79465E+13,  1.17000E+08,  0.00000E+00,  0.00000E+00,  0.00000E+00,  0.00000E+00,  0.00000E+00
  4.42000E-02,2,  2.58352E-02,  0.00000E+00,  0.00000E+00,  2.44425E+18,  5.67046E+14,  1.39824E+11,  3.47976E+07,  9.90084E+03,  9.86280E+01,  5.79119E+02,  9.40203E-02,  8.27037E-05,  7.07273E+06,  1.64287E+04,  6.54347E-06,  1.53316E-04,  2.74131E+14,  3.61664E-01,  1.11404E+05,  1.20323E+01,  1.64944E+00,  1.50944E+05,  1.14754E+07,  2.19789E+19,  6.41734E+10,  2.51444E+10,  2.05093E+10,  1.32877E+10,  2.30173E+09,  4.98428E+12,  3.87999E+06,  1.63401E+00,  5.14286E+16,  0.00000E+00,  5.06966E+15,  0.00000E+00,  0.00000E+00,  1.15756E+10,  4.27056E+11,  9.44001E+14,  4.61932E+00,  5.55619E+14,  2.47554E+01,  2.65675E+05,  3.77485E+13,  1.17000E+08,  0.00000E+00,  0.00000E+00,  0.00000E+00,  0.00000E+00,  0.00000E+00
  4.42500E-02,1,  3.49960E+00,  1.40000E+02,  2.54766E-08,  2.44379E+18,  1.02059E+15,  4.64234E+11,  1.81862E+09,  8.10657E+08,  3.08558E+08,  1.46653E+08,  3.36357E+07,  9.71555E+06,  1.44769E+11,  4.26607E+08,  2.78762E+08,  5.10143E+09,  2.75928E+14,  7.49164E+03,  2.29268E+09,  1.04003E+03,  6.67707E+05,  3.68723E+05,  1.79283E+07,  2.19788E+19,  1.68192E+13,  6.59016E+12,  5.37547E+12,  3.48257E+12,  5.06890E+11,  2.30144E+13,  7.80948E+08,  1.51841E+03,  5.15805E+16,  5.41880E+06,  5.08094E+15,  9.78510E+08,  4.49941E-02,  2.22190E+12,  5.06129E+11,  9.44625E+14,  3.99280E+02,  5.58343E+14,  2.13978E+03,  2.47012E+09,  3.79794E+13,  1.17000E+08,  0.00000E+00,  0.00000E+00,  0.00000E+00,  0.00000E+00,  0.00000E+00
  4.43000E-02,2,  2.58352E-02,  0.00000E+00,  0.00000E+00,  2.44425E+18,  5.65838E+14,  1.39227E+11,  3.45738E+07,  9.82737E+03,  9.86247E+01,  5.79249E+02,  9.38410E-02,  8.23788E-05,  7.07273E+06,  1.64324E+04,  6.54361E-06,  1.53316E-04,  2.74161E+14,  3.61743E-01,  1.11416E+05,  1.20273E+01,  1.64572E+00,  1.50366E+05,  1.14501E+07,  2.19789E+19,  6.20683E+10,  2.43196E+10,  1.98365E+10,  1.28518E+10,  2.22875E+09,  4.96374E+12,  3.84757E+06,  1.61301E+00,  5.14364E+16,  0.00000E+00,  5.08069E+15,  1.38748E-62,  0.00000E+00,  1.12769E+10,  4.27030E+11,  9.45401E+14,  4.61742E+00,  5.56051E+14,  2.47452E+01,  2.65573E+05,  3.77803E+13,  1.17000E+08,  0.00000E+00,  0.00000E+00,  0.00000E+00,  0.00000E+00,  0.00000E+00
  4.43500E-02,1,  3.49960E+00,  1.40000E+02,  2.54766E-08,  2.44379E+18,  1.02021E+15,  4.63904E+11,  1.81840E+09,  8.10657E+08,  3.08558E+08,  1.46653E+08,  3.36358E+07,  9.71556E+06,  1.44737E+11,  4.26607E+08,  2.78762E+08,  5.10143E+09,  2.75958E+14,  7.49181E+03,  2.29249E+09,  1.04014E+03,  6.67708E+05,  3.68504E+05,  1.79283E+07,  2.19787E+19,  1.68184E+13,  6.58987E+12,  5.37524E+12,  3.48242E+12,  5.06862E+11,  2.30034E+13,  7.80869E+08,  1.51753E+03,  5.15883E+16,  5.41880E+06,  5.09196E+15,  9.77124E+08,  4.49004E-02,  2.22173E+12,  5.06166E+11,  9.46024E+14,  3.99324E+02,  5.58776E+14,  2.14001E+03,  2.46668E+09,  3.80112E+13,  1.17000E+08,  0.00000E+00,  0.00000E+00,  0.00000E+00,  0.00000E+00,  0.00000E+00
  4.44000E-02,2,  2.58352E-02,  0.00000E+00,  0.00000E+00,  2.44425E+18,  5.64406E+14,  1.38525E+11,  3.43138E+07,  9.74314E+03,  9.86079E+01,  5.79317E+02,  9.36144E-02,  8.19876E-05,  7.07206E+06,  1.64343E+04,  6.54338E-06,  1.53287E-04,  2.74177E+14,  3.61750E-01,  1.11412E+05,  1.20221E+01,  1.64211E+00,  1.49636E+05,  1.14262E+07,  2.19789E+19,  6.00771E+10,  2.35394E+10,  1.92001E+10,  1.24395E+10,  2.16026E+09,  4.93970E+12,  3.81056E+06,  1.59001E+00,  5.14436E+16,  0.00000E+00,  5.09171E+15,  0.00000E+00,  0.00000E+00,  1.09942E+10,  4.27002E+11,  9.46803E+14,  4.61539E+00,  5.56472E+14,  2.47343E+01,  2.65470E+05,  3.78110E+13,  1.17000E+08,  0.00000E+00,  0.00000E+00,  0.00000E+00,  0.00000E+00,  0.00000E+00
  4.44500E-02,1,  3.49960E+00,  1.40000E+02,  2.54766E-08,  2.44379E+18,  1.01977E+15,  4.63510E+11,  1.81813E+09,  8.10658E+08,  3.08558E+08,  1.46653E+08,  3.36358E+07,  9.71557E+06,  1.44707E+11,  4.26608E+08,  2.78762E+08,  5.10143E+09,  2.75974E+14,  7.49092E+03,  2.29209E+09,  1.04020E+03,  6.67708E+05,  3.68217E+05,  1.79283E+07,  2.19787E+19,  1.68164E+13,  6.58909E+12,  5.37459E+12,  3.48200E+12,  5.06805E+11,  2.29903E+13,  7.80775E+08,  1.51648E+03,  5.15954E+16,  5.41880E+06,  5.10298E+15,  9.75734E+08,  4.48047E-02,  2.22128E+12,  5.06200E+11,  9.47425E+14,  3.99347E+02,  5.59196E+14,  2.14014E+03,  2.46323E+09,  3.80419E+13,  1.17000E+08,  0.00000E+00,  0.00000E+00,  0.00000E+00,  0.00000E+00,  0.00000E+00
  4.45000E-02,2,  2.58352E-02,  0.00000E+00,  0.00000E+00,  2.44425E+18,  5.66551E+14,  1.39579E+11,  3.47056E+07,  9.87139E+03,  9.86794E+01,  5.79489E+02,  9.39983E-02,  8.26149E-05,  7.07254E+06,  1.64392E+04,  6.54321E-06,  1.53308E-04,  2.74217E+14,  3.61881E-01,  1.11436E+05,  1.20343E+01,  1.64835E+00,  1.50628E+05,  1.14682E+07,  2.19788E+19,  6.36105E+10,  2.49238E+10,  2.03294E+10,  1.31712E+10,  2.28184E+09,  4.97580E+12,  3.86662E+06,  1.62543E+00,  5.14518E+16,  0.00000E+00,  5.10273E+15,  3.91717E-42,  0.00000E+00,  1.14946E+10,  4.27045E+11,  9.48200E+14,  4.62010E+00,  5.56909E+14,  2.47595E+01,  2.65446E+05,  3.78431E+13,  1.17000E+08,  0.00000E+00,  0.00000E+00,  0.00000E+00,  0.00000E+00,  0.00000E+00
  4.45500E-02,1,  3.49960E+00,  1.40000E+02,  2.54766E-08,  2.44379E+18,  1.02043E+15,  4.64098E+11,  1.81853E+09,  8.10658E+08,  3.08558E+08,  1.46654E+08,  3.36358E+07,  9.71557E+06,  1.44674E+11,  4.26608E+08,  2.78762E+08,  5.10143E+09,  2.76015E+14,  7.49141E+03,  2.29191E+09,  1.04036E+03,  6.67708E+05,  3.68637E+05,  1.79283E+07,  2.19787E+19,  1.68141E+13,  6.58816E+12,  5.37383E+12,  3.48151E+12,  5.06732E+11,  2.30099E+13,  7.80915E+08,  1.51805E+03,  5.16035E+16,  5.41879E+06,  5.11400E+15,  9.74361E+08,  4.47077E-02,  2.22095E+12,  5.06238E+11,  9.48822E+14,  3.99407E+02,  5.59633E+14,  2.14045E+03,  2.45983E+09,  3.80740E+13,  1.17000E+08,  0.00000E+00,  0.00000E+00,  0.00000E+00,  0.00000E+00,  0.00000E+00
  4.46000E-02,2,  2.58352E-02,  0.00000E+00,  0.00000E+00,  2.44424E+18,  5.66511E+14,  1.39559E+11,  3.46979E+07,  9.86920E+03,  9.87052E+01,  5.79649E+02,  9.40177E-02,  8.26329E-05,  7.07289E+06,  1.64437E+04,  6.64050E-06,  1.53323E-04,  2.74255E+14,  3.61997E-01,  1.11457E+05,  1.20347E+01,  1.64766E+00,  1.50645E+05,  1.14632E+07,  2.19788E+19,  6.25473E+10,  2.45073E+10,  1.99896E+10,  1.29510E+10,  2.24629E+09,  4.97511E+12,  3.86546E+06,  1.62471E+00,  5.14598E+16,  0.00000E+00,  5.11375E+15,  7.52540E-38,  0.00000E+00,  1.13441E+10,  4.27036E+11,  9.49597E+14,  4.62025E+00,  5.57343E+14,  2.47603E+01,  2.65369E+05,  3.78749E+13,  1.17000E+08,  0.00000E+00,  0.00000E+00,  0.00000E+00,  0.00000E+00,  0.00000E+00
  4.46500E-02,1,  3.49960E+00,  1.40000E+02,  2.54766E-08,  2.44379E+18,  1.02042E+15,  4.64087E+11,  1.81852E+09,  8.10658E+08,  3.08558E+08,  1.46654E+08,  3.36358E+07,  9.71558E+06,  1.44642E+11,  4.26608E+08,  2.78762E+08,  5.10143E+09,  2.76052E+14,  7.49176E+03,  2.29170E+09,  1.04050E+03,  6.67709E+05,  3.68661E+05,  1.79283E+07,  2.19787E+19,  1.68119E+13,  6.58730E+12,  5.37313E+12,  3.48106E+12,  5.06664E+11,  2.30095E+13,  7.80913E+08,  1.51802E+03,  5.16115E+16,  5.41879E+06,  5.12502E+15,  9.72991E+08,  4.46117E-02,  2.22063E+12,  5.06276E+11,  9.50219E+14,  3.99461E+02,  5.60067E+14,  2.14074E+03,  2.45643E+09,  3.81058E+13,  1.17000E+08,  0.00000E+00,  0.00000E+00,  0.00000E+00,  0.00000E+00,  0.00000E+00
  4.47000E-02,2,  2.58352E-02,  0.00000E+00,  0.00000E+00,  2.44425E+18,  5.63067E+14,  1.37870E+11,  3.40724E+07,  9.66592E+03,  9.86371E+01,  5.79646E+02,  9.34455E-02,  8.16601E-05,  7.07148E+06,  1.64436E+04,  6.54127E-06,  1.53262E-04,  2.74254E+14,  3.61922E-01,  1.11435E+05,  1.20189E+01,  1.63820E+00,  1.48968E+05,  1.13997E+07,  2.19788E+19,  5.86158E+10,  2.29668E+10,  1.87331E+10,  1.21370E+10,  2.10750E+09,  4.91736E+12,  3.77639E+06,  1.56902E+00,  5.14659E+16,  0.00000E+00,  5.12476E+15,  3.31804-208,  0.00000E+00,  1.07862E+10,  4.26976E+11,  9.51001E+14,  4.61416E+00,  5.57746E+14,  2.47276E+01,  2.65219E+05,  3.79041E+13,  1.17000E+08,  0.00000E+00,  0.00000E+00,  0.00000E+00,  0.00000E+00,  0.00000E+00
  4.47500E-02,1,  3.49960E+00,  1.40000E+02,  2.54766E-08,  2.44379E+18,  1.01935E+15,  4.63143E+11,  1.81788E+09,  8.10658E+08,  3.08558E+08,  1.46654E+08,  3.36358E+07,  9.71559E+06,  1.44614E+11,  4.26608E+08,  2.78763E+08,  5.10143E+09,  2.76051E+14,  7.49028E+03,  2.29126E+09,  1.04050E+03,  6.67709E+05,  3.67984E+05,  1.79283E+07,  2.19786E+19,  1.68119E+13,  6.58731E+12,  5.37315E+12,  3.48107E+12,  5.06665E+11,  2.29780E+13,  7.80687E+08,  1.51550E+03,  5.16176E+16,  5.41879E+06,  5.13603E+15,  9.71603E+08,  4.45224E-02,  2.22037E+12,  5.06309E+11,  9.51622E+14,  3.99461E+02,  5.60470E+14,  2.14074E+03,  2.45299E+09,  3.81350E+13,  1.17000E+08,  0.00000E+00,  0.00000E+00,  0.00000E+00,  0.00000E+00,  0.00000E+00
  4.48000E-02,2,  2.58352E-02,  0.00000E+00,  0.00000E+00,  2.44424E+18,  5.66008E+14,  1.39311E+11,  3.46056E+07,  9.83926E+03,  9.87197E+01,  5.79797E+02,  9.39582E-02,  8.25049E-05,  7.07176E+06,  1.64479E+04,  6.54186E-06,  1.53274E-04,  2.74289E+14,  3.62029E-01,  1.11454E+05,  1.20356E+01,  1.64717E+00,  1.50304E+05,  1.14606E+07,  2.19788E+19,  6.26484E+10,  2.45469E+10,  2.00219E+10,  1.29719E+10,  2.24916E+09,  4.96658E+12,  3.85216E+06,  1.61617E+00,  5.14737E+16,  0.00000E+00,  5.13578E+15,  3.53513E-41,  0.00000E+00,  1.13570E+10,  4.27027E+11,  9.52398E+14,  4.62059E+00,  5.58175E+14,  2.47621E+01,  2.65216E+05,  3.79355E+13,  1.17000E+08,  0.00000E+00,  0.00000E+00,  0.00000E+00,  0.00000E+00,  0.00000E+00
  4.48500E-02,1,  3.49960E+00,  1.40000E+02,  2.54766E-08,  2.44378E+18,  1.02026E+15,  4.63949E+11,  1.81843E+09,  8.10659E+08,  3.08559E+08,  1.46654E+08,  3.36359E+07,  9.71559E+06,  1.44582E+11,  4.26608E+08,  2.78762E+08,  5.10143E+09,  2.76087E+14,  7.49058E+03,  2.29106E+09,  1.04063E+03,  6.67709E+05,  3.68540E+05,  1.79283E+07,  2.19786E+19,  1.68098E+13,  6.58648E+12,  5.37247E+12,  3.48063E+12,  5.06600E+11,  2.30049E+13,  7.80880E+08,  1.51765E+03,  5.16253E+16,  5.41879E+06,  5.14704E+15,  9.70239E+08,  4.44275E-02,  2.22005E+12,  5.06348E+11,  9.53019E+14,  3.99513E+02,  5.60899E+14,  2.14102E+03,  2.44960E+09,  3.81665E+13,  1.17000E+08,  0.00000E+00,  0.00000E+00,  0.00000E+00,  0.00000E+00,  0.00000E+00
  4.49000E-02,2,  2.58352E-02,  0.00000E+00,  0.00000E+00,  2.44424E+18,  5.66971E+14,  1.39787E+11,  3.47831E+07,  9.89781E+03,  9.87687E+01,  5.79973E+02,  9.41468E-02,  8.28020E-05,  7.07231E+06,  1.64529E+04,  6.53338E-06,  1.53298E-04,  2.74331E+14,  3.62167E-01,  1.11479E+05,  1.20402E+01,  1.64889E+00,  1.50822E+05,  1.14714E+07,  2.19787E+19,  6.39970E+10,  2.50753E+10,  2.04529E+10,  1.32512E+10,  2.29513E+09,  4.98287E+12,  3.87768E+06,  1.63243E+00,  5.14816E+16,  0.00000E+00,  5.14679E+15,  1.40244E-38,  0.00000E+00,  1.15480E+10,  4.27045E+11,  9.53794E+14,  4.62233E+00,  5.58607E+14,  2.47714E+01,  2.65158E+05,  3.79672E+13,  1.17000E+08,  0.00000E+00,  0.00000E+00,  0.00000E+00,  0.00000E+00,  0.00000E+00
  4.49500E-02,1,  3.49960E+00,  1.40000E+02,  2.54766E-08,  2.44378E+18,  1.02056E+15,  4.64213E+11,  1.81861E+09,  8.10659E+08,  3.08559E+08,  1.46654E+08,  3.36359E+07,  9.71559E+06,  1.44550E+11,  4.26609E+08,  2.78762E+08,  5.10143E+09,  2.76129E+14,  7.49114E+03,  2.29089E+09,  1.04079E+03,  6.67710E+05,  3.68769E+05,  1.79283E+07,  2.19786E+19,  1.68074E+13,  6.58554E+12,  5.37170E+12,  3.48013E+12,  5.06525E+11,  2.30136E+13,  7.80943E+08,  1.51836E+03,  5.16332E+16,  5.41879E+06,  5.15805E+15,  9.68882E+08,  4.43321E-02,  2.21973E+12,  5.06386E+11,  9.54414E+14,  3.99573E+02,  5.61330E+14,  2.14134E+03,  2.44624E+09,  3.81981E+13,  1.17000E+08,  0.00000E+00,  0.00000E+00,  0.00000E+00,  0.00000E+00,  0.00000E+00
  4.50000E-02,2,  2.58352E-02,  0.00000E+00,  0.00000E+00,  2.44424E+18,  5.68133E+14,  1.40359E+11,  3.49959E+07,  9.96782E+03,  9.88305E+01,  5.80204E+02,  9.43776E-02,  8.31629E-05,  7.07347E+06,  1.64595E+04,  6.58723E-06,  1.53348E-04,  2.74385E+14,  3.62369E-01,  1.11520E+05,  1.20478E+01,  1.65204E+00,  1.51415E+05,  1.14923E+07,  2.19787E+19,  6.43504E+10,  2.52138E+10,  2.05658E+10,  1.33244E+10,  2.30852E+09,  5.00239E+12,  3.90805E+06,  1.65162E+00,  5.14902E+16,  0.00000E+00,  5.15780E+15,  1.61905E-31,  0.00000E+00,  1.15986E+10,  4.27059E+11,  9.55187E+14,  4.62525E+00,  5.59046E+14,  2.47870E+01,  2.65114E+05,  3.79995E+13,  1.17000E+08,  0.00000E+00,  0.00000E+00,  0.00000E+00,  0.00000E+00,  0.00000E+00
  4.50500E-02,1,  3.49960E+00,  1.40000E+02,  2.54766E-08,  2.44378E+18,  1.02092E+15,  4.64531E+11,  1.81883E+09,  8.10660E+08,  3.08559E+08,  1.46654E+08,  3.36359E+07,  9.71560E+06,  1.44516E+11,  4.26609E+08,  2.78762E+08,  5.10142E+09,  2.76183E+14,  7.49232E+03,  2.29081E+09,  1.04099E+03,  6.67710E+05,  3.69035E+05,  1.79283E+07,  2.19786E+19,  1.68042E+13,  6.58430E+12,  5.37069E+12,  3.47948E+12,  5.06427E+11,  2.30242E+13,  7.81019E+08,  1.51921E+03,  5.16417E+16,  5.41879E+06,  5.16907E+15,  9.67536E+08,  4.42350E-02,  2.21939E+12,  5.06426E+11,  9.55807E+14,  3.99651E+02,  5.61770E+14,  2.14176E+03,  2.44290E+09,  3.82305E+13,  1.17000E+08,  0.00000E+00,  0.00000E+00,  0.00000E+00,  0.00000E+00,  0.00000E+00
  4.51000E-02,2,  2.58352E-02,  0.00000E+00,  0.00000E+00,  2.44424E+18,  5.66235E+14,  1.39424E+11,  3.46481E+07,  9.85467E+03,  9.88133E+01,  5.80329E+02,  9.40823E-02,  8.26463E-05,  7.07346E+06,  1.64630E+04,  6.54493E-06,  1.53348E-04,  2.74414E+14,  3.62445E-01,  1.11532E+05,  1.20392E+01,  1.64621E+00,  1.50498E+05,  1.14529E+07,  2.19787E+19,  6.27678E+10,  2.45936E+10,  2.00600E+10,  1.29966E+10,  2.25125E+09,  4.97045E+12,  3.85835E+06,  1.62040E+00,  5.14975E+16,  0.00000E+00,  5.16881E+15,  3.30070-208,  0.00000E+00,  1.13741E+10,  4.27036E+11,  9.56584E+14,  4.62196E+00,  5.59466E+14,  2.47694E+01,  2.64998E+05,  3.80302E+13,  1.17000E+08,  0.00000E+00,  0.00000E+00,  0.00000E+00,  0.00000E+00,  0.00000E+00
  4.51500E-02,1,  3.49960E+00,  1.40000E+02,  2.54766E-08,  2.44378E+18,  1.02033E+15,  4.64012E+11,  1.81847E+09,  8.10660E+08,  3.08559E+08,  1.46654E+08,  3.36359E+07,  9.71560E+06,  1.44486E+11,  4.26609E+08,  2.78763E+08,  5.10142E+09,  2.76212E+14,  7.49229E+03,  2.29057E+09,  1.04110E+03,  6.67710E+05,  3.68679E+05,  1.79283E+07,  2.19786E+19,  1.68025E+13,  6.58365E+12,  5.37015E+12,  3.47913E+12,  5.06375E+11,  2.30069E+13,  7.80895E+08,  1.51782E+03,  5.16490E+16,  5.41878E+06,  5.18007E+15,  9.66181E+08,  4.41424E-02,  2.21909E+12,  5.06463E+11,  9.57203E+14,  3.99693E+02,  5.62190E+14,  2.14198E+03,  2.43953E+09,  3.82612E+13,  1.17000E+08,  0.00000E+00,  0.00000E+00,  0.00000E+00,  0.00000E+00,  0.00000E+00
  4.52000E-02,2,  2.58352E-02,  0.00000E+00,  0.00000E+00,  2.44424E+18,  5.65094E+14,  1.38863E+11,  3.44397E+07,  9.78679E+03,  9.88042E+01,  5.80411E+02,  9.39061E-02,  8.23360E-05,  7.07302E+06,  1.64653E+04,  6.54414E-06,  1.53329E-04,  2.74433E+14,  3.62473E-01,  1.11533E+05,  1.20360E+01,  1.64372E+00,  1.49898E+05,  1.14366E+07,  2.19787E+19,  6.06712E+10,  2.37722E+10,  1.93900E+10,  1.25625E+10,  2.18029E+09,  4.95125E+12,  3.82853E+06,  1.60146E+00,  5.15042E+16,  0.00000E+00,  5.17982E+15,  0.00000E+00,  0.00000E+00,  1.10767E+10,  4.27011E+11,  9.57982E+14,  4.62073E+00,  5.59878E+14,  2.47627E+01,  2.64907E+05,  3.80601E+13,  1.17000E+08,  0.00000E+00,  0.00000E+00,  0.00000E+00,  0.00000E+00,  0.00000E+00
  4.52500E-02,1,  3.49960E+00,  1.40000E+02,  2.54766E-08,  2.44378E+18,  1.01998E+15,  4.63699E+11,  1.81826E+09,  8.10660E+08,  3.08559E+08,  1.46654E+08,  3.36359E+07,  9.71561E+06,  1.44457E+11,  4.26609E+08,  2.78763E+08,  5.10142E+09,  2.76231E+14,  7.49182E+03,  2.29027E+09,  1.04118E+03,  6.67711E+05,  3.68446E+05,  1.79283E+07,  2.19785E+19,  1.68014E+13,  6.58319E+12,  5.36979E+12,  3.47889E+12,  5.06339E+11,  2.29964E+13,  7.80820E+08,  1.51699E+03,  5.16557E+16,  5.41878E+06,  5.19108E+15,  9.64824E+08,  4.40517E-02,  2.21881E+12,  5.06500E+11,  9.58601E+14,  3.99722E+02,  5.62601E+14,  2.14213E+03,  2.43617E+09,  3.82911E+13,  1.17000E+08,  0.00000E+00,  0.00000E+00,  0.00000E+00,  0.00000E+00,  0.00000E+00
  4.53000E-02,2,  2.58352E-02,  0.00000E+00,  0.00000E+00,  2.44424E+18,  5.63889E+14,  1.38271E+11,  3.42190E+07,  9.71448E+03,  9.87858E+01,  5.80448E+02,  9.37117E-02,  8.20021E-05,  7.07209E+06,  1.64663E+04,  6.54242E-06,  1.53288E-04,  2.74442E+14,  3.62447E-01,  1.11521E+05,  1.20316E+01,  1.64085E+00,  1.49276E+05,  1.14177E+07,  2.19787E+19,  5.78621E+10,  2.26715E+10,  1.84922E+10,  1.19809E+10,  2.08543E+09,  4.93101E+12,  3.79685E+06,  1.58091E+00,  5.15105E+16,  0.00000E+00,  5.19082E+15,  7.48092E-38,  0.00000E+00,  1.06782E+10,  4.26976E+11,  9.59382E+14,  4.61905E+00,  5.60279E+14,  2.47538E+01,  2.64810E+05,  3.80891E+13,  1.17000E+08,  0.00000E+00,  0.00000E+00,  0.00000E+00,  0.00000E+00,  0.00000E+00
  4.53500E-02,1,  3.49960E+00,  1.40000E+02,  2.54766E-08,  2.44378E+18,  1.01961E+15,  4.63370E+11,  1.81804E+09,  8.10660E+08,  3.08559E+08,  1.46654E+08,  3.36360E+07,  9.71562E+06,  1.44429E+11,  4.26610E+08,  2.78763E+08,  5.10142E+09,  2.76240E+14,  7.49104E+03,  2.28996E+09,  1.04121E+03,  6.67711E+05,  3.68199E+05,  1.79283E+07,  2.19785E+19,  1.68019E+13,  6.58340E+12,  5.36995E+12,  3.47900E+12,  5.06350E+11,  2.29855E+13,  7.80741E+08,  1.51611E+03,  5.16619E+16,  5.41878E+06,  5.20208E+15,  9.63465E+08,  4.39656E-02,  2.21870E+12,  5.06536E+11,  9.60001E+14,  3.99734E+02,  5.63003E+14,  2.14220E+03,  2.43280E+09,  3.83201E+13,  1.17000E+08,  0.00000E+00,  0.00000E+00,  0.00000E+00,  0.00000E+00,  0.00000E+00
  4.54000E-02,2,  2.58352E-02,  0.00000E+00,  0.00000E+00,  2.44424E+18,  5.63818E+14,  1.38237E+11,  3.42067E+07,  9.71050E+03,  9.87901E+01,  5.80482E+02,  9.37055E-02,  8.19890E-05,  7.07115E+06,  1.64673E+04,  6.54071E-06,  1.53248E-04,  2.74450E+14,  3.62419E-01,  1.11510E+05,  1.20320E+01,  1.64083E+00,  1.49193E+05,  1.14177E+07,  2.19786E+19,  5.89844E+10,  2.31112E+10,  1.88509E+10,  1.22133E+10,  2.12223E+09,  4.92987E+12,  3.79534E+06,  1.57985E+00,  5.15166E+16,  0.00000E+00,  5.20182E+15,  8.55710E-40,  0.00000E+00,  1.08363E+10,  4.26979E+11,  9.60782E+14,  4.61920E+00,  5.60679E+14,  2.47545E+01,  2.64735E+05,  3.81179E+13,  1.17000E+08,  0.00000E+00,  0.00000E+00,  0.00000E+00,  0.00000E+00,  0.00000E+00
  4.54500E-02,1,  3.49960E+00,  1.40000E+02,  2.54766E-08,  2.44378E+18,  1.01959E+15,  4.63351E+11,  1.81802E+09,  8.10661E+08,  3.08559E+08,  1.46654E+08,  3.36360E+07,  9.71562E+06,  1.44401E+11,  4.26610E+08,  2.78763E+08,  5.10142E+09,  2.76248E+14,  7.49007E+03,  2.28959E+09,  1.04124E+03,  6.67712E+05,  3.68169E+05,  1.79283E+07,  2.19785E+19,  1.68014E+13,  6.58320E+12,  5.36979E+12,  3.47889E+12,  5.06334E+11,  2.29848E+13,  7.80736E+08,  1.51606E+03,  5.16680E+16,  5.41878E+06,  5.21308E+15,  9.62109E+08,  4.38775E-02,  2.21844E+12,  5.06572E+11,  9.61400E+14,  3.99747E+02,  5.63402E+14,  2.14226E+03,  2.42943E+09,  3.83490E+13,  1.17000E+08,  0.00000E+00,  0.00000E+00,  0.00000E+00,  0.00000E+00,  0.00000E+00
  4.55000E-02,2,  2.58352E-02,  0.00000E+00,  0.00000E+00,  2.44424E+18,  5.64696E+14,  1.38669E+11,  3.43681E+07,  9.76400E+03,  9.88215E+01,  5.80561E+02,  9.38642E-02,  8.22468E-05,  7.07070E+06,  1.64695E+04,  6.53983E-06,  1.53228E-04,  2.74468E+14,  3.62443E-01,  1.11510E+05,  1.20369E+01,  1.64328E+00,  1.49609E+05,  1.14342E+07,  2.19786E+19,  6.04197E+10,  2.36736E+10,  1.93096E+10,  1.25105E+10,  2.17130E+09,  4.94466E+12,  3.81847E+06,  1.59524E+00,  5.15231E+16,  0.00000E+00,  5.21282E+15,  4.41352E-28,  0.00000E+00,  1.10390E+10,  4.26991E+11,  9.62180E+14,  4.62108E+00,  5.61084E+14,  2.47646E+01,  2.64680E+05,  3.81473E+13,  1.17000E+08,  0.00000E+00,  0.00000E+00,  0.00000E+00,  0.00000E+00,  0.00000E+00
  4.55500E-02,1,  3.49960E+00,  1.40000E+02,  2.54766E-08,  2.44378E+18,  1.01986E+15,  4.63590E+11,  1.81819E+09,  8.10661E+08,  3.08560E+08,  1.46654E+08,  3.36360E+07,  9.71563E+06,  1.44373E+11,  4.26610E+08,  2.78763E+08,  5.10142E+09,  2.76267E+14,  7.48940E+03,  2.28924E+09,  1.04131E+03,  6.67712E+05,  3.68346E+05,  1.79283E+07,  2.19785E+19,  1.67993E+13,  6.58237E+12,  5.36911E+12,  3.47845E+12,  5.06274E+11,  2.29928E+13,  7.80793E+08,  1.51670E+03,  5.16745E+16,  5.41878E+06,  5.22408E+15,  9.60763E+08,  4.37858E-02,  2.21803E+12,  5.06608E+11,  9.62798E+14,  3.99774E+02,  5.63807E+14,  2.14241E+03,  2.42609E+09,  3.83784E+13,  1.17000E+08,  0.00000E+00,  0.00000E+00,  0.00000E+00,  0.00000E+00,  0.00000E+00
  4.56000E-02,2,  2.58352E-02,  0.00000E+00,  0.00000E+00,  2.44423E+18,  5.65479E+14,  1.39053E+11,  3.45106E+07,  9.81050E+03,  9.88553E+01,  5.80671E+02,  9.40123E-02,  8.24822E-05,  7.07060E+06,  1.64726E+04,  6.53967E-06,  1.53224E-04,  2.74494E+14,  3.62506E-01,  1.11519E+05,  1.20412E+01,  1.64519E+00,  1.50007E+05,  1.14467E+07,  2.19786E+19,  6.13223E+10,  2.40273E+10,  1.95981E+10,  1.26974E+10,  2.20268E+09,  4.95778E+12,  3.83882E+06,  1.60782E+00,  5.15300E+16,  0.00000E+00,  5.22382E+15,  4.16295E-27,  0.00000E+00,  1.11665E+10,  4.27001E+11,  9.63576E+14,  4.62273E+00,  5.61493E+14,  2.47734E+01,  2.64622E+05,  3.81770E+13,  1.17000E+08,  0.00000E+00,  0.00000E+00,  0.00000E+00,  0.00000E+00,  0.00000E+00
  4.56500E-02,1,  3.49960E+00,  1.40000E+02,  2.54766E-08,  2.44377E+18,  1.02010E+15,  4.63804E+11,  1.81833E+09,  8.10661E+08,  3.08560E+08,  1.46654E+08,  3.36360E+07,  9.71563E+06,  1.44344E+11,  4.26610E+08,  2.78763E+08,  5.10142E+09,  2.76293E+14,  7.48929E+03,  2.28900E+09,  1.04141E+03,  6.67712E+05,  3.68519E+05,  1.79283E+07,  2.19784E+19,  1.67978E+13,  6.58177E+12,  5.36862E+12,  3.47813E+12,  5.06226E+11,  2.29999E+13,  7.80845E+08,  1.51727E+03,  5.16813E+16,  5.41878E+06,  5.23508E+15,  9.59424E+08,  4.36956E-02,  2.21775E+12,  5.06646E+11,  9.64194E+14,  3.99812E+02,  5.64216E+14,  2.14261E+03,  2.42277E+09,  3.84081E+13,  1.17000E+08,  0.00000E+00,  0.00000E+00,  0.00000E+00,  0.00000E+00,  0.00000E+00
  4.57000E-02,2,  2.58352E-02,  0.00000E+00,  0.00000E+00,  2.44423E+18,  5.65915E+14,  1.39267E+11,  3.45895E+07,  9.83645E+03,  9.88849E+01,  5.80797E+02,  9.41054E-02,  8.26220E-05,  7.07067E+06,  1.64762E+04,  6.53981E-06,  1.53227E-04,  2.74523E+14,  3.62588E-01,  1.11532E+05,  1.20441E+01,  1.64615E+00,  1.50233E+05,  1.14530E+07,  2.19786E+19,  6.16651E+10,  2.41616E+10,  1.97076E+10,  1.27683E+10,  2.21473E+09,  4.96502E+12,  3.84988E+06,  1.61487E+00,  5.15369E+16,  0.00000E+00,  5.23482E+15,  0.00000E+00,  0.00000E+00,  1.12147E+10,  4.27006E+11,  9.64972E+14,  4.62382E+00,  5.61903E+14,  2.47793E+01,  2.64558E+05,  3.82068E+13,  1.17000E+08,  0.00000E+00,  0.00000E+00,  0.00000E+00,  0.00000E+00,  0.00000E+00
  4.57500E-02,1,  3.49960E+00,  1.40000E+02,  2.54766E-08,  2.44377E+18,  1.02023E+15,  4.63924E+11,  1.81842E+09,  8.10662E+08,  3.08560E+08,  1.46655E+08,  3.36360E+07,  9.71563E+06,  1.44314E+11,  4.26610E+08,  2.78763E+08,  5.10142E+09,  2.76323E+14,  7.48936E+03,  2.28878E+09,  1.04153E+03,  6.67712E+05,  3.68624E+05,  1.79283E+07,  2.19784E+19,  1.67960E+13,  6.58109E+12,  5.36807E+12,  3.47778E+12,  5.06172E+11,  2.30039E+13,  7.80873E+08,  1.51759E+03,  5.16882E+16,  5.41877E+06,  5.24607E+15,  9.58090E+08,  4.36053E-02,  2.21747E+12,  5.06684E+11,  9.65588E+14,  3.99855E+02,  5.64627E+14,  2.14284E+03,  2.41946E+09,  3.84379E+13,  1.17000E+08,  0.00000E+00,  0.00000E+00,  0.00000E+00,  0.00000E+00,  0.00000E+00
  4.58000E-02,2,  2.58352E-02,  0.00000E+00,  0.00000E+00,  2.44423E+18,  5.65707E+14,  1.39167E+11,  3.45536E+07,  9.82545E+03,  9.89002E+01,  5.80910E+02,  9.40891E-02,  8.25831E-05,  7.07062E+06,  1.64794E+04,  6.53973E-06,  1.53225E-04,  2.74550E+14,  3.62654E-01,  1.11542E+05,  1.20441E+01,  1.64547E+00,  1.50141E+05,  1.14483E+07,  2.19785E+19,  6.18524E+10,  2.42350E+10,  1.97675E+10,  1.28071E+10,  2.21955E+09,  4.96177E+12,  3.84513E+06,  1.61208E+00,  5.15436E+16,  0.00000E+00,  5.24581E+15,  9.30177E-31,  0.00000E+00,  1.12410E+10,  4.27005E+11,  9.66367E+14,  4.62382E+00,  5.62310E+14,  2.47792E+01,  2.64482E+05,  3.82363E+13,  1.17000E+08,  0.00000E+00,  0.00000E+00,  0.00000E+00,  0.00000E+00,  0.00000E+00
  4.58500E-02,1,  3.49960E+00,  1.40000E+02,  2.54766E-08,  2.44377E+18,  1.02017E+15,  4.63867E+11,  1.81838E+09,  8.10662E+08,  3.08560E+08,  1.46655E+08,  3.36360E+07,  9.71564E+06,  1.44285E+11,  4.26611E+08,  2.78763E+08,  5.10141E+09,  2.76349E+14,  7.48929E+03,  2.28854E+09,  1.04163E+03,  6.67713E+05,  3.68599E+05,  1.79283E+07,  2.19784E+19,  1.67945E+13,  6.58049E+12,  5.36758E+12,  3.47746E+12,  5.06125E+11,  2.30020E+13,  7.80860E+08,  1.51744E+03,  5.16948E+16,  5.41877E+06,  5.25707E+15,  9.56759E+08,  4.35158E-02,  2.21720E+12,  5.06723E+11,  9.66983E+14,  3.99894E+02,  5.65033E+14,  2.14305E+03,  2.41616E+09,  3.84674E+13,  1.17000E+08,  0.00000E+00,  0.00000E+00,  0.00000E+00,  0.00000E+00,  0.00000E+00
  4.59000E-02,2,  2.58352E-02,  0.00000E+00,  0.00000E+00,  2.44423E+18,  5.65983E+14,  1.39300E+11,  3.46017E+07,  9.84082E+03,  9.89256E+01,  5.81033E+02,  9.41551E-02,  8.26749E-05,  7.07068E+06,  1.64829E+04,  6.54271E-06,  1.53227E-04,  2.74579E+14,  3.62733E-01,  1.11555E+05,  1.20465E+01,  1.64618E+00,  1.50256E+05,  1.14530E+07,  2.19785E+19,  6.22089E+10,  2.43747E+10,  1.98814E+10,  1.28809E+10,  2.23225E+09,  4.96616E+12,  3.85157E+06,  1.61576E+00,  5.15504E+16,  0.00000E+00,  5.25681E+15,  3.29517E-39,  0.00000E+00,  1.12911E+10,  4.27010E+11,  9.67762E+14,  4.62476E+00,  5.62717E+14,  2.47843E+01,  2.64417E+05,  3.82659E+13,  1.17000E+08,  0.00000E+00,  0.00000E+00,  0.00000E+00,  0.00000E+00,  0.00000E+00
  4.59500E-02,1,  3.49960E+00,  1.40000E+02,  2.54766E-08,  2.44377E+18,  1.02025E+15,  4.63942E+11,  1.81843E+09,  8.10662E+08,  3.08560E+08,  1.46655E+08,  3.36361E+07,  9.71565E+06,  1.44256E+11,  4.26611E+08,  2.78763E+08,  5.10141E+09,  2.76378E+14,  7.48934E+03,  2.28832E+09,  1.04174E+03,  6.67713E+05,  3.68659E+05,  1.79283E+07,  2.19784E+19,  1.67928E+13,  6.57981E+12,  5.36703E+12,  3.47710E+12,  5.06071E+11,  2.30045E+13,  7.80878E+08,  1.51764E+03,  5.17016E+16,  5.41877E+06,  5.26806E+15,  9.55433E+08,  4.34262E-02,  2.21692E+12,  5.06761E+11,  9.68378E+14,  3.99936E+02,  5.65440E+14,  2.14327E+03,  2.41287E+09,  3.84970E+13,  1.17000E+08,  0.00000E+00,  0.00000E+00,  0.00000E+00,  0.00000E+00,  0.00000E+00
  4.60000E-02,2,  2.58352E-02,  0.00000E+00,  0.00000E+00,  2.44423E+18,  5.67628E+14,  1.40111E+11,  3.49042E+07,  9.94033E+03,  9.89911E+01,  5.81227E+02,  9.44604E-02,  8.31673E-05,  7.07150E+06,  1.64884E+04,  6.54071E-06,  1.53263E-04,  2.74624E+14,  3.62895E-01,  1.11587E+05,  1.20558E+01,  1.65053E+00,  1.51056E+05,  1.14820E+07,  2.19785E+19,  6.49350E+10,  2.54428E+10,  2.07527E+10,  1.34454E+10,  2.32606E+09,  4.99395E+12,  3.89501E+06,  1.64343E+00,  5.15579E+16,  0.00000E+00,  5.26780E+15,  1.95027E-42,  0.00000E+00,  1.16773E+10,  4.27047E+11,  9.69153E+14,  4.62832E+00,  5.63134E+14,  2.48033E+01,  2.64382E+05,  3.82964E+13,  1.17000E+08,  0.00000E+00,  0.00000E+00,  0.00000E+00,  0.00000E+00,  0.00000E+00
  4.60500E-02,1,  3.49960E+00,  1.40000E+02,  2.54766E-08,  2.44377E+18,  1.02076E+15,  4.64393E+11,  1.81874E+09,  8.10662E+08,  3.08560E+08,  1.46655E+08,  3.36361E+07,  9.71565E+06,  1.44225E+11,  4.26611E+08,  2.78763E+08,  5.10141E+09,  2.76424E+14,  7.49019E+03,  2.28821E+09,  1.04191E+03,  6.67713E+05,  3.69004E+05,  1.79283E+07,  2.19784E+19,  1.67901E+13,  6.57878E+12,  5.36619E+12,  3.47656E+12,  5.05990E+11,  2.30195E+13,  7.80986E+08,  1.51885E+03,  5.17090E+16,  5.41877E+06,  5.27905E+15,  9.54120E+08,  4.33345E-02,  2.21663E+12,  5.06801E+11,  9.69769E+14,  4.00002E+02,  5.65858E+14,  2.14362E+03,  2.40961E+09,  3.85275E+13,  1.17000E+08,  0.00000E+00,  0.00000E+00,  0.00000E+00,  0.00000E+00,  0.00000E+00
  4.61000E-02,2,  2.58352E-02,  0.00000E+00,  0.00000E+00,  2.44423E+18,  5.66608E+14,  1.39609E+11,  3.47170E+07,  9.87949E+03,  9.89938E+01,  5.81366E+02,  9.43132E-02,  8.29006E-05,  7.07174E+06,  1.64923E+04,  6.53340E-06,  1.53274E-04,  2.74657E+14,  3.62993E-01,  1.11604E+05,  1.20519E+01,  1.64739E+00,  1.50595E+05,  1.14606E+07,  2.19785E+19,  6.24036E+10,  2.44509E+10,  1.99436E+10,  1.29212E+10,  2.23952E+09,  4.97682E+12,  3.86828E+06,  1.62651E+00,  5.15647E+16,  0.00000E+00,  5.27879E+15,  1.74784E-30,  0.00000E+00,  1.13191E+10,  4.27022E+11,  9.70546E+14,  4.62682E+00,  5.63541E+14,  2.47952E+01,  2.64290E+05,  3.83259E+13,  1.17000E+08,  0.00000E+00,  0.00000E+00,  0.00000E+00,  0.00000E+00,  0.00000E+00
  4.61500E-02,1,  3.49960E+00,  1.40000E+02,  2.54766E-08,  2.44377E+18,  1.02045E+15,  4.64114E+11,  1.81855E+09,  8.10663E+08,  3.08560E+08,  1.46655E+08,  3.36361E+07,  9.71566E+06,  1.44196E+11,  4.26611E+08,  2.78763E+08,  5.10141E+09,  2.76456E+14,  7.49041E+03,  2.28801E+09,  1.04203E+03,  6.67714E+05,  3.68833E+05,  1.79283E+07,  2.19783E+19,  1.67882E+13,  6.57804E+12,  5.36558E+12,  3.47617E+12,  5.05931E+11,  2.30102E+13,  7.80919E+08,  1.51810E+03,  5.17159E+16,  5.41877E+06,  5.29004E+15,  9.52803E+08,  4.32452E-02,  2.21635E+12,  5.06840E+11,  9.71161E+14,  4.00049E+02,  5.66265E+14,  2.14387E+03,  2.40635E+09,  3.85571E+13,  1.17000E+08,  0.00000E+00,  0.00000E+00,  0.00000E+00,  0.00000E+00,  0.00000E+00
  4.62000E-02,2,  2.58352E-02,  0.00000E+00,  0.00000E+00,  2.44423E+18,  5.62322E+14,  1.37506E+11,  3.39364E+07,  9.62430E+03,  9.88982E+01,  5.81309E+02,  9.35903E-02,  8.16835E-05,  7.06987E+06,  1.64906E+04,  6.53821E-06,  1.53192E-04,  2.74643E+14,  3.62860E-01,  1.11569E+05,  1.20320E+01,  1.63586E+00,  1.48476E+05,  1.13836E+07,  2.19785E+19,  5.63662E+10,  2.20854E+10,  1.80141E+10,  1.16711E+10,  2.03227E+09,  4.90486E+12,  3.75675E+06,  1.55456E+00,  5.15694E+16,  0.00000E+00,  5.28978E+15,  3.25306-208,  0.00000E+00,  1.04622E+10,  4.26941E+11,  9.71947E+14,  4.61919E+00,  5.63912E+14,  2.47543E+01,  2.64129E+05,  3.83523E+13,  1.17000E+08,  0.00000E+00,  0.00000E+00,  0.00000E+00,  0.00000E+00,  0.00000E+00
  4.62500E-02,1,  3.49960E+00,  1.40000E+02,  2.54766E-08,  2.44377E+18,  1.01911E+15,  4.62934E+11,  1.81774E+09,  8.10663E+08,  3.08561E+08,  1.46655E+08,  3.36361E+07,  9.71566E+06,  1.44173E+11,  4.26612E+08,  2.78763E+08,  5.10141E+09,  2.76442E+14,  7.48867E+03,  2.28760E+09,  1.04198E+03,  6.67714E+05,  3.67973E+05,  1.79283E+07,  2.19783E+19,  1.67963E+13,  6.58119E+12,  5.36815E+12,  3.47783E+12,  5.06167E+11,  2.29708E+13,  7.80636E+08,  1.51495E+03,  5.17205E+16,  5.41877E+06,  5.30102E+15,  9.51466E+08,  4.31817E-02,  2.21718E+12,  5.06901E+11,  9.72562E+14,  4.00029E+02,  5.66635E+14,  2.14376E+03,  2.40303E+09,  3.85835E+13,  1.17000E+08,  0.00000E+00,  0.00000E+00,  0.00000E+00,  0.00000E+00,  0.00000E+00
  4.63000E-02,2,  2.58352E-02,  0.00000E+00,  0.00000E+00,  2.44423E+18,  5.65222E+14,  1.38926E+11,  3.44629E+07,  9.79650E+03,  9.89730E+01,  5.81408E+02,  9.40893E-02,  8.25142E-05,  7.06970E+06,  1.64935E+04,  6.53824E-06,  1.53185E-04,  2.74666E+14,  3.62912E-01,  1.11576E+05,  1.20485E+01,  1.64496E+00,  1.49767E+05,  1.14455E+07,  2.19784E+19,  6.12252E+10,  2.39892E+10,  1.95670E+10,  1.26773E+10,  2.19866E+09,  4.95338E+12,  3.83177E+06,  1.60334E+00,  5.15757E+16,  0.00000E+00,  5.30076E+15,  7.20226E-47,  0.00000E+00,  1.11505E+10,  4.26994E+11,  9.73342E+14,  4.62552E+00,  5.64309E+14,  2.47883E+01,  2.64125E+05,  3.83810E+13,  1.17000E+08,  0.00000E+00,  0.00000E+00,  0.00000E+00,  0.00000E+00,  0.00000E+00
  4.63500E-02,1,  3.49960E+00,  1.40000E+02,  2.54766E-08,  2.44377E+18,  1.02002E+15,  4.63734E+11,  1.81829E+09,  8.10663E+08,  3.08561E+08,  1.46655E+08,  3.36361E+07,  9.71567E+06,  1.44145E+11,  4.26612E+08,  2.78763E+08,  5.10141E+09,  2.76467E+14,  7.48829E+03,  2.28729E+09,  1.04207E+03,  6.67714E+05,  3.68504E+05,  1.79283E+07,  2.19783E+19,  1.67876E+13,  6.57779E+12,  5.36538E+12,  3.47603E+12,  5.05911E+11,  2.29975E+13,  7.80828E+08,  1.51709E+03,  5.17268E+16,  5.41876E+06,  5.31201E+15,  9.50152E+08,  4.30763E-02,  2.21589E+12,  5.06913E+11,  9.73956E+14,  4.00065E+02,  5.67032E+14,  2.14395E+03,  2.39977E+09,  3.86122E+13,  1.17000E+08,  0.00000E+00,  0.00000E+00,  0.00000E+00,  0.00000E+00,  0.00000E+00
  4.64000E-02,2,  2.58352E-02,  0.00000E+00,  0.00000E+00,  2.44423E+18,  5.64255E+14,  1.38453E+11,  3.42877E+07,  9.73977E+03,  9.89605E+01,  5.81446E+02,  9.39344E-02,  8.22473E-05,  7.06888E+06,  1.64945E+04,  6.53652E-06,  1.53149E-04,  2.74675E+14,  3.62892E-01,  1.11566E+05,  1.20428E+01,  1.64144E+00,  1.49352E+05,  1.14212E+07,  2.19784E+19,  5.95849E+10,  2.33465E+10,  1.90428E+10,  1.23376E+10,  2.14203E+09,  4.93715E+12,  3.80682E+06,  1.58787E+00,  5.15813E+16,  0.00000E+00,  5.31174E+15,  1.65374E-40,  0.00000E+00,  1.09178E+10,  4.26970E+11,  9.74738E+14,  4.62334E+00,  5.64693E+14,  2.47766E+01,  2.64026E+05,  3.84085E+13,  1.17000E+08,  0.00000E+00,  0.00000E+00,  0.00000E+00,  0.00000E+00,  0.00000E+00
  4.64500E-02,1,  3.49960E+00,  1.40000E+02,  2.54766E-08,  2.44377E+18,  1.01972E+15,  4.63469E+11,  1.81811E+09,  8.10664E+08,  3.08561E+08,  1.46655E+08,  3.36361E+07,  9.71567E+06,  1.44119E+11,  4.26612E+08,  2.78763E+08,  5.10141E+09,  2.76476E+14,  7.48742E+03,  2.28695E+09,  1.04211E+03,  6.67715E+05,  3.68341E+05,  1.79283E+07,  2.19783E+19,  1.67871E+13,  6.57759E+12,  5.36521E+12,  3.47593E+12,  5.05895E+11,  2.29886E+13,  7.80764E+08,  1.51638E+03,  5.17323E+16,  5.41876E+06,  5.32299E+15,  9.48833E+08,  4.29919E-02,  2.21566E+12,  5.06950E+11,  9.75352E+14,  4.00078E+02,  5.67417E+14,  2.14402E+03,  2.39650E+09,  3.86397E+13,  1.17000E+08,  0.00000E+00,  0.00000E+00,  0.00000E+00,  0.00000E+00,  0.00000E+00
  4.65000E-02,2,  2.58352E-02,  0.00000E+00,  0.00000E+00,  2.44423E+18,  5.64574E+14,  1.38608E+11,  3.43440E+07,  9.75692E+03,  9.89761E+01,  5.81511E+02,  9.39981E-02,  8.23471E-05,  7.06836E+06,  1.64964E+04,  6.53558E-06,  1.53127E-04,  2.74690E+14,  3.62906E-01,  1.11564E+05,  1.20458E+01,  1.64277E+00,  1.49489E+05,  1.14304E+07,  2.19784E+19,  5.94564E+10,  2.32962E+10,  1.90017E+10,  1.23110E+10,  2.13794E+09,  4.94256E+12,  3.81494E+06,  1.59134E+00,  5.15871E+16,  0.00000E+00,  5.32272E+15,  8.26730E-25,  0.00000E+00,  1.08993E+10,  4.26966E+11,  9.76134E+14,  4.62449E+00,  5.65081E+14,  2.47827E+01,  2.63964E+05,  3.84363E+13,  1.17000E+08,  0.00000E+00,  0.00000E+00,  0.00000E+00,  0.00000E+00,  0.00000E+00
  4.65500E-02,1,  3.49960E+00,  1.40000E+02,  2.54766E-08,  2.44376E+18,  1.01982E+15,  4.63558E+11,  1.81817E+09,  8.10664E+08,  3.08561E+08,  1.46655E+08,  3.36362E+07,  9.71568E+06,  1.44092E+11,  4.26612E+08,  2.78763E+08,  5.10141E+09,  2.76491E+14,  7.48707E+03,  2.28672E+09,  1.04217E+03,  6.67715E+05,  3.68404E+05,  1.79283E+07,  2.19782E+19,  1.67872E+13,  6.57762E+12,  5.36524E+12,  3.47594E+12,  5.05893E+11,  2.29916E+13,  7.80786E+08,  1.51662E+03,  5.17381E+16,  5.41876E+06,  5.33397E+15,  9.47522E+08,  4.29089E-02,  2.21556E+12,  5.06989E+11,  9.76747E+14,  4.00100E+02,  5.67804E+14,  2.14414E+03,  2.39324E+09,  3.86676E+13,  1.17000E+08,  0.00000E+00,  0.00000E+00,  0.00000E+00,  0.00000E+00,  0.00000E+00
  4.66000E-02,2,  2.58352E-02,  0.00000E+00,  0.00000E+00,  2.44423E+18,  5.63289E+14,  1.37978E+11,  3.41103E+07,  9.68153E+03,  9.89523E+01,  5.81516E+02,  9.37848E-02,  8.19852E-05,  7.06719E+06,  1.64965E+04,  6.53349E-06,  1.53076E-04,  2.74691E+14,  3.62847E-01,  1.11546E+05,  1.20398E+01,  1.63917E+00,  1.48871E+05,  1.14062E+07,  2.19784E+19,  5.65328E+10,  2.21507E+10,  1.80674E+10,  1.17056E+10,  2.03948E+09,  4.92094E+12,  3.78131E+06,  1.57113E+00,  5.15921E+16,  0.00000E+00,  5.33370E+15,  5.77648E-20,  0.00000E+00,  1.04846E+10,  4.26930E+11,  9.77531E+14,  4.62218E+00,  5.65456E+14,  2.47703E+01,  2.63864E+05,  3.84631E+13,  1.17000E+08,  0.00000E+00,  0.00000E+00,  0.00000E+00,  0.00000E+00,  0.00000E+00
  4.66500E-02,1,  3.49960E+00,  1.40000E+02,  2.54766E-08,  2.44376E+18,  1.01942E+15,  4.63206E+11,  1.81793E+09,  8.10664E+08,  3.08561E+08,  1.46655E+08,  3.36362E+07,  9.71568E+06,  1.44068E+11,  4.26613E+08,  2.78763E+08,  5.10141E+09,  2.76492E+14,  7.48585E+03,  2.28634E+09,  1.04217E+03,  6.67715E+05,  3.68155E+05,  1.79283E+07,  2.19782E+19,  1.67871E+13,  6.57759E+12,  5.36521E+12,  3.47593E+12,  5.05890E+11,  2.29798E+13,  7.80701E+08,  1.51568E+03,  5.17431E+16,  5.41876E+06,  5.34494E+15,  9.46206E+08,  4.28263E-02,  2.21535E+12,  5.07025E+11,  9.78144E+14,  4.00102E+02,  5.68178E+14,  2.14415E+03,  2.38998E+09,  3.86943E+13,  1.17000E+08,  0.00000E+00,  0.00000E+00,  0.00000E+00,  0.00000E+00,  0.00000E+00
  4.67000E-02,2,  2.58352E-02,  0.00000E+00,  0.00000E+00,  2.44423E+18,  5.62151E+14,  1.37423E+11,  3.39069E+07,  9.61716E+03,  9.89243E+01,  5.81472E+02,  9.35883E-02,  8.16614E-05,  7.06551E+06,  1.64952E+04,  6.53020E-06,  1.53004E-04,  2.74680E+14,  3.62772E-01,  1.11515E+05,  1.20346E+01,  1.63630E+00,  1.48281E+05,  1.13873E+07,  2.19784E+19,  5.72167E+10,  2.24186E+10,  1.82859E+10,  1.18472E+10,  2.05796E+09,  4.90202E+12,  3.75229E+06,  1.55530E+00,  5.15966E+16,  0.00000E+00,  5.34468E+15,  1.36410E-10,  0.00000E+00,  1.05803E+10,  4.26917E+11,  9.78931E+14,  4.62018E+00,  5.65820E+14,  2.47596E+01,  2.63768E+05,  3.84889E+13,  1.17000E+08,  0.00000E+00,  0.00000E+00,  0.00000E+00,  0.00000E+00,  0.00000E+00
  4.67500E-02,1,  3.49960E+00,  1.40000E+02,  2.54766E-08,  2.44376E+18,  1.01907E+15,  4.62897E+11,  1.81772E+09,  8.10664E+08,  3.08561E+08,  1.46655E+08,  3.36362E+07,  9.71569E+06,  1.44045E+11,  4.26613E+08,  2.78764E+08,  5.10141E+09,  2.76482E+14,  7.48395E+03,  2.28585E+09,  1.04214E+03,  6.67716E+05,  3.67912E+05,  1.79283E+07,  2.19782E+19,  1.67853E+13,  6.57687E+12,  5.36463E+12,  3.47555E+12,  5.05840E+11,  2.29695E+13,  7.80628E+08,  1.51486E+03,  5.17476E+16,  5.41876E+06,  5.35592E+15,  9.44889E+08,  4.27402E-02,  2.21482E+12,  5.07054E+11,  9.79543E+14,  4.00089E+02,  5.68543E+14,  2.14408E+03,  2.38671E+09,  3.87202E+13,  1.17000E+08,  0.00000E+00,  0.00000E+00,  0.00000E+00,  0.00000E+00,  0.00000E+00
  4.68000E-02,2,  2.58352E-02,  0.00000E+00,  0.00000E+00,  2.44422E+18,  5.62730E+14,  1.37708E+11,  3.40132E+07,  9.65111E+03,  9.89334E+01,  5.81459E+02,  9.36827E-02,  8.18248E-05,  7.06418E+06,  1.64949E+04,  6.52782E-06,  1.52946E-04,  2.74677E+14,  3.62655E-01,  1.11493E+05,  1.20375E+01,  1.63807E+00,  1.48528E+05,  1.13993E+07,  2.19783E+19,  5.79792E+10,  2.27174E+10,  1.85296E+10,  1.20051E+10,  2.08624E+09,  4.91183E+12,  3.76813E+06,  1.56391E+00,  5.16013E+16,  0.00000E+00,  5.35565E+15,  4.71894E-45,  0.00000E+00,  1.06873E+10,  4.26921E+11,  9.80329E+14,  4.62129E+00,  5.66188E+14,  2.47655E+01,  2.63706E+05,  3.85151E+13,  1.17000E+08,  0.00000E+00,  0.00000E+00,  0.00000E+00,  0.00000E+00,  0.00000E+00
  4.68500E-02,1,  3.49960E+00,  1.40000E+02,  2.54766E-08,  2.44376E+18,  1.01924E+15,  4.63051E+11,  1.81782E+09,  8.10665E+08,  3.08561E+08,  1.46655E+08,  3.36362E+07,  9.71569E+06,  1.44021E+11,  4.26613E+08,  2.78764E+08,  5.10140E+09,  2.76480E+14,  7.48254E+03,  2.28544E+09,  1.04213E+03,  6.67716E+05,  3.68010E+05,  1.79283E+07,  2.19782E+19,  1.67868E+13,  6.57748E+12,  5.36513E+12,  3.47587E+12,  5.05886E+11,  2.29746E+13,  7.80664E+08,  1.51527E+03,  5.17523E+16,  5.41876E+06,  5.36689E+15,  9.43578E+08,  4.26625E-02,  2.21483E+12,  5.07097E+11,  9.80941E+14,  4.00085E+02,  5.68911E+14,  2.14406E+03,  2.38346E+09,  3.87463E+13,  1.17000E+08,  0.00000E+00,  0.00000E+00,  0.00000E+00,  0.00000E+00,  0.00000E+00
  4.69000E-02,2,  2.58352E-02,  0.00000E+00,  0.00000E+00,  2.44422E+18,  5.68971E+14,  1.40775E+11,  3.51516E+07,  1.00225E+04,  9.91034E+01,  5.81736E+02,  9.47674E-02,  8.36221E-05,  7.06599E+06,  1.65028E+04,  6.51912E-06,  1.53025E-04,  2.74742E+14,  3.62920E-01,  1.11548E+05,  1.20688E+01,  1.65506E+00,  1.51567E+05,  1.15130E+07,  2.19783E+19,  6.70998E+10,  2.62910E+10,  2.14445E+10,  1.38936E+10,  2.40076E+09,  5.01660E+12,  3.93045E+06,  1.66592E+00,  5.16092E+16,  0.00000E+00,  5.36663E+15,  5.24517E-56,  0.00000E+00,  1.19781E+10,  4.27039E+11,  9.81714E+14,  4.63330E+00,  5.66606E+14,  2.48298E+01,  2.63768E+05,  3.85456E+13,  1.17000E+08,  0.00000E+00,  0.00000E+00,  0.00000E+00,  0.00000E+00,  0.00000E+00
  4.69500E-02,1,  3.49960E+00,  1.40000E+02,  2.54766E-08,  2.44376E+18,  1.02118E+15,  4.64761E+11,  1.81899E+09,  8.10665E+08,  3.08561E+08,  1.46655E+08,  3.36362E+07,  9.71569E+06,  1.43989E+11,  4.26613E+08,  2.78763E+08,  5.10140E+09,  2.76545E+14,  7.48443E+03,  2.28548E+09,  1.04237E+03,  6.67716E+05,  3.69267E+05,  1.79282E+07,  2.19782E+19,  1.67830E+13,  6.57598E+12,  5.36391E+12,  3.47508E+12,  5.05769E+11,  2.30317E+13,  7.81074E+08,  1.51983E+03,  5.17601E+16,  5.41876E+06,  5.37786E+15,  9.42306E+08,  4.25708E-02,  2.21452E+12,  5.07141E+11,  9.82326E+14,  4.00180E+02,  5.69328E+14,  2.14456E+03,  2.38030E+09,  3.87769E+13,  1.17000E+08,  0.00000E+00,  0.00000E+00,  0.00000E+00,  0.00000E+00,  0.00000E+00
  4.70000E-02,2,  2.58352E-02,  0.00000E+00,  0.00000E+00,  2.44422E+18,  5.65181E+14,  1.38907E+11,  3.44562E+07,  9.79542E+03,  9.90391E+01,  5.81807E+02,  9.41473E-02,  8.25614E-05,  7.06557E+06,  1.65047E+04,  6.59423E-06,  1.53006E-04,  2.74758E+14,  3.62941E-01,  1.11549E+05,  1.20491E+01,  1.64307E+00,  1.49884E+05,  1.14313E+07,  2.19783E+19,  6.01293E+10,  2.35598E+10,  1.92168E+10,  1.24503E+10,  2.16011E+09,  4.95278E+12,  3.83097E+06,  1.60299E+00,  5.16147E+16,  0.00000E+00,  5.37760E+15,  1.85297E-17,  0.00000E+00,  1.09919E+10,  4.26957E+11,  9.83108E+14,  4.62574E+00,  5.66985E+14,  2.47893E+01,  2.63610E+05,  3.85728E+13,  1.17000E+08,  0.00000E+00,  0.00000E+00,  0.00000E+00,  0.00000E+00,  0.00000E+00
  4.70500E-02,1,  3.49960E+00,  1.40000E+02,  2.54766E-08,  2.44376E+18,  1.02000E+15,  4.63723E+11,  1.81828E+09,  8.10665E+08,  3.08562E+08,  1.46656E+08,  3.36362E+07,  9.71570E+06,  1.43964E+11,  4.26613E+08,  2.78764E+08,  5.10140E+09,  2.76561E+14,  7.48395E+03,  2.28521E+09,  1.04243E+03,  6.67717E+05,  3.68596E+05,  1.79283E+07,  2.19781E+19,  1.67820E+13,  6.57561E+12,  5.36360E+12,  3.47488E+12,  5.05739E+11,  2.29970E+13,  7.80825E+08,  1.51706E+03,  5.17656E+16,  5.41875E+06,  5.38883E+15,  9.41012E+08,  4.24873E-02,  2.21429E+12,  5.07178E+11,  9.83719E+14,  4.00203E+02,  5.69708E+14,  2.14469E+03,  2.37709E+09,  3.88041E+13,  1.17000E+08,  0.00000E+00,  0.00000E+00,  0.00000E+00,  0.00000E+00,  0.00000E+00
  4.71000E-02,2,  2.58352E-02,  0.00000E+00,  0.00000E+00,  2.44422E+18,  5.64482E+14,  1.38562E+11,  3.43271E+07,  9.75287E+03,  9.90332E+01,  5.81859E+02,  9.40393E-02,  8.23697E-05,  7.06495E+06,  1.65062E+04,  6.52934E-06,  1.52979E-04,  2.74770E+14,  3.62940E-01,  1.11544E+05,  1.20481E+01,  1.64206E+00,  1.49454E+05,  1.14252E+07,  2.19783E+19,  5.92484E+10,  2.32147E+10,  1.89352E+10,  1.22679E+10,  2.13115E+09,  4.94091E+12,  3.81218E+06,  1.59062E+00,  5.16200E+16,  0.00000E+00,  5.38857E+15,  1.13868E-26,  0.00000E+00,  1.08665E+10,  4.26946E+11,  9.84502E+14,  4.62536E+00,  5.67360E+14,  2.47873E+01,  2.63532E+05,  3.85995E+13,  1.17000E+08,  0.00000E+00,  0.00000E+00,  0.00000E+00,  0.00000E+00,  0.00000E+00
  4.71500E-02,1,  3.49960E+00,  1.40000E+02,  2.54766E-08,  2.44376E+18,  1.01979E+15,  4.63533E+11,  1.81816E+09,  8.10666E+08,  3.08562E+08,  1.46656E+08,  3.36363E+07,  9.71571E+06,  1.43939E+11,  4.26614E+08,  2.78764E+08,  5.10140E+09,  2.76573E+14,  7.48349E+03,  2.28497E+09,  1.04248E+03,  6.67717E+05,  3.68428E+05,  1.79283E+07,  2.19781E+19,  1.67823E+13,  6.57572E+12,  5.36369E+12,  3.47494E+12,  5.05742E+11,  2.29907E+13,  7.80780E+08,  1.51656E+03,  5.17708E+16,  5.41875E+06,  5.39980E+15,  9.39720E+08,  4.24068E-02,  2.21421E+12,  5.07218E+11,  9.85113E+14,  4.00221E+02,  5.70083E+14,  2.14478E+03,  2.37389E+09,  3.88308E+13,  1.17000E+08,  0.00000E+00,  0.00000E+00,  0.00000E+00,  0.00000E+00,  0.00000E+00
  4.72000E-02,2,  2.58352E-02,  0.00000E+00,  0.00000E+00,  2.44422E+18,  5.66133E+14,  1.39374E+11,  3.46292E+07,  9.85194E+03,  9.90883E+01,  5.81990E+02,  9.43359E-02,  8.28541E-05,  7.06520E+06,  1.65099E+04,  6.53031E-06,  1.52990E-04,  2.74801E+14,  3.63035E-01,  1.11560E+05,  1.20574E+01,  1.64676E+00,  1.50216E+05,  1.14569E+07,  2.19782E+19,  6.17446E+10,  2.41928E+10,  1.97330E+10,  1.27848E+10,  2.21719E+09,  4.96866E+12,  3.85544E+06,  1.61820E+00,  5.16261E+16,  0.00000E+00,  5.39954E+15,  0.00000E+00,  0.00000E+00,  1.12198E+10,  4.26977E+11,  9.85893E+14,  4.62892E+00,  5.67748E+14,  2.48063E+01,  2.63499E+05,  3.86275E+13,  1.17000E+08,  0.00000E+00,  0.00000E+00,  0.00000E+00,  0.00000E+00,  0.00000E+00
  4.72500E-02,1,  3.49960E+00,  1.40000E+02,  2.54766E-08,  2.44376E+18,  1.02030E+15,  4.63984E+11,  1.81846E+09,  8.10666E+08,  3.08562E+08,  1.46656E+08,  3.36363E+07,  9.71571E+06,  1.43911E+11,  4.26614E+08,  2.78764E+08,  5.10140E+09,  2.76605E+14,  7.48355E+03,  2.28474E+09,  1.04260E+03,  6.67717E+05,  3.68750E+05,  1.79282E+07,  2.19781E+19,  1.67795E+13,  6.57462E+12,  5.36279E+12,  3.47436E+12,  5.05660E+11,  2.30057E+13,  7.80888E+08,  1.51776E+03,  5.17769E+16,  5.41875E+06,  5.41077E+15,  9.38442E+08,  4.23195E-02,  2.21383E+12,  5.07257E+11,  9.86503E+14,  4.00267E+02,  5.70470E+14,  2.14502E+03,  2.37072E+09,  3.88588E+13,  1.17000E+08,  0.00000E+00,  0.00000E+00,  0.00000E+00,  0.00000E+00,  0.00000E+00
  4.73000E-02,2,  2.58352E-02,  0.00000E+00,  0.00000E+00,  2.44422E+18,  5.64587E+14,  1.38614E+11,  3.43461E+07,  9.75947E+03,  9.90656E+01,  5.82041E+02,  9.40862E-02,  8.24249E-05,  7.06458E+06,  1.65113E+04,  6.52863E-06,  1.52963E-04,  2.74813E+14,  3.63033E-01,  1.11555E+05,  1.20499E+01,  1.64205E+00,  1.49496E+05,  1.14250E+07,  2.19782E+19,  5.91883E+10,  2.31911E+10,  1.89160E+10,  1.22555E+10,  2.12898E+09,  4.94266E+12,  3.81488E+06,  1.59231E+00,  5.16313E+16,  0.00000E+00,  5.41050E+15,  1.00225E-26,  0.00000E+00,  1.08575E+10,  4.26944E+11,  9.87287E+14,  4.62606E+00,  5.68119E+14,  2.47910E+01,  2.63395E+05,  3.86540E+13,  1.17000E+08,  0.00000E+00,  0.00000E+00,  0.00000E+00,  0.00000E+00,  0.00000E+00
  4.73500E-02,1,  3.49960E+00,  1.40000E+02,  2.54766E-08,  2.44376E+18,  1.01982E+15,  4.63561E+11,  1.81818E+09,  8.10666E+08,  3.08562E+08,  1.46656E+08,  3.36363E+07,  9.71572E+06,  1.43887E+11,  4.26614E+08,  2.78764E+08,  5.10140E+09,  2.76616E+14,  7.48309E+03,  2.28451E+09,  1.04264E+03,  6.67718E+05,  3.68465E+05,  1.79283E+07,  2.19781E+19,  1.67798E+13,  6.57473E+12,  5.36289E+12,  3.47442E+12,  5.05664E+11,  2.29916E+13,  7.80786E+08,  1.51663E+03,  5.17820E+16,  5.41875E+06,  5.42173E+15,  9.37156E+08,  4.22398E-02,  2.21375E+12,  5.07296E+11,  9.87897E+14,  4.00284E+02,  5.70842E+14,  2.14511E+03,  2.36753E+09,  3.88853E+13,  1.17000E+08,  0.00000E+00,  0.00000E+00,  0.00000E+00,  0.00000E+00,  0.00000E+00
  4.74000E-02,2,  2.58352E-02,  0.00000E+00,  0.00000E+00,  2.44421E+18,  5.68765E+14,  1.40672E+11,  3.51129E+07,  1.00109E+04,  9.91923E+01,  5.82295E+02,  9.48243E-02,  8.36418E-05,  7.06617E+06,  1.65186E+04,  6.80536E-06,  1.53033E-04,  2.74873E+14,  3.63273E-01,  1.11605E+05,  1.20727E+01,  1.65403E+00,  1.51489E+05,  1.15056E+07,  2.19782E+19,  6.54120E+10,  2.56297E+10,  2.09051E+10,  1.35442E+10,  2.34342E+09,  5.01308E+12,  3.92481E+06,  1.66225E+00,  5.16386E+16,  0.00000E+00,  5.42147E+15,  3.77037E-34,  0.00000E+00,  1.17389E+10,  4.27028E+11,  9.88671E+14,  4.63481E+00,  5.68526E+14,  2.48378E+01,  2.63420E+05,  3.86836E+13,  1.17000E+08,  0.00000E+00,  0.00000E+00,  0.00000E+00,  0.00000E+00,  0.00000E+00
  4.74500E-02,1,  3.49960E+00,  1.40000E+02,  2.54766E-08,  2.44375E+18,  1.02111E+15,  4.64704E+11,  1.81896E+09,  8.10667E+08,  3.08562E+08,  1.46656E+08,  3.36363E+07,  9.71572E+06,  1.43856E+11,  4.26614E+08,  2.78764E+08,  5.10139E+09,  2.76676E+14,  7.48454E+03,  2.28446E+09,  1.04287E+03,  6.67718E+05,  3.69297E+05,  1.79282E+07,  2.19781E+19,  1.67753E+13,  6.57299E+12,  5.36146E+12,  3.47350E+12,  5.05531E+11,  2.30297E+13,  7.81060E+08,  1.51969E+03,  5.17894E+16,  5.41875E+06,  5.43270E+15,  9.35900E+08,  4.21488E-02,  2.21333E+12,  5.07339E+11,  9.89281E+14,  4.00371E+02,  5.71249E+14,  2.14558E+03,  2.36441E+09,  3.89149E+13,  1.17000E+08,  0.00000E+00,  0.00000E+00,  0.00000E+00,  0.00000E+00,  0.00000E+00
  4.75000E-02,2,  2.58352E-02,  0.00000E+00,  0.00000E+00,  2.44421E+18,  5.64295E+14,  1.38474E+11,  3.42961E+07,  9.74474E+03,  9.91067E+01,  5.82315E+02,  9.40821E-02,  8.23836E-05,  7.06523E+06,  1.65191E+04,  6.52983E-06,  1.52992E-04,  2.74877E+14,  3.63235E-01,  1.11592E+05,  1.20501E+01,  1.64056E+00,  1.49413E+05,  1.14143E+07,  2.19782E+19,  5.87998E+10,  2.30389E+10,  1.87919E+10,  1.21751E+10,  2.11422E+09,  4.93792E+12,  3.80819E+06,  1.58887E+00,  5.16434E+16,  0.00000E+00,  5.43243E+15,  1.89389E-18,  0.00000E+00,  1.08030E+10,  4.26944E+11,  9.90066E+14,  4.62612E+00,  5.68890E+14,  2.47913E+01,  2.63251E+05,  3.87094E+13,  1.17000E+08,  0.00000E+00,  0.00000E+00,  0.00000E+00,  0.00000E+00,  0.00000E+00
  4.75500E-02,1,  3.49960E+00,  1.40000E+02,  2.54766E-08,  2.44375E+18,  1.01973E+15,  4.63480E+11,  1.81812E+09,  8.10667E+08,  3.08562E+08,  1.46656E+08,  3.36363E+07,  9.71573E+06,  1.43833E+11,  4.26614E+08,  2.78764E+08,  5.10140E+09,  2.76680E+14,  7.48352E+03,  2.28412E+09,  1.04289E+03,  6.67718E+05,  3.68463E+05,  1.79283E+07,  2.19780E+19,  1.67751E+13,  6.57289E+12,  5.36138E+12,  3.47345E+12,  5.05524E+11,  2.29889E+13,  7.80767E+08,  1.51642E+03,  5.17941E+16,  5.41875E+06,  5.44366E+15,  9.34618E+08,  4.20688E-02,  2.21313E+12,  5.07376E+11,  9.90675E+14,  4.00377E+02,  5.71613E+14,  2.14561E+03,  2.36123E+09,  3.89408E+13,  1.17000E+08,  0.00000E+00,  0.00000E+00,  0.00000E+00,  0.00000E+00,  0.00000E+00
  4.76000E-02,2,  2.58352E-02,  0.00000E+00,  0.00000E+00,  2.44421E+18,  5.69758E+14,  1.41162E+11,  3.52954E+07,  1.00712E+04,  9.92640E+01,  5.82605E+02,  9.50406E-02,  8.39686E-05,  7.06721E+06,  1.65274E+04,  6.53347E-06,  1.53078E-04,  2.74946E+14,  3.63518E-01,  1.11651E+05,  1.20802E+01,  1.65661E+00,  1.51949E+05,  1.15227E+07,  2.19782E+19,  6.75509E+10,  2.64678E+10,  2.15887E+10,  1.39870E+10,  2.41638E+09,  5.02974E+12,  3.95083E+06,  1.67866E+00,  5.16511E+16,  0.00000E+00,  5.44339E+15,  0.00000E+00,  0.00000E+00,  1.20416E+10,  4.27061E+11,  9.91448E+14,  4.63769E+00,  5.69301E+14,  2.48532E+01,  2.63308E+05,  3.87394E+13,  1.17000E+08,  0.00000E+00,  0.00000E+00,  0.00000E+00,  0.00000E+00,  0.00000E+00
  4.76500E-02,1,  3.49960E+00,  1.40000E+02,  2.54766E-08,  2.44375E+18,  1.02142E+15,  4.64976E+11,  1.81914E+09,  8.10667E+08,  3.08562E+08,  1.46656E+08,  3.36363E+07,  9.71573E+06,  1.43801E+11,  4.26614E+08,  2.78764E+08,  5.10139E+09,  2.76749E+14,  7.48560E+03,  2.28419E+09,  1.04315E+03,  6.67718E+05,  3.69517E+05,  1.79282E+07,  2.19780E+19,  1.67711E+13,  6.57133E+12,  5.36011E+12,  3.47262E+12,  5.05400E+11,  2.30388E+13,  7.81126E+08,  1.52041E+03,  5.18017E+16,  5.41874E+06,  5.45462E+15,  9.33373E+08,  4.19792E-02,  2.21283E+12,  5.07421E+11,  9.92057E+14,  4.00476E+02,  5.72024E+14,  2.14614E+03,  2.35814E+09,  3.89708E+13,  1.17000E+08,  0.00000E+00,  0.00000E+00,  0.00000E+00,  0.00000E+00,  0.00000E+00
  4.77000E-02,2,  2.58352E-02,  0.00000E+00,  0.00000E+00,  2.44421E+18,  5.70566E+14,  1.41564E+11,  3.54469E+07,  1.01221E+04,  9.93306E+01,  5.82903E+02,  9.52241E-02,  8.42445E-05,  7.06927E+06,  1.65358E+04,  6.53588E-06,  1.53167E-04,  2.75016E+14,  3.63808E-01,  1.11712E+05,  1.20842E+01,  1.65733E+00,  1.52456E+05,  1.15263E+07,  2.19781E+19,  6.80033E+10,  2.66450E+10,  2.17333E+10,  1.40807E+10,  2.43122E+09,  5.04357E+12,  3.97285E+06,  1.69298E+00,  5.16588E+16,  0.00000E+00,  5.45436E+15,  9.14844E-48,  0.00000E+00,  1.21069E+10,  4.27080E+11,  9.92829E+14,  4.63921E+00,  5.69712E+14,  2.48614E+01,  2.63253E+05,  3.87694E+13,  1.17000E+08,  0.00000E+00,  0.00000E+00,  0.00000E+00,  0.00000E+00,  0.00000E+00
  4.77500E-02,1,  3.49960E+00,  1.40000E+02,  2.54766E-08,  2.44375E+18,  1.02167E+15,  4.65197E+11,  1.81930E+09,  8.10668E+08,  3.08563E+08,  1.46656E+08,  3.36364E+07,  9.71573E+06,  1.43770E+11,  4.26615E+08,  2.78764E+08,  5.10139E+09,  2.76818E+14,  7.48769E+03,  2.28427E+09,  1.04341E+03,  6.67718E+05,  3.69754E+05,  1.79282E+07,  2.19780E+19,  1.67671E+13,  6.56976E+12,  5.35883E+12,  3.47179E+12,  5.05276E+11,  2.30461E+13,  7.81179E+08,  1.52100E+03,  5.18094E+16,  5.41874E+06,  5.46558E+15,  9.32132E+08,  4.18899E-02,  2.21253E+12,  5.07465E+11,  9.93438E+14,  4.00576E+02,  5.72435E+14,  2.14667E+03,  2.35507E+09,  3.90008E+13,  1.17000E+08,  0.00000E+00,  0.00000E+00,  0.00000E+00,  0.00000E+00,  0.00000E+00
  4.78000E-02,2,  2.58352E-02,  0.00000E+00,  0.00000E+00,  2.44421E+18,  5.68289E+14,  1.40440E+11,  3.50277E+07,  9.98538E+03,  9.93149E+01,  5.83085E+02,  9.48737E-02,  8.36247E-05,  7.07007E+06,  1.65409E+04,  6.53871E-06,  1.53202E-04,  2.75058E+14,  3.63961E-01,  1.11742E+05,  1.20752E+01,  1.65087E+00,  1.51364E+05,  1.14827E+07,  2.19781E+19,  6.38439E+10,  2.50153E+10,  2.04040E+10,  1.32195E+10,  2.28863E+09,  5.00518E+12,  3.91284E+06,  1.65502E+00,  5.16652E+16,  0.00000E+00,  5.46532E+15,  1.63040E-62,  3.68640-194,  1.15192E+10,  4.27041E+11,  9.94216E+14,  4.63575E+00,  5.70102E+14,  2.48428E+01,  2.63143E+05,  3.87976E+13,  1.17000E+08,  0.00000E+00,  0.00000E+00,  0.00000E+00,  0.00000E+00,  0.00000E+00
  4.78500E-02,1,  3.49960E+00,  1.40000E+02,  2.54766E-08,  2.44375E+18,  1.02096E+15,  4.64574E+11,  1.81887E+09,  8.10668E+08,  3.08563E+08,  1.46656E+08,  3.36364E+07,  9.71574E+06,  1.43742E+11,  4.26615E+08,  2.78764E+08,  5.10139E+09,  2.76860E+14,  7.48848E+03,  2.28417E+09,  1.04357E+03,  6.67719E+05,  3.69335E+05,  1.79282E+07,  2.19780E+19,  1.67647E+13,  6.56882E+12,  5.35806E+12,  3.47129E+12,  5.05201E+11,  2.30253E+13,  7.81029E+08,  1.51934E+03,  5.18158E+16,  5.41874E+06,  5.47654E+15,  9.30882E+08,  4.18051E-02,  2.21228E+12,  5.07506E+11,  9.94824E+14,  4.00637E+02,  5.72825E+14,  2.14700E+03,  2.35196E+09,  3.90290E+13,  1.17000E+08,  0.00000E+00,  0.00000E+00,  0.00000E+00,  0.00000E+00,  0.00000E+00
  4.79000E-02,2,  2.58352E-02,  0.00000E+00,  0.00000E+00,  2.44421E+18,  5.65905E+14,  1.39263E+11,  3.45878E+07,  9.84120E+03,  9.92788E+01,  5.83160E+02,  9.44876E-02,  8.29565E-05,  7.06973E+06,  1.65430E+04,  6.53815E-06,  1.53187E-04,  2.75075E+14,  3.63989E-01,  1.11744E+05,  1.20659E+01,  1.64485E+00,  1.50130E+05,  1.14428E+07,  2.19781E+19,  6.07774E+10,  2.38138E+10,  1.94239E+10,  1.25845E+10,  2.18277E+09,  4.96482E+12,  3.84952E+06,  1.61456E+00,  5.16705E+16,  0.00000E+00,  5.47627E+15,  8.94006E-42,  0.00000E+00,  1.10849E+10,  4.27004E+11,  9.95606E+14,  4.63221E+00,  5.70473E+14,  2.48238E+01,  2.63033E+05,  3.88240E+13,  1.17000E+08,  0.00000E+00,  0.00000E+00,  0.00000E+00,  0.00000E+00,  0.00000E+00
  4.79500E-02,1,  3.49960E+00,  1.40000E+02,  2.54766E-08,  2.44375E+18,  1.02022E+15,  4.63921E+11,  1.81842E+09,  8.10668E+08,  3.08563E+08,  1.46656E+08,  3.36364E+07,  9.71575E+06,  1.43717E+11,  4.26615E+08,  2.78764E+08,  5.10139E+09,  2.76877E+14,  7.48811E+03,  2.28392E+09,  1.04363E+03,  6.67719E+05,  3.68846E+05,  1.79282E+07,  2.19779E+19,  1.67637E+13,  6.56841E+12,  5.35773E+12,  3.47108E+12,  5.05169E+11,  2.30035E+13,  7.80873E+08,  1.51760E+03,  5.18211E+16,  5.41874E+06,  5.48749E+15,  9.29622E+08,  4.17244E-02,  2.21206E+12,  5.07545E+11,  9.96213E+14,  4.00662E+02,  5.73195E+14,  2.14713E+03,  2.34884E+09,  3.90554E+13,  1.17000E+08,  0.00000E+00,  0.00000E+00,  0.00000E+00,  0.00000E+00,  0.00000E+00
  4.80000E-02,2,  2.58352E-02,  0.00000E+00,  0.00000E+00,  2.44421E+18,  5.64344E+14,  1.38499E+11,  3.43059E+07,  9.75003E+03,  9.92516E+01,  5.83178E+02,  9.42299E-02,  8.25208E-05,  7.06879E+06,  1.65435E+04,  6.53115E-06,  1.53146E-04,  2.75079E+14,  3.63951E-01,  1.11731E+05,  1.20605E+01,  1.64140E+00,  1.49310E+05,  1.14203E+07,  2.19781E+19,  5.86899E+10,  2.29958E+10,  1.87568E+10,  1.21523E+10,  2.11039E+09,  4.93880E+12,  3.80960E+06,  1.58979E+00,  5.16751E+16,  0.00000E+00,  5.48722E+15,  2.47435E-18,  0.00000E+00,  1.07892E+10,  4.26974E+11,  9.96998E+14,  4.63011E+00,  5.70832E+14,  2.48126E+01,  2.62938E+05,  3.88494E+13,  1.17000E+08,  0.00000E+00,  0.00000E+00,  0.00000E+00,  0.00000E+00,  0.00000E+00
  4.80500E-02,1,  3.49960E+00,  1.40000E+02,  2.54766E-08,  2.44375E+18,  1.01974E+15,  4.63493E+11,  1.81813E+09,  8.10668E+08,  3.08563E+08,  1.46656E+08,  3.36364E+07,  9.71575E+06,  1.43694E+11,  4.26616E+08,  2.78764E+08,  5.10139E+09,  2.76881E+14,  7.48712E+03,  2.28358E+09,  1.04365E+03,  6.67720E+05,  3.68518E+05,  1.79282E+07,  2.19779E+19,  1.67634E+13,  6.56832E+12,  5.35765E+12,  3.47103E+12,  5.05161E+11,  2.29892E+13,  7.80770E+08,  1.51646E+03,  5.18257E+16,  5.41874E+06,  5.49844E+15,  9.28359E+08,  4.16461E-02,  2.21187E+12,  5.07582E+11,  9.97605E+14,  4.00669E+02,  5.73554E+14,  2.14716E+03,  2.34571E+09,  3.90809E+13,  1.17000E+08,  0.00000E+00,  0.00000E+00,  0.00000E+00,  0.00000E+00,  0.00000E+00
  4.81000E-02,2,  2.58352E-02,  0.00000E+00,  0.00000E+00,  2.44421E+18,  5.66863E+14,  1.39749E+11,  3.47748E+07,  9.90461E+03,  9.93280E+01,  5.83324E+02,  9.46750E-02,  8.32658E-05,  7.06924E+06,  1.65477E+04,  6.54762E-06,  1.53166E-04,  2.75114E+14,  3.64065E-01,  1.11752E+05,  1.20745E+01,  1.64876E+00,  1.50470E+05,  1.14701E+07,  2.19780E+19,  6.24702E+10,  2.44770E+10,  1.99649E+10,  1.29350E+10,  2.24016E+09,  4.98111E+12,  3.87664E+06,  1.63295E+00,  5.16811E+16,  0.00000E+00,  5.49817E+15,  1.85163E-39,  0.00000E+00,  1.13239E+10,  4.27021E+11,  9.98384E+14,  4.63547E+00,  5.71212E+14,  2.48413E+01,  2.62927E+05,  3.88767E+13,  1.17000E+08,  0.00000E+00,  0.00000E+00,  0.00000E+00,  0.00000E+00,  0.00000E+00
  4.81500E-02,1,  3.49960E+00,  1.40000E+02,  2.54766E-08,  2.44375E+18,  1.02052E+15,  4.64188E+11,  1.81861E+09,  8.10669E+08,  3.08563E+08,  1.46656E+08,  3.36364E+07,  9.71576E+06,  1.43667E+11,  4.26616E+08,  2.78764E+08,  5.10139E+09,  2.76916E+14,  7.48763E+03,  2.28345E+09,  1.04378E+03,  6.67720E+05,  3.69001E+05,  1.79282E+07,  2.19779E+19,  1.67600E+13,  6.56697E+12,  5.35655E+12,  3.47032E+12,  5.05057E+11,  2.30124E+13,  7.80937E+08,  1.51831E+03,  5.18316E+16,  5.41874E+06,  5.50939E+15,  9.27115E+08,  4.15600E-02,  2.21143E+12,  5.07618E+11,  9.98991E+14,  4.00719E+02,  5.73934E+14,  2.14743E+03,  2.34262E+09,  3.91082E+13,  1.17000E+08,  0.00000E+00,  0.00000E+00,  0.00000E+00,  0.00000E+00,  0.00000E+00
  4.82000E-02,2,  2.58352E-02,  0.00000E+00,  0.00000E+00,  2.44421E+18,  5.64914E+14,  1.38779E+11,  3.44099E+07,  9.78428E+03,  9.92931E+01,  5.83359E+02,  9.43546E-02,  8.27089E-05,  7.06849E+06,  1.65487E+04,  6.53582E-06,  1.53133E-04,  2.75122E+14,  3.64047E-01,  1.11743E+05,  1.20642E+01,  1.64254E+00,  1.49573E+05,  1.14278E+07,  2.19780E+19,  5.98176E+10,  2.34377E+10,  1.91172E+10,  1.23858E+10,  2.14863E+09,  4.94846E+12,  3.82458E+06,  1.59913E+00,  5.16858E+16,  0.00000E+00,  5.50912E+15,  3.41228E-24,  0.00000E+00,  1.09483E+10,  4.26986E+11,  9.99775E+14,  4.63154E+00,  5.71571E+14,  2.48202E+01,  2.62812E+05,  3.89022E+13,  1.17000E+08,  0.00000E+00,  0.00000E+00,  0.00000E+00,  0.00000E+00,  0.00000E+00
  4.82500E-02,1,  3.49960E+00,  1.40000E+02,  2.54766E-08,  2.44375E+18,  1.01992E+15,  4.63649E+11,  1.81824E+09,  8.10669E+08,  3.08563E+08,  1.46657E+08,  3.36365E+07,  9.71576E+06,  1.43644E+11,  4.26616E+08,  2.78764E+08,  5.10139E+09,  2.76924E+14,  7.48679E+03,  2.28314E+09,  1.04381E+03,  6.67720E+05,  3.68644E+05,  1.79282E+07,  2.19779E+19,  1.67609E+13,  6.56734E+12,  5.35686E+12,  3.47051E+12,  5.05084E+11,  2.29944E+13,  7.80808E+08,  1.51688E+03,  5.18363E+16,  5.41873E+06,  5.52034E+15,  9.25861E+08,  4.14851E-02,  2.21144E+12,  5.07662E+11,  1.00038E+15,  4.00731E+02,  5.74293E+14,  2.14749E+03,  2.33951E+09,  3.91336E+13,  1.17000E+08,  0.00000E+00,  0.00000E+00,  0.00000E+00,  0.00000E+00,  0.00000E+00
  4.83000E-02,2,  2.58352E-02,  0.00000E+00,  0.00000E+00,  2.44421E+18,  5.64479E+14,  1.38564E+11,  3.43287E+07,  9.75743E+03,  9.92882E+01,  5.83385E+02,  9.42861E-02,  8.25866E-05,  7.06765E+06,  1.65494E+04,  6.53247E-06,  1.53097E-04,  2.75128E+14,  3.64018E-01,  1.11732E+05,  1.20635E+01,  1.64189E+00,  1.49310E+05,  1.14238E+07,  2.19780E+19,  5.88647E+10,  2.30643E+10,  1.88126E+10,  1.21885E+10,  2.11681E+09,  4.94092E+12,  3.81261E+06,  1.59136E+00,  5.16904E+16,  0.00000E+00,  5.52007E+15,  2.56291E-44,  0.00000E+00,  1.08128E+10,  4.26973E+11,  1.00117E+15,  4.63126E+00,  5.71927E+14,  2.48187E+01,  2.62739E+05,  3.89273E+13,  1.17000E+08,  0.00000E+00,  0.00000E+00,  0.00000E+00,  0.00000E+00,  0.00000E+00
  4.83500E-02,1,  3.49960E+00,  1.40000E+02,  2.54766E-08,  2.44374E+18,  1.01978E+15,  4.63530E+11,  1.81816E+09,  8.10669E+08,  3.08563E+08,  1.46657E+08,  3.36365E+07,  9.71577E+06,  1.43621E+11,  4.26616E+08,  2.78764E+08,  5.10139E+09,  2.76930E+14,  7.48591E+03,  2.28283E+09,  1.04383E+03,  6.67721E+05,  3.68541E+05,  1.79282E+07,  2.19779E+19,  1.67605E+13,  6.56719E+12,  5.35673E+12,  3.47043E+12,  5.05072E+11,  2.29904E+13,  7.80779E+08,  1.51656E+03,  5.18409E+16,  5.41873E+06,  5.53129E+15,  9.24609E+08,  4.14074E-02,  2.21125E+12,  5.07700E+11,  1.00177E+15,  4.00740E+02,  5.74649E+14,  2.14754E+03,  2.33640E+09,  3.91588E+13,  1.17000E+08,  0.00000E+00,  0.00000E+00,  0.00000E+00,  0.00000E+00,  0.00000E+00
  4.84000E-02,2,  2.58352E-02,  0.00000E+00,  0.00000E+00,  2.44420E+18,  5.67473E+14,  1.40036E+11,  3.48755E+07,  9.93584E+03,  9.93752E+01,  5.83550E+02,  9.48132E-02,  8.34583E-05,  7.06832E+06,  1.65541E+04,  6.52788E-06,  1.53126E-04,  2.75166E+14,  3.64155E-01,  1.11759E+05,  1.20791E+01,  1.65016E+00,  1.50744E+05,  1.14792E+07,  2.19780E+19,  6.36339E+10,  2.49330E+10,  2.03368E+10,  1.31760E+10,  2.28101E+09,  4.99127E+12,  3.89080E+06,  1.64044E+00,  5.16964E+16,  0.00000E+00,  5.53101E+15,  1.74659E-55,  0.00000E+00,  1.14876E+10,  4.27033E+11,  1.00255E+15,  4.63725E+00,  5.72306E+14,  2.48507E+01,  2.62734E+05,  3.89546E+13,  1.17000E+08,  0.00000E+00,  0.00000E+00,  0.00000E+00,  0.00000E+00,  0.00000E+00
  4.84500E-02,1,  3.49960E+00,  1.40000E+02,  2.54766E-08,  2.44374E+18,  1.02071E+15,  4.64350E+11,  1.81872E+09,  8.10669E+08,  3.08564E+08,  1.46657E+08,  3.36365E+07,  9.71577E+06,  1.43594E+11,  4.26616E+08,  2.78764E+08,  5.10138E+09,  2.76969E+14,  7.48661E+03,  2.28272E+09,  1.04398E+03,  6.67721E+05,  3.69137E+05,  1.79282E+07,  2.19778E+19,  1.67583E+13,  6.56630E+12,  5.35601E+12,  3.46996E+12,  5.05002E+11,  2.30178E+13,  7.80975E+08,  1.51875E+03,  5.18469E+16,  5.41873E+06,  5.54223E+15,  9.23377E+08,  4.13250E-02,  2.21101E+12,  5.07743E+11,  1.00316E+15,  4.00796E+02,  5.75028E+14,  2.14784E+03,  2.33335E+09,  3.91861E+13,  1.17000E+08,  0.00000E+00,  0.00000E+00,  0.00000E+00,  0.00000E+00,  0.00000E+00
  4.85000E-02,2,  2.58352E-02,  0.00000E+00,  0.00000E+00,  2.44420E+18,  5.63819E+14,  1.38261E+11,  3.42242E+07,  9.72592E+03,  9.93027E+01,  5.83532E+02,  9.42003E-02,  8.24085E-05,  7.06702E+06,  1.65535E+04,  7.09013E-06,  1.53070E-04,  2.75162E+14,  3.64076E-01,  1.11737E+05,  1.20607E+01,  1.63942E+00,  1.49037E+05,  1.14067E+07,  2.19780E+19,  5.73756E+10,  2.24809E+10,  1.83367E+10,  1.18802E+10,  2.06533E+09,  4.92995E+12,  3.79820E+06,  1.58377E+00,  5.17004E+16,  0.00000E+00,  5.54196E+15,  6.58492E-18,  0.00000E+00,  1.06018E+10,  4.26954E+11,  1.00394E+15,  4.63020E+00,  5.72651E+14,  2.48130E+01,  2.62587E+05,  3.89788E+13,  1.17000E+08,  0.00000E+00,  0.00000E+00,  0.00000E+00,  0.00000E+00,  0.00000E+00
  4.85500E-02,1,  3.49960E+00,  1.40000E+02,  2.54766E-08,  2.44374E+18,  1.01958E+15,  4.63354E+11,  1.81804E+09,  8.10670E+08,  3.08564E+08,  1.46657E+08,  3.36365E+07,  9.71578E+06,  1.43572E+11,  4.26617E+08,  2.78765E+08,  5.10138E+09,  2.76965E+14,  7.48527E+03,  2.28235E+09,  1.04397E+03,  6.67721E+05,  3.68447E+05,  1.79282E+07,  2.19778E+19,  1.67571E+13,  6.56585E+12,  5.35564E+12,  3.46972E+12,  5.04968E+11,  2.29845E+13,  7.80737E+08,  1.51609E+03,  5.18508E+16,  5.41873E+06,  5.55317E+15,  9.22127E+08,  4.12462E-02,  2.21064E+12,  5.07773E+11,  1.00455E+15,  4.00790E+02,  5.75373E+14,  2.14781E+03,  2.33024E+09,  3.92103E+13,  1.17000E+08,  0.00000E+00,  0.00000E+00,  0.00000E+00,  0.00000E+00,  0.00000E+00
  4.86000E-02,2,  2.58352E-02,  0.00000E+00,  0.00000E+00,  2.44421E+18,  5.61823E+14,  1.37267E+11,  3.38503E+07,  9.60286E+03,  9.92465E+01,  5.83441E+02,  9.38515E-02,  8.18479E-05,  7.06495E+06,  1.65509E+04,  6.52928E-06,  1.52980E-04,  2.75140E+14,  3.63793E-01,  1.11695E+05,  1.20525E+01,  1.63497E+00,  1.47987E+05,  1.13777E+07,  2.19779E+19,  5.60731E+10,  2.19705E+10,  1.79205E+10,  1.16105E+10,  2.01715E+09,  4.89661E+12,  3.74518E+06,  1.54834E+00,  5.17036E+16,  0.00000E+00,  5.55289E+15,  6.99983E-09,  0.00000E+00,  1.04162E+10,  4.26920E+11,  1.00534E+15,  4.62705E+00,  5.72982E+14,  2.47961E+01,  2.62482E+05,  3.90018E+13,  1.17000E+08,  0.00000E+00,  0.00000E+00,  0.00000E+00,  0.00000E+00,  0.00000E+00
  4.86500E-02,1,  3.49960E+00,  1.40000E+02,  2.54766E-08,  2.44374E+18,  1.01896E+15,  4.62804E+11,  1.81766E+09,  8.10670E+08,  3.08564E+08,  1.46657E+08,  3.36365E+07,  9.71579E+06,  1.43553E+11,  4.26617E+08,  2.78765E+08,  5.10138E+09,  2.76944E+14,  7.48328E+03,  2.28193E+09,  1.04389E+03,  6.67722E+05,  3.68015E+05,  1.79283E+07,  2.19778E+19,  1.67607E+13,  6.56723E+12,  5.35677E+12,  3.47045E+12,  5.05070E+11,  2.29662E+13,  7.80605E+08,  1.51462E+03,  5.18540E+16,  5.41873E+06,  5.56411E+15,  9.20871E+08,  4.11789E-02,  2.21083E+12,  5.07817E+11,  1.00594E+15,  4.00760E+02,  5.75704E+14,  2.14765E+03,  2.32713E+09,  3.92333E+13,  1.17000E+08,  0.00000E+00,  0.00000E+00,  0.00000E+00,  0.00000E+00,  0.00000E+00
  4.87000E-02,2,  2.58352E-02,  0.00000E+00,  0.00000E+00,  2.44420E+18,  5.65444E+14,  1.39040E+11,  3.45061E+07,  9.81565E+03,  9.93313E+01,  5.83526E+02,  9.44705E-02,  8.28826E-05,  7.06478E+06,  1.65534E+04,  6.47854E-06,  1.52973E-04,  2.75160E+14,  3.63955E-01,  1.11701E+05,  1.20707E+01,  1.64526E+00,  1.49679E+05,  1.14470E+07,  2.19779E+19,  6.15303E+10,  2.41088E+10,  1.96645E+10,  1.27404E+10,  2.20754E+09,  4.95721E+12,  3.83813E+06,  1.60745E+00,  5.17086E+16,  0.00000E+00,  5.56383E+15,  0.00000E+00,  0.00000E+00,  1.11876E+10,  4.26987E+11,  1.00673E+15,  4.63405E+00,  5.73342E+14,  2.48336E+01,  2.62489E+05,  3.90273E+13,  1.17000E+08,  0.00000E+00,  0.00000E+00,  0.00000E+00,  0.00000E+00,  0.00000E+00
  4.87500E-02,1,  3.49960E+00,  1.40000E+02,  2.54766E-08,  2.44374E+18,  1.02008E+15,  4.63795E+11,  1.81834E+09,  8.10670E+08,  3.08564E+08,  1.46657E+08,  3.36365E+07,  9.71579E+06,  1.43529E+11,  4.26617E+08,  2.78765E+08,  5.10138E+09,  2.76964E+14,  7.48292E+03,  2.28165E+09,  1.04397E+03,  6.67722E+05,  3.68705E+05,  1.79282E+07,  2.19778E+19,  1.67585E+13,  6.56640E+12,  5.35609E+12,  3.47002E+12,  5.05010E+11,  2.29992E+13,  7.80842E+08,  1.51727E+03,  5.18589E+16,  5.41873E+06,  5.57504E+15,  9.19639E+08,  4.10983E-02,  2.21050E+12,  5.07857E+11,  1.00733E+15,  4.00790E+02,  5.76064E+14,  2.14781E+03,  2.32407E+09,  3.92589E+13,  1.17000E+08,  0.00000E+00,  0.00000E+00,  0.00000E+00,  0.00000E+00,  0.00000E+00
  4.88000E-02,2,  2.58352E-02,  0.00000E+00,  0.00000E+00,  2.44420E+18,  5.67590E+14,  1.40093E+11,  3.48974E+07,  9.94370E+03,  9.94019E+01,  5.83693E+02,  9.48562E-02,  8.35125E-05,  7.06550E+06,  1.65581E+04,  6.53036E-06,  1.53004E-04,  2.75199E+14,  3.64095E-01,  1.11728E+05,  1.20805E+01,  1.65015E+00,  1.50804E+05,  1.14789E+07,  2.19779E+19,  6.42886E+10,  2.51895E+10,  2.05461E+10,  1.33116E+10,  2.30237E+09,  4.99331E+12,  3.89400E+06,  1.64274E+00,  5.17144E+16,  0.00000E+00,  5.57477E+15,  8.69767E-52,  0.00000E+00,  1.15780E+10,  4.27025E+11,  1.00811E+15,  4.63778E+00,  5.73715E+14,  2.48535E+01,  2.62460E+05,  3.90541E+13,  1.17000E+08,  0.00000E+00,  0.00000E+00,  0.00000E+00,  0.00000E+00,  0.00000E+00
  4.88500E-02,1,  3.49960E+00,  1.40000E+02,  2.54766E-08,  2.44374E+18,  1.02074E+15,  4.64382E+11,  1.81874E+09,  8.10671E+08,  3.08564E+08,  1.46657E+08,  3.36366E+07,  9.71579E+06,  1.43502E+11,  4.26617E+08,  2.78765E+08,  5.10138E+09,  2.77003E+14,  7.48366E+03,  2.28156E+09,  1.04411E+03,  6.67722E+05,  3.69177E+05,  1.79282E+07,  2.19778E+19,  1.67563E+13,  6.56551E+12,  5.35536E+12,  3.46954E+12,  5.04940E+11,  2.30188E+13,  7.80983E+08,  1.51884E+03,  5.18647E+16,  5.41873E+06,  5.58598E+15,  9.18421E+08,  4.10172E-02,  2.21027E+12,  5.07899E+11,  1.00871E+15,  4.00847E+02,  5.76437E+14,  2.14811E+03,  2.32105E+09,  3.92856E+13,  1.17000E+08,  0.00000E+00,  0.00000E+00,  0.00000E+00,  0.00000E+00,  0.00000E+00
  4.89000E-02,2,  2.58352E-02,  0.00000E+00,  0.00000E+00,  2.44420E+18,  5.64298E+14,  1.38476E+11,  3.42965E+07,  9.74792E+03,  9.93378E+01,  5.83701E+02,  9.43072E-02,  8.25826E-05,  7.06451E+06,  1.65583E+04,  6.52854E-06,  1.52961E-04,  2.75201E+14,  3.64048E-01,  1.11713E+05,  1.20646E+01,  1.64073E+00,  1.49270E+05,  1.14154E+07,  2.19779E+19,  5.82624E+10,  2.28283E+10,  1.86201E+10,  1.20638E+10,  2.09505E+09,  4.93802E+12,  3.80826E+06,  1.58877E+00,  5.17185E+16,  0.00000E+00,  5.58571E+15,  3.66464E-23,  0.00000E+00,  1.07254E+10,  4.26952E+11,  1.00950E+15,  4.63170E+00,  5.74058E+14,  2.48210E+01,  2.62324E+05,  3.90782E+13,  1.17000E+08,  0.00000E+00,  0.00000E+00,  0.00000E+00,  0.00000E+00,  0.00000E+00
  4.89500E-02,1,  3.49960E+00,  1.40000E+02,  2.54766E-08,  2.44374E+18,  1.01972E+15,  4.63480E+11,  1.81813E+09,  8.10671E+08,  3.08564E+08,  1.46657E+08,  3.36366E+07,  9.71580E+06,  1.43481E+11,  4.26617E+08,  2.78765E+08,  5.10138E+09,  2.77005E+14,  7.48259E+03,  2.28123E+09,  1.04412E+03,  6.67723E+05,  3.68560E+05,  1.79282E+07,  2.19777E+19,  1.67562E+13,  6.56547E+12,  5.35533E+12,  3.46952E+12,  5.04936E+11,  2.29887E+13,  7.80767E+08,  1.51643E+03,  5.18688E+16,  5.41872E+06,  5.59691E+15,  9.17186E+08,  4.09420E-02,  2.21010E+12,  5.07937E+11,  1.01010E+15,  4.00849E+02,  5.76780E+14,  2.14812E+03,  2.31799E+09,  3.93097E+13,  1.17000E+08,  0.00000E+00,  0.00000E+00,  0.00000E+00,  0.00000E+00,  0.00000E+00
  4.90000E-02,2,  2.58352E-02,  0.00000E+00,  0.00000E+00,  2.44420E+18,  5.63269E+14,  1.37974E+11,  3.41119E+07,  9.68823E+03,  9.93137E+01,  5.83675E+02,  9.41310E-02,  8.22906E-05,  7.06316E+06,  1.65576E+04,  6.52599E-06,  1.52902E-04,  2.75194E+14,  3.63961E-01,  1.11689E+05,  1.20612E+01,  1.63874E+00,  1.48690E+05,  1.14027E+07,  2.19779E+19,  5.78134E+10,  2.26524E+10,  1.84766E+10,  1.19708E+10,  2.07858E+09,  4.92092E+12,  3.78217E+06,  1.57264E+00,  5.17221E+16,  0.00000E+00,  5.59664E+15,  3.69644E-18,  0.00000E+00,  1.06610E+10,  4.26937E+11,  1.01089E+15,  4.63038E+00,  5.74394E+14,  2.48138E+01,  2.62241E+05,  3.91016E+13,  1.17000E+08,  0.00000E+00,  0.00000E+00,  0.00000E+00,  0.00000E+00,  0.00000E+00
  4.90500E-02,1,  3.49960E+00,  1.40000E+02,  2.54766E-08,  2.44374E+18,  1.01941E+15,  4.63198E+11,  1.81793E+09,  8.10671E+08,  3.08564E+08,  1.46657E+08,  3.36366E+07,  9.71581E+06,  1.43460E+11,  4.26618E+08,  2.78765E+08,  5.10138E+09,  2.76999E+14,  7.48119E+03,  2.28085E+09,  1.04410E+03,  6.67723E+05,  3.68324E+05,  1.79282E+07,  2.19777E+19,  1.67565E+13,  6.56561E+12,  5.35544E+12,  3.46960E+12,  5.04947E+11,  2.29793E+13,  7.80699E+08,  1.51568E+03,  5.18724E+16,  5.41872E+06,  5.60784E+15,  9.15952E+08,  4.08684E-02,  2.20995E+12,  5.07975E+11,  1.01149E+15,  4.00841E+02,  5.77116E+14,  2.14808E+03,  2.31492E+09,  3.93332E+13,  1.17000E+08,  0.00000E+00,  0.00000E+00,  0.00000E+00,  0.00000E+00,  0.00000E+00
  4.91000E-02,2,  2.58352E-02,  0.00000E+00,  0.00000E+00,  2.44420E+18,  5.64000E+14,  1.38331E+11,  3.42438E+07,  9.73112E+03,  9.93306E+01,  5.83690E+02,  9.42556E-02,  8.24944E-05,  7.06226E+06,  1.65580E+04,  6.46481E-06,  1.52864E-04,  2.75198E+14,  3.63923E-01,  1.11676E+05,  1.20652E+01,  1.64102E+00,  1.49010E+05,  1.14182E+07,  2.19778E+19,  5.89708E+10,  2.31059E+10,  1.88465E+10,  1.22105E+10,  2.11881E+09,  4.93302E+12,  3.80072E+06,  1.58433E+00,  5.17262E+16,  0.00000E+00,  5.60757E+15,  1.19060E-18,  0.00000E+00,  1.08240E+10,  4.26946E+11,  1.01228E+15,  4.63193E+00,  5.74736E+14,  2.48221E+01,  2.62189E+05,  3.91256E+13,  1.17000E+08,  0.00000E+00,  0.00000E+00,  0.00000E+00,  0.00000E+00,  0.00000E+00
  4.91500E-02,1,  3.49960E+00,  1.40000E+02,  2.54766E-08,  2.44374E+18,  1.01963E+15,  4.63399E+11,  1.81807E+09,  8.10671E+08,  3.08564E+08,  1.46657E+08,  3.36366E+07,  9.71581E+06,  1.43438E+11,  4.26618E+08,  2.78765E+08,  5.10138E+09,  2.77003E+14,  7.48025E+03,  2.28054E+09,  1.04411E+03,  6.67723E+05,  3.68454E+05,  1.79282E+07,  2.19777E+19,  1.67563E+13,  6.56552E+12,  5.35537E+12,  3.46955E+12,  5.04940E+11,  2.29860E+13,  7.80747E+08,  1.51622E+03,  5.18764E+16,  5.41872E+06,  5.61877E+15,  9.14725E+08,  4.07935E-02,  2.20979E+12,  5.08014E+11,  1.01288E+15,  4.00847E+02,  5.77457E+14,  2.14810E+03,  2.31188E+09,  3.93571E+13,  1.17000E+08,  0.00000E+00,  0.00000E+00,  0.00000E+00,  0.00000E+00,  0.00000E+00
  4.92000E-02,2,  2.58352E-02,  0.00000E+00,  0.00000E+00,  2.44420E+18,  5.64079E+14,  1.38370E+11,  3.42583E+07,  9.73587E+03,  9.93349E+01,  5.83706E+02,  9.42717E-02,  8.25234E-05,  7.06138E+06,  1.65584E+04,  6.51941E-06,  1.52826E-04,  2.75202E+14,  3.63887E-01,  1.11664E+05,  1.20654E+01,  1.64103E+00,  1.49061E+05,  1.14182E+07,  2.19778E+19,  5.89653E+10,  2.31038E+10,  1.88448E+10,  1.22093E+10,  2.11862E+09,  4.93435E+12,  3.80278E+06,  1.58562E+00,  5.17302E+16,  0.00000E+00,  5.61850E+15,  1.09931E-18,  0.00000E+00,  1.08227E+10,  4.26942E+11,  1.01367E+15,  4.63199E+00,  5.75076E+14,  2.48224E+01,  2.62120E+05,  3.91494E+13,  1.17000E+08,  0.00000E+00,  0.00000E+00,  0.00000E+00,  0.00000E+00,  0.00000E+00
  4.92500E-02,1,  3.49960E+00,  1.40000E+02,  2.54766E-08,  2.44374E+18,  1.01966E+15,  4.63421E+11,  1.81809E+09,  8.10672E+08,  3.08565E+08,  1.46657E+08,  3.36366E+07,  9.71581E+06,  1.43417E+11,  4.26618E+08,  2.78765E+08,  5.10138E+09,  2.77007E+14,  7.47934E+03,  2.28023E+09,  1.04413E+03,  6.67724E+05,  3.68476E+05,  1.79282E+07,  2.19777E+19,  1.67560E+13,  6.56542E+12,  5.35529E+12,  3.46950E+12,  5.04932E+11,  2.29867E+13,  7.80753E+08,  1.51627E+03,  5.18804E+16,  5.41872E+06,  5.62970E+15,  9.13501E+08,  4.07189E-02,  2.20962E+12,  5.08053E+11,  1.01427E+15,  4.00853E+02,  5.77797E+14,  2.14814E+03,  2.30884E+09,  3.93810E+13,  1.17000E+08,  0.00000E+00,  0.00000E+00,  0.00000E+00,  0.00000E+00,  0.00000E+00
  4.93000E-02,2,  2.58352E-02,  0.00000E+00,  0.00000E+00,  2.44420E+18,  5.62626E+14,  1.37657E+11,  3.39932E+07,  9.64916E+03,  9.92979E+01,  5.83659E+02,  9.40209E-02,  8.21039E-05,  7.05982E+06,  1.65571E+04,  6.51970E-06,  1.52758E-04,  2.75190E+14,  3.63776E-01,  1.11635E+05,  1.20583E+01,  1.63708E+00,  1.48355E+05,  1.13917E+07,  2.19778E+19,  5.60814E+10,  2.19738E+10,  1.79231E+10,  1.16122E+10,  2.02049E+09,  4.90990E+12,  3.76488E+06,  1.56157E+00,  5.17334E+16,  0.00000E+00,  5.62942E+15,  0.00000E+00,  0.00000E+00,  1.04141E+10,  4.26902E+11,  1.01506E+15,  4.62925E+00,  5.75402E+14,  2.48077E+01,  2.62022E+05,  3.91721E+13,  1.17000E+08,  0.00000E+00,  0.00000E+00,  0.00000E+00,  0.00000E+00,  0.00000E+00
  4.93500E-02,1,  3.49960E+00,  1.40000E+02,  2.54766E-08,  2.44373E+18,  1.01921E+15,  4.63022E+11,  1.81781E+09,  8.10672E+08,  3.08565E+08,  1.46657E+08,  3.36366E+07,  9.71582E+06,  1.43397E+11,  4.26618E+08,  2.78765E+08,  5.10138E+09,  2.76996E+14,  7.47771E+03,  2.27983E+09,  1.04409E+03,  6.67724E+05,  3.68187E+05,  1.79282E+07,  2.19776E+19,  1.67566E+13,  6.56565E+12,  5.35548E+12,  3.46962E+12,  5.04951E+11,  2.29734E+13,  7.80657E+08,  1.51521E+03,  5.18836E+16,  5.41872E+06,  5.64062E+15,  9.12273E+08,  4.06467E-02,  2.20948E+12,  5.08091E+11,  1.01566E+15,  4.00837E+02,  5.78124E+14,  2.14805E+03,  2.30580E+09,  3.94037E+13,  1.17000E+08,  0.00000E+00,  0.00000E+00,  0.00000E+00,  0.00000E+00,  0.00000E+00
  4.94000E-02,2,  2.58352E-02,  0.00000E+00,  0.00000E+00,  2.44420E+18,  5.62467E+14,  1.37579E+11,  3.39645E+07,  9.63977E+03,  9.92872E+01,  5.83613E+02,  9.39869E-02,  8.20523E-05,  7.05829E+06,  1.65557E+04,  6.51714E-06,  1.52692E-04,  2.75179E+14,  3.63667E-01,  1.11606E+05,  1.20578E+01,  1.63704E+00,  1.48243E+05,  1.13917E+07,  2.19778E+19,  5.60955E+10,  2.19793E+10,  1.79276E+10,  1.16151E+10,  2.02101E+09,  4.90724E+12,  3.76081E+06,  1.55904E+00,  5.17366E+16,  0.00000E+00,  5.64034E+15,  0.00000E+00,  0.00000E+00,  1.04152E+10,  4.26894E+11,  1.01645E+15,  4.62907E+00,  5.75728E+14,  2.48068E+01,  2.61952E+05,  3.91946E+13,  1.17000E+08,  0.00000E+00,  0.00000E+00,  0.00000E+00,  0.00000E+00,  0.00000E+00
  4.94500E-02,1,  3.49960E+00,  1.40000E+02,  2.54766E-08,  2.44373E+18,  1.01916E+15,  4.62978E+11,  1.81778E+09,  8.10672E+08,  3.08565E+08,  1.46657E+08,  3.36367E+07,  9.71583E+06,  1.43377E+11,  4.26619E+08,  2.78765E+08,  5.10137E+09,  2.76986E+14,  7.47613E+03,  2.27944E+09,  1.04405E+03,  6.67724E+05,  3.68137E+05,  1.79283E+07,  2.19776E+19,  1.67572E+13,  6.56588E+12,  5.35567E+12,  3.46974E+12,  5.04969E+11,  2.29719E+13,  7.80647E+08,  1.51510E+03,  5.18868E+16,  5.41872E+06,  5.65155E+15,  9.11048E+08,  4.05748E-02,  2.20934E+12,  5.08129E+11,  1.01705E+15,  4.00823E+02,  5.78449E+14,  2.14797E+03,  2.30276E+09,  3.94262E+13,  1.17000E+08,  0.00000E+00,  0.00000E+00,  0.00000E+00,  0.00000E+00,  0.00000E+00
  4.95000E-02,2,  2.58352E-02,  0.00000E+00,  0.00000E+00,  2.44419E+18,  5.64303E+14,  1.38478E+11,  3.42973E+07,  9.74788E+03,  9.93301E+01,  5.83654E+02,  9.43007E-02,  8.25786E-05,  7.05772E+06,  1.65569E+04,  6.51569E-06,  1.52667E-04,  2.75189E+14,  3.63663E-01,  1.11601E+05,  1.20667E+01,  1.64207E+00,  1.49121E+05,  1.14255E+07,  2.19778E+19,  5.98749E+10,  2.34601E+10,  1.91355E+10,  1.23977E+10,  2.14839E+09,  4.93816E+12,  3.80843E+06,  1.58865E+00,  5.17407E+16,  0.00000E+00,  5.65127E+15,  4.35822E-23,  0.00000E+00,  1.09488E+10,  4.26930E+11,  1.01784E+15,  4.63248E+00,  5.76067E+14,  2.48250E+01,  2.61920E+05,  3.92184E+13,  1.17000E+08,  0.00000E+00,  0.00000E+00,  0.00000E+00,  0.00000E+00,  0.00000E+00
  4.95500E-02,1,  3.49960E+00,  1.40000E+02,  2.54766E-08,  2.44373E+18,  1.01972E+15,  4.63482E+11,  1.81813E+09,  8.10672E+08,  3.08565E+08,  1.46658E+08,  3.36367E+07,  9.71583E+06,  1.43356E+11,  4.26619E+08,  2.78765E+08,  5.10137E+09,  2.76996E+14,  7.47554E+03,  2.27918E+09,  1.04409E+03,  6.67724E+05,  3.68495E+05,  1.79282E+07,  2.19776E+19,  1.67566E+13,  6.56564E+12,  5.35547E+12,  3.46962E+12,  5.04950E+11,  2.29887E+13,  7.80767E+08,  1.51644E+03,  5.18909E+16,  5.41872E+06,  5.66247E+15,  9.09837E+08,  4.05001E-02,  2.20918E+12,  5.08170E+11,  1.01844E+15,  4.00838E+02,  5.78788E+14,  2.14805E+03,  2.29975E+09,  3.94500E+13,  1.17000E+08,  0.00000E+00,  0.00000E+00,  0.00000E+00,  0.00000E+00,  0.00000E+00
  4.96000E-02,2,  2.58352E-02,  0.00000E+00,  0.00000E+00,  2.44419E+18,  5.62650E+14,  1.37669E+11,  3.39976E+07,  9.65050E+03,  9.92909E+01,  5.83613E+02,  9.40178E-02,  8.21044E-05,  7.05625E+06,  1.65558E+04,  6.51332E-06,  1.52604E-04,  2.75179E+14,  3.63561E-01,  1.11574E+05,  1.20578E+01,  1.63709E+00,  1.48368E+05,  1.13917E+07,  2.19777E+19,  5.60957E+10,  2.19794E+10,  1.79277E+10,  1.16151E+10,  2.02101E+09,  4.91030E+12,  3.76550E+06,  1.56196E+00,  5.17438E+16,  0.00000E+00,  5.66219E+15,  0.00000E+00,  0.00000E+00,  1.04140E+10,  4.26884E+11,  1.01923E+15,  4.62907E+00,  5.76389E+14,  2.48068E+01,  2.61815E+05,  3.92407E+13,  1.17000E+08,  0.00000E+00,  0.00000E+00,  0.00000E+00,  0.00000E+00,  0.00000E+00
  4.96500E-02,1,  3.49960E+00,  1.40000E+02,  2.54766E-08,  2.44373E+18,  1.01921E+15,  4.63028E+11,  1.81782E+09,  8.10673E+08,  3.08565E+08,  1.46658E+08,  3.36367E+07,  9.71583E+06,  1.43336E+11,  4.26619E+08,  2.78765E+08,  5.10137E+09,  2.76986E+14,  7.47400E+03,  2.27879E+09,  1.04406E+03,  6.67725E+05,  3.68187E+05,  1.79283E+07,  2.19776E+19,  1.67572E+13,  6.56586E+12,  5.35565E+12,  3.46973E+12,  5.04967E+11,  2.29735E+13,  7.80659E+08,  1.51523E+03,  5.18940E+16,  5.41871E+06,  5.67339E+15,  9.08619E+08,  4.04287E-02,  2.20904E+12,  5.08208E+11,  1.01983E+15,  4.00824E+02,  5.79111E+14,  2.14797E+03,  2.29673E+09,  3.94723E+13,  1.17000E+08,  0.00000E+00,  0.00000E+00,  0.00000E+00,  0.00000E+00,  0.00000E+00
  4.97000E-02,2,  2.58352E-02,  0.00000E+00,  0.00000E+00,  2.44419E+18,  5.62469E+14,  1.37580E+11,  3.39650E+07,  9.63985E+03,  9.92808E+01,  5.83573E+02,  9.39812E-02,  8.20479E-05,  7.05481E+06,  1.65546E+04,  6.51101E-06,  1.52542E-04,  2.75169E+14,  3.63461E-01,  1.11548E+05,  1.20574E+01,  1.63705E+00,  1.48248E+05,  1.13918E+07,  2.19777E+19,  5.61080E+10,  2.19842E+10,  1.79316E+10,  1.16177E+10,  2.02146E+09,  4.90728E+12,  3.76087E+06,  1.55909E+00,  5.17469E+16,  0.00000E+00,  5.67310E+15,  0.00000E+00,  0.00000E+00,  1.04149E+10,  4.26876E+11,  1.02062E+15,  4.62892E+00,  5.76710E+14,  2.48059E+01,  2.61746E+05,  3.92629E+13,  1.17000E+08,  0.00000E+00,  0.00000E+00,  0.00000E+00,  0.00000E+00,  0.00000E+00
  4.97500E-02,1,  3.49960E+00,  1.40000E+02,  2.54766E-08,  2.44373E+18,  1.01916E+15,  4.62979E+11,  1.81779E+09,  8.10673E+08,  3.08565E+08,  1.46658E+08,  3.36367E+07,  9.71584E+06,  1.43317E+11,  4.26619E+08,  2.78765E+08,  5.10137E+09,  2.76978E+14,  7.47251E+03,  2.27842E+09,  1.04402E+03,  6.67725E+05,  3.68134E+05,  1.79283E+07,  2.19776E+19,  1.67577E+13,  6.56606E+12,  5.35581E+12,  3.46983E+12,  5.04983E+11,  2.29719E+13,  7.80647E+08,  1.51510E+03,  5.18971E+16,  5.41871E+06,  5.68430E+15,  9.07404E+08,  4.03575E-02,  2.20891E+12,  5.08247E+11,  1.02122E+15,  4.00811E+02,  5.79432E+14,  2.14790E+03,  2.29372E+09,  3.94945E+13,  1.17000E+08,  0.00000E+00,  0.00000E+00,  0.00000E+00,  0.00000E+00,  0.00000E+00
  4.98000E-02,2,  2.58352E-02,  0.00000E+00,  0.00000E+00,  2.44419E+18,  5.62449E+14,  1.37571E+11,  3.39615E+07,  9.63862E+03,  9.92743E+01,  5.83536E+02,  9.39719E-02,  8.20377E-05,  7.05341E+06,  1.65536E+04,  6.50820E-06,  1.52481E-04,  2.75160E+14,  3.63365E-01,  1.11522E+05,  1.20570E+01,  1.63705E+00,  1.48231E+05,  1.13918E+07,  2.19777E+19,  5.61197E+10,  2.19888E+10,  1.79354E+10,  1.16201E+10,  2.02188E+09,  4.90694E+12,  3.76037E+06,  1.55878E+00,  5.17500E+16,  0.00000E+00,  5.68402E+15,  0.00000E+00,  0.00000E+00,  1.04157E+10,  4.26869E+11,  1.02201E+15,  4.62878E+00,  5.77030E+14,  2.48051E+01,  2.61677E+05,  3.92849E+13,  1.17000E+08,  0.00000E+00,  0.00000E+00,  0.00000E+00,  0.00000E+00,  0.00000E+00
  4.98500E-02,1,  3.49960E+00,  1.40000E+02,  2.54766E-08,  2.44373E+18,  1.01915E+15,  4.62973E+11,  1.81778E+09,  8.10673E+08,  3.08565E+08,  1.46658E+08,  3.36367E+07,  9.71584E+06,  1.43298E+11,  4.26619E+08,  2.78765E+08,  5.10137E+09,  2.76969E+14,  7.47105E+03,  2.27804E+09,  1.04399E+03,  6.67725E+05,  3.68123E+05,  1.79283E+07,  2.19775E+19,  1.67581E+13,  6.56624E+12,  5.35596E+12,  3.46993E+12,  5.04997E+11,  2.29717E+13,  7.80646E+08,  1.51509E+03,  5.19001E+16,  5.41871E+06,  5.69521E+15,  9.06193E+08,  4.02864E-02,  2.20878E+12,  5.08286E+11,  1.02261E+15,  4.00800E+02,  5.79752E+14,  2.14784E+03,  2.29071E+09,  3.95166E+13,  1.17000E+08,  0.00000E+00,  0.00000E+00,  0.00000E+00,  0.00000E+00,  0.00000E+00
  4.99000E-02,2,  2.58352E-02,  0.00000E+00,  0.00000E+00,  2.44419E+18,  5.62447E+14,  1.37570E+11,  3.39611E+07,  9.63842E+03,  9.92686E+01,  5.83502E+02,  9.39661E-02,  8.20316E-05,  7.05205E+06,  1.65526E+04,  6.50561E-06,  1.52422E-04,  2.75152E+14,  3.63272E-01,  1.11497E+05,  1.20567E+01,  1.63705E+00,  1.48230E+05,  1.13919E+07,  2.19777E+19,  5.61306E+10,  2.19930E+10,  1.79388E+10,  1.16224E+10,  2.02227E+09,  4.90691E+12,  3.76031E+06,  1.55874E+00,  5.17530E+16,  0.00000E+00,  5.69493E+15,  0.00000E+00,  0.00000E+00,  1.04165E+10,  4.26862E+11,  1.02340E+15,  4.62865E+00,  5.77348E+14,  2.48044E+01,  2.61608E+05,  3.93069E+13,  1.17000E+08,  0.00000E+00,  0.00000E+00,  0.00000E+00,  0.00000E+00,  0.00000E+00
  4.99500E-02,1,  3.49960E+00,  1.40000E+02,  2.54766E-08,  2.44373E+18,  1.01915E+15,  4.62973E+11,  1.81778E+09,  8.10673E+08,  3.08566E+08,  1.46658E+08,  3.36367E+07,  9.71585E+06,  1.43279E+11,  4.26620E+08,  2.78766E+08,  5.10137E+09,  2.76962E+14,  7.46963E+03,  2.27768E+09,  1.04396E+03,  6.67726E+05,  3.68119E+05,  1.79283E+07,  2.19775E+19,  1.67586E+13,  6.56641E+12,  5.35610E+12,  3.47002E+12,  5.05011E+11,  2.29716E+13,  7.80645E+08,  1.51509E+03,  5.19032E+16,  5.41871E+06,  5.70613E+15,  9.04984E+08,  4.02155E-02,  2.20866E+12,  5.08325E+11,  1.02400E+15,  4.00789E+02,  5.80070E+14,  2.14778E+03,  2.28771E+09,  3.95386E+13,  1.17000E+08,  0.00000E+00,  0.00000E+00,  0.00000E+00,  0.00000E+00,  0.00000E+00
  5.00000E-02,2,  2.58352E-02,  0.00000E+00,  0.00000E+00,  2.44419E+18,  5.62446E+14,  1.37569E+11,  3.39611E+07,  9.63835E+03,  9.92634E+01,  5.83470E+02,  9.39610E-02,  8.20273E-05,  7.05072E+06,  1.65517E+04,  6.50316E-06,  1.52365E-04,  2.75144E+14,  3.63183E-01,  1.11473E+05,  1.20564E+01,  1.63706E+00,  1.48232E+05,  1.13919E+07,  2.19777E+19,  5.61406E+10,  2.19970E+10,  1.79420E+10,  1.16244E+10,  2.02264E+09,  4.90690E+12,  3.76031E+06,  1.55874E+00,  5.17560E+16,  0.00000E+00,  5.70584E+15,  0.00000E+00,  0.00000E+00,  1.04171E+10,  4.26855E+11,  1.02479E+15,  4.62852E+00,  5.77665E+14,  2.48037E+01,  2.61539E+05,  3.93287E+13,  1.17000E+08,  0.00000E+00,  0.00000E+00,  0.00000E+00,  0.00000E+00,  0.00000E+00
