cycle,t_end_s,NH3_start,NH3_after_on,NH3_end,E_on_Jcm3,E_off_Jcm3,dNH3_on,dNH3_off,rel_state_max,rel_dNH3_cycle,rel_energy_cycle,stable_streak
     1,  1.00000E-04,  0.00000E+00,  8.75241E+11,  3.74284E+12,  1.27383E-12,  0.00000E+00,  8.75241E+11,  2.86760E+12, -1.00000E+00, -1.00000E+00, -1.00000E+00,     0
     2,  2.00000E-04,  3.74284E+12,  7.03731E+12,  1.10044E+13,  1.27383E-12,  0.00000E+00,  3.29446E+12,  3.96713E+12,  9.51099E-01,  6.59879E-01,  0.00000E+00,     0
     3,  3.00000E-04,  1.10044E+13,  1.49062E+13,  1.92041E+13,  1.27383E-12,  0.00000E+00,  3.90178E+12,  4.29784E+12,  9.47689E-01,  4.26973E-01,  0.00000E+00,     0
     4,  4.00000E-04,  1.92041E+13,  2.32641E+13,  2.75671E+13,  1.27383E-12,  0.00000E+00,  4.06007E+12,  4.30298E+12,  9.24789E-01,  3.03371E-01,  0.00000E+00,     0
     5,  5.00000E-04,  2.75671E+13,  3.16531E+13,  3.58720E+13,  1.27383E-12,  0.00000E+00,  4.08597E+12,  4.21891E+12,  8.73876E-01,  2.31514E-01,  0.00000E+00,     0
     6,  6.00000E-04,  3.58720E+13,  3.99628E+13,  4.42703E+13,  1.27383E-12,  0.00000E+00,  4.09078E+12,  4.30750E+12,  7.42664E-01,  1.89705E-01,  0.00000E+00,     0
     7,  7.00000E-04,  4.42703E+13,  4.82921E+13,  5.25710E+13,  1.27383E-12,  0.00000E+00,  4.02184E+12,  4.27886E+12,  6.40410E-01,  1.57895E-01,  0.00000E+00,     0
     8,  8.00000E-04,  5.25710E+13,  5.65282E+13,  6.07156E+13,  1.27383E-12,  0.00000E+00,  3.95719E+12,  4.18741E+12,  6.63589E-01,  1.34144E-01,  0.00000E+00,     0
     9,  9.00000E-04,  6.07156E+13,  6.46314E+13,  6.88259E+13,  1.27383E-12,  0.00000E+00,  3.91585E+12,  4.19451E+12,  5.92574E-01,  1.17839E-01,  0.00000E+00,     0
    10,  1.00000E-03,  6.88259E+13,  7.26731E+13,  7.67800E+13,  1.27383E-12,  0.00000E+00,  3.84715E+12,  4.10687E+12,  6.88873E-01,  1.03595E-01,  0.00000E+00,     0
    11,  1.10000E-03,  7.67800E+13,  8.05749E+13,  8.46856E+13,  1.27383E-12,  0.00000E+00,  3.79492E+12,  4.11071E+12,  8.27933E-01,  9.33527E-02,  0.00000E+00,     0
    12,  1.20000E-03,  8.46856E+13,  8.83999E+13,  9.23846E+13,  1.27383E-12,  0.00000E+00,  3.71429E+12,  3.98474E+12,  1.22491E-01,  8.33367E-02,  0.00000E+00,     0
    13,  1.30000E-03,  9.23846E+13,  9.60472E+13,  9.99788E+13,  1.27383E-12,  0.00000E+00,  3.66261E+12,  3.93154E+12,  1.17465E-01,  7.59576E-02,  0.00000E+00,     0
    14,  1.40000E-03,  9.99788E+13,  1.03576E+14,  1.07464E+14,  1.27383E-12,  0.00000E+00,  3.59755E+12,  3.88795E+12,  1.12961E-01,  6.96557E-02,  0.00000E+00,     0
    15,  1.50000E-03,  1.07464E+14,  1.10982E+14,  1.14787E+14,  1.27383E-12,  0.00000E+00,  3.51812E+12,  3.80442E+12,  1.17487E-01,  6.37926E-02,  0.00000E+00,     0
    16,  1.60000E-03,  1.14787E+14,  1.18230E+14,  1.21961E+14,  1.27383E-12,  0.00000E+00,  3.44325E+12,  3.73081E+12,  1.25312E-01,  5.88226E-02,  0.00000E+00,     0
    17,  1.70000E-03,  1.21961E+14,  1.25327E+14,  1.28968E+14,  1.27383E-12,  0.00000E+00,  3.36576E+12,  3.64173E+12,  1.28754E-01,  5.43349E-02,  0.00000E+00,     0
    18,  1.80000E-03,  1.28968E+14,  1.32260E+14,  1.35813E+14,  1.27383E-12,  0.00000E+00,  3.29185E+12,  3.55303E+12,  1.29212E-01,  5.03992E-02,  0.00000E+00,     0
    19,  1.90000E-03,  1.35813E+14,  1.39033E+14,  1.42512E+14,  1.27383E-12,  0.00000E+00,  3.21964E+12,  3.47917E+12,  1.28554E-01,  4.70052E-02,  0.00000E+00,     0
    20,  2.00000E-03,  1.42512E+14,  1.45654E+14,  1.49071E+14,  1.27383E-12,  0.00000E+00,  3.14227E+12,  3.41659E+12,  1.27270E-01,  4.39983E-02,  0.00000E+00,     0
    21,  2.10000E-03,  1.49071E+14,  1.52128E+14,  1.55487E+14,  1.27383E-12,  0.00000E+00,  3.05727E+12,  3.35890E+12,  1.25856E-01,  4.12650E-02,  0.00000E+00,     0
    22,  2.20000E-03,  1.55487E+14,  1.58454E+14,  1.61637E+14,  1.27383E-12,  0.00000E+00,  2.96661E+12,  3.18322E+12,  1.04862E-01,  3.80472E-02,  0.00000E+00,     0
    23,  2.30000E-03,  1.61637E+14,  1.64566E+14,  1.67765E+14,  1.27383E-12,  0.00000E+00,  2.92892E+12,  3.19881E+12,  1.18271E-01,  3.65257E-02,  0.00000E+00,     0
    24,  2.40000E-03,  1.67765E+14,  1.70596E+14,  1.73707E+14,  1.27383E-12,  0.00000E+00,  2.83175E+12,  3.11029E+12,  1.10132E-01,  3.42074E-02,  0.00000E+00,     0
    25,  2.50000E-03,  1.73707E+14,  1.76461E+14,  1.79462E+14,  1.27383E-12,  0.00000E+00,  2.75434E+12,  3.00092E+12,  9.69083E-02,  3.20695E-02,  0.00000E+00,     0
    26,  2.60000E-03,  1.79462E+14,  1.82162E+14,  1.85102E+14,  1.27383E-12,  0.00000E+00,  2.70042E+12,  2.93949E+12,  9.76111E-02,  3.04692E-02,  0.00000E+00,     0
    27,  2.70000E-03,  1.85102E+14,  1.87738E+14,  1.90596E+14,  1.27383E-12,  0.00000E+00,  2.63635E+12,  2.85769E+12,  9.16710E-02,  2.88256E-02,  0.00000E+00,     0
    28,  2.80000E-03,  1.90596E+14,  1.93176E+14,  1.95981E+14,  1.27383E-12,  0.00000E+00,  2.58028E+12,  2.80475E+12,  9.53751E-02,  2.74773E-02,  0.00000E+00,     0
    29,  2.90000E-03,  1.95981E+14,  1.98496E+14,  2.01202E+14,  1.27383E-12,  0.00000E+00,  2.51486E+12,  2.70607E+12,  8.04116E-02,  2.59487E-02,  0.00000E+00,     0
    30,  3.00000E-03,  2.01202E+14,  2.03675E+14,  2.06337E+14,  1.27383E-12,  0.00000E+00,  2.47316E+12,  2.66239E+12,  9.04076E-02,  2.48891E-02,  0.00000E+00,     0
    31,  3.10000E-03,  2.06337E+14,  2.08750E+14,  2.11345E+14,  1.27383E-12,  0.00000E+00,  2.41293E+12,  2.59427E+12,  8.49729E-02,  2.36921E-02,  0.00000E+00,     0
    32,  3.20000E-03,  2.11345E+14,  2.13706E+14,  2.16244E+14,  1.27383E-12,  0.00000E+00,  2.36182E+12,  2.53731E+12,  8.54562E-02,  2.26556E-02,  0.00000E+00,     0
    33,  3.30000E-03,  2.16244E+14,  2.18554E+14,  2.21021E+14,  1.27383E-12,  0.00000E+00,  2.31040E+12,  2.46708E+12,  7.66025E-02,  2.16155E-02,  0.00000E+00,     0
    34,  3.40000E-03,  2.21021E+14,  2.23291E+14,  2.25701E+14,  1.27383E-12,  0.00000E+00,  2.26937E+12,  2.41037E+12,  7.81142E-02,  2.07342E-02,  0.00000E+00,     0
    35,  3.50000E-03,  2.25701E+14,  2.27928E+14,  2.30268E+14,  1.27383E-12,  0.00000E+00,  2.22681E+12,  2.34000E+12,  6.80920E-02,  1.98326E-02,  0.00000E+00,     0
    36,  3.60000E-03,  2.30268E+14,  2.32462E+14,  2.34745E+14,  1.27383E-12,  0.00000E+00,  2.19449E+12,  2.28232E+12,  6.97815E-02,  1.90710E-02,  0.00000E+00,     0
    37,  3.70000E-03,  2.34745E+14,  2.36905E+14,  2.39142E+14,  1.27383E-12,  0.00000E+00,  2.15999E+12,  2.23727E+12,  7.80220E-02,  1.83876E-02,  0.00000E+00,     0
    38,  3.80000E-03,  2.39142E+14,  2.41261E+14,  2.43452E+14,  1.27383E-12,  0.00000E+00,  2.11899E+12,  2.19083E+12,  7.88599E-02,  1.77030E-02,  0.00000E+00,     0
    39,  3.90000E-03,  2.43452E+14,  2.45530E+14,  2.47675E+14,  1.27383E-12,  0.00000E+00,  2.07890E+12,  2.14423E+12,  7.65807E-02,  1.70511E-02,  0.00000E+00,     0
    40,  4.00000E-03,  2.47675E+14,  2.49717E+14,  2.51805E+14,  1.27383E-12,  0.00000E+00,  2.04194E+12,  2.08869E+12,  6.48153E-02,  1.64041E-02,  0.00000E+00,     0
    41,  4.10000E-03,  2.51805E+14,  2.53819E+14,  2.55861E+14,  1.27383E-12,  0.00000E+00,  2.01408E+12,  2.04167E+12,  6.70881E-02,  1.58514E-02,  0.00000E+00,     0
    42,  4.20000E-03,  2.55861E+14,  2.57846E+14,  2.59848E+14,  1.27383E-12,  0.00000E+00,  1.98482E+12,  2.00216E+12,  7.43675E-02,  1.53435E-02,  0.00000E+00,     0
    43,  4.30000E-03,  2.59848E+14,  2.61800E+14,  2.63750E+14,  1.27383E-12,  0.00000E+00,  1.95164E+12,  1.95043E+12,  5.82282E-02,  1.47945E-02,  0.00000E+00,     0
    44,  4.40000E-03,  2.63750E+14,  2.65680E+14,  2.67591E+14,  1.27383E-12,  0.00000E+00,  1.92951E+12,  1.91183E+12,  6.92801E-02,  1.43553E-02,  0.00000E+00,     0
    45,  4.50000E-03,  2.67591E+14,  2.69492E+14,  2.71359E+14,  1.27383E-12,  0.00000E+00,  1.90071E+12,  1.86668E+12,  5.89402E-02,  1.38834E-02,  0.00000E+00,     0
    46,  4.60000E-03,  2.71359E+14,  2.73238E+14,  2.75059E+14,  1.27383E-12,  0.00000E+00,  1.87895E+12,  1.82090E+12,  5.29024E-02,  1.34511E-02,  0.00000E+00,     0
    47,  4.70000E-03,  2.75059E+14,  2.76918E+14,  2.78707E+14,  1.27383E-12,  0.00000E+00,  1.85933E+12,  1.78916E+12,  7.16109E-02,  1.30908E-02,  0.00000E+00,     0
    48,  4.80000E-03,  2.78707E+14,  2.80540E+14,  2.82293E+14,  1.27383E-12,  0.00000E+00,  1.83230E+12,  1.75382E+12,  6.68166E-02,  1.27035E-02,  0.00000E+00,     0
    49,  4.90000E-03,  2.82293E+14,  2.84102E+14,  2.85816E+14,  1.27383E-12,  0.00000E+00,  1.80835E+12,  1.71389E+12,  5.35002E-02,  1.23235E-02,  0.00000E+00,     0
    50,  5.00000E-03,  2.85816E+14,  2.87605E+14,  2.89283E+14,  1.27383E-12,  0.00000E+00,  1.78931E+12,  1.67860E+12,  5.62493E-02,  1.19879E-02,  0.00000E+00,     0
    51,  5.10000E-03,  2.89283E+14,  2.91053E+14,  2.92699E+14,  1.27383E-12,  0.00000E+00,  1.76990E+12,  1.64522E+12,  5.82956E-02,  1.16677E-02,  0.00000E+00,     0
    52,  5.20000E-03,  2.92699E+14,  2.94449E+14,  2.96061E+14,  1.27383E-12,  0.00000E+00,  1.75028E+12,  1.61180E+12,  5.50854E-02,  1.13561E-02,  0.00000E+00,     0
    53,  5.30000E-03,  2.96061E+14,  2.97793E+14,  2.99375E+14,  1.27383E-12,  0.00000E+00,  1.73202E+12,  1.58255E+12,  6.16337E-02,  1.10716E-02,  0.00000E+00,     0
    54,  5.40000E-03,  2.99375E+14,  3.01088E+14,  3.02643E+14,  1.27383E-12,  0.00000E+00,  1.71232E+12,  1.55511E+12,  6.42309E-02,  1.07963E-02,  0.00000E+00,     0
    55,  5.50000E-03,  3.02643E+14,  3.04335E+14,  3.05859E+14,  1.27383E-12,  0.00000E+00,  1.69268E+12,  1.52392E+12,  5.05534E-02,  1.05166E-02,  0.00000E+00,     0
    56,  5.60000E-03,  3.05859E+14,  3.07536E+14,  3.09033E+14,  1.27383E-12,  0.00000E+00,  1.67666E+12,  1.49686E+12,  5.73687E-02,  1.02692E-02,  0.00000E+00,     0
    57,  5.70000E-03,  3.09033E+14,  3.10692E+14,  3.12159E+14,  1.27383E-12,  0.00000E+00,  1.65893E+12,  1.46740E+12,  4.46448E-02,  1.00152E-02,  0.00000E+00,     0
    58,  5.80000E-03,  3.12159E+14,  3.13804E+14,  3.15244E+14,  1.27383E-12,  0.00000E+00,  1.64517E+12,  1.43931E+12,  4.70813E-02,  9.78444E-03,  0.00000E+00,     0
    59,  5.90000E-03,  3.15244E+14,  3.16874E+14,  3.18292E+14,  1.27383E-12,  0.00000E+00,  1.63053E+12,  1.41821E+12,  6.62398E-02,  9.57843E-03,  0.00000E+00,     0
    60,  6.00000E-03,  3.18292E+14,  3.19905E+14,  3.21299E+14,  1.27383E-12,  0.00000E+00,  1.61276E+12,  1.39353E+12,  5.20233E-02,  9.35670E-03,  0.00000E+00,     0
    61,  6.10000E-03,  3.21299E+14,  3.22897E+14,  3.24265E+14,  1.27383E-12,  0.00000E+00,  1.59786E+12,  1.36889E+12,  4.63551E-02,  9.14914E-03,  0.00000E+00,     0
    62,  6.20000E-03,  3.24265E+14,  3.25850E+14,  3.27196E+14,  1.27383E-12,  0.00000E+00,  1.58412E+12,  1.34633E+12,  4.98619E-02,  8.95627E-03,  0.00000E+00,     0
    63,  6.30000E-03,  3.27196E+14,  3.28766E+14,  3.30092E+14,  1.27383E-12,  0.00000E+00,  1.57010E+12,  1.32645E+12,  5.91017E-02,  8.77495E-03,  0.00000E+00,     0
    64,  6.40000E-03,  3.30092E+14,  3.31647E+14,  3.32952E+14,  1.27383E-12,  0.00000E+00,  1.55502E+12,  1.30467E+12,  4.67661E-02,  8.58892E-03,  0.00000E+00,     0
    65,  6.50000E-03,  3.32952E+14,  3.34494E+14,  3.35778E+14,  1.27383E-12,  0.00000E+00,  1.54192E+12,  1.28377E+12,  4.49469E-02,  8.41536E-03,  0.00000E+00,     0
    66,  6.60000E-03,  3.35778E+14,  3.37307E+14,  3.38567E+14,  1.27383E-12,  0.00000E+00,  1.52927E+12,  1.26017E+12,  2.83911E-02,  8.23896E-03,  0.00000E+00,     0
    67,  6.70000E-03,  3.38567E+14,  3.40086E+14,  3.41333E+14,  1.27383E-12,  0.00000E+00,  1.51868E+12,  1.24714E+12,  7.65506E-02,  8.10297E-03,  0.00000E+00,     0
    68,  6.80000E-03,  3.41333E+14,  3.42836E+14,  3.44066E+14,  1.27383E-12,  0.00000E+00,  1.50299E+12,  1.22970E+12,  5.44633E-02,  7.94235E-03,  0.00000E+00,     0
    69,  6.90000E-03,  3.44066E+14,  3.45556E+14,  3.46766E+14,  1.27383E-12,  0.00000E+00,  1.48993E+12,  1.20997E+12,  3.27651E-02,  7.78595E-03,  0.00000E+00,     0
    70,  7.00000E-03,  3.46766E+14,  3.48245E+14,  3.49440E+14,  1.27383E-12,  0.00000E+00,  1.47913E+12,  1.19496E+12,  5.84451E-02,  7.65252E-03,  0.00000E+00,     0
    71,  7.10000E-03,  3.49440E+14,  3.50906E+14,  3.52082E+14,  1.27383E-12,  0.00000E+00,  1.46647E+12,  1.17567E+12,  2.80694E-02,  7.50433E-03,  0.00000E+00,     0
    72,  7.20000E-03,  3.52082E+14,  3.53538E+14,  3.54697E+14,  1.27383E-12,  0.00000E+00,  1.45626E+12,  1.15904E+12,  3.71205E-02,  7.37331E-03,  0.00000E+00,     0
    73,  7.30000E-03,  3.54697E+14,  3.56143E+14,  3.57289E+14,  1.27383E-12,  0.00000E+00,  1.44556E+12,  1.14636E+12,  5.90765E-02,  7.25441E-03,  0.00000E+00,     0
    74,  7.40000E-03,  3.57289E+14,  3.58722E+14,  3.59851E+14,  1.27383E-12,  0.00000E+00,  1.43331E+12,  1.12908E+12,  2.79716E-02,  7.12069E-03,  0.00000E+00,     0
    75,  7.50000E-03,  3.59851E+14,  3.61275E+14,  3.62393E+14,  1.27383E-12,  0.00000E+00,  1.42358E+12,  1.11755E+12,  6.24642E-02,  7.01210E-03,  0.00000E+00,     0
    76,  7.60000E-03,  3.62393E+14,  3.63804E+14,  3.64903E+14,  1.27383E-12,  0.00000E+00,  1.41158E+12,  1.09878E+12,  1.68867E-02,  6.87951E-03,  0.00000E+00,     0
    77,  7.70000E-03,  3.64903E+14,  3.66307E+14,  3.67393E+14,  1.27383E-12,  0.00000E+00,  1.40359E+12,  1.08618E+12,  4.29004E-02,  6.77687E-03,  0.00000E+00,     0
    78,  7.80000E-03,  3.67393E+14,  3.68785E+14,  3.69863E+14,  1.27383E-12,  0.00000E+00,  1.39273E+12,  1.07774E+12,  7.10295E-02,  6.67940E-03,  0.00000E+00,     0
    79,  7.90000E-03,  3.69863E+14,  3.71244E+14,  3.72308E+14,  1.27383E-12,  0.00000E+00,  1.38123E+12,  1.06367E+12,  3.20418E-02,  6.56687E-03,  0.00000E+00,     0
    80,  8.00000E-03,  3.72308E+14,  3.73680E+14,  3.74733E+14,  1.27383E-12,  0.00000E+00,  1.37150E+12,  1.05306E+12,  4.68150E-02,  6.47012E-03,  0.00000E+00,     0
    81,  8.10000E-03,  3.74733E+14,  3.76094E+14,  3.77137E+14,  1.27383E-12,  0.00000E+00,  1.36172E+12,  1.04280E+12,  5.56204E-02,  6.37571E-03,  0.00000E+00,     0
    82,  8.20000E-03,  3.77137E+14,  3.78488E+14,  3.79519E+14,  1.27383E-12,  0.00000E+00,  1.35111E+12,  1.03046E+12,  2.44457E-02,  6.27524E-03,  0.00000E+00,     0
    83,  8.30000E-03,  3.79519E+14,  3.80861E+14,  3.81878E+14,  1.27383E-12,  0.00000E+00,  1.34275E+12,  1.01645E+12,  1.44542E-02,  6.17789E-03,  0.00000E+00,     0
    84,  8.40000E-03,  3.81878E+14,  3.83212E+14,  3.84222E+14,  1.27383E-12,  0.00000E+00,  1.33448E+12,  1.00996E+12,  6.75713E-02,  6.10180E-03,  0.00000E+00,     0
    85,  8.50000E-03,  3.84222E+14,  3.85547E+14,  3.86546E+14,  1.27383E-12,  0.00000E+00,  1.32430E+12,  9.99328E+11,  3.44381E-02,  6.01125E-03,  0.00000E+00,     0
    86,  8.60000E-03,  3.86546E+14,  3.87862E+14,  3.88852E+14,  1.27383E-12,  0.00000E+00,  1.31552E+12,  9.90770E+11,  4.62840E-02,  5.93102E-03,  0.00000E+00,     0
    87,  8.70000E-03,  3.88852E+14,  3.90159E+14,  3.91140E+14,  1.27383E-12,  0.00000E+00,  1.30638E+12,  9.81771E+11,  4.36886E-02,  5.84994E-03,  0.00000E+00,     0
    88,  8.80000E-03,  3.91140E+14,  3.92438E+14,  3.93410E+14,  1.27383E-12,  0.00000E+00,  1.29736E+12,  9.71818E+11,  2.34093E-02,  5.76798E-03,  0.00000E+00,     0
    89,  8.90000E-03,  3.93410E+14,  3.94699E+14,  3.95661E+14,  1.27383E-12,  0.00000E+00,  1.28953E+12,  9.61585E+11,  2.26695E-02,  5.68950E-03,  0.00000E+00,     0
    90,  9.00000E-03,  3.95661E+14,  3.96942E+14,  3.97896E+14,  1.27383E-12,  0.00000E+00,  1.28166E+12,  9.53723E+11,  3.99293E-02,  5.61802E-03,  0.00000E+00,     0
    91,  9.10000E-03,  3.97896E+14,  3.99169E+14,  4.00113E+14,  1.27383E-12,  0.00000E+00,  1.27330E+12,  9.43085E+11,  1.08983E-02,  5.53940E-03,  0.00000E+00,     0
    92,  9.20000E-03,  4.00113E+14,  4.01379E+14,  4.02319E+14,  1.27383E-12,  0.00000E+00,  1.26607E+12,  9.39919E+11,  8.58761E-02,  5.48320E-03,  0.00000E+00,     0
    93,  9.30000E-03,  4.02319E+14,  4.03575E+14,  4.04507E+14,  1.27383E-12,  0.00000E+00,  1.25631E+12,  9.32070E+11,  2.65075E-02,  5.41000E-03,  0.00000E+00,     0
    94,  9.40000E-03,  4.04507E+14,  4.05756E+14,  4.06679E+14,  1.27383E-12,  0.00000E+00,  1.24895E+12,  9.22704E+11,  1.52323E-02,  5.33997E-03,  0.00000E+00,     0
    95,  9.50000E-03,  4.06679E+14,  4.07920E+14,  4.08837E+14,  1.27383E-12,  0.00000E+00,  1.24167E+12,  9.16591E+11,  4.15668E-02,  5.27902E-03,  0.00000E+00,     0
    96,  9.60000E-03,  4.08837E+14,  4.10071E+14,  4.10981E+14,  1.27383E-12,  0.00000E+00,  1.23386E+12,  9.10751E+11,  4.14452E-02,  5.21828E-03,  0.00000E+00,     0
    97,  9.70000E-03,  4.10981E+14,  4.12208E+14,  4.13084E+14,  1.27383E-12,  0.00000E+00,  1.22616E+12,  8.76427E+11,  2.05774E-01,  5.08998E-03,  0.00000E+00,     0
    98,  9.80000E-03,  4.13084E+14,  4.14310E+14,  4.15206E+14,  1.27383E-12,  0.00000E+00,  1.22611E+12,  8.95378E+11,  2.41492E-01,  5.10950E-03,  0.00000E+00,     0
    99,  9.90000E-03,  4.15206E+14,  4.16418E+14,  4.17310E+14,  1.27383E-12,  0.00000E+00,  1.21264E+12,  8.91540E+11,  5.72607E-02,  5.04225E-03,  0.00000E+00,     0
   100,  1.00000E-02,  4.17310E+14,  4.18514E+14,  4.19398E+14,  1.27383E-12,  0.00000E+00,  1.20464E+12,  8.83506E+11,  1.09421E-02,  4.97892E-03,  0.00000E+00,     0
   101,  1.01000E-02,  4.19398E+14,  4.20596E+14,  4.21474E+14,  1.27383E-12,  0.00000E+00,  1.19833E+12,  8.77911E+11,  3.24464E-02,  4.92613E-03,  0.00000E+00,     0
   102,  1.02000E-02,  4.21474E+14,  4.22665E+14,  4.23539E+14,  1.27383E-12,  0.00000E+00,  1.19137E+12,  8.73259E+11,  4.13508E-02,  4.87472E-03,  0.00000E+00,     0
   103,  1.03000E-02,  4.23539E+14,  4.24723E+14,  4.25589E+14,  1.27383E-12,  0.00000E+00,  1.18434E+12,  8.65919E+11,  9.61774E-03,  4.81745E-03,  0.00000E+00,     0
   104,  1.04000E-02,  4.25589E+14,  4.26767E+14,  4.27630E+14,  1.27383E-12,  0.00000E+00,  1.17808E+12,  8.63043E+11,  5.07571E-02,  4.77309E-03,  0.00000E+00,     0
   105,  1.05000E-02,  4.27630E+14,  4.28801E+14,  4.29659E+14,  1.27383E-12,  0.00000E+00,  1.17105E+12,  8.58364E+11,  3.25053E-02,  4.72331E-03,  0.00000E+00,     0
   106,  1.06000E-02,  4.29659E+14,  4.30824E+14,  4.31678E+14,  1.27383E-12,  0.00000E+00,  1.16448E+12,  8.53677E+11,  3.26359E-02,  4.67515E-03,  0.00000E+00,     0
   107,  1.07000E-02,  4.31678E+14,  4.32836E+14,  4.33684E+14,  1.27383E-12,  0.00000E+00,  1.15800E+12,  8.48193E+11,  1.84051E-02,  4.62593E-03,  0.00000E+00,     0
   108,  1.08000E-02,  4.33684E+14,  4.34836E+14,  4.35680E+14,  1.27383E-12,  0.00000E+00,  1.15187E+12,  8.44614E+11,  4.18002E-02,  4.58245E-03,  0.00000E+00,     0
   109,  1.09000E-02,  4.35680E+14,  4.36826E+14,  4.37659E+14,  1.27383E-12,  0.00000E+00,  1.14543E+12,  8.33242E+11,  4.43158E-02,  4.52103E-03,  0.00000E+00,     0
   110,  1.10000E-02,  4.37659E+14,  4.38799E+14,  4.39635E+14,  1.27383E-12,  0.00000E+00,  1.14050E+12,  8.35169E+11,  8.97702E-02,  4.49389E-03,  0.00000E+00,     0
   111,  1.11000E-02,  4.39635E+14,  4.40768E+14,  4.41600E+14,  1.27383E-12,  0.00000E+00,  1.13346E+12,  8.31724E+11,  3.31444E-02,  4.45014E-03,  0.00000E+00,     0
   112,  1.12000E-02,  4.41600E+14,  4.42727E+14,  4.43553E+14,  1.27383E-12,  0.00000E+00,  1.12742E+12,  8.25684E+11,  8.83751E-03,  4.40332E-03,  0.00000E+00,     0
   113,  1.13000E-02,  4.43553E+14,  4.44675E+14,  4.45498E+14,  1.27383E-12,  0.00000E+00,  1.12190E+12,  8.23087E+11,  4.13511E-02,  4.36587E-03,  0.00000E+00,     0
   114,  1.14000E-02,  4.45498E+14,  4.46614E+14,  4.47435E+14,  1.27383E-12,  0.00000E+00,  1.11592E+12,  8.20725E+11,  3.87630E-02,  4.32834E-03,  0.00000E+00,     0
   115,  1.15000E-02,  4.47435E+14,  4.48545E+14,  4.49361E+14,  1.27383E-12,  0.00000E+00,  1.11006E+12,  8.16224E+11,  2.80485E-02,  4.28672E-03,  0.00000E+00,     0
   116,  1.16000E-02,  4.49361E+14,  4.50465E+14,  4.51278E+14,  1.27383E-12,  0.00000E+00,  1.10444E+12,  8.12893E+11,  1.36832E-02,  4.24867E-03,  0.00000E+00,     0
   117,  1.17000E-02,  4.51278E+14,  4.52377E+14,  4.53187E+14,  1.27383E-12,  0.00000E+00,  1.09908E+12,  8.10102E+11,  3.28789E-02,  4.21280E-03,  0.00000E+00,     0
   118,  1.18000E-02,  4.53187E+14,  4.54281E+14,  4.55088E+14,  1.27383E-12,  0.00000E+00,  1.09357E+12,  8.07248E+11,  3.10426E-02,  4.17681E-03,  0.00000E+00,     0
   119,  1.19000E-02,  4.55088E+14,  4.56176E+14,  4.56979E+14,  1.27383E-12,  0.00000E+00,  1.08813E+12,  8.03001E+11,  1.15582E-02,  4.13832E-03,  0.00000E+00,     0
   120,  1.20000E-02,  4.56979E+14,  4.58062E+14,  4.58864E+14,  1.27383E-12,  0.00000E+00,  1.08300E+12,  8.01472E+11,  4.49430E-02,  4.10683E-03,  0.00000E+00,     0
   121,  1.21000E-02,  4.58864E+14,  4.59941E+14,  4.60738E+14,  1.27383E-12,  0.00000E+00,  1.07756E+12,  7.97053E+11,  8.17326E-03,  4.06872E-03,  0.00000E+00,     0
   122,  1.22000E-02,  4.60738E+14,  4.61811E+14,  4.62606E+14,  1.27383E-12,  0.00000E+00,  1.07252E+12,  7.95404E+11,  3.75143E-02,  4.03782E-03,  0.00000E+00,     0
   123,  1.23000E-02,  4.62606E+14,  4.63674E+14,  4.64465E+14,  1.27383E-12,  0.00000E+00,  1.06745E+12,  7.91545E+11,  2.39816E-02,  4.00244E-03,  0.00000E+00,     0
   124,  1.24000E-02,  4.64465E+14,  4.65528E+14,  4.66317E+14,  1.27383E-12,  0.00000E+00,  1.06247E+12,  7.89594E+11,  1.86703E-02,  3.97168E-03,  0.00000E+00,     0
   125,  1.25000E-02,  4.66317E+14,  4.67375E+14,  4.68163E+14,  1.27383E-12,  0.00000E+00,  1.05761E+12,  7.87803E+11,  3.35690E-02,  3.94182E-03,  0.00000E+00,     0
   126,  1.26000E-02,  4.68163E+14,  4.69215E+14,  4.70000E+14,  1.27383E-12,  0.00000E+00,  1.05266E+12,  7.84832E+11,  1.89197E-02,  3.90955E-03,  0.00000E+00,     0
   127,  1.27000E-02,  4.70000E+14,  4.71048E+14,  4.71823E+14,  1.27383E-12,  0.00000E+00,  1.04791E+12,  7.75233E+11,  7.47005E-02,  3.86405E-03,  0.00000E+00,     0
   128,  1.28000E-02,  4.71823E+14,  4.72868E+14,  4.73648E+14,  1.27383E-12,  0.00000E+00,  1.04416E+12,  7.80828E+11,  1.25282E-01,  3.85305E-03,  0.00000E+00,     0
   129,  1.29000E-02,  4.73648E+14,  4.74687E+14,  4.75464E+14,  1.27383E-12,  0.00000E+00,  1.03852E+12,  7.76670E+11,  1.02184E-02,  3.81773E-03,  0.00000E+00,     0
   130,  1.30000E-02,  4.75464E+14,  4.76498E+14,  4.77271E+14,  1.27383E-12,  0.00000E+00,  1.03421E+12,  7.72690E+11,  7.60148E-03,  3.78591E-03,  0.00000E+00,     0
   131,  1.31000E-02,  4.77271E+14,  4.78300E+14,  4.79075E+14,  1.27383E-12,  0.00000E+00,  1.02985E+12,  7.74917E+11,  8.29427E-02,  3.76719E-03,  0.00000E+00,     0
   132,  1.32000E-02,  4.79075E+14,  4.80100E+14,  4.80872E+14,  1.27383E-12,  0.00000E+00,  1.02488E+12,  7.71586E+11,  9.24217E-03,  3.73585E-03,  0.00000E+00,     0
   133,  1.33000E-02,  4.80872E+14,  4.81892E+14,  4.82663E+14,  1.27383E-12,  0.00000E+00,  1.02071E+12,  7.70124E+11,  2.54049E-02,  3.71033E-03,  0.00000E+00,     0
   134,  1.34000E-02,  4.82663E+14,  4.83679E+14,  4.84444E+14,  1.27383E-12,  0.00000E+00,  1.01634E+12,  7.65532E+11,  1.06847E-02,  3.67818E-03,  0.00000E+00,     0
   135,  1.35000E-02,  4.84444E+14,  4.85457E+14,  4.86222E+14,  1.27383E-12,  0.00000E+00,  1.01230E+12,  7.65268E+11,  3.56477E-02,  3.65587E-03,  0.00000E+00,     0
   136,  1.36000E-02,  4.86222E+14,  4.87230E+14,  4.87994E+14,  1.27383E-12,  0.00000E+00,  1.00797E+12,  7.64326E+11,  3.24798E-02,  3.63180E-03,  0.00000E+00,     0
   137,  1.37000E-02,  4.87994E+14,  4.88998E+14,  4.89761E+14,  1.27383E-12,  0.00000E+00,  1.00372E+12,  7.62876E+11,  3.49682E-02,  3.60707E-03,  0.00000E+00,     0
   138,  1.38000E-02,  4.89761E+14,  4.90760E+14,  4.91521E+14,  1.27383E-12,  0.00000E+00,  9.99522E+11,  7.61019E+11,  9.77160E-03,  3.58182E-03,  0.00000E+00,     0
   139,  1.39000E-02,  4.91521E+14,  4.92517E+14,  4.93277E+14,  1.27383E-12,  0.00000E+00,  9.95552E+11,  7.60314E+11,  2.87654E-02,  3.55959E-03,  0.00000E+00,     0
   140,  1.40000E-02,  4.93277E+14,  4.94269E+14,  4.95027E+14,  1.27383E-12,  0.00000E+00,  9.91497E+11,  7.58099E+11,  8.01635E-03,  3.53434E-03,  0.00000E+00,     0
   141,  1.41000E-02,  4.95027E+14,  4.96014E+14,  4.96771E+14,  1.27383E-12,  0.00000E+00,  9.87495E+11,  7.57011E+11,  1.88804E-02,  3.51169E-03,  0.00000E+00,     0
   142,  1.42000E-02,  4.96771E+14,  4.97755E+14,  4.98506E+14,  1.27383E-12,  0.00000E+00,  9.83756E+11,  7.50912E+11,  4.16677E-02,  3.47973E-03,  0.00000E+00,     0
   143,  1.43000E-02,  4.98506E+14,  4.99486E+14,  5.00241E+14,  1.27383E-12,  0.00000E+00,  9.80330E+11,  7.54165E+11,  8.14848E-02,  3.46732E-03,  0.00000E+00,     0
   144,  1.44000E-02,  5.00241E+14,  5.01217E+14,  5.01968E+14,  1.27383E-12,  0.00000E+00,  9.76149E+11,  7.51482E+11,  6.85351E-03,  3.44171E-03,  0.00000E+00,     0
   145,  1.45000E-02,  5.01968E+14,  5.02941E+14,  5.03691E+14,  1.27383E-12,  0.00000E+00,  9.72521E+11,  7.49925E+11,  1.00115E-02,  3.41965E-03,  0.00000E+00,     0
   146,  1.46000E-02,  5.03691E+14,  5.04660E+14,  5.05408E+14,  1.27383E-12,  0.00000E+00,  9.68898E+11,  7.48339E+11,  1.28054E-02,  3.39772E-03,  0.00000E+00,     0
   147,  1.47000E-02,  5.05408E+14,  5.06373E+14,  5.07123E+14,  1.27383E-12,  0.00000E+00,  9.65307E+11,  7.49958E+11,  6.07549E-02,  3.38234E-03,  0.00000E+00,     0
   148,  1.48000E-02,  5.07123E+14,  5.08085E+14,  5.08833E+14,  1.27383E-12,  0.00000E+00,  9.61476E+11,  7.48213E+11,  1.46080E-02,  3.36002E-03,  0.00000E+00,     0
   149,  1.49000E-02,  5.08833E+14,  5.09791E+14,  5.10537E+14,  1.27383E-12,  0.00000E+00,  9.57953E+11,  7.46076E+11,  6.62049E-03,  3.33772E-03,  0.00000E+00,     0
   150,  1.50000E-02,  5.10537E+14,  5.11491E+14,  5.12237E+14,  1.27383E-12,  0.00000E+00,  9.54582E+11,  7.45747E+11,  3.07925E-02,  3.31942E-03,  0.00000E+00,     0
   151,  1.51000E-02,  5.12237E+14,  5.13188E+14,  5.13934E+14,  1.27383E-12,  0.00000E+00,  9.51071E+11,  7.45326E+11,  2.55026E-02,  3.30081E-03,  0.00000E+00,     0
   152,  1.52000E-02,  5.13934E+14,  5.14881E+14,  5.15625E+14,  1.27383E-12,  0.00000E+00,  9.47626E+11,  7.43820E+11,  6.48798E-03,  3.28038E-03,  0.00000E+00,     0
   153,  1.53000E-02,  5.15625E+14,  5.16569E+14,  5.17308E+14,  1.27383E-12,  0.00000E+00,  9.44326E+11,  7.38848E+11,  3.81198E-02,  3.25372E-03,  0.00000E+00,     0
   154,  1.54000E-02,  5.17308E+14,  5.18249E+14,  5.18992E+14,  1.27383E-12,  0.00000E+00,  9.41221E+11,  7.42503E+11,  7.47979E-02,  3.24422E-03,  0.00000E+00,     0
   155,  1.55000E-02,  5.18992E+14,  5.19930E+14,  5.20670E+14,  1.27383E-12,  0.00000E+00,  9.37693E+11,  7.40360E+11,  6.36079E-03,  3.22287E-03,  0.00000E+00,     0
   156,  1.56000E-02,  5.20670E+14,  5.21605E+14,  5.22345E+14,  1.27383E-12,  0.00000E+00,  9.34559E+11,  7.40010E+11,  2.00533E-02,  3.20587E-03,  0.00000E+00,     0
   157,  1.57000E-02,  5.22345E+14,  5.23276E+14,  5.24016E+14,  1.27383E-12,  0.00000E+00,  9.31354E+11,  7.39907E+11,  3.71834E-02,  3.18933E-03,  0.00000E+00,     0
   158,  1.58000E-02,  5.24016E+14,  5.24944E+14,  5.25682E+14,  1.27383E-12,  0.00000E+00,  9.28111E+11,  7.37569E+11,  1.37547E-02,  3.16861E-03,  0.00000E+00,     0
   159,  1.59000E-02,  5.25682E+14,  5.26607E+14,  5.27340E+14,  1.27383E-12,  0.00000E+00,  9.25214E+11,  7.33550E+11,  2.91462E-02,  3.14553E-03,  0.00000E+00,     0
   160,  1.60000E-02,  5.27340E+14,  5.28263E+14,  5.29001E+14,  1.27383E-12,  0.00000E+00,  9.22368E+11,  7.38066E+11,  9.16678E-02,  3.13881E-03,  0.00000E+00,     0
   161,  1.61000E-02,  5.29001E+14,  5.29920E+14,  5.30654E+14,  1.27383E-12,  0.00000E+00,  9.18995E+11,  7.34085E+11,  3.31804E-02,  3.11518E-03,  0.00000E+00,     0
   162,  1.62000E-02,  5.30654E+14,  5.31570E+14,  5.32306E+14,  1.27383E-12,  0.00000E+00,  9.16217E+11,  7.36169E+11,  5.29032E-02,  3.10420E-03,  0.00000E+00,     0
   163,  1.63000E-02,  5.32306E+14,  5.33219E+14,  5.33954E+14,  1.27383E-12,  0.00000E+00,  9.13105E+11,  7.35006E+11,  9.17576E-03,  3.08661E-03,  0.00000E+00,     0
   164,  1.64000E-02,  5.33954E+14,  5.34865E+14,  5.35598E+14,  1.27383E-12,  0.00000E+00,  9.10215E+11,  7.33042E+11,  6.16921E-03,  3.06808E-03,  0.00000E+00,     0
   165,  1.65000E-02,  5.35598E+14,  5.36505E+14,  5.37239E+14,  1.27383E-12,  0.00000E+00,  9.07425E+11,  7.34010E+11,  3.37305E-02,  3.05531E-03,  0.00000E+00,     0
   166,  1.66000E-02,  5.37239E+14,  5.38144E+14,  5.38875E+14,  1.27383E-12,  0.00000E+00,  9.04506E+11,  7.31700E+11,  6.32235E-03,  3.03634E-03,  0.00000E+00,     0
   167,  1.67000E-02,  5.38875E+14,  5.39777E+14,  5.40511E+14,  1.27383E-12,  0.00000E+00,  9.01786E+11,  7.34026E+11,  4.39625E-02,  3.02642E-03,  0.00000E+00,     0
   168,  1.68000E-02,  5.40511E+14,  5.41410E+14,  5.42142E+14,  1.27383E-12,  0.00000E+00,  8.98892E+11,  7.31667E+11,  1.28104E-02,  3.00763E-03,  0.00000E+00,     0
   169,  1.69000E-02,  5.42142E+14,  5.43038E+14,  5.43769E+14,  1.27383E-12,  0.00000E+00,  8.96254E+11,  7.31230E+11,  1.41242E-02,  2.99297E-03,  0.00000E+00,     0
   170,  1.70000E-02,  5.43769E+14,  5.44663E+14,  5.45391E+14,  1.27383E-12,  0.00000E+00,  8.93551E+11,  7.28520E+11,  1.19303E-02,  2.97414E-03,  0.00000E+00,     0
   171,  1.71000E-02,  5.45391E+14,  5.46282E+14,  5.47010E+14,  1.27383E-12,  0.00000E+00,  8.90985E+11,  7.27925E+11,  1.72044E-02,  2.95956E-03,  0.00000E+00,     0
   172,  1.72000E-02,  5.47010E+14,  5.47898E+14,  5.48628E+14,  1.27383E-12,  0.00000E+00,  8.88347E+11,  7.30026E+11,  4.68686E-02,  2.94985E-03,  0.00000E+00,     0
   173,  1.73000E-02,  5.48628E+14,  5.49514E+14,  5.50244E+14,  1.27383E-12,  0.00000E+00,  8.85622E+11,  7.29666E+11,  5.68980E-03,  2.93559E-03,  0.00000E+00,     0
   174,  1.74000E-02,  5.50244E+14,  5.51127E+14,  5.51856E+14,  1.27383E-12,  0.00000E+00,  8.83038E+11,  7.29198E+11,  2.12484E-02,  2.92148E-03,  0.00000E+00,     0
   175,  1.75000E-02,  5.51856E+14,  5.52736E+14,  5.53465E+14,  1.27383E-12,  0.00000E+00,  8.80514E+11,  7.28218E+11,  5.62386E-03,  2.90666E-03,  0.00000E+00,     0
   176,  1.76000E-02,  5.53465E+14,  5.54343E+14,  5.55071E+14,  1.27383E-12,  0.00000E+00,  8.78005E+11,  7.28418E+11,  2.01058E-02,  2.89409E-03,  0.00000E+00,     0
   177,  1.77000E-02,  5.55071E+14,  5.55947E+14,  5.56674E+14,  1.27383E-12,  0.00000E+00,  8.75499E+11,  7.27720E+11,  7.24557E-03,  2.87999E-03,  0.00000E+00,     0
   178,  1.78000E-02,  5.56674E+14,  5.57547E+14,  5.58278E+14,  1.27383E-12,  0.00000E+00,  8.72970E+11,  7.30304E+11,  5.09020E-02,  2.87182E-03,  0.00000E+00,     0
   179,  1.79000E-02,  5.58278E+14,  5.59148E+14,  5.59877E+14,  1.27383E-12,  0.00000E+00,  8.70552E+11,  7.29051E+11,  5.49600E-03,  2.85706E-03,  0.00000E+00,     0
   180,  1.80000E-02,  5.59877E+14,  5.60745E+14,  5.61474E+14,  1.27383E-12,  0.00000E+00,  8.68174E+11,  7.28330E+11,  5.46503E-03,  2.84342E-03,  0.00000E+00,     0
   181,  1.81000E-02,  5.61474E+14,  5.62339E+14,  5.63067E+14,  1.27383E-12,  0.00000E+00,  8.65707E+11,  7.28021E+11,  1.29791E-02,  2.83044E-03,  0.00000E+00,     0
   182,  1.82000E-02,  5.63067E+14,  5.63931E+14,  5.64659E+14,  1.27383E-12,  0.00000E+00,  8.63498E+11,  7.28258E+11,  1.63825E-02,  2.81897E-03,  0.00000E+00,     0
   183,  1.83000E-02,  5.64659E+14,  5.65520E+14,  5.66247E+14,  1.27383E-12,  0.00000E+00,  8.61039E+11,  7.26411E+11,  1.39405E-02,  2.80346E-03,  0.00000E+00,     0
   184,  1.84000E-02,  5.66247E+14,  5.67105E+14,  5.67836E+14,  1.27383E-12,  0.00000E+00,  8.58828E+11,  7.30272E+11,  6.47049E-02,  2.79852E-03,  0.00000E+00,     0
   185,  1.85000E-02,  5.67836E+14,  5.68692E+14,  5.69418E+14,  1.27383E-12,  0.00000E+00,  8.56401E+11,  7.25845E+11,  3.86196E-02,  2.77871E-03,  0.00000E+00,     0
   186,  1.86000E-02,  5.69418E+14,  5.70272E+14,  5.70998E+14,  1.27383E-12,  0.00000E+00,  8.54315E+11,  7.25303E+11,  5.28615E-03,  2.76642E-03,  0.00000E+00,     0
   187,  1.87000E-02,  5.70998E+14,  5.71850E+14,  5.72578E+14,  1.27383E-12,  0.00000E+00,  8.52147E+11,  7.28642E+11,  6.32699E-02,  2.76083E-03,  0.00000E+00,     0
   188,  1.88000E-02,  5.72578E+14,  5.73428E+14,  5.74150E+14,  1.27383E-12,  0.00000E+00,  8.49936E+11,  7.21870E+11,  8.39652E-02,  2.73762E-03,  0.00000E+00,     0
   189,  1.89000E-02,  5.74150E+14,  5.74998E+14,  5.75721E+14,  1.27383E-12,  0.00000E+00,  8.47942E+11,  7.23303E+11,  3.44199E-02,  2.72918E-03,  0.00000E+00,     0
   190,  1.90000E-02,  5.75721E+14,  5.76567E+14,  5.77294E+14,  1.27383E-12,  0.00000E+00,  8.45756E+11,  7.26955E+11,  5.40515E-02,  2.72428E-03,  0.00000E+00,     0
   191,  1.91000E-02,  5.77294E+14,  5.78138E+14,  5.78863E+14,  1.27383E-12,  0.00000E+00,  8.43525E+11,  7.25618E+11,  5.14537E-03,  2.71073E-03,  0.00000E+00,     0
   192,  1.92000E-02,  5.78863E+14,  5.79705E+14,  5.80430E+14,  1.27383E-12,  0.00000E+00,  8.41475E+11,  7.24926E+11,  1.80906E-02,  2.69869E-03,  0.00000E+00,     0
   193,  1.93000E-02,  5.80430E+14,  5.81269E+14,  5.81995E+14,  1.27383E-12,  0.00000E+00,  8.39400E+11,  7.26143E+11,  1.70933E-02,  2.68996E-03,  0.00000E+00,     0
   194,  1.94000E-02,  5.81995E+14,  5.82833E+14,  5.83561E+14,  1.27383E-12,  0.00000E+00,  8.37344E+11,  7.28245E+11,  3.56184E-02,  2.68282E-03,  0.00000E+00,     0
   195,  1.95000E-02,  5.83561E+14,  5.84396E+14,  5.85125E+14,  1.27383E-12,  0.00000E+00,  8.35212E+11,  7.29434E+11,  1.85886E-02,  2.67403E-03,  0.00000E+00,     0
   196,  1.96000E-02,  5.85125E+14,  5.85959E+14,  5.86685E+14,  1.27383E-12,  0.00000E+00,  8.33186E+11,  7.26138E+11,  3.50089E-02,  2.65786E-03,  0.00000E+00,     0
   197,  1.97000E-02,  5.86685E+14,  5.87516E+14,  5.88242E+14,  1.27383E-12,  0.00000E+00,  8.31321E+11,  7.26225E+11,  2.92301E-02,  2.64780E-03,  0.00000E+00,     0
   198,  1.98000E-02,  5.88242E+14,  5.89072E+14,  5.89800E+14,  1.27383E-12,  0.00000E+00,  8.29327E+11,  7.28169E+11,  3.60699E-02,  2.64072E-03,  0.00000E+00,     0
   199,  1.99000E-02,  5.89800E+14,  5.90627E+14,  5.91356E+14,  1.27383E-12,  0.00000E+00,  8.27482E+11,  7.28230E+11,  1.39668E-02,  2.63076E-03,  0.00000E+00,     0
   200,  2.00000E-02,  5.91356E+14,  5.92181E+14,  5.92909E+14,  1.27383E-12,  0.00000E+00,  8.25557E+11,  7.27442E+11,  4.90967E-03,  2.61929E-03,  0.00000E+00,     0
   201,  2.01000E-02,  5.92909E+14,  5.93732E+14,  5.94457E+14,  1.27383E-12,  0.00000E+00,  8.23546E+11,  7.25307E+11,  3.48767E-02,  2.60549E-03,  0.00000E+00,     0
   202,  2.02000E-02,  5.94457E+14,  5.95279E+14,  5.96007E+14,  1.27383E-12,  0.00000E+00,  8.21834E+11,  7.27754E+11,  5.91983E-02,  2.59995E-03,  0.00000E+00,     0
   203,  2.03000E-02,  5.96007E+14,  5.96827E+14,  5.97546E+14,  1.27383E-12,  0.00000E+00,  8.19973E+11,  7.19195E+11,  1.26853E-01,  2.57581E-03,  0.00000E+00,     0
   204,  2.04000E-02,  5.97546E+14,  5.98365E+14,  5.99092E+14,  1.27383E-12,  0.00000E+00,  8.18407E+11,  7.27860E+11,  1.44574E-01,  2.58101E-03,  0.00000E+00,     0
   205,  2.05000E-02,  5.99092E+14,  5.99909E+14,  6.00635E+14,  1.27383E-12,  0.00000E+00,  8.16259E+11,  7.26771E+11,  2.41750E-02,  2.56899E-03,  0.00000E+00,     0
   206,  2.06000E-02,  6.00635E+14,  6.01450E+14,  6.02176E+14,  1.27383E-12,  0.00000E+00,  8.14541E+11,  7.26045E+11,  1.14157E-02,  2.55837E-03,  0.00000E+00,     0
   207,  2.07000E-02,  6.02176E+14,  6.02989E+14,  6.03715E+14,  1.27383E-12,  0.00000E+00,  8.12772E+11,  7.26131E+11,  9.37813E-03,  2.54905E-03,  0.00000E+00,     0
   208,  2.08000E-02,  6.03715E+14,  6.04526E+14,  6.05254E+14,  1.27383E-12,  0.00000E+00,  8.11023E+11,  7.28381E+11,  3.75062E-02,  2.54340E-03,  0.00000E+00,     0
   209,  2.09000E-02,  6.05254E+14,  6.06064E+14,  6.06787E+14,  1.27383E-12,  0.00000E+00,  8.09225E+11,  7.23516E+11,  6.21074E-02,  2.52600E-03,  0.00000E+00,     0
   210,  2.10000E-02,  6.06787E+14,  6.07595E+14,  6.08320E+14,  1.27383E-12,  0.00000E+00,  8.07677E+11,  7.25165E+11,  1.94129E-02,  2.51980E-03,  0.00000E+00,     0
   211,  2.11000E-02,  6.08320E+14,  6.09126E+14,  6.09855E+14,  1.27383E-12,  0.00000E+00,  8.05965E+11,  7.28703E+11,  6.95009E-02,  2.51645E-03,  0.00000E+00,     0
   212,  2.12000E-02,  6.09855E+14,  6.10659E+14,  6.11379E+14,  1.27383E-12,  0.00000E+00,  8.04152E+11,  7.20387E+11,  1.18820E-01,  2.49361E-03,  0.00000E+00,     0
   213,  2.13000E-02,  6.11379E+14,  6.12182E+14,  6.12900E+14,  1.27383E-12,  0.00000E+00,  8.02797E+11,  7.18358E+11,  1.88413E-02,  2.48190E-03,  0.00000E+00,     0
   214,  2.14000E-02,  6.12900E+14,  6.13702E+14,  6.14427E+14,  1.27383E-12,  0.00000E+00,  8.01246E+11,  7.25838E+11,  1.13124E-01,  2.48538E-03,  0.00000E+00,     0
   215,  2.15000E-02,  6.14427E+14,  6.15227E+14,  6.15953E+14,  1.27383E-12,  0.00000E+00,  7.99384E+11,  7.25972E+11,  8.50507E-03,  2.47642E-03,  0.00000E+00,     0
   216,  2.16000E-02,  6.15953E+14,  6.16751E+14,  6.17479E+14,  1.27383E-12,  0.00000E+00,  7.97775E+11,  7.28719E+11,  5.34719E-02,  2.47214E-03,  0.00000E+00,     0
   217,  2.17000E-02,  6.17479E+14,  6.18275E+14,  6.19004E+14,  1.27383E-12,  0.00000E+00,  7.96084E+11,  7.28876E+11,  8.09388E-03,  2.46357E-03,  0.00000E+00,     0
   218,  2.18000E-02,  6.19004E+14,  6.19799E+14,  6.20528E+14,  1.27383E-12,  0.00000E+00,  7.94500E+11,  7.29039E+11,  8.00536E-03,  2.45523E-03,  0.00000E+00,     0
   219,  2.19000E-02,  6.20528E+14,  6.21321E+14,  6.22050E+14,  1.27383E-12,  0.00000E+00,  7.92932E+11,  7.29194E+11,  7.60345E-03,  2.44695E-03,  0.00000E+00,     0
   220,  2.20000E-02,  6.22050E+14,  6.22841E+14,  6.23565E+14,  1.27383E-12,  0.00000E+00,  7.91381E+11,  7.23453E+11,  7.02613E-02,  2.42931E-03,  0.00000E+00,     0
   221,  2.21000E-02,  6.23565E+14,  6.24355E+14,  6.25083E+14,  1.27383E-12,  0.00000E+00,  7.90050E+11,  7.28692E+11,  7.13591E-02,  2.42966E-03,  0.00000E+00,     0
   222,  2.22000E-02,  6.25083E+14,  6.25872E+14,  6.26600E+14,  1.27383E-12,  0.00000E+00,  7.88375E+11,  7.28187E+11,  4.41464E-03,  2.42030E-03,  0.00000E+00,     0
   223,  2.23000E-02,  6.26600E+14,  6.27387E+14,  6.28117E+14,  1.27383E-12,  0.00000E+00,  7.86894E+11,  7.30497E+11,  4.27305E-02,  2.41578E-03,  0.00000E+00,     0
   224,  2.24000E-02,  6.28117E+14,  6.28903E+14,  6.29632E+14,  1.27383E-12,  0.00000E+00,  7.85339E+11,  7.29527E+11,  1.67332E-02,  2.40595E-03,  0.00000E+00,     0
   225,  2.25000E-02,  6.29632E+14,  6.30416E+14,  6.31142E+14,  1.27383E-12,  0.00000E+00,  7.83907E+11,  7.26239E+11,  4.12841E-02,  2.39272E-03,  0.00000E+00,     0
   226,  2.26000E-02,  6.31142E+14,  6.31925E+14,  6.32649E+14,  1.27383E-12,  0.00000E+00,  7.82549E+11,  7.24169E+11,  1.26265E-02,  2.38160E-03,  0.00000E+00,     0
   227,  2.27000E-02,  6.32649E+14,  6.33430E+14,  6.34152E+14,  1.27383E-12,  0.00000E+00,  7.81249E+11,  7.21846E+11,  1.70801E-02,  2.37024E-03,  0.00000E+00,     0
   228,  2.28000E-02,  6.34152E+14,  6.34932E+14,  6.35660E+14,  1.27383E-12,  0.00000E+00,  7.79707E+11,  7.28190E+11,  7.35983E-02,  2.37218E-03,  0.00000E+00,     0
   229,  2.29000E-02,  6.35660E+14,  6.36438E+14,  6.37169E+14,  1.27383E-12,  0.00000E+00,  7.78167E+11,  7.30765E+11,  4.30440E-02,  2.36818E-03,  0.00000E+00,     0
   230,  2.30000E-02,  6.37169E+14,  6.37946E+14,  6.38678E+14,  1.27383E-12,  0.00000E+00,  7.76696E+11,  7.32306E+11,  1.66807E-02,  2.36269E-03,  0.00000E+00,     0
   231,  2.31000E-02,  6.38678E+14,  6.39453E+14,  6.40181E+14,  1.27383E-12,  0.00000E+00,  7.75280E+11,  7.27922E+11,  6.36528E-02,  2.34809E-03,  0.00000E+00,     0
   232,  2.32000E-02,  6.40181E+14,  6.40955E+14,  6.41684E+14,  1.27383E-12,  0.00000E+00,  7.74031E+11,  7.28609E+11,  1.92642E-02,  2.34171E-03,  0.00000E+00,     0
   233,  2.33000E-02,  6.41684E+14,  6.42457E+14,  6.43188E+14,  1.27383E-12,  0.00000E+00,  7.72650E+11,  7.31125E+11,  3.16349E-02,  2.33800E-03,  0.00000E+00,     0
   234,  2.34000E-02,  6.43188E+14,  6.43959E+14,  6.44691E+14,  1.27383E-12,  0.00000E+00,  7.71253E+11,  7.32578E+11,  4.13390E-02,  2.33264E-03,  0.00000E+00,     0
   235,  2.35000E-02,  6.44691E+14,  6.45461E+14,  6.46193E+14,  1.27383E-12,  0.00000E+00,  7.69852E+11,  7.31926E+11,  1.51957E-02,  2.32404E-03,  0.00000E+00,     0
   236,  2.36000E-02,  6.46193E+14,  6.46962E+14,  6.47696E+14,  1.27383E-12,  0.00000E+00,  7.68557E+11,  7.34163E+11,  2.32883E-02,  2.32010E-03,  0.00000E+00,     0
   237,  2.37000E-02,  6.47696E+14,  6.48463E+14,  6.49195E+14,  1.27383E-12,  0.00000E+00,  7.67206E+11,  7.32253E+11,  9.06186E-03,  2.30972E-03,  0.00000E+00,     0
   238,  2.38000E-02,  6.49195E+14,  6.49961E+14,  6.50687E+14,  1.27383E-12,  0.00000E+00,  7.66003E+11,  7.25622E+11,  9.39255E-02,  2.29238E-03,  0.00000E+00,     0
   239,  2.39000E-02,  6.50687E+14,  6.51452E+14,  6.52181E+14,  1.27383E-12,  0.00000E+00,  7.64909E+11,  7.29481E+11,  5.94528E-02,  2.29137E-03,  0.00000E+00,     0
   240,  2.40000E-02,  6.52181E+14,  6.52945E+14,  6.53678E+14,  1.27383E-12,  0.00000E+00,  7.63548E+11,  7.33371E+11,  5.10547E-02,  2.28999E-03,  0.00000E+00,     0
   241,  2.41000E-02,  6.53678E+14,  6.54441E+14,  6.55176E+14,  1.27383E-12,  0.00000E+00,  7.62204E+11,  7.35540E+11,  3.61978E-02,  2.28602E-03,  0.00000E+00,     0
   242,  2.42000E-02,  6.55176E+14,  6.55937E+14,  6.56670E+14,  1.27383E-12,  0.00000E+00,  7.60895E+11,  7.33006E+11,  3.65584E-02,  2.27496E-03,  0.00000E+00,     0
   243,  2.43000E-02,  6.56670E+14,  6.57430E+14,  6.58163E+14,  1.27383E-12,  0.00000E+00,  7.59718E+11,  7.33264E+11,  6.26186E-03,  2.26841E-03,  0.00000E+00,     0
   244,  2.44000E-02,  6.58163E+14,  6.58921E+14,  6.59656E+14,  1.27383E-12,  0.00000E+00,  7.58486E+11,  7.34114E+11,  1.75398E-02,  2.26270E-03,  0.00000E+00,     0
   245,  2.45000E-02,  6.59656E+14,  6.60413E+14,  6.61147E+14,  1.27383E-12,  0.00000E+00,  7.57246E+11,  7.34276E+11,  1.32040E-02,  2.25596E-03,  0.00000E+00,     0
   246,  2.46000E-02,  6.61147E+14,  6.61903E+14,  6.62634E+14,  1.27383E-12,  0.00000E+00,  7.56027E+11,  7.30638E+11,  4.94009E-02,  2.24357E-03,  0.00000E+00,     0
   247,  2.47000E-02,  6.62634E+14,  6.63389E+14,  6.64120E+14,  1.27383E-12,  0.00000E+00,  7.54926E+11,  7.30889E+11,  6.26109E-03,  2.23727E-03,  0.00000E+00,     0
   248,  2.48000E-02,  6.64120E+14,  6.64873E+14,  6.65606E+14,  1.27383E-12,  0.00000E+00,  7.53748E+11,  7.32388E+11,  2.45771E-02,  2.23276E-03,  0.00000E+00,     0
   249,  2.49000E-02,  6.65606E+14,  6.66358E+14,  6.67082E+14,  1.27383E-12,  0.00000E+00,  7.52547E+11,  7.24045E+11,  8.17771E-02,  2.21351E-03,  0.00000E+00,     0
   250,  2.50000E-02,  6.67082E+14,  6.67834E+14,  6.68569E+14,  1.27383E-12,  0.00000E+00,  7.51688E+11,  7.35032E+11,  1.23651E-01,  2.22373E-03,  0.00000E+00,     0
   251,  2.51000E-02,  6.68569E+14,  6.69319E+14,  6.70055E+14,  1.27383E-12,  0.00000E+00,  7.50203E+11,  7.35297E+11,  5.01477E-03,  2.21698E-03,  0.00000E+00,     0
   252,  2.52000E-02,  6.70055E+14,  6.70804E+14,  6.71541E+14,  1.27383E-12,  0.00000E+00,  7.49069E+11,  7.37126E+11,  4.66842E-02,  2.21311E-03,  0.00000E+00,     0
   253,  2.53000E-02,  6.71541E+14,  6.72289E+14,  6.73026E+14,  1.27383E-12,  0.00000E+00,  7.47867E+11,  7.36920E+11,  2.97966E-02,  2.20614E-03,  0.00000E+00,     0
   254,  2.54000E-02,  6.73026E+14,  6.73772E+14,  6.74508E+14,  1.27383E-12,  0.00000E+00,  7.46783E+11,  7.35529E+11,  5.49358E-03,  2.19762E-03,  0.00000E+00,     0
   255,  2.55000E-02,  6.74508E+14,  6.75254E+14,  6.75989E+14,  1.27383E-12,  0.00000E+00,  7.45681E+11,  7.35395E+11,  1.82197E-02,  2.19098E-03,  0.00000E+00,     0
   256,  2.56000E-02,  6.75989E+14,  6.76734E+14,  6.77465E+14,  1.27383E-12,  0.00000E+00,  7.44608E+11,  7.31355E+11,  2.24714E-02,  2.17866E-03,  0.00000E+00,     0
   257,  2.57000E-02,  6.77465E+14,  6.78208E+14,  6.78945E+14,  1.27383E-12,  0.00000E+00,  7.43568E+11,  7.36065E+11,  6.47648E-02,  2.17931E-03,  0.00000E+00,     0
   258,  2.58000E-02,  6.78945E+14,  6.79687E+14,  6.80420E+14,  1.27383E-12,  0.00000E+00,  7.42391E+11,  7.32852E+11,  6.63729E-02,  2.16814E-03,  0.00000E+00,     0
   259,  2.59000E-02,  6.80420E+14,  6.81161E+14,  6.81896E+14,  1.27383E-12,  0.00000E+00,  7.41428E+11,  7.34918E+11,  4.01202E-02,  2.16506E-03,  0.00000E+00,     0
   260,  2.60000E-02,  6.81896E+14,  6.82636E+14,  6.83376E+14,  1.27383E-12,  0.00000E+00,  7.40310E+11,  7.40062E+11,  7.92435E-02,  2.16626E-03,  0.00000E+00,     0
   261,  2.61000E-02,  6.83376E+14,  6.84116E+14,  6.84856E+14,  1.27383E-12,  0.00000E+00,  7.39132E+11,  7.40339E+11,  4.57073E-03,  2.16027E-03,  0.00000E+00,     0
   262,  2.62000E-02,  6.84856E+14,  6.85594E+14,  6.86335E+14,  1.27383E-12,  0.00000E+00,  7.38071E+11,  7.40618E+11,  4.54069E-03,  2.15447E-03,  0.00000E+00,     0
   263,  2.63000E-02,  6.86335E+14,  6.87072E+14,  6.87806E+14,  1.27383E-12,  0.00000E+00,  7.37019E+11,  7.34593E+11,  9.76066E-02,  2.13957E-03,  0.00000E+00,     0
   264,  2.64000E-02,  6.87806E+14,  6.88542E+14,  6.89280E+14,  1.27383E-12,  0.00000E+00,  7.36141E+11,  7.37382E+11,  5.63917E-02,  2.13777E-03,  0.00000E+00,     0
   265,  2.65000E-02,  6.89280E+14,  6.90015E+14,  6.90756E+14,  1.27383E-12,  0.00000E+00,  7.35044E+11,  7.41573E+11,  5.10488E-02,  2.13768E-03,  0.00000E+00,     0
   266,  2.66000E-02,  6.90756E+14,  6.91490E+14,  6.92228E+14,  1.27383E-12,  0.00000E+00,  7.33952E+11,  7.37811E+11,  6.72052E-02,  2.12612E-03,  0.00000E+00,     0
   267,  2.67000E-02,  6.92228E+14,  6.92961E+14,  6.93703E+14,  1.27383E-12,  0.00000E+00,  7.33043E+11,  7.41723E+11,  6.00462E-02,  2.12593E-03,  0.00000E+00,     0
   268,  2.68000E-02,  6.93703E+14,  6.94435E+14,  6.95169E+14,  1.27383E-12,  0.00000E+00,  7.32057E+11,  7.33646E+11,  8.27541E-02,  2.10841E-03,  0.00000E+00,     0
   269,  2.69000E-02,  6.95169E+14,  6.95900E+14,  6.96641E+14,  1.27383E-12,  0.00000E+00,  7.31108E+11,  7.41526E+11,  7.93295E-02,  2.11391E-03,  0.00000E+00,     0
   270,  2.70000E-02,  6.96641E+14,  6.97371E+14,  6.98114E+14,  1.27383E-12,  0.00000E+00,  7.29999E+11,  7.42371E+11,  2.67478E-02,  2.10907E-03,  0.00000E+00,     0
   271,  2.71000E-02,  6.98114E+14,  6.98843E+14,  6.99584E+14,  1.27383E-12,  0.00000E+00,  7.28993E+11,  7.41597E+11,  1.14217E-02,  2.10209E-03,  0.00000E+00,     0
   272,  2.72000E-02,  6.99584E+14,  7.00312E+14,  7.01045E+14,  1.27383E-12,  0.00000E+00,  7.28040E+11,  7.32391E+11,  9.70508E-02,  2.08322E-03,  0.00000E+00,     0
   273,  2.73000E-02,  7.01045E+14,  7.01772E+14,  7.02514E+14,  1.27383E-12,  0.00000E+00,  7.27250E+11,  7.42146E+11,  1.05813E-01,  2.09162E-03,  0.00000E+00,     0
   274,  2.74000E-02,  7.02514E+14,  7.03240E+14,  7.03979E+14,  1.27383E-12,  0.00000E+00,  7.26142E+11,  7.39200E+11,  1.83572E-02,  2.08151E-03,  0.00000E+00,     0
   275,  2.75000E-02,  7.03979E+14,  7.04705E+14,  7.05445E+14,  1.27383E-12,  0.00000E+00,  7.25231E+11,  7.40293E+11,  3.54724E-03,  2.07745E-03,  0.00000E+00,     0
   276,  2.76000E-02,  7.05445E+14,  7.06169E+14,  7.06911E+14,  1.27383E-12,  0.00000E+00,  7.24296E+11,  7.41329E+11,  1.20382E-02,  2.07328E-03,  0.00000E+00,     0
   277,  2.77000E-02,  7.06911E+14,  7.07634E+14,  7.08372E+14,  1.27383E-12,  0.00000E+00,  7.23352E+11,  7.38402E+11,  2.43617E-02,  2.06354E-03,  0.00000E+00,     0
   278,  2.78000E-02,  7.08372E+14,  7.09095E+14,  7.09838E+14,  1.27383E-12,  0.00000E+00,  7.22474E+11,  7.43526E+11,  4.99250E-02,  2.06526E-03,  0.00000E+00,     0
   279,  2.79000E-02,  7.09838E+14,  7.10560E+14,  7.11301E+14,  1.27383E-12,  0.00000E+00,  7.21488E+11,  7.40943E+11,  2.65955E-02,  2.05600E-03,  0.00000E+00,     0
   280,  2.80000E-02,  7.11301E+14,  7.12021E+14,  7.12765E+14,  1.27383E-12,  0.00000E+00,  7.20619E+11,  7.43812E+11,  2.47858E-02,  2.05458E-03,  0.00000E+00,     0
   281,  2.81000E-02,  7.12765E+14,  7.13485E+14,  7.14228E+14,  1.27383E-12,  0.00000E+00,  7.19683E+11,  7.43088E+11,  9.09081E-03,  2.04804E-03,  0.00000E+00,     0
   282,  2.82000E-02,  7.14228E+14,  7.14947E+14,  7.15690E+14,  1.27383E-12,  0.00000E+00,  7.18775E+11,  7.43628E+11,  3.01764E-02,  2.04335E-03,  0.00000E+00,     0
   283,  2.83000E-02,  7.15690E+14,  7.16408E+14,  7.17145E+14,  1.27383E-12,  0.00000E+00,  7.17921E+11,  7.36681E+11,  5.45257E-02,  2.02832E-03,  0.00000E+00,     0
   284,  2.84000E-02,  7.17145E+14,  7.17862E+14,  7.18604E+14,  1.27383E-12,  0.00000E+00,  7.17221E+11,  7.41832E+11,  6.09047E-02,  2.03040E-03,  0.00000E+00,     0
   285,  2.85000E-02,  7.18604E+14,  7.19320E+14,  7.20068E+14,  1.27383E-12,  0.00000E+00,  7.16189E+11,  7.47365E+11,  5.00359E-02,  2.03252E-03,  0.00000E+00,     0
   286,  2.86000E-02,  7.20068E+14,  7.20783E+14,  7.21519E+14,  1.27383E-12,  0.00000E+00,  7.15378E+11,  7.36148E+11,  1.22111E-01,  2.01176E-03,  0.00000E+00,     0
   287,  2.87000E-02,  7.21519E+14,  7.22234E+14,  7.22979E+14,  1.27383E-12,  0.00000E+00,  7.14575E+11,  7.45729E+11,  1.12497E-01,  2.01984E-03,  0.00000E+00,     0
   288,  2.88000E-02,  7.22979E+14,  7.23693E+14,  7.24435E+14,  1.27383E-12,  0.00000E+00,  7.13558E+11,  7.42035E+11,  4.09883E-02,  2.00928E-03,  0.00000E+00,     0
   289,  2.89000E-02,  7.24435E+14,  7.25148E+14,  7.25892E+14,  1.27383E-12,  0.00000E+00,  7.12768E+11,  7.44565E+11,  3.09787E-02,  2.00764E-03,  0.00000E+00,     0
   290,  2.90000E-02,  7.25892E+14,  7.26604E+14,  7.27350E+14,  1.27383E-12,  0.00000E+00,  7.11885E+11,  7.45568E+11,  1.58192E-02,  2.00378E-03,  0.00000E+00,     0
   291,  2.91000E-02,  7.27350E+14,  7.28061E+14,  7.28808E+14,  1.27383E-12,  0.00000E+00,  7.11012E+11,  7.47370E+11,  2.30300E-02,  2.00105E-03,  0.00000E+00,     0
   292,  2.92000E-02,  7.28808E+14,  7.29518E+14,  7.30264E+14,  1.27383E-12,  0.00000E+00,  7.10157E+11,  7.45382E+11,  2.84782E-02,  1.99317E-03,  0.00000E+00,     0
   293,  2.93000E-02,  7.30264E+14,  7.30973E+14,  7.31719E+14,  1.27383E-12,  0.00000E+00,  7.09500E+11,  7.46041E+11,  3.32395E-03,  1.98921E-03,  0.00000E+00,     0
   294,  2.94000E-02,  7.31719E+14,  7.32428E+14,  7.33172E+14,  1.27383E-12,  0.00000E+00,  7.08544E+11,  7.44191E+11,  9.07368E-03,  1.98144E-03,  0.00000E+00,     0
   295,  2.95000E-02,  7.33172E+14,  7.33880E+14,  7.34625E+14,  1.27383E-12,  0.00000E+00,  7.07744E+11,  7.44970E+11,  1.79907E-02,  1.97749E-03,  0.00000E+00,     0
   296,  2.96000E-02,  7.34625E+14,  7.35332E+14,  7.36078E+14,  1.27383E-12,  0.00000E+00,  7.06923E+11,  7.46458E+11,  8.35786E-03,  1.97449E-03,  0.00000E+00,     0
   297,  2.97000E-02,  7.36078E+14,  7.36784E+14,  7.37533E+14,  1.27383E-12,  0.00000E+00,  7.06106E+11,  7.48532E+11,  2.80506E-02,  1.97230E-03,  0.00000E+00,     0
   298,  2.98000E-02,  7.37533E+14,  7.38238E+14,  7.38987E+14,  1.27383E-12,  0.00000E+00,  7.05270E+11,  7.48810E+11,  3.26662E-03,  1.96767E-03,  0.00000E+00,     0
   299,  2.99000E-02,  7.38987E+14,  7.39691E+14,  7.40437E+14,  1.27383E-12,  0.00000E+00,  7.04469E+11,  7.45796E+11,  2.22344E-02,  1.95866E-03,  0.00000E+00,     0
   300,  3.00000E-02,  7.40437E+14,  7.41141E+14,  7.41888E+14,  1.27383E-12,  0.00000E+00,  7.03718E+11,  7.46884E+11,  9.24307E-03,  1.95528E-03,  0.00000E+00,     0
   301,  3.01000E-02,  7.41888E+14,  7.42591E+14,  7.43338E+14,  1.27383E-12,  0.00000E+00,  7.02947E+11,  7.47523E+11,  5.99480E-03,  1.95129E-03,  0.00000E+00,     0
   302,  3.02000E-02,  7.43338E+14,  7.44040E+14,  7.44785E+14,  1.27383E-12,  0.00000E+00,  7.02176E+11,  7.44995E+11,  1.32556E-02,  1.94307E-03,  0.00000E+00,     0
   303,  3.03000E-02,  7.44785E+14,  7.45487E+14,  7.46232E+14,  1.27383E-12,  0.00000E+00,  7.01432E+11,  7.45510E+11,  6.53112E-03,  1.93900E-03,  0.00000E+00,     0
   304,  3.04000E-02,  7.46232E+14,  7.46933E+14,  7.47679E+14,  1.27383E-12,  0.00000E+00,  7.00680E+11,  7.46022E+11,  1.75503E-02,  1.93493E-03,  0.00000E+00,     0
   305,  3.05000E-02,  7.47679E+14,  7.48379E+14,  7.49127E+14,  1.27383E-12,  0.00000E+00,  6.99904E+11,  7.47775E+11,  2.87665E-02,  1.93249E-03,  0.00000E+00,     0
   306,  3.06000E-02,  7.49127E+14,  7.49826E+14,  7.50575E+14,  1.27383E-12,  0.00000E+00,  6.99114E+11,  7.49142E+11,  6.11958E-03,  1.92953E-03,  0.00000E+00,     0
   307,  3.07000E-02,  7.50575E+14,  7.51273E+14,  7.52020E+14,  1.27383E-12,  0.00000E+00,  6.98352E+11,  7.47112E+11,  2.00390E-02,  1.92211E-03,  0.00000E+00,     0
   308,  3.08000E-02,  7.52020E+14,  7.52718E+14,  7.53467E+14,  1.27383E-12,  0.00000E+00,  6.97634E+11,  7.48777E+11,  3.49020E-02,  1.91967E-03,  0.00000E+00,     0
   309,  3.09000E-02,  7.53467E+14,  7.54164E+14,  7.54913E+14,  1.27383E-12,  0.00000E+00,  6.96852E+11,  7.49420E+11,  5.63883E-03,  1.91581E-03,  0.00000E+00,     0
   310,  3.10000E-02,  7.54913E+14,  7.55609E+14,  7.56361E+14,  1.27383E-12,  0.00000E+00,  6.96108E+11,  7.51947E+11,  1.39076E-02,  1.91450E-03,  0.00000E+00,     0
   311,  3.11000E-02,  7.56361E+14,  7.57056E+14,  7.57809E+14,  1.27383E-12,  0.00000E+00,  6.95350E+11,  7.52097E+11,  2.12308E-02,  1.91004E-03,  0.00000E+00,     0
   312,  3.12000E-02,  7.57809E+14,  7.58503E+14,  7.59253E+14,  1.27383E-12,  0.00000E+00,  6.94639E+11,  7.49907E+11,  6.87695E-03,  1.90259E-03,  0.00000E+00,     0
   313,  3.13000E-02,  7.59253E+14,  7.59947E+14,  7.60697E+14,  1.27383E-12,  0.00000E+00,  6.93923E+11,  7.50450E+11,  1.64530E-02,  1.89875E-03,  0.00000E+00,     0
   314,  3.14000E-02,  7.60697E+14,  7.61391E+14,  7.62143E+14,  1.27383E-12,  0.00000E+00,  6.93218E+11,  7.52511E+11,  4.02872E-02,  1.89693E-03,  0.00000E+00,     0
   315,  3.15000E-02,  7.62143E+14,  7.62836E+14,  7.63584E+14,  1.27383E-12,  0.00000E+00,  6.92455E+11,  7.48038E+11,  4.23610E-02,  1.88649E-03,  0.00000E+00,     0
   316,  3.16000E-02,  7.63584E+14,  7.64276E+14,  7.65029E+14,  1.27383E-12,  0.00000E+00,  6.91861E+11,  7.53765E+11,  6.68437E-02,  1.88964E-03,  0.00000E+00,     0
   317,  3.17000E-02,  7.65029E+14,  7.65720E+14,  7.66472E+14,  1.27383E-12,  0.00000E+00,  6.91010E+11,  7.51512E+11,  5.48018E-02,  1.88203E-03,  0.00000E+00,     0
   318,  3.18000E-02,  7.66472E+14,  7.67162E+14,  7.67914E+14,  1.27383E-12,  0.00000E+00,  6.90367E+11,  7.51399E+11,  2.09017E-02,  1.87751E-03,  0.00000E+00,     0
   319,  3.19000E-02,  7.67914E+14,  7.68603E+14,  7.69355E+14,  1.27383E-12,  0.00000E+00,  6.89651E+11,  7.51380E+11,  1.00651E-02,  1.87304E-03,  0.00000E+00,     0
   320,  3.20000E-02,  7.69355E+14,  7.70044E+14,  7.70799E+14,  1.27383E-12,  0.00000E+00,  6.88968E+11,  7.55758E+11,  5.45868E-02,  1.87432E-03,  0.00000E+00,     0
   321,  3.21000E-02,  7.70799E+14,  7.71488E+14,  7.72241E+14,  1.27383E-12,  0.00000E+00,  6.88205E+11,  7.53429E+11,  2.44057E-02,  1.86682E-03,  0.00000E+00,     0
   322,  3.22000E-02,  7.72241E+14,  7.72928E+14,  7.73680E+14,  1.27383E-12,  0.00000E+00,  6.87546E+11,  7.51125E+11,  4.37194E-02,  1.85952E-03,  0.00000E+00,     0
   323,  3.23000E-02,  7.73680E+14,  7.74367E+14,  7.75120E+14,  1.27383E-12,  0.00000E+00,  6.86921E+11,  7.53296E+11,  3.30976E-02,  1.85806E-03,  0.00000E+00,     0
   324,  3.24000E-02,  7.75120E+14,  7.75806E+14,  7.76555E+14,  1.27383E-12,  0.00000E+00,  6.86204E+11,  7.49060E+11,  4.24343E-02,  1.84824E-03,  0.00000E+00,     0
   325,  3.25000E-02,  7.76555E+14,  7.77241E+14,  7.77994E+14,  1.27383E-12,  0.00000E+00,  6.85593E+11,  7.53171E+11,  6.12830E-02,  1.84933E-03,  0.00000E+00,     0
   326,  3.26000E-02,  7.77994E+14,  7.78679E+14,  7.79429E+14,  1.27383E-12,  0.00000E+00,  6.84852E+11,  7.50571E+11,  4.67160E-02,  1.84163E-03,  0.00000E+00,     0
   327,  3.27000E-02,  7.79429E+14,  7.80114E+14,  7.80861E+14,  1.27383E-12,  0.00000E+00,  6.84246E+11,  7.47902E+11,  4.56230E-02,  1.83406E-03,  0.00000E+00,     0
   328,  3.28000E-02,  7.80861E+14,  7.81545E+14,  7.82302E+14,  1.27383E-12,  0.00000E+00,  6.83655E+11,  7.56545E+11,  1.11963E-01,  1.84098E-03,  0.00000E+00,     0
   329,  3.29000E-02,  7.82302E+14,  7.82985E+14,  7.83727E+14,  1.27383E-12,  0.00000E+00,  6.82914E+11,  7.41980E+11,  1.43889E-01,  1.81810E-03,  0.00000E+00,     0
   330,  3.30000E-02,  7.83727E+14,  7.84409E+14,  7.85165E+14,  1.27383E-12,  0.00000E+00,  6.82450E+11,  7.55608E+11,  1.31331E-01,  1.83154E-03,  0.00000E+00,     0
   331,  3.31000E-02,  7.85165E+14,  7.85846E+14,  7.86605E+14,  1.27383E-12,  0.00000E+00,  6.81580E+11,  7.59249E+11,  5.85327E-02,  1.83171E-03,  0.00000E+00,     0
   332,  3.32000E-02,  7.86605E+14,  7.87286E+14,  7.88045E+14,  1.27383E-12,  0.00000E+00,  6.80851E+11,  7.59166E+11,  1.11478E-02,  1.82733E-03,  0.00000E+00,     0
   333,  3.33000E-02,  7.88045E+14,  7.88726E+14,  7.89481E+14,  1.27383E-12,  0.00000E+00,  6.80182E+11,  7.55281E+11,  7.26826E-02,  1.81824E-03,  0.00000E+00,     0
   334,  3.34000E-02,  7.89481E+14,  7.90161E+14,  7.90920E+14,  1.27383E-12,  0.00000E+00,  6.79620E+11,  7.59189E+11,  6.59899E-02,  1.81916E-03,  0.00000E+00,     0
   335,  3.35000E-02,  7.90920E+14,  7.91599E+14,  7.92359E+14,  1.27383E-12,  0.00000E+00,  6.78898E+11,  7.60605E+11,  1.25837E-02,  1.81673E-03,  0.00000E+00,     0
   336,  3.36000E-02,  7.92359E+14,  7.93038E+14,  7.93797E+14,  1.27383E-12,  0.00000E+00,  6.78331E+11,  7.59668E+11,  2.88739E-03,  1.81154E-03,  0.00000E+00,     0
   337,  3.37000E-02,  7.93797E+14,  7.94475E+14,  7.95233E+14,  1.27383E-12,  0.00000E+00,  6.77617E+11,  7.58428E+11,  1.94584E-02,  1.80582E-03,  0.00000E+00,     0
   338,  3.38000E-02,  7.95233E+14,  7.95910E+14,  7.96667E+14,  1.27383E-12,  0.00000E+00,  6.77006E+11,  7.56965E+11,  5.81970E-03,  1.79996E-03,  0.00000E+00,     0
   339,  3.39000E-02,  7.96667E+14,  7.97344E+14,  7.98103E+14,  1.27383E-12,  0.00000E+00,  6.76390E+11,  7.59050E+11,  1.76159E-02,  1.79857E-03,  0.00000E+00,     0
   340,  3.40000E-02,  7.98103E+14,  7.98778E+14,  7.99539E+14,  1.27383E-12,  0.00000E+00,  6.75742E+11,  7.60733E+11,  1.37333E-02,  1.79663E-03,  0.00000E+00,     0
   341,  3.41000E-02,  7.99539E+14,  8.00214E+14,  8.00972E+14,  1.27383E-12,  0.00000E+00,  6.75097E+11,  7.57575E+11,  4.61303E-02,  1.78867E-03,  0.00000E+00,     0
   342,  3.42000E-02,  8.00972E+14,  8.01646E+14,  8.02404E+14,  1.27383E-12,  0.00000E+00,  6.74535E+11,  7.57772E+11,  1.20090E-02,  1.78502E-03,  0.00000E+00,     0
   343,  3.43000E-02,  8.02404E+14,  8.03078E+14,  8.03837E+14,  1.27383E-12,  0.00000E+00,  6.73913E+11,  7.59191E+11,  1.44099E-02,  1.78283E-03,  0.00000E+00,     0
   344,  3.44000E-02,  8.03837E+14,  8.04511E+14,  8.05269E+14,  1.27383E-12,  0.00000E+00,  6.73284E+11,  7.58670E+11,  2.81854E-03,  1.77823E-03,  0.00000E+00,     0
   345,  3.45000E-02,  8.05269E+14,  8.05942E+14,  8.06703E+14,  1.27383E-12,  0.00000E+00,  6.72681E+11,  7.61484E+11,  2.33494E-02,  1.77781E-03,  0.00000E+00,     0
   346,  3.46000E-02,  8.06703E+14,  8.07375E+14,  8.08131E+14,  1.27383E-12,  0.00000E+00,  6.72041E+11,  7.55993E+11,  7.72871E-02,  1.76708E-03,  0.00000E+00,     0
   347,  3.47000E-02,  8.08131E+14,  8.08803E+14,  8.09564E+14,  1.27383E-12,  0.00000E+00,  6.71539E+11,  7.61101E+11,  7.77633E-02,  1.76964E-03,  0.00000E+00,     0
   348,  3.48000E-02,  8.09564E+14,  8.10235E+14,  8.10994E+14,  1.27383E-12,  0.00000E+00,  6.70848E+11,  7.58988E+11,  4.99780E-02,  1.76307E-03,  0.00000E+00,     0
   349,  3.49000E-02,  8.10994E+14,  8.11664E+14,  8.12429E+14,  1.27383E-12,  0.00000E+00,  6.70309E+11,  7.64405E+11,  5.94486E-02,  1.76596E-03,  0.00000E+00,     0
   350,  3.50000E-02,  8.12429E+14,  8.13098E+14,  8.13862E+14,  1.27383E-12,  0.00000E+00,  6.69634E+11,  7.63624E+11,  3.14741E-02,  1.76106E-03,  0.00000E+00,     0
   351,  3.51000E-02,  8.13862E+14,  8.14531E+14,  8.15291E+14,  1.27383E-12,  0.00000E+00,  6.69008E+11,  7.59680E+11,  8.30557E-02,  1.75237E-03,  0.00000E+00,     0
   352,  3.52000E-02,  8.15291E+14,  8.15959E+14,  8.16724E+14,  1.27383E-12,  0.00000E+00,  6.68517E+11,  7.65167E+11,  9.29911E-02,  1.75541E-03,  0.00000E+00,     0
   353,  3.53000E-02,  8.16724E+14,  8.17392E+14,  8.18155E+14,  1.27383E-12,  0.00000E+00,  6.67797E+11,  7.62743E+11,  3.60176E-02,  1.74850E-03,  0.00000E+00,     0
   354,  3.54000E-02,  8.18155E+14,  8.18822E+14,  8.19588E+14,  1.27383E-12,  0.00000E+00,  6.67274E+11,  7.65646E+11,  3.87875E-02,  1.74834E-03,  0.00000E+00,     0
   355,  3.55000E-02,  8.19588E+14,  8.20254E+14,  8.21015E+14,  1.27383E-12,  0.00000E+00,  6.66620E+11,  7.61170E+11,  8.73554E-02,  1.73905E-03,  0.00000E+00,     0
   356,  3.56000E-02,  8.21015E+14,  8.21682E+14,  8.22440E+14,  1.27383E-12,  0.00000E+00,  6.66165E+11,  7.58236E+11,  3.11586E-02,  1.73192E-03,  0.00000E+00,     0
   357,  3.57000E-02,  8.22440E+14,  8.23106E+14,  8.23869E+14,  1.27383E-12,  0.00000E+00,  6.65684E+11,  7.63140E+11,  7.23626E-02,  1.73429E-03,  0.00000E+00,     0
   358,  3.58000E-02,  8.23869E+14,  8.24534E+14,  8.25295E+14,  1.27383E-12,  0.00000E+00,  6.64984E+11,  7.61689E+11,  3.39247E-02,  1.72868E-03,  0.00000E+00,     0
   359,  3.59000E-02,  8.25295E+14,  8.25960E+14,  8.26722E+14,  1.27383E-12,  0.00000E+00,  6.64456E+11,  7.61914E+11,  2.69724E-03,  1.72533E-03,  0.00000E+00,     0
   360,  3.60000E-02,  8.26722E+14,  8.27386E+14,  8.28149E+14,  1.27383E-12,  0.00000E+00,  6.63891E+11,  7.63877E+11,  3.68604E-02,  1.72405E-03,  0.00000E+00,     0
   361,  3.61000E-02,  8.28149E+14,  8.28813E+14,  8.29573E+14,  1.27383E-12,  0.00000E+00,  6.63284E+11,  7.60002E+11,  5.15112E-02,  1.71569E-03,  0.00000E+00,     0
   362,  3.62000E-02,  8.29573E+14,  8.30236E+14,  8.31001E+14,  1.27383E-12,  0.00000E+00,  6.62836E+11,  7.65775E+11,  7.87517E-02,  1.71914E-03,  0.00000E+00,     0
   363,  3.63000E-02,  8.31001E+14,  8.31664E+14,  8.32421E+14,  1.27383E-12,  0.00000E+00,  6.62135E+11,  7.57372E+11,  1.09149E-01,  1.70528E-03,  0.00000E+00,     0
   364,  3.64000E-02,  8.32421E+14,  8.33083E+14,  8.33848E+14,  1.27383E-12,  0.00000E+00,  6.61765E+11,  7.65762E+11,  9.42780E-02,  1.71197E-03,  0.00000E+00,     0
   365,  3.65000E-02,  8.33848E+14,  8.34509E+14,  8.35276E+14,  1.27383E-12,  0.00000E+00,  6.61053E+11,  7.66216E+11,  1.54017E-02,  1.70874E-03,  0.00000E+00,     0
   366,  3.66000E-02,  8.35276E+14,  8.35936E+14,  8.36702E+14,  1.27383E-12,  0.00000E+00,  6.60481E+11,  7.66269E+11,  1.31989E-02,  1.70521E-03,  0.00000E+00,     0
   367,  3.67000E-02,  8.36702E+14,  8.37362E+14,  8.38127E+14,  1.27383E-12,  0.00000E+00,  6.59938E+11,  7.64269E+11,  2.35085E-02,  1.69927E-03,  0.00000E+00,     0
   368,  3.68000E-02,  8.38127E+14,  8.38786E+14,  8.39553E+14,  1.27383E-12,  0.00000E+00,  6.59421E+11,  7.66762E+11,  3.98886E-02,  1.69874E-03,  0.00000E+00,     0
   369,  3.69000E-02,  8.39553E+14,  8.40212E+14,  8.40978E+14,  1.27383E-12,  0.00000E+00,  6.58829E+11,  7.66396E+11,  5.46880E-03,  1.69472E-03,  0.00000E+00,     0
   370,  3.70000E-02,  8.40978E+14,  8.41636E+14,  8.42401E+14,  1.27383E-12,  0.00000E+00,  6.58290E+11,  7.65141E+11,  3.46329E-02,  1.68973E-03,  0.00000E+00,     0
   371,  3.71000E-02,  8.42401E+14,  8.43059E+14,  8.43822E+14,  1.27383E-12,  0.00000E+00,  6.57785E+11,  7.62642E+11,  2.67924E-02,  1.68333E-03,  0.00000E+00,     0
   372,  3.72000E-02,  8.43822E+14,  8.44479E+14,  8.45242E+14,  1.27383E-12,  0.00000E+00,  6.57330E+11,  7.62573E+11,  9.74786E-03,  1.67988E-03,  0.00000E+00,     0
   373,  3.73000E-02,  8.45242E+14,  8.45899E+14,  8.46665E+14,  1.27383E-12,  0.00000E+00,  6.56807E+11,  7.65927E+11,  4.38962E-02,  1.68040E-03,  0.00000E+00,     0
   374,  3.74000E-02,  8.46665E+14,  8.47321E+14,  8.48085E+14,  1.27383E-12,  0.00000E+00,  6.56167E+11,  7.64038E+11,  2.58900E-02,  1.67460E-03,  0.00000E+00,     0
   375,  3.75000E-02,  8.48085E+14,  8.48740E+14,  8.49504E+14,  1.27383E-12,  0.00000E+00,  6.55712E+11,  7.63793E+11,  3.14827E-02,  1.67098E-03,  0.00000E+00,     0
   376,  3.76000E-02,  8.49504E+14,  8.50159E+14,  8.50922E+14,  1.27383E-12,  0.00000E+00,  6.55218E+11,  7.62209E+11,  6.15214E-03,  1.66575E-03,  0.00000E+00,     0
   377,  3.77000E-02,  8.50922E+14,  8.51576E+14,  8.52342E+14,  1.27383E-12,  0.00000E+00,  6.54706E+11,  7.66064E+11,  5.24715E-02,  1.66690E-03,  0.00000E+00,     0
   378,  3.78000E-02,  8.52342E+14,  8.52997E+14,  8.53765E+14,  1.27383E-12,  0.00000E+00,  6.54080E+11,  7.68760E+11,  9.16776E-03,  1.66655E-03,  0.00000E+00,     0
   379,  3.79000E-02,  8.53765E+14,  8.54419E+14,  8.55183E+14,  1.27383E-12,  0.00000E+00,  6.53604E+11,  7.64250E+11,  3.26852E-02,  1.65795E-03,  0.00000E+00,     0
   380,  3.80000E-02,  8.55183E+14,  8.55836E+14,  8.56605E+14,  1.27383E-12,  0.00000E+00,  6.53120E+11,  7.69037E+11,  4.96489E-02,  1.66022E-03,  0.00000E+00,     0
   381,  3.81000E-02,  8.56605E+14,  8.57258E+14,  8.58027E+14,  1.27383E-12,  0.00000E+00,  6.52479E+11,  7.69403E+11,  1.44382E-02,  1.65715E-03,  0.00000E+00,     0
   382,  3.82000E-02,  8.58027E+14,  8.58679E+14,  8.59446E+14,  1.27383E-12,  0.00000E+00,  6.52035E+11,  7.66928E+11,  6.71153E-03,  1.65102E-03,  0.00000E+00,     0
   383,  3.83000E-02,  8.59446E+14,  8.60098E+14,  8.60862E+14,  1.27383E-12,  0.00000E+00,  6.51461E+11,  7.64519E+11,  5.70026E-02,  1.64484E-03,  0.00000E+00,     0
   384,  3.84000E-02,  8.60862E+14,  8.61513E+14,  8.62278E+14,  1.27383E-12,  0.00000E+00,  6.51058E+11,  7.64677E+11,  2.51633E-03,  1.64185E-03,  0.00000E+00,     0
   385,  3.85000E-02,  8.62278E+14,  8.62928E+14,  8.63697E+14,  1.27383E-12,  0.00000E+00,  6.50550E+11,  7.68591E+11,  6.93700E-02,  1.64310E-03,  0.00000E+00,     0
   386,  3.86000E-02,  8.63697E+14,  8.64347E+14,  8.65119E+14,  1.27383E-12,  0.00000E+00,  6.49968E+11,  7.72398E+11,  4.10375E-02,  1.64413E-03,  0.00000E+00,     0
   387,  3.87000E-02,  8.65119E+14,  8.65769E+14,  8.66542E+14,  1.27383E-12,  0.00000E+00,  6.49316E+11,  7.73245E+11,  2.58866E-03,  1.64165E-03,  0.00000E+00,     0
   388,  3.88000E-02,  8.66542E+14,  8.67191E+14,  8.67961E+14,  1.27383E-12,  0.00000E+00,  6.48833E+11,  7.70032E+11,  3.77643E-02,  1.63471E-03,  0.00000E+00,     0
   389,  3.89000E-02,  8.67961E+14,  8.68609E+14,  8.69377E+14,  1.27383E-12,  0.00000E+00,  6.48366E+11,  7.68087E+11,  2.98248E-02,  1.62927E-03,  0.00000E+00,     0
   390,  3.90000E-02,  8.69377E+14,  8.70025E+14,  8.70798E+14,  1.27383E-12,  0.00000E+00,  6.47944E+11,  7.72870E+11,  6.32292E-02,  1.63162E-03,  0.00000E+00,     0
   391,  3.91000E-02,  8.70798E+14,  8.71445E+14,  8.72215E+14,  1.27383E-12,  0.00000E+00,  6.47317E+11,  7.69567E+11,  4.90910E-02,  1.62447E-03,  0.00000E+00,     0
   392,  3.92000E-02,  8.72215E+14,  8.72862E+14,  8.73630E+14,  1.27383E-12,  0.00000E+00,  6.46871E+11,  7.67836E+11,  3.42074E-02,  1.61934E-03,  0.00000E+00,     0
   393,  3.93000E-02,  8.73630E+14,  8.74276E+14,  8.75044E+14,  1.27383E-12,  0.00000E+00,  6.46459E+11,  7.67986E+11,  2.45663E-03,  1.61643E-03,  0.00000E+00,     0
   394,  3.94000E-02,  8.75044E+14,  8.75690E+14,  8.76465E+14,  1.27383E-12,  0.00000E+00,  6.45965E+11,  7.74577E+11,  9.10354E-02,  1.62076E-03,  0.00000E+00,     0
   395,  3.95000E-02,  8.76465E+14,  8.77110E+14,  8.77869E+14,  1.27383E-12,  0.00000E+00,  6.45386E+11,  7.58528E+11,  1.59230E-01,  1.59923E-03,  0.00000E+00,     0
   396,  3.96000E-02,  8.77869E+14,  8.78514E+14,  8.79281E+14,  1.27383E-12,  0.00000E+00,  6.45088E+11,  7.67351E+11,  7.63591E-02,  1.60636E-03,  0.00000E+00,     0
   397,  3.97000E-02,  8.79281E+14,  8.79925E+14,  8.80700E+14,  1.27383E-12,  0.00000E+00,  6.44506E+11,  7.74275E+11,  8.77407E-02,  1.61097E-03,  0.00000E+00,     0
   398,  3.98000E-02,  8.80700E+14,  8.81344E+14,  8.82118E+14,  1.27383E-12,  0.00000E+00,  6.43867E+11,  7.74528E+11,  2.42421E-03,  1.60794E-03,  0.00000E+00,     0
   399,  3.99000E-02,  8.82118E+14,  8.82762E+14,  8.83536E+14,  1.27383E-12,  0.00000E+00,  6.43366E+11,  7.74728E+11,  2.41792E-03,  1.60502E-03,  0.00000E+00,     0
   400,  4.00000E-02,  8.83536E+14,  8.84179E+14,  8.84950E+14,  1.27383E-12,  0.00000E+00,  6.42869E+11,  7.71308E+11,  5.06880E-02,  1.59803E-03,  0.00000E+00,     0
   401,  4.01000E-02,  8.84950E+14,  8.85593E+14,  8.86367E+14,  1.27383E-12,  0.00000E+00,  6.42502E+11,  7.74213E+11,  4.44699E-02,  1.59834E-03,  0.00000E+00,     0
   402,  4.02000E-02,  8.86367E+14,  8.87009E+14,  8.87781E+14,  1.27383E-12,  0.00000E+00,  6.42024E+11,  7.72287E+11,  3.88931E-02,  1.59308E-03,  0.00000E+00,     0
   403,  4.03000E-02,  8.87781E+14,  8.88423E+14,  8.89194E+14,  1.27383E-12,  0.00000E+00,  6.41506E+11,  7.70613E+11,  1.50846E-02,  1.58809E-03,  0.00000E+00,     0
   404,  4.04000E-02,  8.89194E+14,  8.89835E+14,  8.90602E+14,  1.27383E-12,  0.00000E+00,  6.41058E+11,  7.67434E+11,  3.11264E-02,  1.58151E-03,  0.00000E+00,     0
   405,  4.05000E-02,  8.90602E+14,  8.91243E+14,  8.92014E+14,  1.27383E-12,  0.00000E+00,  6.40604E+11,  7.70991E+11,  3.37692E-02,  1.58248E-03,  0.00000E+00,     0
   406,  4.06000E-02,  8.92014E+14,  8.92654E+14,  8.93428E+14,  1.27383E-12,  0.00000E+00,  6.40110E+11,  7.73789E+11,  3.16191E-02,  1.58256E-03,  0.00000E+00,     0
   407,  4.07000E-02,  8.93428E+14,  8.94067E+14,  8.94839E+14,  1.27383E-12,  0.00000E+00,  6.39584E+11,  7.71374E+11,  2.97227E-02,  1.57677E-03,  0.00000E+00,     0
   408,  4.08000E-02,  8.94839E+14,  8.95478E+14,  8.96251E+14,  1.27383E-12,  0.00000E+00,  6.39155E+11,  7.73342E+11,  5.19069E-02,  1.57601E-03,  0.00000E+00,     0
   409,  4.09000E-02,  8.96251E+14,  8.96890E+14,  8.97665E+14,  1.27383E-12,  0.00000E+00,  6.38567E+11,  7.75342E+11,  5.10743E-03,  1.57510E-03,  0.00000E+00,     0
   410,  4.10000E-02,  8.97665E+14,  8.98303E+14,  8.99079E+14,  1.27383E-12,  0.00000E+00,  6.38088E+11,  7.75533E+11,  2.35088E-03,  1.57230E-03,  0.00000E+00,     0
   411,  4.11000E-02,  8.99079E+14,  8.99716E+14,  9.00488E+14,  1.27383E-12,  0.00000E+00,  6.37610E+11,  7.72173E+11,  4.51186E-02,  1.56558E-03,  0.00000E+00,     0
   412,  4.12000E-02,  9.00488E+14,  9.01126E+14,  9.01897E+14,  1.27383E-12,  0.00000E+00,  6.37253E+11,  7.70961E+11,  6.22920E-03,  1.56139E-03,  0.00000E+00,     0
   413,  4.13000E-02,  9.01897E+14,  9.02533E+14,  9.03307E+14,  1.27383E-12,  0.00000E+00,  6.36796E+11,  7.73416E+11,  1.90378E-02,  1.56117E-03,  0.00000E+00,     0
   414,  4.14000E-02,  9.03307E+14,  9.03943E+14,  9.04717E+14,  1.27383E-12,  0.00000E+00,  6.36311E+11,  7.73751E+11,  5.94184E-03,  1.55857E-03,  0.00000E+00,     0
   415,  4.15000E-02,  9.04717E+14,  9.05353E+14,  9.06125E+14,  1.27383E-12,  0.00000E+00,  6.35850E+11,  7.72178E+11,  2.06535E-02,  1.55390E-03,  0.00000E+00,     0
   416,  4.16000E-02,  9.06125E+14,  9.06760E+14,  9.07536E+14,  1.27383E-12,  0.00000E+00,  6.35409E+11,  7.75691E+11,  6.86494E-02,  1.55487E-03,  0.00000E+00,     0
   417,  4.17000E-02,  9.07536E+14,  9.08171E+14,  9.08944E+14,  1.27383E-12,  0.00000E+00,  6.34809E+11,  7.73081E+11,  3.90987E-02,  1.54893E-03,  0.00000E+00,     0
   418,  4.18000E-02,  9.08944E+14,  9.09578E+14,  9.10348E+14,  1.27383E-12,  0.00000E+00,  6.34438E+11,  7.69404E+11,  6.68523E-02,  1.54209E-03,  0.00000E+00,     0
   419,  4.19000E-02,  9.10348E+14,  9.10982E+14,  9.11756E+14,  1.27383E-12,  0.00000E+00,  6.34069E+11,  7.74130E+11,  5.56317E-02,  1.54449E-03,  0.00000E+00,     0
   420,  4.20000E-02,  9.11756E+14,  9.12389E+14,  9.13167E+14,  1.27383E-12,  0.00000E+00,  6.33554E+11,  7.77121E+11,  4.02423E-02,  1.54482E-03,  0.00000E+00,     0
   421,  4.21000E-02,  9.13167E+14,  9.13800E+14,  9.14573E+14,  1.27383E-12,  0.00000E+00,  6.33052E+11,  7.73835E+11,  3.61602E-02,  1.53830E-03,  0.00000E+00,     0
   422,  4.22000E-02,  9.14573E+14,  9.15206E+14,  9.15978E+14,  1.27383E-12,  0.00000E+00,  6.32630E+11,  7.72129E+11,  2.14357E-02,  1.53362E-03,  0.00000E+00,     0
   423,  4.23000E-02,  9.15978E+14,  9.16610E+14,  9.17385E+14,  1.27383E-12,  0.00000E+00,  6.32200E+11,  7.74887E+11,  2.19159E-02,  1.53380E-03,  0.00000E+00,     0
   424,  4.24000E-02,  9.17385E+14,  9.18017E+14,  9.18792E+14,  1.27383E-12,  0.00000E+00,  6.31724E+11,  7.74716E+11,  4.28039E-03,  1.53075E-03,  0.00000E+00,     0
   425,  4.25000E-02,  9.18792E+14,  9.19423E+14,  9.20198E+14,  1.27383E-12,  0.00000E+00,  6.31274E+11,  7.74890E+11,  2.26519E-03,  1.52811E-03,  0.00000E+00,     0
   426,  4.26000E-02,  9.20198E+14,  9.20829E+14,  9.21602E+14,  1.27383E-12,  0.00000E+00,  6.30821E+11,  7.73362E+11,  1.35099E-02,  1.52363E-03,  0.00000E+00,     0
   427,  4.27000E-02,  9.21602E+14,  9.22232E+14,  9.23008E+14,  1.27383E-12,  0.00000E+00,  6.30387E+11,  7.75696E+11,  2.13821E-02,  1.52337E-03,  0.00000E+00,     0
   428,  4.28000E-02,  9.23008E+14,  9.23638E+14,  9.24409E+14,  1.27383E-12,  0.00000E+00,  6.29914E+11,  7.70714E+11,  4.09448E-02,  1.51516E-03,  0.00000E+00,     0
   429,  4.29000E-02,  9.24409E+14,  9.25038E+14,  9.25814E+14,  1.27383E-12,  0.00000E+00,  6.29516E+11,  7.75387E+11,  4.70592E-02,  1.51748E-03,  0.00000E+00,     0
   430,  4.30000E-02,  9.25814E+14,  9.26443E+14,  9.27217E+14,  1.27383E-12,  0.00000E+00,  6.29022E+11,  7.73912E+11,  1.27088E-02,  1.51306E-03,  0.00000E+00,     0
   431,  4.31000E-02,  9.27217E+14,  9.27845E+14,  9.28607E+14,  1.27383E-12,  0.00000E+00,  6.28590E+11,  7.62184E+11,  1.11511E-01,  1.49770E-03,  0.00000E+00,     0
   432,  4.32000E-02,  9.28607E+14,  9.29236E+14,  9.30009E+14,  1.27383E-12,  0.00000E+00,  6.28312E+11,  7.73200E+11,  1.04918E-01,  1.50699E-03,  0.00000E+00,     0
   433,  4.33000E-02,  9.30009E+14,  9.30637E+14,  9.31409E+14,  1.27383E-12,  0.00000E+00,  6.27739E+11,  7.72029E+11,  2.38889E-02,  1.50285E-03,  0.00000E+00,     0
   434,  4.34000E-02,  9.31409E+14,  9.32036E+14,  9.32813E+14,  1.27383E-12,  0.00000E+00,  6.27323E+11,  7.76864E+11,  4.70143E-02,  1.50533E-03,  0.00000E+00,     0
   435,  4.35000E-02,  9.32813E+14,  9.33440E+14,  9.34203E+14,  1.27383E-12,  0.00000E+00,  6.26830E+11,  7.62934E+11,  1.29334E-01,  1.48765E-03,  0.00000E+00,     0
   436,  4.36000E-02,  9.34203E+14,  9.34829E+14,  9.35608E+14,  1.27383E-12,  0.00000E+00,  6.26551E+11,  7.78644E+11,  1.54686E-01,  1.50191E-03,  0.00000E+00,     0
   437,  4.37000E-02,  9.35608E+14,  9.36234E+14,  9.37005E+14,  1.27383E-12,  0.00000E+00,  6.25938E+11,  7.71703E+11,  7.74694E-02,  1.49160E-03,  0.00000E+00,     0
   438,  4.38000E-02,  9.37005E+14,  9.37631E+14,  9.38405E+14,  1.27383E-12,  0.00000E+00,  6.25565E+11,  7.74356E+11,  2.97510E-02,  1.49181E-03,  0.00000E+00,     0
   439,  4.39000E-02,  9.38405E+14,  9.39030E+14,  9.39805E+14,  1.27383E-12,  0.00000E+00,  6.25112E+11,  7.74241E+11,  2.96445E-03,  1.48898E-03,  0.00000E+00,     0
   440,  4.40000E-02,  9.39805E+14,  9.40429E+14,  9.41204E+14,  1.27383E-12,  0.00000E+00,  6.24678E+11,  7.74723E+11,  4.53515E-03,  1.48682E-03,  0.00000E+00,     0
   441,  4.41000E-02,  9.41204E+14,  9.41828E+14,  9.42604E+14,  1.27383E-12,  0.00000E+00,  6.24237E+11,  7.75918E+11,  1.08848E-02,  1.48541E-03,  0.00000E+00,     0
   442,  4.42000E-02,  9.42604E+14,  9.43228E+14,  9.44001E+14,  1.27383E-12,  0.00000E+00,  6.23773E+11,  7.73406E+11,  3.10745E-02,  1.48006E-03,  0.00000E+00,     0
   443,  4.43000E-02,  9.44001E+14,  9.44625E+14,  9.45401E+14,  1.27383E-12,  0.00000E+00,  6.23385E+11,  7.76245E+11,  3.28044E-02,  1.48046E-03,  0.00000E+00,     0
   444,  4.44000E-02,  9.45401E+14,  9.46024E+14,  9.46803E+14,  1.27383E-12,  0.00000E+00,  6.22903E+11,  7.78994E+11,  3.20811E-02,  1.48066E-03,  0.00000E+00,     0
   445,  4.45000E-02,  9.46803E+14,  9.47425E+14,  9.48200E+14,  1.27383E-12,  0.00000E+00,  6.22446E+11,  7.74598E+11,  5.55486E-02,  1.47336E-03,  0.00000E+00,     0
   446,  4.46000E-02,  9.48200E+14,  9.48822E+14,  9.49597E+14,  1.27383E-12,  0.00000E+00,  6.22067E+11,  7.75267E+11,  1.67145E-02,  1.47150E-03,  0.00000E+00,     0
   447,  4.47000E-02,  9.49597E+14,  9.50219E+14,  9.51001E+14,  1.27383E-12,  0.00000E+00,  6.21621E+11,  7.82256E+11,  6.28565E-02,  1.47621E-03,  0.00000E+00,     0
   448,  4.48000E-02,  9.51001E+14,  9.51622E+14,  9.52398E+14,  1.27383E-12,  0.00000E+00,  6.21115E+11,  7.75866E+11,  6.43686E-02,  1.46680E-03,  0.00000E+00,     0
   449,  4.49000E-02,  9.52398E+14,  9.53019E+14,  9.53794E+14,  1.27383E-12,  0.00000E+00,  6.20747E+11,  7.74884E+11,  2.10727E-02,  1.46324E-03,  0.00000E+00,     0
   450,  4.50000E-02,  9.53794E+14,  9.54414E+14,  9.55187E+14,  1.27383E-12,  0.00000E+00,  6.20340E+11,  7.72611E+11,  6.08271E-03,  1.45830E-03,  0.00000E+00,     0
   451,  4.51000E-02,  9.55187E+14,  9.55807E+14,  9.56584E+14,  1.27383E-12,  0.00000E+00,  6.19926E+11,  7.77135E+11,  2.48111E-02,  1.46047E-03,  0.00000E+00,     0
   452,  4.52000E-02,  9.56584E+14,  9.57203E+14,  9.57982E+14,  1.27383E-12,  0.00000E+00,  6.19472E+11,  7.78991E+11,  3.34015E-02,  1.45980E-03,  0.00000E+00,     0
   453,  4.53000E-02,  9.57982E+14,  9.58601E+14,  9.59382E+14,  1.27383E-12,  0.00000E+00,  6.19009E+11,  7.81139E+11,  4.63021E-02,  1.45943E-03,  0.00000E+00,     0
   454,  4.54000E-02,  9.59382E+14,  9.60001E+14,  9.60782E+14,  1.27383E-12,  0.00000E+00,  6.18519E+11,  7.81340E+11,  1.90274E-02,  1.45700E-03,  0.00000E+00,     0
   455,  4.55000E-02,  9.60782E+14,  9.61400E+14,  9.62180E+14,  1.27383E-12,  0.00000E+00,  6.18100E+11,  7.79688E+11,  2.37555E-02,  1.45273E-03,  0.00000E+00,     0
   456,  4.56000E-02,  9.62180E+14,  9.62798E+14,  9.63576E+14,  1.27383E-12,  0.00000E+00,  6.17705E+11,  7.78460E+11,  1.47195E-02,  1.44894E-03,  0.00000E+00,     0
   457,  4.57000E-02,  9.63576E+14,  9.64194E+14,  9.64972E+14,  1.27383E-12,  0.00000E+00,  6.17293E+11,  7.77920E+11,  5.55863E-03,  1.44586E-03,  0.00000E+00,     0
   458,  4.58000E-02,  9.64972E+14,  9.65588E+14,  9.66367E+14,  1.27383E-12,  0.00000E+00,  6.16875E+11,  7.78539E+11,  3.02918E-03,  1.44398E-03,  0.00000E+00,     0
   459,  4.59000E-02,  9.66367E+14,  9.66983E+14,  9.67762E+14,  1.27383E-12,  0.00000E+00,  6.16453E+11,  7.78201E+11,  5.73053E-03,  1.44111E-03,  0.00000E+00,     0
   460,  4.60000E-02,  9.67762E+14,  9.68378E+14,  9.69153E+14,  1.27383E-12,  0.00000E+00,  6.16038E+11,  7.75245E+11,  4.19827E-02,  1.43557E-03,  0.00000E+00,     0
   461,  4.61000E-02,  9.69153E+14,  9.69769E+14,  9.70546E+14,  1.27383E-12,  0.00000E+00,  6.15664E+11,  7.77621E+11,  3.89847E-02,  1.43557E-03,  0.00000E+00,     0
   462,  4.62000E-02,  9.70546E+14,  9.71161E+14,  9.71947E+14,  1.27383E-12,  0.00000E+00,  6.15208E+11,  7.86117E+11,  9.67490E-02,  1.44177E-03,  0.00000E+00,     0
   463,  4.63000E-02,  9.71947E+14,  9.72562E+14,  9.73342E+14,  1.27383E-12,  0.00000E+00,  6.14586E+11,  7.79652E+11,  7.93645E-02,  1.43242E-03,  0.00000E+00,     0
   464,  4.64000E-02,  9.73342E+14,  9.73956E+14,  9.74738E+14,  1.27383E-12,  0.00000E+00,  6.14334E+11,  7.82407E+11,  2.67922E-02,  1.43294E-03,  0.00000E+00,     0
   465,  4.65000E-02,  9.74738E+14,  9.75352E+14,  9.76134E+14,  1.27383E-12,  0.00000E+00,  6.13885E+11,  7.81403E+11,  2.15644E-03,  1.42940E-03,  0.00000E+00,     0
   466,  4.66000E-02,  9.76134E+14,  9.76747E+14,  9.77531E+14,  1.27383E-12,  0.00000E+00,  6.13449E+11,  7.84231E+11,  4.91720E-02,  1.42981E-03,  0.00000E+00,     0
   467,  4.67000E-02,  9.77531E+14,  9.78144E+14,  9.78931E+14,  1.27383E-12,  0.00000E+00,  6.12980E+11,  7.86422E+11,  1.19525E-02,  1.42952E-03,  0.00000E+00,     0
   468,  4.68000E-02,  9.78931E+14,  9.79543E+14,  9.80329E+14,  1.27383E-12,  0.00000E+00,  6.12591E+11,  7.85344E+11,  1.35538E-02,  1.42599E-03,  0.00000E+00,     0
   469,  4.69000E-02,  9.80329E+14,  9.80941E+14,  9.81714E+14,  1.27383E-12,  0.00000E+00,  6.12158E+11,  7.73114E+11,  1.35927E-01,  1.41107E-03,  0.00000E+00,     0
   470,  4.70000E-02,  9.81714E+14,  9.82326E+14,  9.83108E+14,  1.27383E-12,  0.00000E+00,  6.11896E+11,  7.82058E+11,  1.03884E-01,  1.41791E-03,  0.00000E+00,     0
   471,  4.71000E-02,  9.83108E+14,  9.83719E+14,  9.84502E+14,  1.27383E-12,  0.00000E+00,  6.11376E+11,  7.82905E+11,  1.46504E-02,  1.41623E-03,  0.00000E+00,     0
   472,  4.72000E-02,  9.84502E+14,  9.85113E+14,  9.85893E+14,  1.27383E-12,  0.00000E+00,  6.10934E+11,  7.79583E+11,  4.04297E-02,  1.41041E-03,  0.00000E+00,     0
   473,  4.73000E-02,  9.85893E+14,  9.86503E+14,  9.87287E+14,  1.27383E-12,  0.00000E+00,  6.10575E+11,  7.83190E+11,  4.14029E-02,  1.41171E-03,  0.00000E+00,     0
   474,  4.74000E-02,  9.87287E+14,  9.87897E+14,  9.88671E+14,  1.27383E-12,  0.00000E+00,  6.10109E+11,  7.74467E+11,  9.51471E-02,  1.40044E-03,  0.00000E+00,     0
   475,  4.75000E-02,  9.88671E+14,  9.89281E+14,  9.90066E+14,  1.27383E-12,  0.00000E+00,  6.09818E+11,  7.84582E+11,  1.01085E-01,  1.40839E-03,  0.00000E+00,     0
   476,  4.76000E-02,  9.90066E+14,  9.90675E+14,  9.91448E+14,  1.27383E-12,  0.00000E+00,  6.09302E+11,  7.72933E+11,  1.29549E-01,  1.39416E-03,  0.00000E+00,     0
   477,  4.77000E-02,  9.91448E+14,  9.92057E+14,  9.92829E+14,  1.27383E-12,  0.00000E+00,  6.09041E+11,  7.72621E+11,  6.65202E-03,  1.39164E-03,  0.00000E+00,     0
   478,  4.78000E-02,  9.92829E+14,  9.93438E+14,  9.94216E+14,  1.27383E-12,  0.00000E+00,  6.08657E+11,  7.77449E+11,  6.11644E-02,  1.39417E-03,  0.00000E+00,     0
   479,  4.79000E-02,  9.94216E+14,  9.94824E+14,  9.95606E+14,  1.27383E-12,  0.00000E+00,  6.08194E+11,  7.81957E+11,  4.80321E-02,  1.39629E-03,  0.00000E+00,     0
   480,  4.80000E-02,  9.95606E+14,  9.96213E+14,  9.96998E+14,  1.27383E-12,  0.00000E+00,  6.07738E+11,  7.84462E+11,  3.43472E-02,  1.39639E-03,  0.00000E+00,     0
   481,  4.81000E-02,  9.96998E+14,  9.97605E+14,  9.98384E+14,  1.27383E-12,  0.00000E+00,  6.07292E+11,  7.79080E+11,  6.05147E-02,  1.38862E-03,  0.00000E+00,     0
   482,  4.82000E-02,  9.98384E+14,  9.98991E+14,  9.99775E+14,  1.27383E-12,  0.00000E+00,  6.06965E+11,  7.83945E+11,  4.24624E-02,  1.39122E-03,  0.00000E+00,     0
   483,  4.83000E-02,  9.99775E+14,  1.00038E+15,  1.00117E+15,  1.27383E-12,  0.00000E+00,  6.06494E+11,  7.84496E+11,  1.59301E-02,  1.38937E-03,  0.00000E+00,     0
   484,  4.84000E-02,  1.00117E+15,  1.00177E+15,  1.00255E+15,  1.27383E-12,  0.00000E+00,  6.06068E+11,  7.78614E+11,  7.49478E-02,  1.38116E-03,  0.00000E+00,     0
   485,  4.85000E-02,  1.00255E+15,  1.00316E+15,  1.00394E+15,  1.27383E-12,  0.00000E+00,  6.05741E+11,  7.86604E+11,  9.83490E-02,  1.38688E-03,  0.00000E+00,     0
   486,  4.86000E-02,  1.00394E+15,  1.00455E+15,  1.00534E+15,  1.27383E-12,  0.00000E+00,  6.05253E+11,  7.89847E+11,  2.33272E-02,  1.38769E-03,  0.00000E+00,     0
   487,  4.87000E-02,  1.00534E+15,  1.00594E+15,  1.00673E+15,  1.27383E-12,  0.00000E+00,  6.04780E+11,  7.82562E+11,  8.86908E-02,  1.37807E-03,  0.00000E+00,     0
   488,  4.88000E-02,  1.00673E+15,  1.00733E+15,  1.00811E+15,  1.27383E-12,  0.00000E+00,  6.04471E+11,  7.79194E+11,  4.29062E-02,  1.37253E-03,  0.00000E+00,     0
   489,  4.89000E-02,  1.00811E+15,  1.00871E+15,  1.00950E+15,  1.27383E-12,  0.00000E+00,  6.04117E+11,  7.86144E+11,  9.37382E-02,  1.37718E-03,  0.00000E+00,     0
   490,  4.90000E-02,  1.00950E+15,  1.01010E+15,  1.01089E+15,  1.27383E-12,  0.00000E+00,  6.03619E+11,  7.87675E+11,  7.86492E-03,  1.37630E-03,  0.00000E+00,     0
   491,  4.91000E-02,  1.01089E+15,  1.01149E+15,  1.01228E+15,  1.27383E-12,  0.00000E+00,  6.03200E+11,  7.86134E+11,  1.96271E-02,  1.37248E-03,  0.00000E+00,     0
   492,  4.92000E-02,  1.01228E+15,  1.01288E+15,  1.01367E+15,  1.27383E-12,  0.00000E+00,  6.02810E+11,  7.86265E+11,  1.94505E-03,  1.37034E-03,  0.00000E+00,     0
   493,  4.93000E-02,  1.01367E+15,  1.01427E+15,  1.01506E+15,  1.27383E-12,  0.00000E+00,  6.02405E+11,  7.89262E+11,  4.89095E-02,  1.37102E-03,  0.00000E+00,     0
   494,  4.94000E-02,  1.01506E+15,  1.01566E+15,  1.01645E+15,  1.27383E-12,  0.00000E+00,  6.01952E+11,  7.89392E+11,  1.93659E-03,  1.36882E-03,  0.00000E+00,     0
   495,  4.95000E-02,  1.01645E+15,  1.01705E+15,  1.01784E+15,  1.27383E-12,  0.00000E+00,  6.01542E+11,  7.85815E+11,  6.31220E-02,  1.36304E-03,  0.00000E+00,     0
   496,  4.96000E-02,  1.01784E+15,  1.01844E+15,  1.01923E+15,  1.27383E-12,  0.00000E+00,  6.01197E+11,  7.89649E+11,  6.31188E-02,  1.36460E-03,  0.00000E+00,     0
   497,  4.97000E-02,  1.01923E+15,  1.01983E+15,  1.02062E+15,  1.27383E-12,  0.00000E+00,  6.00734E+11,  7.89777E+11,  1.92439E-03,  1.36242E-03,  0.00000E+00,     0
   498,  4.98000E-02,  1.02062E+15,  1.02122E+15,  1.02201E+15,  1.27383E-12,  0.00000E+00,  6.00328E+11,  7.89903E+11,  1.92036E-03,  1.36029E-03,  0.00000E+00,     0
   499,  4.99000E-02,  1.02201E+15,  1.02261E+15,  1.02340E+15,  1.27383E-12,  0.00000E+00,  5.99922E+11,  7.90029E+11,  1.91634E-03,  1.35817E-03,  0.00000E+00,     0
   500,  5.00000E-02,  1.02340E+15,  1.02400E+15,  1.02479E+15,  1.27383E-12,  0.00000E+00,  5.99518E+11,  7.90153E+11,  1.91234E-03,  1.35605E-03,  0.00000E+00,     0
   501,  5.01000E-02,  1.02479E+15,  1.02539E+15,  1.02618E+15,  1.27383E-12,  0.00000E+00,  5.99115E+11,  7.89656E+11,  2.29255E-02,  1.35334E-03,  0.00000E+00,     0
   502,  5.02000E-02,  1.02618E+15,  1.02678E+15,  1.02757E+15,  1.27383E-12,  0.00000E+00,  5.98733E+11,  7.90894E+11,  1.01327E-02,  1.35234E-03,  0.00000E+00,     0
   503,  5.03000E-02,  1.02757E+15,  1.02817E+15,  1.02895E+15,  1.27383E-12,  0.00000E+00,  5.98322E+11,  7.84293E+11,  7.69284E-02,  1.34371E-03,  0.00000E+00,     0
   504,  5.04000E-02,  1.02895E+15,  1.02955E+15,  1.03033E+15,  1.27383E-12,  0.00000E+00,  5.98005E+11,  7.84412E+11,  1.92394E-03,  1.34172E-03,  0.00000E+00,     0
   505,  5.05000E-02,  1.03033E+15,  1.03093E+15,  1.03172E+15,  1.27383E-12,  0.00000E+00,  5.97618E+11,  7.90495E+11,  8.09864E-02,  1.34543E-03,  0.00000E+00,     0
   506,  5.06000E-02,  1.03172E+15,  1.03232E+15,  1.03309E+15,  1.27383E-12,  0.00000E+00,  5.97146E+11,  7.74461E+11,  1.70524E-01,  1.32767E-03,  0.00000E+00,     0
   507,  5.07000E-02,  1.03309E+15,  1.03369E+15,  1.03448E+15,  1.27383E-12,  0.00000E+00,  5.96955E+11,  7.89129E+11,  1.58747E-01,  1.33989E-03,  0.00000E+00,     0
   508,  5.08000E-02,  1.03448E+15,  1.03508E+15,  1.03587E+15,  1.27383E-12,  0.00000E+00,  5.96399E+11,  7.91614E+11,  1.28826E-02,  1.33995E-03,  0.00000E+00,     0
   509,  5.09000E-02,  1.03587E+15,  1.03646E+15,  1.03725E+15,  1.27383E-12,  0.00000E+00,  5.95987E+11,  7.84854E+11,  7.26097E-02,  1.33125E-03,  0.00000E+00,     0
   510,  5.10000E-02,  1.03725E+15,  1.03784E+15,  1.03863E+15,  1.27383E-12,  0.00000E+00,  5.95669E+11,  7.82097E+11,  4.60168E-02,  1.32653E-03,  0.00000E+00,     0
   511,  5.11000E-02,  1.03863E+15,  1.03922E+15,  1.04001E+15,  1.27383E-12,  0.00000E+00,  5.95334E+11,  7.89311E+11,  9.42493E-02,  1.33138E-03,  0.00000E+00,     0
   512,  5.12000E-02,  1.04001E+15,  1.04061E+15,  1.04140E+15,  1.27383E-12,  0.00000E+00,  5.94851E+11,  7.90703E+11,  5.19786E-03,  1.33048E-03,  0.00000E+00,     0
   513,  5.13000E-02,  1.04140E+15,  1.04199E+15,  1.04277E+15,  1.27383E-12,  0.00000E+00,  5.94451E+11,  7.81670E+11,  9.92888E-02,  1.31967E-03,  0.00000E+00,     0
   514,  5.14000E-02,  1.04277E+15,  1.04337E+15,  1.04415E+15,  1.27383E-12,  0.00000E+00,  5.94171E+11,  7.85376E+11,  4.01917E-02,  1.32121E-03,  0.00000E+00,     0
   515,  5.15000E-02,  1.04415E+15,  1.04475E+15,  1.04553E+15,  1.27383E-12,  0.00000E+00,  5.93748E+11,  7.86071E+11,  9.93993E-03,  1.31973E-03,  0.00000E+00,     0
   516,  5.16000E-02,  1.04553E+15,  1.04613E+15,  1.04692E+15,  1.27383E-12,  0.00000E+00,  5.93356E+11,  7.92267E+11,  8.43354E-02,  1.32353E-03,  0.00000E+00,     0
   517,  5.17000E-02,  1.04692E+15,  1.04751E+15,  1.04830E+15,  1.27383E-12,  0.00000E+00,  5.92882E+11,  7.85419E+11,  7.26499E-02,  1.31480E-03,  0.00000E+00,     0
   518,  5.18000E-02,  1.04830E+15,  1.04889E+15,  1.04968E+15,  1.27383E-12,  0.00000E+00,  5.92599E+11,  7.87400E+11,  1.28645E-02,  1.31469E-03,  0.00000E+00,     0
   519,  5.19000E-02,  1.04968E+15,  1.05027E+15,  1.05106E+15,  1.27383E-12,  0.00000E+00,  5.92058E+11,  7.86969E+11,  2.10219E-02,  1.31204E-03,  0.00000E+00,     0
   520,  5.20000E-02,  1.05106E+15,  1.05165E+15,  1.05244E+15,  1.27383E-12,  0.00000E+00,  5.91804E+11,  7.90796E+11,  5.69737E-02,  1.31371E-03,  0.00000E+00,     0
   521,  5.21000E-02,  1.05244E+15,  1.05303E+15,  1.05382E+15,  1.27383E-12,  0.00000E+00,  5.91362E+11,  7.88483E+11,  4.48167E-02,  1.30938E-03,  0.00000E+00,     0
   522,  5.22000E-02,  1.05382E+15,  1.05441E+15,  1.05519E+15,  1.27383E-12,  0.00000E+00,  5.91016E+11,  7.85333E+11,  7.96678E-03,  1.30436E-03,  0.00000E+00,     0
   523,  5.23000E-02,  1.05519E+15,  1.05578E+15,  1.05657E+15,  1.27383E-12,  0.00000E+00,  5.90639E+11,  7.87812E+11,  1.34082E-02,  1.30464E-03,  0.00000E+00,     0
   524,  5.24000E-02,  1.05657E+15,  1.05716E+15,  1.05794E+15,  1.27383E-12,  0.00000E+00,  5.90242E+11,  7.81279E+11,  5.79986E-02,  1.29640E-03,  0.00000E+00,     0
   525,  5.25000E-02,  1.05794E+15,  1.05853E+15,  1.05932E+15,  1.27383E-12,  0.00000E+00,  5.89954E+11,  7.86913E+11,  2.37008E-02,  1.29976E-03,  0.00000E+00,     0
   526,  5.26000E-02,  1.05932E+15,  1.05991E+15,  1.06070E+15,  1.27383E-12,  0.00000E+00,  5.89545E+11,  7.87913E+11,  2.30566E-02,  1.29863E-03,  0.00000E+00,     0
   527,  5.27000E-02,  1.06070E+15,  1.06129E+15,  1.06206E+15,  1.27383E-12,  0.00000E+00,  5.89121E+11,  7.76343E+11,  1.14317E-01,  1.28567E-03,  0.00000E+00,     0
   528,  5.28000E-02,  1.06206E+15,  1.06265E+15,  1.06344E+15,  1.27383E-12,  0.00000E+00,  5.88878E+11,  7.88040E+11,  1.17233E-01,  1.29478E-03,  0.00000E+00,     0
   529,  5.29000E-02,  1.06344E+15,  1.06403E+15,  1.06482E+15,  1.27383E-12,  0.00000E+00,  5.88377E+11,  7.88867E+11,  3.13659E-02,  1.29341E-03,  0.00000E+00,     0
   530,  5.30000E-02,  1.06482E+15,  1.06541E+15,  1.06619E+15,  1.27383E-12,  0.00000E+00,  5.87966E+11,  7.87945E+11,  2.27163E-02,  1.29049E-03,  0.00000E+00,     0
   531,  5.31000E-02,  1.06619E+15,  1.06678E+15,  1.06757E+15,  1.27383E-12,  0.00000E+00,  5.87604E+11,  7.88218E+11,  1.52929E-02,  1.28874E-03,  0.00000E+00,     0
   532,  5.32000E-02,  1.06757E+15,  1.06816E+15,  1.06894E+15,  1.27383E-12,  0.00000E+00,  5.87233E+11,  7.82819E+11,  6.79249E-02,  1.28169E-03,  0.00000E+00,     0
   533,  5.33000E-02,  1.06894E+15,  1.06953E+15,  1.07032E+15,  1.27383E-12,  0.00000E+00,  5.86928E+11,  7.89249E+11,  9.37696E-02,  1.28577E-03,  0.00000E+00,     0
   534,  5.34000E-02,  1.07032E+15,  1.07090E+15,  1.07169E+15,  1.27383E-12,  0.00000E+00,  5.86446E+11,  7.86660E+11,  4.83885E-02,  1.28125E-03,  0.00000E+00,     0
   535,  5.35000E-02,  1.07169E+15,  1.07228E+15,  1.07306E+15,  1.27383E-12,  0.00000E+00,  5.86122E+11,  7.81524E+11,  3.73632E-02,  1.27453E-03,  0.00000E+00,     0
   536,  5.36000E-02,  1.07306E+15,  1.07364E+15,  1.07443E+15,  1.27383E-12,  0.00000E+00,  5.85792E+11,  7.87234E+11,  5.17111E-02,  1.27791E-03,  0.00000E+00,     0
   537,  5.37000E-02,  1.07443E+15,  1.07502E+15,  1.07580E+15,  1.27383E-12,  0.00000E+00,  5.85271E+11,  7.88665E+11,  1.70721E-02,  1.27713E-03,  0.00000E+00,     0
   538,  5.38000E-02,  1.07580E+15,  1.07639E+15,  1.07718E+15,  1.27383E-12,  0.00000E+00,  5.84967E+11,  7.89243E+11,  4.34780E-03,  1.27575E-03,  0.00000E+00,     0
   539,  5.39000E-02,  1.07718E+15,  1.07776E+15,  1.07856E+15,  1.27383E-12,  0.00000E+00,  5.84588E+11,  7.93915E+11,  6.03269E-02,  1.27810E-03,  0.00000E+00,     0
   540,  5.40000E-02,  1.07856E+15,  1.07914E+15,  1.07993E+15,  1.27383E-12,  0.00000E+00,  5.84165E+11,  7.90393E+11,  2.09625E-02,  1.27282E-03,  0.00000E+00,     0
   541,  5.41000E-02,  1.07993E+15,  1.08051E+15,  1.08130E+15,  1.27383E-12,  0.00000E+00,  5.83768E+11,  7.89762E+11,  3.13182E-02,  1.27025E-03,  0.00000E+00,     0
   542,  5.42000E-02,  1.08130E+15,  1.08189E+15,  1.08268E+15,  1.27383E-12,  0.00000E+00,  5.83424E+11,  7.87505E+11,  3.57279E-02,  1.26624E-03,  0.00000E+00,     0
   543,  5.43000E-02,  1.08268E+15,  1.08326E+15,  1.08405E+15,  1.27383E-12,  0.00000E+00,  5.83081E+11,  7.88713E+11,  1.28725E-02,  1.26544E-03,  0.00000E+00,     0
   544,  5.44000E-02,  1.08405E+15,  1.08463E+15,  1.08542E+15,  1.27383E-12,  0.00000E+00,  5.82714E+11,  7.90119E+11,  6.16684E-03,  1.26479E-03,  0.00000E+00,     0
   545,  5.45000E-02,  1.08542E+15,  1.08600E+15,  1.08680E+15,  1.27383E-12,  0.00000E+00,  5.82307E+11,  7.93315E+11,  4.36767E-02,  1.26576E-03,  0.00000E+00,     0
   546,  5.46000E-02,  1.08680E+15,  1.08738E+15,  1.08817E+15,  1.27383E-12,  0.00000E+00,  5.81903E+11,  7.90287E+11,  2.00709E-02,  1.26101E-03,  0.00000E+00,     0
   547,  5.47000E-02,  1.08817E+15,  1.08875E+15,  1.08954E+15,  1.27383E-12,  0.00000E+00,  5.81543E+11,  7.89070E+11,  1.83110E-02,  1.25798E-03,  0.00000E+00,     0
   548,  5.48000E-02,  1.08954E+15,  1.09012E+15,  1.09090E+15,  1.27383E-12,  0.00000E+00,  5.81162E+11,  7.79485E+11,  1.08383E-01,  1.24727E-03,  0.00000E+00,     0
   549,  5.49000E-02,  1.09090E+15,  1.09148E+15,  1.09227E+15,  1.27383E-12,  0.00000E+00,  5.80915E+11,  7.94516E+11,  1.45418E-01,  1.25924E-03,  0.00000E+00,     0
   550,  5.50000E-02,  1.09227E+15,  1.09285E+15,  1.09364E+15,  1.27383E-12,  0.00000E+00,  5.80404E+11,  7.86627E+11,  7.04418E-02,  1.24998E-03,  0.00000E+00,     0
   551,  5.51000E-02,  1.09364E+15,  1.09422E+15,  1.09501E+15,  1.27383E-12,  0.00000E+00,  5.80100E+11,  7.87099E+11,  1.06937E-02,  1.24857E-03,  0.00000E+00,     0
   552,  5.52000E-02,  1.09501E+15,  1.09559E+15,  1.09638E+15,  1.27383E-12,  0.00000E+00,  5.79717E+11,  7.89498E+11,  4.45683E-02,  1.24885E-03,  0.00000E+00,     0
   553,  5.53000E-02,  1.09638E+15,  1.09696E+15,  1.09775E+15,  1.27383E-12,  0.00000E+00,  5.79323E+11,  7.91745E+11,  1.34044E-02,  1.24898E-03,  0.00000E+00,     0
   554,  5.54000E-02,  1.09775E+15,  1.09833E+15,  1.09912E+15,  1.27383E-12,  0.00000E+00,  5.78931E+11,  7.89072E+11,  3.49586E-02,  1.24464E-03,  0.00000E+00,     0
   555,  5.55000E-02,  1.09912E+15,  1.09970E+15,  1.10049E+15,  1.27383E-12,  0.00000E+00,  5.78590E+11,  7.93094E+11,  5.00029E-02,  1.24643E-03,  0.00000E+00,     0
   556,  5.56000E-02,  1.10049E+15,  1.10107E+15,  1.10185E+15,  1.27383E-12,  0.00000E+00,  5.78164E+11,  7.85338E+11,  9.33873E-02,  1.23746E-03,  0.00000E+00,     0
   557,  5.57000E-02,  1.10185E+15,  1.10243E+15,  1.10323E+15,  1.27383E-12,  0.00000E+00,  5.77888E+11,  7.95134E+11,  1.27769E-01,  1.24455E-03,  0.00000E+00,     0
   558,  5.58000E-02,  1.10323E+15,  1.10380E+15,  1.10460E+15,  1.27383E-12,  0.00000E+00,  5.77383E+11,  7.92496E+11,  4.79077E-02,  1.24016E-03,  0.00000E+00,     0
   559,  5.59000E-02,  1.10460E+15,  1.10517E+15,  1.10596E+15,  1.27383E-12,  0.00000E+00,  5.77046E+11,  7.92591E+11,  1.70188E-03,  1.23841E-03,  0.00000E+00,     0
   560,  5.60000E-02,  1.10596E+15,  1.10654E+15,  1.10734E+15,  1.27383E-12,  0.00000E+00,  5.76669E+11,  7.97159E+11,  4.43533E-02,  1.24066E-03,  0.00000E+00,     0
   561,  5.61000E-02,  1.10734E+15,  1.10791E+15,  1.10870E+15,  1.27383E-12,  0.00000E+00,  5.76243E+11,  7.87562E+11,  9.25157E-02,  1.23009E-03,  0.00000E+00,     0
   562,  5.62000E-02,  1.10870E+15,  1.10928E+15,  1.11008E+15,  1.27383E-12,  0.00000E+00,  5.75964E+11,  7.97227E+11,  1.23742E-01,  1.23702E-03,  0.00000E+00,     0
   563,  5.63000E-02,  1.11008E+15,  1.11065E+15,  1.11144E+15,  1.27383E-12,  0.00000E+00,  5.75445E+11,  7.92541E+11,  8.02673E-02,  1.23082E-03,  0.00000E+00,     0
   564,  5.64000E-02,  1.11144E+15,  1.11202E+15,  1.11281E+15,  1.27383E-12,  0.00000E+00,  5.75160E+11,  7.90849E+11,  2.85570E-02,  1.22753E-03,  0.00000E+00,     0
   565,  5.65000E-02,  1.11281E+15,  1.11338E+15,  1.11418E+15,  1.27383E-12,  0.00000E+00,  5.74816E+11,  7.90943E+11,  1.68310E-03,  1.22580E-03,  0.00000E+00,     0
   566,  5.66000E-02,  1.11418E+15,  1.11475E+15,  1.11554E+15,  1.27383E-12,  0.00000E+00,  5.74446E+11,  7.92920E+11,  2.96539E-02,  1.22574E-03,  0.00000E+00,     0
   567,  5.67000E-02,  1.11554E+15,  1.11612E+15,  1.11691E+15,  1.27383E-12,  0.00000E+00,  5.74047E+11,  7.89855E+11,  4.54255E-02,  1.22114E-03,  0.00000E+00,     0
   568,  5.68000E-02,  1.11691E+15,  1.11748E+15,  1.11828E+15,  1.27383E-12,  0.00000E+00,  5.73722E+11,  7.96050E+11,  6.35758E-02,  1.22489E-03,  0.00000E+00,     0
   569,  5.69000E-02,  1.11828E+15,  1.11885E+15,  1.11964E+15,  1.27383E-12,  0.00000E+00,  5.73284E+11,  7.91428E+11,  4.79967E-02,  1.21888E-03,  0.00000E+00,     0
   570,  5.70000E-02,  1.11964E+15,  1.12021E+15,  1.12100E+15,  1.27383E-12,  0.00000E+00,  5.72959E+11,  7.82710E+11,  6.76616E-02,  1.20934E-03,  0.00000E+00,     0
   571,  5.71000E-02,  1.12100E+15,  1.12157E+15,  1.12236E+15,  1.27383E-12,  0.00000E+00,  5.72675E+11,  7.86542E+11,  1.02995E-02,  1.21104E-03,  0.00000E+00,     0
   572,  5.72000E-02,  1.12236E+15,  1.12293E+15,  1.12372E+15,  1.27383E-12,  0.00000E+00,  5.72306E+11,  7.90343E+11,  6.43131E-02,  1.21262E-03,  0.00000E+00,     0
   573,  5.73000E-02,  1.12372E+15,  1.12429E+15,  1.12509E+15,  1.27383E-12,  0.00000E+00,  5.71879E+11,  7.95240E+11,  5.93464E-02,  1.21512E-03,  0.00000E+00,     0
   574,  5.74000E-02,  1.12509E+15,  1.12566E+15,  1.12645E+15,  1.27383E-12,  0.00000E+00,  5.71449E+11,  7.95334E+11,  1.65508E-03,  1.21335E-03,  0.00000E+00,     0
   575,  5.75000E-02,  1.12645E+15,  1.12702E+15,  1.12782E+15,  1.27383E-12,  0.00000E+00,  5.71073E+11,  7.95424E+11,  1.65206E-03,  1.21163E-03,  0.00000E+00,     0
   576,  5.76000E-02,  1.12782E+15,  1.12839E+15,  1.12918E+15,  1.27383E-12,  0.00000E+00,  5.70698E+11,  7.92992E+11,  2.65672E-02,  1.20768E-03,  0.00000E+00,     0
   577,  5.77000E-02,  1.12918E+15,  1.12975E+15,  1.13054E+15,  1.27383E-12,  0.00000E+00,  5.70351E+11,  7.91577E+11,  3.15065E-02,  1.20467E-03,  0.00000E+00,     0
   578,  5.78000E-02,  1.13054E+15,  1.13111E+15,  1.13191E+15,  1.27383E-12,  0.00000E+00,  5.70013E+11,  7.96861E+11,  6.25944E-02,  1.20758E-03,  0.00000E+00,     0
   579,  5.79000E-02,  1.13191E+15,  1.13248E+15,  1.13327E+15,  1.27383E-12,  0.00000E+00,  5.69581E+11,  7.92300E+11,  6.43173E-02,  1.20172E-03,  0.00000E+00,     0
   580,  5.80000E-02,  1.13327E+15,  1.13384E+15,  1.13464E+15,  1.27383E-12,  0.00000E+00,  5.69271E+11,  7.98055E+11,  7.33389E-02,  1.20507E-03,  0.00000E+00,     0
   581,  5.81000E-02,  1.13464E+15,  1.13521E+15,  1.13600E+15,  1.27383E-12,  0.00000E+00,  5.68828E+11,  7.91050E+11,  9.89330E-02,  1.19707E-03,  0.00000E+00,     0
   582,  5.82000E-02,  1.13600E+15,  1.13657E+15,  1.13736E+15,  1.27383E-12,  0.00000E+00,  5.68555E+11,  7.91124E+11,  1.96961E-03,  1.19547E-03,  0.00000E+00,     0
   583,  5.83000E-02,  1.13736E+15,  1.13793E+15,  1.13872E+15,  1.27383E-12,  0.00000E+00,  5.68193E+11,  7.94199E+11,  5.37371E-02,  1.19642E-03,  0.00000E+00,     0
   584,  5.84000E-02,  1.13872E+15,  1.13929E+15,  1.14008E+15,  1.27383E-12,  0.00000E+00,  5.67776E+11,  7.91308E+11,  5.31301E-02,  1.19209E-03,  0.00000E+00,     0
   585,  5.85000E-02,  1.14008E+15,  1.14065E+15,  1.14144E+15,  1.27383E-12,  0.00000E+00,  5.67462E+11,  7.91393E+11,  1.62279E-03,  1.19047E-03,  0.00000E+00,     0
   586,  5.86000E-02,  1.14144E+15,  1.14201E+15,  1.14280E+15,  1.27383E-12,  0.00000E+00,  5.67099E+11,  7.94145E+11,  3.50283E-02,  1.19115E-03,  0.00000E+00,     0
   587,  5.87000E-02,  1.14280E+15,  1.14337E+15,  1.14417E+15,  1.27383E-12,  0.00000E+00,  5.66700E+11,  8.00687E+11,  7.06635E-02,  1.19509E-03,  0.00000E+00,     0
   588,  5.88000E-02,  1.14417E+15,  1.14474E+15,  1.14553E+15,  1.27383E-12,  0.00000E+00,  5.66092E+11,  7.93866E+11,  6.66824E-02,  1.18719E-03,  0.00000E+00,     0
   589,  5.89000E-02,  1.14553E+15,  1.14610E+15,  1.14689E+15,  1.27383E-12,  0.00000E+00,  5.65952E+11,  7.95053E+11,  2.15067E-02,  1.18669E-03,  0.00000E+00,     0
   590,  5.90000E-02,  1.14689E+15,  1.14746E+15,  1.14825E+15,  1.27383E-12,  0.00000E+00,  5.65565E+11,  7.97084E+11,  2.27366E-02,  1.18672E-03,  0.00000E+00,     0
   591,  5.91000E-02,  1.14825E+15,  1.14882E+15,  1.14961E+15,  1.27383E-12,  0.00000E+00,  5.65175E+11,  7.91944E+11,  6.65915E-02,  1.18050E-03,  0.00000E+00,     0
   592,  5.92000E-02,  1.14961E+15,  1.15017E+15,  1.15097E+15,  1.27383E-12,  0.00000E+00,  5.64875E+11,  7.97160E+11,  6.32643E-02,  1.18338E-03,  0.00000E+00,     0
   593,  5.93000E-02,  1.15097E+15,  1.15154E+15,  1.15233E+15,  1.27383E-12,  0.00000E+00,  5.64448E+11,  7.97240E+11,  1.59932E-03,  1.18168E-03,  0.00000E+00,     0
   594,  5.94000E-02,  1.15233E+15,  1.15290E+15,  1.15369E+15,  1.27383E-12,  0.00000E+00,  5.64078E+11,  7.95445E+11,  2.28465E-02,  1.17841E-03,  0.00000E+00,     0
   595,  5.95000E-02,  1.15369E+15,  1.15426E+15,  1.15505E+15,  1.27383E-12,  0.00000E+00,  5.63733E+11,  7.92103E+11,  3.50578E-02,  1.17383E-03,  0.00000E+00,     0
   596,  5.96000E-02,  1.15505E+15,  1.15561E+15,  1.15640E+15,  1.27383E-12,  0.00000E+00,  5.63407E+11,  7.88681E+11,  4.26800E-02,  1.16922E-03,  0.00000E+00,     0
   597,  5.97000E-02,  1.15640E+15,  1.15696E+15,  1.15776E+15,  1.27383E-12,  0.00000E+00,  5.63096E+11,  7.93795E+11,  5.84152E-02,  1.17200E-03,  0.00000E+00,     0
   598,  5.98000E-02,  1.15776E+15,  1.15832E+15,  1.15912E+15,  1.27383E-12,  0.00000E+00,  5.62681E+11,  7.96713E+11,  1.44763E-02,  1.17278E-03,  0.00000E+00,     0
   599,  5.99000E-02,  1.15912E+15,  1.15968E+15,  1.16047E+15,  1.27383E-12,  0.00000E+00,  5.62300E+11,  7.93950E+11,  7.07425E-03,  1.16870E-03,  0.00000E+00,     0
   600,  6.00000E-02,  1.16047E+15,  1.16104E+15,  1.16183E+15,  1.27383E-12,  0.00000E+00,  5.61945E+11,  7.90858E+11,  6.04164E-02,  1.16438E-03,  0.00000E+00,     0
   601,  6.01000E-02,  1.16183E+15,  1.16239E+15,  1.16319E+15,  1.27383E-12,  0.00000E+00,  5.61646E+11,  7.96898E+11,  6.65903E-02,  1.16795E-03,  0.00000E+00,     0
   602,  6.02000E-02,  1.16319E+15,  1.16375E+15,  1.16454E+15,  1.27383E-12,  0.00000E+00,  5.61218E+11,  7.97685E+11,  4.09105E-02,  1.16690E-03,  0.00000E+00,     0
   603,  6.03000E-02,  1.16454E+15,  1.16510E+15,  1.16590E+15,  1.27383E-12,  0.00000E+00,  5.60815E+11,  7.90730E+11,  8.51143E-02,  1.15923E-03,  0.00000E+00,     0
   604,  6.04000E-02,  1.16590E+15,  1.16646E+15,  1.16725E+15,  1.27383E-12,  0.00000E+00,  5.60540E+11,  7.95939E+11,  5.44326E-02,  1.16211E-03,  0.00000E+00,     0
   605,  6.05000E-02,  1.16725E+15,  1.16781E+15,  1.16860E+15,  1.27383E-12,  0.00000E+00,  5.60126E+11,  7.88742E+11,  9.21769E-02,  1.15426E-03,  0.00000E+00,     0
   606,  6.06000E-02,  1.16860E+15,  1.16916E+15,  1.16996E+15,  1.27383E-12,  0.00000E+00,  5.59864E+11,  7.99777E+11,  1.51087E-01,  1.16213E-03,  0.00000E+00,     0
   607,  6.07000E-02,  1.16996E+15,  1.17052E+15,  1.17131E+15,  1.27383E-12,  0.00000E+00,  5.59321E+11,  7.94061E+11,  1.02859E-01,  1.15544E-03,  0.00000E+00,     0
   608,  6.08000E-02,  1.17131E+15,  1.17187E+15,  1.17267E+15,  1.27383E-12,  0.00000E+00,  5.59082E+11,  7.95332E+11,  3.49204E-02,  1.15499E-03,  0.00000E+00,     0
   609,  6.09000E-02,  1.17267E+15,  1.17323E+15,  1.17403E+15,  1.27383E-12,  0.00000E+00,  5.58691E+11,  7.98302E+11,  3.71683E-02,  1.15585E-03,  0.00000E+00,     0
   610,  6.10000E-02,  1.17403E+15,  1.17458E+15,  1.17538E+15,  1.27383E-12,  0.00000E+00,  5.58292E+11,  7.98080E+11,  1.89301E-02,  1.15398E-03,  0.00000E+00,     0
   611,  6.11000E-02,  1.17538E+15,  1.17594E+15,  1.17674E+15,  1.27383E-12,  0.00000E+00,  5.57941E+11,  7.95640E+11,  3.87592E-02,  1.15028E-03,  0.00000E+00,     0
   612,  6.12000E-02,  1.17674E+15,  1.17729E+15,  1.17810E+15,  1.27383E-12,  0.00000E+00,  5.57615E+11,  8.02903E+11,  8.75750E-02,  1.15484E-03,  0.00000E+00,     0
   613,  6.13000E-02,  1.17810E+15,  1.17865E+15,  1.17945E+15,  1.27383E-12,  0.00000E+00,  5.57032E+11,  7.97923E+11,  5.96670E-02,  1.14880E-03,  0.00000E+00,     0
   614,  6.14000E-02,  1.17945E+15,  1.18001E+15,  1.18081E+15,  1.27383E-12,  0.00000E+00,  5.56851E+11,  7.98909E+11,  1.33696E-02,  1.14816E-03,  0.00000E+00,     0
   615,  6.15000E-02,  1.18081E+15,  1.18136E+15,  1.18216E+15,  1.27383E-12,  0.00000E+00,  5.56474E+11,  7.96932E+11,  2.12656E-02,  1.14486E-03,  0.00000E+00,     0
   616,  6.16000E-02,  1.18216E+15,  1.18272E+15,  1.18352E+15,  1.27383E-12,  0.00000E+00,  5.56134E+11,  8.00879E+11,  4.44286E-02,  1.14659E-03,  0.00000E+00,     0
   617,  6.17000E-02,  1.18352E+15,  1.18407E+15,  1.18487E+15,  1.27383E-12,  0.00000E+00,  5.55728E+11,  7.97158E+11,  5.81322E-02,  1.14180E-03,  0.00000E+00,     0
   618,  6.18000E-02,  1.18487E+15,  1.18543E+15,  1.18623E+15,  1.27383E-12,  0.00000E+00,  5.55419E+11,  8.00836E+11,  5.39694E-02,  1.14334E-03,  0.00000E+00,     0
   619,  6.19000E-02,  1.18623E+15,  1.18678E+15,  1.18758E+15,  1.27383E-12,  0.00000E+00,  5.55005E+11,  8.00911E+11,  1.52846E-03,  1.14175E-03,  0.00000E+00,     0
   620,  6.20000E-02,  1.18758E+15,  1.18814E+15,  1.18894E+15,  1.27383E-12,  0.00000E+00,  5.54640E+11,  8.00984E+11,  1.52586E-03,  1.14020E-03,  0.00000E+00,     0
   621,  6.21000E-02,  1.18894E+15,  1.18949E+15,  1.19028E+15,  1.27383E-12,  0.00000E+00,  5.54275E+11,  7.92031E+11,  1.07606E-01,  1.13108E-03,  0.00000E+00,     0
   622,  6.22000E-02,  1.19028E+15,  1.19084E+15,  1.19164E+15,  1.27383E-12,  0.00000E+00,  5.54029E+11,  7.99602E+11,  8.54265E-02,  1.13594E-03,  0.00000E+00,     0
   623,  6.23000E-02,  1.19164E+15,  1.19219E+15,  1.19299E+15,  1.27383E-12,  0.00000E+00,  5.53520E+11,  7.94892E+11,  4.45292E-02,  1.13028E-03,  0.00000E+00,     0
   624,  6.24000E-02,  1.19299E+15,  1.19354E+15,  1.19433E+15,  1.27383E-12,  0.00000E+00,  5.53277E+11,  7.94842E+11,  2.68094E-03,  1.12876E-03,  0.00000E+00,     0
   625,  6.25000E-02,  1.19433E+15,  1.19489E+15,  1.19568E+15,  1.27383E-12,  0.00000E+00,  5.52928E+11,  7.96931E+11,  3.69745E-02,  1.12894E-03,  0.00000E+00,     0
   626,  6.26000E-02,  1.19568E+15,  1.19624E+15,  1.19704E+15,  1.27383E-12,  0.00000E+00,  5.52540E+11,  8.02753E+11,  3.68724E-02,  1.13220E-03,  0.00000E+00,     0
   627,  6.27000E-02,  1.19704E+15,  1.19759E+15,  1.19839E+15,  1.27383E-12,  0.00000E+00,  5.52139E+11,  8.02823E+11,  1.93862E-03,  1.13065E-03,  0.00000E+00,     0
   628,  6.28000E-02,  1.19839E+15,  1.19895E+15,  1.19974E+15,  1.27383E-12,  0.00000E+00,  5.51774E+11,  7.89942E+11,  1.26697E-01,  1.11834E-03,  0.00000E+00,     0
   629,  6.29000E-02,  1.19974E+15,  1.20029E+15,  1.20108E+15,  1.27383E-12,  0.00000E+00,  5.51558E+11,  7.92822E+11,  2.79727E-02,  1.11931E-03,  0.00000E+00,     0
   630,  6.30000E-02,  1.20108E+15,  1.20163E+15,  1.20243E+15,  1.27383E-12,  0.00000E+00,  5.51185E+11,  8.01366E+11,  1.23922E-01,  1.12485E-03,  0.00000E+00,     0
   631,  6.31000E-02,  1.20243E+15,  1.20298E+15,  1.20378E+15,  1.27383E-12,  0.00000E+00,  5.50709E+11,  8.01433E+11,  2.50213E-03,  1.12324E-03,  0.00000E+00,     0
   632,  6.32000E-02,  1.20378E+15,  1.20434E+15,  1.20513E+15,  1.27383E-12,  0.00000E+00,  5.50346E+11,  7.95443E+11,  9.95567E-02,  1.11672E-03,  0.00000E+00,     0
   633,  6.33000E-02,  1.20513E+15,  1.20568E+15,  1.20648E+15,  1.27383E-12,  0.00000E+00,  5.50084E+11,  7.99258E+11,  5.77991E-02,  1.11841E-03,  0.00000E+00,     0
   634,  6.34000E-02,  1.20648E+15,  1.20703E+15,  1.20782E+15,  1.27383E-12,  0.00000E+00,  5.49703E+11,  7.95053E+11,  3.64823E-02,  1.11337E-03,  0.00000E+00,     0
   635,  6.35000E-02,  1.20782E+15,  1.20837E+15,  1.20917E+15,  1.27383E-12,  0.00000E+00,  5.49358E+11,  7.99380E+11,  3.67720E-02,  1.11542E-03,  0.00000E+00,     0
   636,  6.36000E-02,  1.20917E+15,  1.20972E+15,  1.21052E+15,  1.27383E-12,  0.00000E+00,  5.48969E+11,  8.01772E+11,  4.44894E-02,  1.11583E-03,  0.00000E+00,     0
   637,  6.37000E-02,  1.21052E+15,  1.21107E+15,  1.21187E+15,  1.27383E-12,  0.00000E+00,  5.48569E+11,  7.95775E+11,  9.96098E-02,  1.10931E-03,  0.00000E+00,     0
   638,  6.38000E-02,  1.21187E+15,  1.21242E+15,  1.21322E+15,  1.27383E-12,  0.00000E+00,  5.48307E+11,  8.01909E+11,  9.96622E-02,  1.11292E-03,  0.00000E+00,     0
   639,  6.39000E-02,  1.21322E+15,  1.21377E+15,  1.21457E+15,  1.27383E-12,  0.00000E+00,  5.47858E+11,  8.01974E+11,  1.55408E-03,  1.11137E-03,  0.00000E+00,     0
   640,  6.40000E-02,  1.21457E+15,  1.21512E+15,  1.21591E+15,  1.27383E-12,  0.00000E+00,  5.47497E+11,  7.95973E+11,  9.95742E-02,  1.10491E-03,  0.00000E+00,     0
   641,  6.41000E-02,  1.21591E+15,  1.21646E+15,  1.21726E+15,  1.27383E-12,  0.00000E+00,  5.47236E+11,  8.00483E+11,  6.84172E-02,  1.10717E-03,  0.00000E+00,     0
   642,  6.42000E-02,  1.21726E+15,  1.21781E+15,  1.21861E+15,  1.27383E-12,  0.00000E+00,  5.46818E+11,  8.02227E+11,  2.12579E-02,  1.10704E-03,  0.00000E+00,     0
   643,  6.43000E-02,  1.21861E+15,  1.21916E+15,  1.21995E+15,  1.27383E-12,  0.00000E+00,  5.46440E+11,  7.95234E+11,  9.41719E-02,  1.09978E-03,  0.00000E+00,     0
   644,  6.44000E-02,  1.21995E+15,  1.22050E+15,  1.22130E+15,  1.27383E-12,  0.00000E+00,  5.46179E+11,  8.00677E+11,  7.46060E-02,  1.10281E-03,  0.00000E+00,     0
   645,  6.45000E-02,  1.22130E+15,  1.22184E+15,  1.22264E+15,  1.27383E-12,  0.00000E+00,  5.45755E+11,  8.00545E+11,  1.35391E-02,  1.10114E-03,  0.00000E+00,     0
   646,  6.46000E-02,  1.22264E+15,  1.22319E+15,  1.22399E+15,  1.27383E-12,  0.00000E+00,  5.45409E+11,  8.04269E+11,  4.96539E-02,  1.10268E-03,  0.00000E+00,     0
   647,  6.47000E-02,  1.22399E+15,  1.22454E+15,  1.22533E+15,  1.27383E-12,  0.00000E+00,  5.45004E+11,  7.95914E+11,  9.68786E-02,  1.09433E-03,  0.00000E+00,     0
   648,  6.48000E-02,  1.22533E+15,  1.22588E+15,  1.22668E+15,  1.27383E-12,  0.00000E+00,  5.44746E+11,  7.96686E+11,  6.30275E-03,  1.09355E-03,  0.00000E+00,     0
   649,  6.49000E-02,  1.22668E+15,  1.22722E+15,  1.22802E+15,  1.27383E-12,  0.00000E+00,  5.44393E+11,  8.02675E+11,  5.93617E-02,  1.09694E-03,  0.00000E+00,     0
   650,  6.50000E-02,  1.22802E+15,  1.22857E+15,  1.22936E+15,  1.27383E-12,  0.00000E+00,  5.43981E+11,  7.97230E+11,  4.40572E-02,  1.09098E-03,  0.00000E+00,     0
   651,  6.51000E-02,  1.22936E+15,  1.22991E+15,  1.23071E+15,  1.27383E-12,  0.00000E+00,  5.43672E+11,  8.00017E+11,  1.06975E-02,  1.09180E-03,  0.00000E+00,     0
   652,  6.52000E-02,  1.23071E+15,  1.23125E+15,  1.23205E+15,  1.27383E-12,  0.00000E+00,  5.43309E+11,  8.00080E+11,  1.44709E-03,  1.09037E-03,  0.00000E+00,     0
   653,  6.53000E-02,  1.23205E+15,  1.23259E+15,  1.23339E+15,  1.27383E-12,  0.00000E+00,  5.42956E+11,  7.92122E+11,  7.22553E-02,  1.08245E-03,  0.00000E+00,     0
   654,  6.54000E-02,  1.23339E+15,  1.23393E+15,  1.23473E+15,  1.27383E-12,  0.00000E+00,  5.42688E+11,  8.00935E+11,  9.49854E-02,  1.08819E-03,  0.00000E+00,     0
   655,  6.55000E-02,  1.23473E+15,  1.23527E+15,  1.23607E+15,  1.27383E-12,  0.00000E+00,  5.42244E+11,  8.02750E+11,  6.98675E-03,  1.08812E-03,  0.00000E+00,     0
   656,  6.56000E-02,  1.23607E+15,  1.23662E+15,  1.23741E+15,  1.27383E-12,  0.00000E+00,  5.41879E+11,  7.95003E+11,  8.32035E-02,  1.08039E-03,  0.00000E+00,     0
   657,  6.57000E-02,  1.23741E+15,  1.23795E+15,  1.23876E+15,  1.27383E-12,  0.00000E+00,  5.41614E+11,  8.04036E+11,  1.06420E-01,  1.08629E-03,  0.00000E+00,     0
   658,  6.58000E-02,  1.23876E+15,  1.23930E+15,  1.24010E+15,  1.27383E-12,  0.00000E+00,  5.41156E+11,  8.02943E+11,  6.77697E-03,  1.08386E-03,  0.00000E+00,     0
   659,  6.59000E-02,  1.24010E+15,  1.24064E+15,  1.24144E+15,  1.27383E-12,  0.00000E+00,  5.40693E+11,  7.94608E+11,  1.10638E-01,  1.07561E-03,  0.00000E+00,     0
   660,  6.60000E-02,  1.24144E+15,  1.24198E+15,  1.24278E+15,  1.27383E-12,  0.00000E+00,  5.40554E+11,  7.99671E+11,  5.00248E-02,  1.07841E-03,  0.00000E+00,     0
   661,  6.61000E-02,  1.24278E+15,  1.24332E+15,  1.24412E+15,  1.27383E-12,  0.00000E+00,  5.40157E+11,  8.04279E+11,  5.75392E-02,  1.08063E-03,  0.00000E+00,     0
   662,  6.62000E-02,  1.24412E+15,  1.24466E+15,  1.24546E+15,  1.27383E-12,  0.00000E+00,  5.39747E+11,  8.02117E+11,  2.91564E-02,  1.07740E-03,  0.00000E+00,     0
   663,  6.63000E-02,  1.24546E+15,  1.24600E+15,  1.24680E+15,  1.27383E-12,  0.00000E+00,  5.39416E+11,  8.02176E+11,  1.42157E-03,  1.07602E-03,  0.00000E+00,     0
   664,  6.64000E-02,  1.24680E+15,  1.24734E+15,  1.24815E+15,  1.27383E-12,  0.00000E+00,  5.39062E+11,  8.02234E+11,  1.41930E-03,  1.07463E-03,  0.00000E+00,     0
   665,  6.65000E-02,  1.24815E+15,  1.24868E+15,  1.24949E+15,  1.27383E-12,  0.00000E+00,  5.38708E+11,  8.02293E+11,  1.41704E-03,  1.07324E-03,  0.00000E+00,     0
   666,  6.66000E-02,  1.24949E+15,  1.25003E+15,  1.25083E+15,  1.27383E-12,  0.00000E+00,  5.38354E+11,  8.02414E+11,  1.41478E-03,  1.07190E-03,  0.00000E+00,     0
   667,  6.67000E-02,  1.25083E+15,  1.25137E+15,  1.25217E+15,  1.27383E-12,  0.00000E+00,  5.38000E+11,  8.02409E+11,  1.41254E-03,  1.07047E-03,  0.00000E+00,     0
   668,  6.68000E-02,  1.25217E+15,  1.25271E+15,  1.25351E+15,  1.27383E-12,  0.00000E+00,  5.37647E+11,  8.04610E+11,  4.86082E-02,  1.07080E-03,  0.00000E+00,     0
   669,  6.69000E-02,  1.25351E+15,  1.25405E+15,  1.25484E+15,  1.27383E-12,  0.00000E+00,  5.37251E+11,  7.96771E+11,  1.11109E-01,  1.06310E-03,  0.00000E+00,     0
   670,  6.70000E-02,  1.25484E+15,  1.25538E+15,  1.25618E+15,  1.27383E-12,  0.00000E+00,  5.37010E+11,  7.94657E+11,  2.66542E-02,  1.06010E-03,  0.00000E+00,     0
   671,  6.71000E-02,  1.25618E+15,  1.25671E+15,  1.25752E+15,  1.27383E-12,  0.00000E+00,  5.36698E+11,  8.04213E+11,  1.01595E-01,  1.06632E-03,  0.00000E+00,     0
   672,  6.72000E-02,  1.25752E+15,  1.25805E+15,  1.25885E+15,  1.27383E-12,  0.00000E+00,  5.36247E+11,  8.00061E+11,  4.93424E-02,  1.06153E-03,  0.00000E+00,     0
   673,  6.73000E-02,  1.25885E+15,  1.25939E+15,  1.26018E+15,  1.27383E-12,  0.00000E+00,  5.35943E+11,  7.94022E+11,  6.81017E-02,  1.05537E-03,  0.00000E+00,     0
   674,  6.74000E-02,  1.26018E+15,  1.26072E+15,  1.26152E+15,  1.27383E-12,  0.00000E+00,  5.35671E+11,  8.01593E+11,  9.41142E-02,  1.06004E-03,  0.00000E+00,     0
   675,  6.75000E-02,  1.26152E+15,  1.26206E+15,  1.26286E+15,  1.27383E-12,  0.00000E+00,  5.35233E+11,  8.06716E+11,  3.28363E-02,  1.06262E-03,  0.00000E+00,     0
   676,  6.76000E-02,  1.26286E+15,  1.26340E+15,  1.26420E+15,  1.27383E-12,  0.00000E+00,  5.34842E+11,  8.00566E+11,  4.65634E-02,  1.05633E-03,  0.00000E+00,     0
   677,  6.77000E-02,  1.26420E+15,  1.26473E+15,  1.26553E+15,  1.27383E-12,  0.00000E+00,  5.34537E+11,  8.00684E+11,  1.39073E-03,  1.05507E-03,  0.00000E+00,     0
   678,  6.78000E-02,  1.26553E+15,  1.26607E+15,  1.26687E+15,  1.27383E-12,  0.00000E+00,  5.34188E+11,  8.02956E+11,  3.61730E-02,  1.05547E-03,  0.00000E+00,     0
   679,  6.79000E-02,  1.26687E+15,  1.26740E+15,  1.26821E+15,  1.27383E-12,  0.00000E+00,  5.33805E+11,  8.00764E+11,  2.40834E-02,  1.05233E-03,  0.00000E+00,     0
   680,  6.80000E-02,  1.26821E+15,  1.26874E+15,  1.26954E+15,  1.27383E-12,  0.00000E+00,  5.33479E+11,  7.98019E+11,  4.84158E-02,  1.04881E-03,  0.00000E+00,     0
   681,  6.81000E-02,  1.26954E+15,  1.27007E+15,  1.27087E+15,  1.27383E-12,  0.00000E+00,  5.33180E+11,  7.96521E+11,  1.41748E-02,  1.04629E-03,  0.00000E+00,     0
   682,  6.82000E-02,  1.27087E+15,  1.27140E+15,  1.27221E+15,  1.27383E-12,  0.00000E+00,  5.32854E+11,  8.06331E+11,  1.30472E-01,  1.05265E-03,  0.00000E+00,     0
   683,  6.83000E-02,  1.27221E+15,  1.27274E+15,  1.27354E+15,  1.27383E-12,  0.00000E+00,  5.32225E+11,  8.05680E+11,  3.31343E-02,  1.05054E-03,  0.00000E+00,     0
   684,  6.84000E-02,  1.27354E+15,  1.27408E+15,  1.27488E+15,  1.27383E-12,  0.00000E+00,  5.32047E+11,  8.01413E+11,  5.48285E-02,  1.04595E-03,  0.00000E+00,     0
   685,  6.85000E-02,  1.27488E+15,  1.27541E+15,  1.27621E+15,  1.27383E-12,  0.00000E+00,  5.31747E+11,  7.97131E+11,  5.23065E-02,  1.04127E-03,  0.00000E+00,     0
   686,  6.86000E-02,  1.27621E+15,  1.27674E+15,  1.27753E+15,  1.27383E-12,  0.00000E+00,  5.31456E+11,  7.97056E+11,  5.44901E-03,  1.03990E-03,  0.00000E+00,     0
   687,  6.87000E-02,  1.27753E+15,  1.27807E+15,  1.27887E+15,  1.27383E-12,  0.00000E+00,  5.31122E+11,  8.00717E+11,  4.63775E-02,  1.04142E-03,  0.00000E+00,     0
   688,  6.88000E-02,  1.27887E+15,  1.27940E+15,  1.28020E+15,  1.27383E-12,  0.00000E+00,  5.30733E+11,  8.01067E+11,  5.79487E-03,  1.04031E-03,  0.00000E+00,     0
   689,  6.89000E-02,  1.28020E+15,  1.28073E+15,  1.28153E+15,  1.27383E-12,  0.00000E+00,  5.30381E+11,  7.97590E+11,  3.62255E-02,  1.03624E-03,  0.00000E+00,     0
   690,  6.90000E-02,  1.28153E+15,  1.28206E+15,  1.28286E+15,  1.27383E-12,  0.00000E+00,  5.30074E+11,  8.02732E+11,  6.95856E-02,  1.03893E-03,  0.00000E+00,     0
   691,  6.91000E-02,  1.28286E+15,  1.28339E+15,  1.28419E+15,  1.27383E-12,  0.00000E+00,  5.29661E+11,  8.06531E+11,  2.05962E-02,  1.04049E-03,  0.00000E+00,     0
   692,  6.92000E-02,  1.28419E+15,  1.28472E+15,  1.28552E+15,  1.27383E-12,  0.00000E+00,  5.29285E+11,  7.96166E+11,  8.39960E-02,  1.03106E-03,  0.00000E+00,     0
   693,  6.93000E-02,  1.28552E+15,  1.28605E+15,  1.28685E+15,  1.27383E-12,  0.00000E+00,  5.29027E+11,  8.03958E+11,  6.26721E-02,  1.03585E-03,  0.00000E+00,     0
   694,  6.94000E-02,  1.28685E+15,  1.28738E+15,  1.28818E+15,  1.27383E-12,  0.00000E+00,  5.28617E+11,  8.02947E+11,  3.88576E-03,  1.03367E-03,  0.00000E+00,     0
   695,  6.95000E-02,  1.28818E+15,  1.28871E+15,  1.28952E+15,  1.27383E-12,  0.00000E+00,  5.28265E+11,  8.04401E+11,  1.49559E-02,  1.03346E-03,  0.00000E+00,     0
   696,  6.96000E-02,  1.28952E+15,  1.29005E+15,  1.29085E+15,  1.27383E-12,  0.00000E+00,  5.27781E+11,  8.03675E+11,  2.77831E-02,  1.03146E-03,  0.00000E+00,     0
   697,  6.97000E-02,  1.29085E+15,  1.29138E+15,  1.29218E+15,  1.27383E-12,  0.00000E+00,  5.27573E+11,  8.04504E+11,  2.74226E-02,  1.03087E-03,  0.00000E+00,     0
   698,  6.98000E-02,  1.29218E+15,  1.29271E+15,  1.29351E+15,  1.27383E-12,  0.00000E+00,  5.27078E+11,  8.06035E+11,  2.45811E-02,  1.03061E-03,  0.00000E+00,     0
   699,  6.99000E-02,  1.29351E+15,  1.29404E+15,  1.29485E+15,  1.27383E-12,  0.00000E+00,  5.26824E+11,  8.04758E+11,  2.23630E-02,  1.02837E-03,  0.00000E+00,     0
   700,  7.00000E-02,  1.29485E+15,  1.29537E+15,  1.29617E+15,  1.27383E-12,  0.00000E+00,  5.26491E+11,  7.97091E+11,  8.92545E-02,  1.02115E-03,  0.00000E+00,     0
   701,  7.01000E-02,  1.29617E+15,  1.29670E+15,  1.29750E+15,  1.27383E-12,  0.00000E+00,  5.26238E+11,  8.03304E+11,  7.31021E-02,  1.02470E-03,  0.00000E+00,     0
   702,  7.02000E-02,  1.29750E+15,  1.29802E+15,  1.29883E+15,  1.27383E-12,  0.00000E+00,  5.25824E+11,  8.03356E+11,  1.45686E-03,  1.02337E-03,  0.00000E+00,     0
   703,  7.03000E-02,  1.29883E+15,  1.29935E+15,  1.30016E+15,  1.27383E-12,  0.00000E+00,  5.25476E+11,  8.07632E+11,  4.58952E-02,  1.02534E-03,  0.00000E+00,     0
   704,  7.04000E-02,  1.30016E+15,  1.30069E+15,  1.30149E+15,  1.27383E-12,  0.00000E+00,  5.25081E+11,  8.03457E+11,  4.64284E-02,  1.02078E-03,  0.00000E+00,     0
   705,  7.05000E-02,  1.30149E+15,  1.30201E+15,  1.30282E+15,  1.27383E-12,  0.00000E+00,  5.24774E+11,  8.03675E+11,  7.11703E-03,  1.01967E-03,  0.00000E+00,     0
   706,  7.06000E-02,  1.30282E+15,  1.30334E+15,  1.30415E+15,  1.27383E-12,  0.00000E+00,  5.24422E+11,  8.03307E+11,  2.29707E-02,  1.01808E-03,  0.00000E+00,     0
   707,  7.07000E-02,  1.30415E+15,  1.30467E+15,  1.30547E+15,  1.27383E-12,  0.00000E+00,  5.24094E+11,  8.02051E+11,  1.57875E-02,  1.01584E-03,  0.00000E+00,     0
   708,  7.08000E-02,  1.30547E+15,  1.30600E+15,  1.30679E+15,  1.27383E-12,  0.00000E+00,  5.23765E+11,  7.96272E+11,  6.30777E-02,  1.01014E-03,  0.00000E+00,     0
   709,  7.09000E-02,  1.30679E+15,  1.30732E+15,  1.30812E+15,  1.27383E-12,  0.00000E+00,  5.23492E+11,  8.00885E+11,  5.67667E-02,  1.01243E-03,  0.00000E+00,     0
   710,  7.10000E-02,  1.30812E+15,  1.30864E+15,  1.30944E+15,  1.27383E-12,  0.00000E+00,  5.23099E+11,  8.04627E+11,  5.98673E-02,  1.01396E-03,  0.00000E+00,     0
   711,  7.11000E-02,  1.30944E+15,  1.30997E+15,  1.31077E+15,  1.27383E-12,  0.00000E+00,  5.22699E+11,  8.06565E+11,  1.42528E-02,  1.01411E-03,  0.00000E+00,     0
   712,  7.12000E-02,  1.31077E+15,  1.31130E+15,  1.31210E+15,  1.27383E-12,  0.00000E+00,  5.22356E+11,  7.99935E+11,  5.47521E-02,  1.00777E-03,  0.00000E+00,     0
   713,  7.13000E-02,  1.31210E+15,  1.31262E+15,  1.31342E+15,  1.27383E-12,  0.00000E+00,  5.22066E+11,  8.01749E+11,  2.11998E-02,  1.00792E-03,  0.00000E+00,     0
   714,  7.14000E-02,  1.31342E+15,  1.31394E+15,  1.31474E+15,  1.27383E-12,  0.00000E+00,  5.21706E+11,  8.02322E+11,  1.86288E-03,  1.00706E-03,  0.00000E+00,     0
   715,  7.15000E-02,  1.31474E+15,  1.31526E+15,  1.31607E+15,  1.27383E-12,  0.00000E+00,  5.21364E+11,  8.01852E+11,  2.29791E-03,  1.00543E-03,  0.00000E+00,     0
   716,  7.16000E-02,  1.31607E+15,  1.31659E+15,  1.31739E+15,  1.27383E-12,  0.00000E+00,  5.21020E+11,  8.02765E+11,  8.23277E-03,  1.00485E-03,  0.00000E+00,     0
   717,  7.17000E-02,  1.31739E+15,  1.31791E+15,  1.31871E+15,  1.27383E-12,  0.00000E+00,  5.20669E+11,  8.00199E+11,  2.84129E-02,  1.00164E-03,  0.00000E+00,     0
   718,  7.18000E-02,  1.31871E+15,  1.31923E+15,  1.32003E+15,  1.27383E-12,  0.00000E+00,  5.20355E+11,  7.97642E+11,  4.16758E-02,  9.98460E-04,  0.00000E+00,     0
   719,  7.19000E-02,  1.32003E+15,  1.32055E+15,  1.32135E+15,  1.27383E-12,  0.00000E+00,  5.20059E+11,  8.01603E+11,  5.25253E-02,  1.00024E-03,  0.00000E+00,     0
   720,  7.20000E-02,  1.32135E+15,  1.32187E+15,  1.32267E+15,  1.27383E-12,  0.00000E+00,  5.19669E+11,  7.97034E+11,  6.79041E-02,  9.95491E-04,  0.00000E+00,     0
   721,  7.21000E-02,  1.32267E+15,  1.32319E+15,  1.32399E+15,  1.27383E-12,  0.00000E+00,  5.19399E+11,  8.05970E+11,  1.24798E-01,  1.00104E-03,  0.00000E+00,     0
   722,  7.22000E-02,  1.32399E+15,  1.32451E+15,  1.32532E+15,  1.27383E-12,  0.00000E+00,  5.18932E+11,  8.04614E+11,  2.07939E-02,  9.98663E-04,  0.00000E+00,     0
   723,  7.23000E-02,  1.32532E+15,  1.32584E+15,  1.32664E+15,  1.27383E-12,  0.00000E+00,  5.18601E+11,  8.00506E+11,  3.96360E-02,  9.94325E-04,  0.00000E+00,     0
   724,  7.24000E-02,  1.32664E+15,  1.32715E+15,  1.32796E+15,  1.27383E-12,  0.00000E+00,  5.18296E+11,  8.06115E+11,  5.95594E-02,  9.97328E-04,  0.00000E+00,     0
   725,  7.25000E-02,  1.32796E+15,  1.32848E+15,  1.32928E+15,  1.27383E-12,  0.00000E+00,  5.17893E+11,  8.02515E+11,  6.07502E-02,  9.93325E-04,  0.00000E+00,     0
   726,  7.26000E-02,  1.32928E+15,  1.32980E+15,  1.33060E+15,  1.27383E-12,  0.00000E+00,  5.17603E+11,  8.02563E+11,  1.29116E-03,  9.92158E-04,  0.00000E+00,     0
   727,  7.27000E-02,  1.33060E+15,  1.33112E+15,  1.33192E+15,  1.27383E-12,  0.00000E+00,  5.17260E+11,  7.98407E+11,  3.52235E-02,  9.87800E-04,  0.00000E+00,     0
   728,  7.28000E-02,  1.33192E+15,  1.33243E+15,  1.33324E+15,  1.27383E-12,  0.00000E+00,  5.16958E+11,  8.03309E+11,  4.91287E-02,  9.90272E-04,  0.00000E+00,     0
   729,  7.29000E-02,  1.33324E+15,  1.33375E+15,  1.33456E+15,  1.27383E-12,  0.00000E+00,  5.16568E+11,  8.05839E+11,  1.87151E-02,  9.90894E-04,  0.00000E+00,     0
   730,  7.30000E-02,  1.33456E+15,  1.33508E+15,  1.33588E+15,  1.27383E-12,  0.00000E+00,  5.16201E+11,  8.01994E+11,  2.68328E-02,  9.86764E-04,  0.00000E+00,     0
   731,  7.31000E-02,  1.33588E+15,  1.33639E+15,  1.33720E+15,  1.27383E-12,  0.00000E+00,  5.15884E+11,  8.08730E+11,  4.00212E-02,  9.90587E-04,  0.00000E+00,     0
   732,  7.32000E-02,  1.33720E+15,  1.33772E+15,  1.33853E+15,  1.27383E-12,  0.00000E+00,  5.15492E+11,  8.08775E+11,  1.74414E-03,  9.89347E-04,  0.00000E+00,     0
   733,  7.33000E-02,  1.33853E+15,  1.33904E+15,  1.33985E+15,  1.27383E-12,  0.00000E+00,  5.15139E+11,  8.08180E+11,  1.52936E-02,  9.87662E-04,  0.00000E+00,     0
   734,  7.34000E-02,  1.33985E+15,  1.34036E+15,  1.34117E+15,  1.27383E-12,  0.00000E+00,  5.14777E+11,  8.07068E+11,  6.75546E-03,  9.85590E-04,  0.00000E+00,     0
   735,  7.35000E-02,  1.34117E+15,  1.34169E+15,  1.34248E+15,  1.27383E-12,  0.00000E+00,  5.14299E+11,  7.95659E+11,  1.44387E-01,  9.75774E-04,  0.00000E+00,     0
   736,  7.36000E-02,  1.34248E+15,  1.34300E+15,  1.34380E+15,  1.27383E-12,  0.00000E+00,  5.14235E+11,  8.08954E+11,  1.26094E-01,  9.84659E-04,  0.00000E+00,     0
   737,  7.37000E-02,  1.34380E+15,  1.34432E+15,  1.34513E+15,  1.27383E-12,  0.00000E+00,  5.13758E+11,  8.07232E+11,  5.84569E-03,  9.82057E-04,  0.00000E+00,     0
   738,  7.38000E-02,  1.34513E+15,  1.34564E+15,  1.34644E+15,  1.27383E-12,  0.00000E+00,  5.13416E+11,  8.00502E+11,  7.22805E-02,  9.75846E-04,  0.00000E+00,     0
   739,  7.39000E-02,  1.34644E+15,  1.34695E+15,  1.34776E+15,  1.27383E-12,  0.00000E+00,  5.13148E+11,  8.05682E+11,  8.04912E-02,  9.78536E-04,  0.00000E+00,     0
   740,  7.40000E-02,  1.34776E+15,  1.34827E+15,  1.34907E+15,  1.27383E-12,  0.00000E+00,  5.12731E+11,  8.02152E+11,  5.29851E-02,  9.74657E-04,  0.00000E+00,     0
   741,  7.41000E-02,  1.34907E+15,  1.34959E+15,  1.35039E+15,  1.27383E-12,  0.00000E+00,  5.12439E+11,  8.00893E+11,  1.71810E-02,  9.72560E-04,  0.00000E+00,     0
   742,  7.42000E-02,  1.35039E+15,  1.35090E+15,  1.35170E+15,  1.27383E-12,  0.00000E+00,  5.12119E+11,  8.03654E+11,  2.79554E-02,  9.73419E-04,  0.00000E+00,     0
   743,  7.43000E-02,  1.35170E+15,  1.35221E+15,  1.35301E+15,  1.27383E-12,  0.00000E+00,  5.11753E+11,  7.98043E+11,  5.22717E-02,  9.68059E-04,  0.00000E+00,     0
   744,  7.44000E-02,  1.35301E+15,  1.35352E+15,  1.35432E+15,  1.27383E-12,  0.00000E+00,  5.11471E+11,  8.01490E+11,  2.60607E-02,  9.69458E-04,  0.00000E+00,     0
   745,  7.45000E-02,  1.35432E+15,  1.35484E+15,  1.35564E+15,  1.27383E-12,  0.00000E+00,  5.11109E+11,  8.06040E+11,  5.46033E-02,  9.71605E-04,  0.00000E+00,     0
   746,  7.46000E-02,  1.35564E+15,  1.35615E+15,  1.35695E+15,  1.27383E-12,  0.00000E+00,  5.10714E+11,  8.02161E+11,  4.48654E-02,  9.67516E-04,  0.00000E+00,     0
   747,  7.47000E-02,  1.35695E+15,  1.35747E+15,  1.35827E+15,  1.27383E-12,  0.00000E+00,  5.10416E+11,  8.06015E+11,  4.39200E-02,  9.69196E-04,  0.00000E+00,     0
   748,  7.48000E-02,  1.35827E+15,  1.35878E+15,  1.35958E+15,  1.27383E-12,  0.00000E+00,  5.10030E+11,  8.02248E+11,  4.38256E-02,  9.65206E-04,  0.00000E+00,     0
   749,  7.49000E-02,  1.35958E+15,  1.36009E+15,  1.36090E+15,  1.27383E-12,  0.00000E+00,  5.09731E+11,  8.03749E+11,  1.24435E-02,  9.65157E-04,  0.00000E+00,     0
   750,  7.50000E-02,  1.36090E+15,  1.36141E+15,  1.36221E+15,  1.27383E-12,  0.00000E+00,  5.09379E+11,  8.07084E+11,  4.07256E-02,  9.66414E-04,  0.00000E+00,     0
   751,  7.51000E-02,  1.36221E+15,  1.36272E+15,  1.36353E+15,  1.27383E-12,  0.00000E+00,  5.08995E+11,  8.06476E+11,  1.35243E-02,  9.64754E-04,  0.00000E+00,     0
   752,  7.52000E-02,  1.36353E+15,  1.36404E+15,  1.36484E+15,  1.27383E-12,  0.00000E+00,  5.08661E+11,  8.06642E+11,  2.04363E-02,  9.63702E-04,  0.00000E+00,     0
   753,  7.53000E-02,  1.36484E+15,  1.36535E+15,  1.36616E+15,  1.27383E-12,  0.00000E+00,  5.08299E+11,  8.05987E+11,  1.93595E-02,  9.62030E-04,  0.00000E+00,     0
   754,  7.54000E-02,  1.36616E+15,  1.36667E+15,  1.36747E+15,  1.27383E-12,  0.00000E+00,  5.07970E+11,  7.99718E+11,  7.81115E-02,  9.56285E-04,  0.00000E+00,     0
   755,  7.55000E-02,  1.36747E+15,  1.36797E+15,  1.36877E+15,  1.27383E-12,  0.00000E+00,  5.07711E+11,  8.00437E+11,  2.30212E-02,  9.55707E-04,  0.00000E+00,     0
   756,  7.56000E-02,  1.36877E+15,  1.36928E+15,  1.37009E+15,  1.27383E-12,  0.00000E+00,  5.07357E+11,  8.06222E+11,  7.00027E-02,  9.58755E-04,  0.00000E+00,     0
   757,  7.57000E-02,  1.37009E+15,  1.37059E+15,  1.37139E+15,  1.27383E-12,  0.00000E+00,  5.06848E+11,  7.97597E+11,  1.08330E-01,  9.51183E-04,  0.00000E+00,     0
   758,  7.58000E-02,  1.37139E+15,  1.37190E+15,  1.37270E+15,  1.27383E-12,  0.00000E+00,  5.06724E+11,  7.98556E+11,  2.67703E-02,  9.50886E-04,  0.00000E+00,     0
   759,  7.59000E-02,  1.37270E+15,  1.37320E+15,  1.37400E+15,  1.27383E-12,  0.00000E+00,  5.06369E+11,  7.97786E+11,  2.39470E-02,  9.49166E-04,  0.00000E+00,     0
   760,  7.60000E-02,  1.37400E+15,  1.37451E+15,  1.37531E+15,  1.27383E-12,  0.00000E+00,  5.06063E+11,  8.06002E+11,  9.70349E-02,  9.54011E-04,  0.00000E+00,     0
   761,  7.61000E-02,  1.37531E+15,  1.37582E+15,  1.37663E+15,  1.27383E-12,  0.00000E+00,  5.05626E+11,  8.06461E+11,  1.27388E-02,  9.53118E-04,  0.00000E+00,     0
   762,  7.62000E-02,  1.37663E+15,  1.37713E+15,  1.37794E+15,  1.27383E-12,  0.00000E+00,  5.05156E+11,  8.06615E+11,  1.22602E-03,  9.51981E-04,  0.00000E+00,     0
   763,  7.63000E-02,  1.37794E+15,  1.37844E+15,  1.37925E+15,  1.27383E-12,  0.00000E+00,  5.04809E+11,  8.06657E+11,  1.22430E-03,  9.50855E-04,  0.00000E+00,     0
   764,  7.64000E-02,  1.37925E+15,  1.37975E+15,  1.38056E+15,  1.27383E-12,  0.00000E+00,  5.04463E+11,  8.03465E+11,  4.51608E-02,  9.47391E-04,  0.00000E+00,     0
   765,  7.65000E-02,  1.38056E+15,  1.38106E+15,  1.38187E+15,  1.27383E-12,  0.00000E+00,  5.04279E+11,  8.06906E+11,  3.42788E-02,  9.48850E-04,  0.00000E+00,     0
   766,  7.66000E-02,  1.38187E+15,  1.38237E+15,  1.38318E+15,  1.27383E-12,  0.00000E+00,  5.03902E+11,  8.05876E+11,  5.04220E-03,  9.46934E-04,  0.00000E+00,     0
   767,  7.67000E-02,  1.38318E+15,  1.38368E+15,  1.38448E+15,  1.27383E-12,  0.00000E+00,  5.03436E+11,  8.02912E+11,  3.68641E-02,  9.43563E-04,  0.00000E+00,     0
   768,  7.68000E-02,  1.38448E+15,  1.38499E+15,  1.38580E+15,  1.27383E-12,  0.00000E+00,  5.03252E+11,  8.07517E+11,  4.97145E-02,  9.45860E-04,  0.00000E+00,     0
   769,  7.69000E-02,  1.38580E+15,  1.38630E+15,  1.38711E+15,  1.27383E-12,  0.00000E+00,  5.02862E+11,  8.07502E+11,  1.21403E-03,  9.44675E-04,  0.00000E+00,     0
   770,  7.70000E-02,  1.38711E+15,  1.38761E+15,  1.38841E+15,  1.27383E-12,  0.00000E+00,  5.02516E+11,  8.04364E+11,  2.25515E-02,  9.41276E-04,  0.00000E+00,     0
   771,  7.71000E-02,  1.38841E+15,  1.38891E+15,  1.38972E+15,  1.27383E-12,  0.00000E+00,  5.02198E+11,  8.01575E+11,  6.19738E-02,  9.38158E-04,  0.00000E+00,     0
   772,  7.72000E-02,  1.38972E+15,  1.39022E+15,  1.39102E+15,  1.27383E-12,  0.00000E+00,  5.01919E+11,  8.03267E+11,  1.81591E-02,  9.38293E-04,  0.00000E+00,     0
   773,  7.73000E-02,  1.39102E+15,  1.39152E+15,  1.39232E+15,  1.27383E-12,  0.00000E+00,  5.01566E+11,  7.97197E+11,  4.90564E-02,  9.32804E-04,  0.00000E+00,     0
   774,  7.74000E-02,  1.39232E+15,  1.39282E+15,  1.39363E+15,  1.27383E-12,  0.00000E+00,  5.01288E+11,  8.08276E+11,  1.25820E-01,  9.39678E-04,  0.00000E+00,     0
   775,  7.75000E-02,  1.39363E+15,  1.39413E+15,  1.39492E+15,  1.27383E-12,  0.00000E+00,  5.00823E+11,  7.90104E+11,  1.83419E-01,  9.25448E-04,  0.00000E+00,     0
   776,  7.76000E-02,  1.39492E+15,  1.39542E+15,  1.39623E+15,  1.27383E-12,  0.00000E+00,  5.00696E+11,  8.06535E+11,  1.51111E-01,  9.36260E-04,  0.00000E+00,     0
   777,  7.77000E-02,  1.39623E+15,  1.39673E+15,  1.39753E+15,  1.27383E-12,  0.00000E+00,  5.00199E+11,  8.05526E+11,  9.13011E-03,  9.34306E-04,  0.00000E+00,     0
   778,  7.78000E-02,  1.39753E+15,  1.39803E+15,  1.39884E+15,  1.27383E-12,  0.00000E+00,  4.99864E+11,  8.08443E+11,  4.80029E-02,  9.35278E-04,  0.00000E+00,     0
   779,  7.79000E-02,  1.39884E+15,  1.39934E+15,  1.40015E+15,  1.27383E-12,  0.00000E+00,  4.99476E+11,  8.05977E+11,  5.52000E-02,  9.32368E-04,  0.00000E+00,     0
   780,  7.80000E-02,  1.40015E+15,  1.40065E+15,  1.40145E+15,  1.27383E-12,  0.00000E+00,  4.99179E+11,  8.01602E+11,  4.59450E-02,  9.28169E-04,  0.00000E+00,     0
   781,  7.81000E-02,  1.40145E+15,  1.40195E+15,  1.40276E+15,  1.27383E-12,  0.00000E+00,  4.98889E+11,  8.07811E+11,  7.65873E-02,  9.31524E-04,  0.00000E+00,     0
   782,  7.82000E-02,  1.40276E+15,  1.40325E+15,  1.40406E+15,  1.27383E-12,  0.00000E+00,  4.98333E+11,  8.02065E+11,  6.19628E-02,  9.26173E-04,  0.00000E+00,     0
   783,  7.83000E-02,  1.40406E+15,  1.40455E+15,  1.40536E+15,  1.27383E-12,  0.00000E+00,  4.98195E+11,  8.03376E+11,  2.08724E-02,  9.26150E-04,  0.00000E+00,     0
   784,  7.84000E-02,  1.40536E+15,  1.40585E+15,  1.40665E+15,  1.27383E-12,  0.00000E+00,  4.97841E+11,  7.99130E+11,  5.65520E-02,  9.22025E-04,  0.00000E+00,     0
   785,  7.85000E-02,  1.40665E+15,  1.40715E+15,  1.40795E+15,  1.27383E-12,  0.00000E+00,  4.97564E+11,  7.94070E+11,  3.79353E-02,  9.17389E-04,  0.00000E+00,     0
   786,  7.86000E-02,  1.40795E+15,  1.40844E+15,  1.40925E+15,  1.27383E-12,  0.00000E+00,  4.97283E+11,  8.04990E+11,  9.05742E-02,  9.24091E-04,  0.00000E+00,     0
   787,  7.87000E-02,  1.40925E+15,  1.40974E+15,  1.41055E+15,  1.27383E-12,  0.00000E+00,  4.96853E+11,  8.03176E+11,  3.75033E-03,  9.21648E-04,  0.00000E+00,     0
   788,  7.88000E-02,  1.41055E+15,  1.41104E+15,  1.41185E+15,  1.27383E-12,  0.00000E+00,  4.96513E+11,  8.04114E+11,  8.13369E-03,  9.21223E-04,  0.00000E+00,     0
   789,  7.89000E-02,  1.41185E+15,  1.41234E+15,  1.41315E+15,  1.27383E-12,  0.00000E+00,  4.96181E+11,  8.02858E+11,  1.23402E-02,  9.19252E-04,  0.00000E+00,     0
   790,  7.90000E-02,  1.41315E+15,  1.41364E+15,  1.41445E+15,  1.27383E-12,  0.00000E+00,  4.95854E+11,  8.03013E+11,  3.56246E-02,  9.18287E-04,  0.00000E+00,     0
   791,  7.91000E-02,  1.41445E+15,  1.41494E+15,  1.41575E+15,  1.27383E-12,  0.00000E+00,  4.95488E+11,  8.08896E+11,  3.75029E-02,  9.21337E-04,  0.00000E+00,     0
   792,  7.92000E-02,  1.41575E+15,  1.41625E+15,  1.41705E+15,  1.27383E-12,  0.00000E+00,  4.95105E+11,  8.00595E+11,  1.08497E-01,  9.14366E-04,  0.00000E+00,     0
   793,  7.93000E-02,  1.41705E+15,  1.41754E+15,  1.41835E+15,  1.27383E-12,  0.00000E+00,  4.94874E+11,  8.10812E+11,  1.29401E-01,  9.20565E-04,  0.00000E+00,     0
   794,  7.94000E-02,  1.41835E+15,  1.41885E+15,  1.41964E+15,  1.27383E-12,  0.00000E+00,  4.94402E+11,  7.93101E+11,  1.87493E-01,  9.06922E-04,  0.00000E+00,     0
   795,  7.95000E-02,  1.41964E+15,  1.42013E+15,  1.42094E+15,  1.27383E-12,  0.00000E+00,  4.94272E+11,  8.07903E+11,  1.62961E-01,  9.16417E-04,  0.00000E+00,     0
   796,  7.96000E-02,  1.42094E+15,  1.42144E+15,  1.42224E+15,  1.27383E-12,  0.00000E+00,  4.93765E+11,  8.05494E+11,  4.64983E-02,  9.13529E-04,  0.00000E+00,     0
   797,  7.97000E-02,  1.42224E+15,  1.42273E+15,  1.42354E+15,  1.27383E-12,  0.00000E+00,  4.93463E+11,  8.05532E+11,  1.16869E-03,  9.12510E-04,  0.00000E+00,     0
   798,  7.98000E-02,  1.42354E+15,  1.42403E+15,  1.42484E+15,  1.27383E-12,  0.00000E+00,  4.93122E+11,  8.08132E+11,  3.78326E-02,  9.13262E-04,  0.00000E+00,     0
   799,  7.99000E-02,  1.42484E+15,  1.42533E+15,  1.42614E+15,  1.27383E-12,  0.00000E+00,  4.92744E+11,  8.09792E+11,  3.44795E-02,  9.13327E-04,  0.00000E+00,     0
   800,  8.00000E-02,  1.42614E+15,  1.42664E+15,  1.42745E+15,  1.27383E-12,  0.00000E+00,  4.92367E+11,  8.10688E+11,  1.31160E-02,  9.12857E-04,  0.00000E+00,     0
   801,  8.01000E-02,  1.42745E+15,  1.42794E+15,  1.42874E+15,  1.27383E-12,  0.00000E+00,  4.92026E+11,  8.05684E+11,  6.01139E-02,  9.08287E-04,  0.00000E+00,     0
   802,  8.02000E-02,  1.42874E+15,  1.42924E+15,  1.43004E+15,  1.27383E-12,  0.00000E+00,  4.91741E+11,  8.05603E+11,  1.94153E-02,  9.07207E-04,  0.00000E+00,     0
   803,  8.03000E-02,  1.43004E+15,  1.43053E+15,  1.43134E+15,  1.27383E-12,  0.00000E+00,  4.91386E+11,  8.08315E+11,  1.88008E-02,  9.08030E-04,  0.00000E+00,     0
   804,  8.04000E-02,  1.43134E+15,  1.43183E+15,  1.43263E+15,  1.27383E-12,  0.00000E+00,  4.91027E+11,  8.02178E+11,  4.81131E-02,  9.02676E-04,  0.00000E+00,     0
   805,  8.05000E-02,  1.43263E+15,  1.43313E+15,  1.43393E+15,  1.27383E-12,  0.00000E+00,  4.90740E+11,  8.05661E+11,  2.21551E-02,  9.04089E-04,  0.00000E+00,     0
   806,  8.06000E-02,  1.43393E+15,  1.43442E+15,  1.43523E+15,  1.27383E-12,  0.00000E+00,  4.90382E+11,  8.08424E+11,  2.67263E-02,  9.04947E-04,  0.00000E+00,     0
   807,  8.07000E-02,  1.43523E+15,  1.43572E+15,  1.43653E+15,  1.27383E-12,  0.00000E+00,  4.90016E+11,  8.11862E+11,  6.13833E-02,  9.06264E-04,  0.00000E+00,     0
   808,  8.08000E-02,  1.43653E+15,  1.43702E+15,  1.43782E+15,  1.27383E-12,  0.00000E+00,  4.89616E+11,  8.02166E+11,  1.25354E-01,  8.98429E-04,  0.00000E+00,     0
   809,  8.09000E-02,  1.43782E+15,  1.43831E+15,  1.43912E+15,  1.27383E-12,  0.00000E+00,  4.89399E+11,  8.04840E+11,  2.56174E-02,  8.99328E-04,  0.00000E+00,     0
   810,  8.10000E-02,  1.43912E+15,  1.43961E+15,  1.44042E+15,  1.27383E-12,  0.00000E+00,  4.89041E+11,  8.08571E+11,  4.37380E-02,  9.00859E-04,  0.00000E+00,     0
   811,  8.11000E-02,  1.44042E+15,  1.44090E+15,  1.44171E+15,  1.27383E-12,  0.00000E+00,  4.88661E+11,  8.04022E+11,  5.86490E-02,  8.96633E-04,  0.00000E+00,     0
   812,  8.12000E-02,  1.44171E+15,  1.44220E+15,  1.44301E+15,  1.27383E-12,  0.00000E+00,  4.88381E+11,  8.10003E+11,  9.17256E-02,  8.99777E-04,  0.00000E+00,     0
   813,  8.13000E-02,  1.44301E+15,  1.44349E+15,  1.44429E+15,  1.27383E-12,  0.00000E+00,  4.87956E+11,  7.98343E+11,  1.44576E-01,  8.90609E-04,  0.00000E+00,     0
   814,  8.14000E-02,  1.44429E+15,  1.44478E+15,  1.44559E+15,  1.27383E-12,  0.00000E+00,  4.87772E+11,  8.05840E+11,  1.05199E-01,  8.94870E-04,  0.00000E+00,     0
   815,  8.15000E-02,  1.44559E+15,  1.44607E+15,  1.44688E+15,  1.27383E-12,  0.00000E+00,  4.87338E+11,  8.09102E+11,  3.32865E-02,  8.96023E-04,  0.00000E+00,     0
   816,  8.16000E-02,  1.44688E+15,  1.44737E+15,  1.44817E+15,  1.27383E-12,  0.00000E+00,  4.86967E+11,  8.04210E+11,  8.09584E-02,  8.91590E-04,  0.00000E+00,     0
   817,  8.17000E-02,  1.44817E+15,  1.44866E+15,  1.44946E+15,  1.27383E-12,  0.00000E+00,  4.86705E+11,  8.01817E+11,  1.46012E-02,  8.88966E-04,  0.00000E+00,     0
   818,  8.18000E-02,  1.44946E+15,  1.44995E+15,  1.45075E+15,  1.27383E-12,  0.00000E+00,  4.86392E+11,  8.03170E+11,  1.31965E-02,  8.88892E-04,  0.00000E+00,     0
   819,  8.19000E-02,  1.45075E+15,  1.45124E+15,  1.45205E+15,  1.27383E-12,  0.00000E+00,  4.86049E+11,  8.06856E+11,  4.10096E-02,  8.90403E-04,  0.00000E+00,     0
   820,  8.20000E-02,  1.45205E+15,  1.45253E+15,  1.45334E+15,  1.27383E-12,  0.00000E+00,  4.85674E+11,  8.08888E+11,  4.06736E-02,  8.90750E-04,  0.00000E+00,     0
   821,  8.21000E-02,  1.45334E+15,  1.45383E+15,  1.45463E+15,  1.27383E-12,  0.00000E+00,  4.85299E+11,  8.08922E+11,  1.13188E-03,  8.89723E-04,  0.00000E+00,     0
   822,  8.22000E-02,  1.45463E+15,  1.45512E+15,  1.45593E+15,  1.27383E-12,  0.00000E+00,  4.84958E+11,  8.08955E+11,  1.13041E-03,  8.88721E-04,  0.00000E+00,     0
   823,  8.23000E-02,  1.45593E+15,  1.45641E+15,  1.45722E+15,  1.27383E-12,  0.00000E+00,  4.84617E+11,  8.08989E+11,  1.12893E-03,  8.87721E-04,  0.00000E+00,     0
   824,  8.24000E-02,  1.45722E+15,  1.45771E+15,  1.45851E+15,  1.27383E-12,  0.00000E+00,  4.84277E+11,  8.09022E+11,  1.12746E-03,  8.86723E-04,  0.00000E+00,     0
   825,  8.25000E-02,  1.45851E+15,  1.45900E+15,  1.45981E+15,  1.27383E-12,  0.00000E+00,  4.83937E+11,  8.09055E+11,  1.12599E-03,  8.85728E-04,  0.00000E+00,     0
   826,  8.26000E-02,  1.45981E+15,  1.46029E+15,  1.46110E+15,  1.27383E-12,  0.00000E+00,  4.83598E+11,  8.09087E+11,  1.12453E-03,  8.84734E-04,  0.00000E+00,     0
   827,  8.27000E-02,  1.46110E+15,  1.46158E+15,  1.46239E+15,  1.27383E-12,  0.00000E+00,  4.83259E+11,  8.09117E+11,  1.12307E-03,  8.83741E-04,  0.00000E+00,     0
   828,  8.28000E-02,  1.46239E+15,  1.46288E+15,  1.46369E+15,  1.27383E-12,  0.00000E+00,  4.82921E+11,  8.09871E+11,  6.92461E-03,  8.83244E-04,  0.00000E+00,     0
   829,  8.29000E-02,  1.46369E+15,  1.46417E+15,  1.46498E+15,  1.27383E-12,  0.00000E+00,  4.82586E+11,  8.11567E+11,  2.48439E-02,  8.83393E-04,  0.00000E+00,     0
   830,  8.30000E-02,  1.46498E+15,  1.46546E+15,  1.46627E+15,  1.27383E-12,  0.00000E+00,  4.82079E+11,  8.06318E+11,  6.85594E-02,  8.78691E-04,  0.00000E+00,     0
   831,  8.31000E-02,  1.46627E+15,  1.46675E+15,  1.46756E+15,  1.27383E-12,  0.00000E+00,  4.81951E+11,  8.11630E+11,  6.82702E-02,  8.81449E-04,  0.00000E+00,     0
   832,  8.32000E-02,  1.46756E+15,  1.46804E+15,  1.46886E+15,  1.27383E-12,  0.00000E+00,  4.81409E+11,  8.11801E+11,  1.35648E-03,  8.80420E-04,  0.00000E+00,     0
   833,  8.33000E-02,  1.46886E+15,  1.46934E+15,  1.47013E+15,  1.27383E-12,  0.00000E+00,  4.81063E+11,  7.97930E+11,  1.69896E-01,  8.69984E-04,  0.00000E+00,     0
   834,  8.34000E-02,  1.47013E+15,  1.47062E+15,  1.47142E+15,  1.27383E-12,  0.00000E+00,  4.81062E+11,  8.07838E+11,  1.08537E-01,  8.75955E-04,  0.00000E+00,     0
   835,  8.35000E-02,  1.47142E+15,  1.47190E+15,  1.47272E+15,  1.27383E-12,  0.00000E+00,  4.80620E+11,  8.11646E+11,  6.89782E-02,  8.77472E-04,  0.00000E+00,     0
   836,  8.36000E-02,  1.47272E+15,  1.47320E+15,  1.47401E+15,  1.27383E-12,  0.00000E+00,  4.80082E+11,  8.11815E+11,  1.30121E-03,  8.76452E-04,  0.00000E+00,     0
   837,  8.37000E-02,  1.47401E+15,  1.47449E+15,  1.47529E+15,  1.27383E-12,  0.00000E+00,  4.79737E+11,  8.07419E+11,  7.17445E-02,  8.72473E-04,  0.00000E+00,     0
   838,  8.38000E-02,  1.47529E+15,  1.47577E+15,  1.47659E+15,  1.27383E-12,  0.00000E+00,  4.79612E+11,  8.11737E+11,  7.20386E-02,  8.74551E-04,  0.00000E+00,     0
   839,  8.39000E-02,  1.47659E+15,  1.47706E+15,  1.47788E+15,  1.27383E-12,  0.00000E+00,  4.79068E+11,  8.11907E+11,  1.19313E-03,  8.73534E-04,  0.00000E+00,     0
   840,  8.40000E-02,  1.47788E+15,  1.47836E+15,  1.47917E+15,  1.27383E-12,  0.00000E+00,  4.78724E+11,  8.11941E+11,  1.10421E-03,  8.72562E-04,  0.00000E+00,     0
   841,  8.41000E-02,  1.47917E+15,  1.47965E+15,  1.48046E+15,  1.27383E-12,  0.00000E+00,  4.78385E+11,  8.11970E+11,  1.10280E-03,  8.71592E-04,  0.00000E+00,     0
   842,  8.42000E-02,  1.48046E+15,  1.48094E+15,  1.48173E+15,  1.27383E-12,  0.00000E+00,  4.78046E+11,  7.99184E+11,  1.57759E-01,  8.61983E-04,  0.00000E+00,     0
   843,  8.43000E-02,  1.48173E+15,  1.48221E+15,  1.48302E+15,  1.27383E-12,  0.00000E+00,  4.78032E+11,  8.11885E+11,  1.59082E-01,  8.69788E-04,  0.00000E+00,     0
   844,  8.44000E-02,  1.48302E+15,  1.48350E+15,  1.48431E+15,  1.27383E-12,  0.00000E+00,  4.77405E+11,  8.12049E+11,  3.21703E-03,  8.68720E-04,  0.00000E+00,     0
   845,  8.45000E-02,  1.48431E+15,  1.48479E+15,  1.48560E+15,  1.27383E-12,  0.00000E+00,  4.77057E+11,  8.04686E+11,  8.34659E-02,  8.62780E-04,  0.00000E+00,     0
   846,  8.46000E-02,  1.48560E+15,  1.48607E+15,  1.48688E+15,  1.27383E-12,  0.00000E+00,  4.76953E+11,  8.11974E+11,  8.41431E-02,  8.66864E-04,  0.00000E+00,     0
   847,  8.47000E-02,  1.48688E+15,  1.48736E+15,  1.48816E+15,  1.27383E-12,  0.00000E+00,  4.76399E+11,  8.02594E+11,  1.07095E-01,  8.59444E-04,  0.00000E+00,     0
   848,  8.48000E-02,  1.48816E+15,  1.48864E+15,  1.48945E+15,  1.27383E-12,  0.00000E+00,  4.76319E+11,  8.07661E+11,  5.06180E-02,  8.62051E-04,  0.00000E+00,     0
   849,  8.49000E-02,  1.48945E+15,  1.48992E+15,  1.49073E+15,  1.27383E-12,  0.00000E+00,  4.75943E+11,  8.07591E+11,  1.09199E-03,  8.61009E-04,  0.00000E+00,     0
   850,  8.50000E-02,  1.49073E+15,  1.49121E+15,  1.49201E+15,  1.27383E-12,  0.00000E+00,  4.75614E+11,  8.07605E+11,  1.09061E-03,  8.60058E-04,  0.00000E+00,     0
   851,  8.51000E-02,  1.49201E+15,  1.49249E+15,  1.49330E+15,  1.27383E-12,  0.00000E+00,  4.75284E+11,  8.07629E+11,  1.08923E-03,  8.59114E-04,  0.00000E+00,     0
   852,  8.52000E-02,  1.49330E+15,  1.49377E+15,  1.49458E+15,  1.27383E-12,  0.00000E+00,  4.74954E+11,  8.07653E+11,  1.08785E-03,  8.58172E-04,  0.00000E+00,     0
   853,  8.53000E-02,  1.49458E+15,  1.49505E+15,  1.49586E+15,  1.27383E-12,  0.00000E+00,  4.74624E+11,  8.07684E+11,  1.08648E-03,  8.57237E-04,  0.00000E+00,     0
   854,  8.54000E-02,  1.49586E+15,  1.49634E+15,  1.49714E+15,  1.27383E-12,  0.00000E+00,  4.74294E+11,  8.07704E+11,  1.08511E-03,  8.56295E-04,  0.00000E+00,     0
   855,  8.55000E-02,  1.49714E+15,  1.49762E+15,  1.49843E+15,  1.27383E-12,  0.00000E+00,  4.73965E+11,  8.07728E+11,  1.08375E-03,  8.55359E-04,  0.00000E+00,     0
   856,  8.56000E-02,  1.49843E+15,  1.49890E+15,  1.49971E+15,  1.27383E-12,  0.00000E+00,  4.73635E+11,  8.07753E+11,  1.08238E-03,  8.54425E-04,  0.00000E+00,     0
   857,  8.57000E-02,  1.49971E+15,  1.50018E+15,  1.50099E+15,  1.27383E-12,  0.00000E+00,  4.73305E+11,  8.07778E+11,  1.08102E-03,  8.53493E-04,  0.00000E+00,     0
   858,  8.58000E-02,  1.50099E+15,  1.50146E+15,  1.50227E+15,  1.27383E-12,  0.00000E+00,  4.72975E+11,  8.07803E+11,  1.07967E-03,  8.52562E-04,  0.00000E+00,     0
   859,  8.59000E-02,  1.50227E+15,  1.50274E+15,  1.50355E+15,  1.27383E-12,  0.00000E+00,  4.72645E+11,  8.07823E+11,  1.07832E-03,  8.51630E-04,  0.00000E+00,     0
   860,  8.60000E-02,  1.50355E+15,  1.50402E+15,  1.50483E+15,  1.27383E-12,  0.00000E+00,  4.72316E+11,  8.07848E+11,  1.07696E-03,  8.50703E-04,  0.00000E+00,     0
   861,  8.61000E-02,  1.50483E+15,  1.50530E+15,  1.50611E+15,  1.27383E-12,  0.00000E+00,  4.71986E+11,  8.07884E+11,  1.07562E-03,  8.49785E-04,  0.00000E+00,     0
   862,  8.62000E-02,  1.50611E+15,  1.50658E+15,  1.50739E+15,  1.27383E-12,  0.00000E+00,  4.71656E+11,  8.07908E+11,  1.07427E-03,  8.48861E-04,  0.00000E+00,     0
   863,  8.63000E-02,  1.50739E+15,  1.50786E+15,  1.50867E+15,  1.27383E-12,  0.00000E+00,  4.71326E+11,  8.07933E+11,  1.07293E-03,  8.47939E-04,  0.00000E+00,     0
   864,  8.64000E-02,  1.50867E+15,  1.50914E+15,  1.50995E+15,  1.27383E-12,  0.00000E+00,  4.70997E+11,  8.07953E+11,  1.07159E-03,  8.47016E-04,  0.00000E+00,     0
   865,  8.65000E-02,  1.50995E+15,  1.51042E+15,  1.51123E+15,  1.27383E-12,  0.00000E+00,  4.70667E+11,  8.07973E+11,  1.07026E-03,  8.46095E-04,  0.00000E+00,     0
   866,  8.66000E-02,  1.51123E+15,  1.51170E+15,  1.51250E+15,  1.27383E-12,  0.00000E+00,  4.70337E+11,  8.07998E+11,  1.06893E-03,  8.45178E-04,  0.00000E+00,     0
   867,  8.67000E-02,  1.51250E+15,  1.51297E+15,  1.51378E+15,  1.27383E-12,  0.00000E+00,  4.70008E+11,  8.08023E+11,  1.06760E-03,  8.44263E-04,  0.00000E+00,     0
   868,  8.68000E-02,  1.51378E+15,  1.51425E+15,  1.51506E+15,  1.27383E-12,  0.00000E+00,  4.69678E+11,  8.08044E+11,  1.06628E-03,  8.43347E-04,  0.00000E+00,     0
   869,  8.69000E-02,  1.51506E+15,  1.51553E+15,  1.51634E+15,  1.27383E-12,  0.00000E+00,  4.69349E+11,  8.10648E+11,  3.25224E-02,  8.44136E-04,  0.00000E+00,     0
   870,  8.70000E-02,  1.51634E+15,  1.51681E+15,  1.51762E+15,  1.27383E-12,  0.00000E+00,  4.68986E+11,  8.10682E+11,  1.06342E-03,  8.43207E-04,  0.00000E+00,     0
   871,  8.71000E-02,  1.51762E+15,  1.51809E+15,  1.51890E+15,  1.27383E-12,  0.00000E+00,  4.68652E+11,  8.10709E+11,  1.06210E-03,  8.42295E-04,  0.00000E+00,     0
   872,  8.72000E-02,  1.51890E+15,  1.51937E+15,  1.52018E+15,  1.27383E-12,  0.00000E+00,  4.68318E+11,  8.10728E+11,  1.06079E-03,  8.41379E-04,  0.00000E+00,     0
   873,  8.73000E-02,  1.52018E+15,  1.52065E+15,  1.52146E+15,  1.27383E-12,  0.00000E+00,  4.67985E+11,  8.10754E+11,  1.05948E-03,  8.40470E-04,  0.00000E+00,     0
   874,  8.74000E-02,  1.52146E+15,  1.52192E+15,  1.52274E+15,  1.27383E-12,  0.00000E+00,  4.67652E+11,  8.10779E+11,  1.05817E-03,  8.39562E-04,  0.00000E+00,     0
   875,  8.75000E-02,  1.52274E+15,  1.52320E+15,  1.52401E+15,  1.27383E-12,  0.00000E+00,  4.67320E+11,  8.10798E+11,  1.05687E-03,  8.38652E-04,  0.00000E+00,     0
   876,  8.76000E-02,  1.52401E+15,  1.52448E+15,  1.52529E+15,  1.27383E-12,  0.00000E+00,  4.66987E+11,  8.10823E+11,  1.05557E-03,  8.37748E-04,  0.00000E+00,     0
   877,  8.77000E-02,  1.52529E+15,  1.52576E+15,  1.52657E+15,  1.27383E-12,  0.00000E+00,  4.66655E+11,  8.10849E+11,  1.05427E-03,  8.36846E-04,  0.00000E+00,     0
   878,  8.78000E-02,  1.52657E+15,  1.52704E+15,  1.52785E+15,  1.27383E-12,  0.00000E+00,  4.66323E+11,  8.10874E+11,  1.05297E-03,  8.35946E-04,  0.00000E+00,     0
   879,  8.79000E-02,  1.52785E+15,  1.52831E+15,  1.52912E+15,  1.27383E-12,  0.00000E+00,  4.65992E+11,  8.10892E+11,  1.05168E-03,  8.35043E-04,  0.00000E+00,     0
   880,  8.80000E-02,  1.52912E+15,  1.52959E+15,  1.53040E+15,  1.27383E-12,  0.00000E+00,  4.65661E+11,  8.10917E+11,  1.05039E-03,  8.34147E-04,  0.00000E+00,     0
   881,  8.81000E-02,  1.53040E+15,  1.53087E+15,  1.53168E+15,  1.27383E-12,  0.00000E+00,  4.65330E+11,  8.10942E+11,  1.04911E-03,  8.33252E-04,  0.00000E+00,     0
   882,  8.82000E-02,  1.53168E+15,  1.53214E+15,  1.53295E+15,  1.27383E-12,  0.00000E+00,  4.64999E+11,  8.11250E+11,  9.24132E-03,  8.32543E-04,  0.00000E+00,     0
   883,  8.83000E-02,  1.53295E+15,  1.53342E+15,  1.53423E+15,  1.27383E-12,  0.00000E+00,  4.64659E+11,  8.13499E+11,  1.97491E-02,  8.33094E-04,  0.00000E+00,     0
   884,  8.84000E-02,  1.53423E+15,  1.53469E+15,  1.53551E+15,  1.27383E-12,  0.00000E+00,  4.64308E+11,  8.11019E+11,  2.95166E-02,  8.30558E-04,  0.00000E+00,     0
   885,  8.85000E-02,  1.53551E+15,  1.53597E+15,  1.53678E+15,  1.27383E-12,  0.00000E+00,  4.64003E+11,  8.11037E+11,  1.04399E-03,  8.29682E-04,  0.00000E+00,     0
   886,  8.86000E-02,  1.53678E+15,  1.53724E+15,  1.53806E+15,  1.27383E-12,  0.00000E+00,  4.63674E+11,  8.11060E+11,  1.04272E-03,  8.28796E-04,  0.00000E+00,     0
   887,  8.87000E-02,  1.53806E+15,  1.53852E+15,  1.53933E+15,  1.27383E-12,  0.00000E+00,  4.63344E+11,  8.11079E+11,  1.04145E-03,  8.27908E-04,  0.00000E+00,     0
   888,  8.88000E-02,  1.53933E+15,  1.53979E+15,  1.54060E+15,  1.27383E-12,  0.00000E+00,  4.63015E+11,  8.11103E+11,  1.04018E-03,  8.27025E-04,  0.00000E+00,     0
   889,  8.89000E-02,  1.54060E+15,  1.54107E+15,  1.54188E+15,  1.27383E-12,  0.00000E+00,  4.62686E+11,  8.15131E+11,  1.29379E-02,  8.28739E-04,  0.00000E+00,     0
   890,  8.90000E-02,  1.54188E+15,  1.54234E+15,  1.54316E+15,  1.27383E-12,  0.00000E+00,  4.62338E+11,  8.14791E+11,  2.69146E-02,  8.27607E-04,  0.00000E+00,     0
   891,  8.91000E-02,  1.54316E+15,  1.54362E+15,  1.54444E+15,  1.27383E-12,  0.00000E+00,  4.61983E+11,  8.14813E+11,  1.03610E-03,  8.26707E-04,  0.00000E+00,     0
   892,  8.92000E-02,  1.54444E+15,  1.54490E+15,  1.54571E+15,  1.27383E-12,  0.00000E+00,  4.61649E+11,  8.13906E+11,  2.70240E-02,  8.25222E-04,  0.00000E+00,     0
   893,  8.93000E-02,  1.54571E+15,  1.54617E+15,  1.54699E+15,  1.27383E-12,  0.00000E+00,  4.61337E+11,  8.13450E+11,  3.92113E-03,  8.24045E-04,  0.00000E+00,     0
   894,  8.94000E-02,  1.54699E+15,  1.54745E+15,  1.54826E+15,  1.27383E-12,  0.00000E+00,  4.61009E+11,  8.13891E+11,  3.13867E-02,  8.23440E-04,  0.00000E+00,     0
   895,  8.95000E-02,  1.54826E+15,  1.54872E+15,  1.54954E+15,  1.27383E-12,  0.00000E+00,  4.60654E+11,  8.15268E+11,  2.95661E-02,  8.23422E-04,  0.00000E+00,     0
   896,  8.96000E-02,  1.54954E+15,  1.55000E+15,  1.55081E+15,  1.27383E-12,  0.00000E+00,  4.60341E+11,  8.15153E+11,  1.74416E-03,  8.22468E-04,  0.00000E+00,     0
   897,  8.97000E-02,  1.55081E+15,  1.55127E+15,  1.55209E+15,  1.27383E-12,  0.00000E+00,  4.60010E+11,  8.15312E+11,  2.07834E-03,  8.21682E-04,  0.00000E+00,     0
   898,  8.98000E-02,  1.55209E+15,  1.55255E+15,  1.55336E+15,  1.27383E-12,  0.00000E+00,  4.59675E+11,  8.15335E+11,  1.82405E-03,  8.20807E-04,  0.00000E+00,     0
   899,  8.99000E-02,  1.55336E+15,  1.55382E+15,  1.55463E+15,  1.27383E-12,  0.00000E+00,  4.59342E+11,  8.12364E+11,  1.16898E-02,  8.18010E-04,  0.00000E+00,     0
   900,  9.00000E-02,  1.55463E+15,  1.55509E+15,  1.55590E+15,  1.27383E-12,  0.00000E+00,  4.58859E+11,  8.11221E+11,  4.04636E-03,  8.16297E-04,  0.00000E+00,     0
   901,  9.01000E-02,  1.55590E+15,  1.55636E+15,  1.55718E+15,  1.27383E-12,  0.00000E+00,  4.58705E+11,  8.14042E+11,  3.38848E-02,  8.17342E-04,  0.00000E+00,     0
   902,  9.02000E-02,  1.55718E+15,  1.55764E+15,  1.55845E+15,  1.27383E-12,  0.00000E+00,  4.58347E+11,  8.13645E+11,  3.18992E-02,  8.16191E-04,  0.00000E+00,     0
   903,  9.03000E-02,  1.55845E+15,  1.55891E+15,  1.55972E+15,  1.27383E-12,  0.00000E+00,  4.58044E+11,  8.15442E+11,  6.77692E-03,  8.16482E-04,  0.00000E+00,     0
   904,  9.04000E-02,  1.55972E+15,  1.56018E+15,  1.56099E+15,  1.27383E-12,  0.00000E+00,  4.57707E+11,  8.14105E+11,  2.53694E-02,  8.14745E-04,  0.00000E+00,     0
   905,  9.05000E-02,  1.56099E+15,  1.56145E+15,  1.56227E+15,  1.27383E-12,  0.00000E+00,  4.57361E+11,  8.13707E+11,  3.18829E-02,  8.13606E-04,  0.00000E+00,     0
   906,  9.06000E-02,  1.56227E+15,  1.56272E+15,  1.56354E+15,  1.27383E-12,  0.00000E+00,  4.57059E+11,  8.13727E+11,  1.01769E-03,  8.12764E-04,  0.00000E+00,     0
   907,  9.07000E-02,  1.56354E+15,  1.56399E+15,  1.56481E+15,  1.27383E-12,  0.00000E+00,  4.56733E+11,  8.15157E+11,  2.95665E-02,  8.12809E-04,  0.00000E+00,     0
   908,  9.08000E-02,  1.56481E+15,  1.56526E+15,  1.56608E+15,  1.27383E-12,  0.00000E+00,  4.56381E+11,  8.15541E+11,  2.68883E-02,  8.12169E-04,  0.00000E+00,     0
   909,  9.09000E-02,  1.56608E+15,  1.56654E+15,  1.56734E+15,  1.27383E-12,  0.00000E+00,  4.56071E+11,  8.02401E+11,  9.64568E-02,  8.02935E-04,  0.00000E+00,     0
   910,  9.10000E-02,  1.56734E+15,  1.56779E+15,  1.56861E+15,  1.27383E-12,  0.00000E+00,  4.55862E+11,  8.14167E+11,  1.09674E-01,  8.09653E-04,  0.00000E+00,     0
   911,  9.11000E-02,  1.56861E+15,  1.56906E+15,  1.56987E+15,  1.27383E-12,  0.00000E+00,  4.55431E+11,  8.08860E+11,  6.59117E-02,  8.05346E-04,  0.00000E+00,     0
   912,  9.12000E-02,  1.56987E+15,  1.57033E+15,  1.57113E+15,  1.27383E-12,  0.00000E+00,  4.55173E+11,  8.05677E+11,  2.34097E-02,  8.02510E-04,  0.00000E+00,     0
   913,  9.13000E-02,  1.57113E+15,  1.57159E+15,  1.57240E+15,  1.27383E-12,  0.00000E+00,  4.54884E+11,  8.13081E+11,  8.99511E-02,  8.06387E-04,  0.00000E+00,     0
   914,  9.14000E-02,  1.57240E+15,  1.57286E+15,  1.57366E+15,  1.27383E-12,  0.00000E+00,  4.54476E+11,  8.00561E+11,  1.70907E-01,  7.97530E-04,  0.00000E+00,     0
   915,  9.15000E-02,  1.57366E+15,  1.57411E+15,  1.57491E+15,  1.27383E-12,  0.00000E+00,  4.54344E+11,  8.00817E+11,  3.46483E-02,  7.96972E-04,  0.00000E+00,     0
   916,  9.16000E-02,  1.57491E+15,  1.57537E+15,  1.57617E+15,  1.27383E-12,  0.00000E+00,  4.54008E+11,  8.01142E+11,  1.96474E-02,  7.96330E-04,  0.00000E+00,     0
   917,  9.17000E-02,  1.57617E+15,  1.57662E+15,  1.57743E+15,  1.27383E-12,  0.00000E+00,  4.53685E+11,  8.13306E+11,  1.27726E-01,  8.03197E-04,  0.00000E+00,     0
   918,  9.18000E-02,  1.57743E+15,  1.57789E+15,  1.57870E+15,  1.27383E-12,  0.00000E+00,  4.53233E+11,  8.10993E+11,  3.34836E-02,  8.00803E-04,  0.00000E+00,     0
   919,  9.19000E-02,  1.57870E+15,  1.57915E+15,  1.57996E+15,  1.27383E-12,  0.00000E+00,  4.52937E+11,  8.11015E+11,  1.00237E-03,  7.99989E-04,  0.00000E+00,     0
   920,  9.20000E-02,  1.57996E+15,  1.58041E+15,  1.58122E+15,  1.27383E-12,  0.00000E+00,  4.52611E+11,  8.09020E+11,  1.78343E-02,  7.97883E-04,  0.00000E+00,     0
   921,  9.21000E-02,  1.58122E+15,  1.58168E+15,  1.58249E+15,  1.27383E-12,  0.00000E+00,  4.52306E+11,  8.11848E+11,  2.42708E-02,  7.98839E-04,  0.00000E+00,     0
   922,  9.22000E-02,  1.58249E+15,  1.58294E+15,  1.58374E+15,  1.27383E-12,  0.00000E+00,  4.51958E+11,  8.04050E+11,  8.15569E-02,  7.93062E-04,  0.00000E+00,     0
   923,  9.23000E-02,  1.58374E+15,  1.58420E+15,  1.58501E+15,  1.27383E-12,  0.00000E+00,  4.51721E+11,  8.09182E+11,  5.55353E-02,  7.95520E-04,  0.00000E+00,     0
   924,  9.24000E-02,  1.58501E+15,  1.58546E+15,  1.58627E+15,  1.27383E-12,  0.00000E+00,  4.51348E+11,  8.13344E+11,  5.45799E-02,  7.97274E-04,  0.00000E+00,     0
   925,  9.25000E-02,  1.58627E+15,  1.58672E+15,  1.58753E+15,  1.27383E-12,  0.00000E+00,  4.50970E+11,  8.13368E+11,  1.27532E-03,  7.96416E-04,  0.00000E+00,     0
   926,  9.26000E-02,  1.58753E+15,  1.58798E+15,  1.58879E+15,  1.27383E-12,  0.00000E+00,  4.50640E+11,  8.08324E+11,  5.73856E-02,  7.92403E-04,  0.00000E+00,     0
   927,  9.27000E-02,  1.58879E+15,  1.58924E+15,  1.59005E+15,  1.27383E-12,  0.00000E+00,  4.50371E+11,  8.07133E+11,  3.51446E-02,  7.90858E-04,  0.00000E+00,     0
   928,  9.28000E-02,  1.59005E+15,  1.59050E+15,  1.59132E+15,  1.27383E-12,  0.00000E+00,  4.50084E+11,  8.16285E+11,  1.17092E-01,  7.95799E-04,  0.00000E+00,     0
   929,  9.29000E-02,  1.59132E+15,  1.59177E+15,  1.59257E+15,  1.27383E-12,  0.00000E+00,  4.49657E+11,  8.02282E+11,  1.61998E-01,  7.86113E-04,  0.00000E+00,     0
   930,  9.30000E-02,  1.59257E+15,  1.59302E+15,  1.59383E+15,  1.27383E-12,  0.00000E+00,  4.49489E+11,  8.08586E+11,  7.21921E-02,  7.89342E-04,  0.00000E+00,     0
   931,  9.31000E-02,  1.59383E+15,  1.59428E+15,  1.59509E+15,  1.27383E-12,  0.00000E+00,  4.49099E+11,  8.11975E+11,  4.47742E-02,  7.90598E-04,  0.00000E+00,     0
   932,  9.32000E-02,  1.59509E+15,  1.59554E+15,  1.59635E+15,  1.27383E-12,  0.00000E+00,  4.48731E+11,  8.16380E+11,  5.50900E-02,  7.92501E-04,  0.00000E+00,     0
   933,  9.33000E-02,  1.59635E+15,  1.59680E+15,  1.59762E+15,  1.27383E-12,  0.00000E+00,  4.48363E+11,  8.16388E+11,  1.32472E-03,  7.91648E-04,  0.00000E+00,     0
   934,  9.34000E-02,  1.59762E+15,  1.59807E+15,  1.59888E+15,  1.27383E-12,  0.00000E+00,  4.48028E+11,  8.10101E+11,  8.26323E-02,  7.86883E-04,  0.00000E+00,     0
   935,  9.35000E-02,  1.59888E+15,  1.59932E+15,  1.60013E+15,  1.27383E-12,  0.00000E+00,  4.47763E+11,  8.10777E+11,  6.38881E-03,  7.86521E-04,  0.00000E+00,     0
   936,  9.36000E-02,  1.60013E+15,  1.60058E+15,  1.60139E+15,  1.27383E-12,  0.00000E+00,  4.47433E+11,  8.10364E+11,  1.16102E-03,  7.85440E-04,  0.00000E+00,     0
   937,  9.37000E-02,  1.60139E+15,  1.60184E+15,  1.60265E+15,  1.27383E-12,  0.00000E+00,  4.47110E+11,  8.09555E+11,  2.81237E-03,  7.84117E-04,  0.00000E+00,     0
   938,  9.38000E-02,  1.60265E+15,  1.60310E+15,  1.60391E+15,  1.27383E-12,  0.00000E+00,  4.46787E+11,  8.16493E+11,  4.93603E-02,  7.87624E-04,  0.00000E+00,     0
   939,  9.39000E-02,  1.60391E+15,  1.60436E+15,  1.60516E+15,  1.27383E-12,  0.00000E+00,  4.46407E+11,  8.01585E+11,  1.38902E-01,  7.77487E-04,  0.00000E+00,     0
   940,  9.40000E-02,  1.60516E+15,  1.60561E+15,  1.60642E+15,  1.27383E-12,  0.00000E+00,  4.46236E+11,  8.12176E+11,  1.12005E-01,  7.83365E-04,  0.00000E+00,     0
   941,  9.41000E-02,  1.60642E+15,  1.60686E+15,  1.60768E+15,  1.27383E-12,  0.00000E+00,  4.45802E+11,  8.14797E+11,  1.20061E-02,  7.84111E-04,  0.00000E+00,     0
   942,  9.42000E-02,  1.60768E+15,  1.60812E+15,  1.60894E+15,  1.27383E-12,  0.00000E+00,  4.45460E+11,  8.11199E+11,  2.58596E-02,  7.81049E-04,  0.00000E+00,     0
   943,  9.43000E-02,  1.60894E+15,  1.60938E+15,  1.61019E+15,  1.27383E-12,  0.00000E+00,  4.45158E+11,  8.11694E+11,  2.19099E-03,  7.80560E-04,  0.00000E+00,     0
   944,  9.44000E-02,  1.61019E+15,  1.61064E+15,  1.61145E+15,  1.27383E-12,  0.00000E+00,  4.44833E+11,  8.11869E+11,  8.64495E-03,  7.79858E-04,  0.00000E+00,     0
   945,  9.45000E-02,  1.61145E+15,  1.61189E+15,  1.61270E+15,  1.27383E-12,  0.00000E+00,  4.44500E+11,  8.02825E+11,  1.02756E-01,  7.73441E-04,  0.00000E+00,     0
   946,  9.46000E-02,  1.61270E+15,  1.61314E+15,  1.61395E+15,  1.27383E-12,  0.00000E+00,  4.44290E+11,  8.09718E+11,  6.59369E-02,  7.76980E-04,  0.00000E+00,     0
   947,  9.47000E-02,  1.61395E+15,  1.61439E+15,  1.61520E+15,  1.27383E-12,  0.00000E+00,  4.43905E+11,  8.06923E+11,  2.08560E-02,  7.74410E-04,  0.00000E+00,     0
   948,  9.48000E-02,  1.61520E+15,  1.61565E+15,  1.61646E+15,  1.27383E-12,  0.00000E+00,  4.43608E+11,  8.11960E+11,  6.05203E-02,  7.76741E-04,  0.00000E+00,     0
   949,  9.49000E-02,  1.61646E+15,  1.61690E+15,  1.61770E+15,  1.27383E-12,  0.00000E+00,  4.43227E+11,  8.00275E+11,  1.21567E-01,  7.68685E-04,  0.00000E+00,     0
   950,  9.50000E-02,  1.61770E+15,  1.61814E+15,  1.61895E+15,  1.27383E-12,  0.00000E+00,  4.43041E+11,  8.08732E+11,  8.52744E-02,  7.73199E-04,  0.00000E+00,     0
   951,  9.51000E-02,  1.61895E+15,  1.61940E+15,  1.62019E+15,  1.27383E-12,  0.00000E+00,  4.42638E+11,  7.97362E+11,  1.10969E-01,  7.65341E-04,  0.00000E+00,     0
   952,  9.52000E-02,  1.62019E+15,  1.62063E+15,  1.62144E+15,  1.27383E-12,  0.00000E+00,  4.42449E+11,  8.06179E+11,  8.16812E-02,  7.70073E-04,  0.00000E+00,     0
   953,  9.53000E-02,  1.62144E+15,  1.62188E+15,  1.62269E+15,  1.27383E-12,  0.00000E+00,  4.42050E+11,  8.10108E+11,  6.80205E-02,  7.71654E-04,  0.00000E+00,     0
   954,  9.54000E-02,  1.62269E+15,  1.62313E+15,  1.62393E+15,  1.27383E-12,  0.00000E+00,  4.41664E+11,  7.91459E+11,  1.98313E-01,  7.59346E-04,  0.00000E+00,     0
   955,  9.55000E-02,  1.62393E+15,  1.62437E+15,  1.62518E+15,  1.27383E-12,  0.00000E+00,  4.41584E+11,  8.12644E+11,  1.82358E-01,  7.71747E-04,  0.00000E+00,     0
   956,  9.56000E-02,  1.62518E+15,  1.62562E+15,  1.62643E+15,  1.27383E-12,  0.00000E+00,  4.41055E+11,  8.08859E+11,  1.82999E-02,  7.68501E-04,  0.00000E+00,     0
   957,  9.57000E-02,  1.62643E+15,  1.62687E+15,  1.62768E+15,  1.27383E-12,  0.00000E+00,  4.40746E+11,  8.12799E+11,  5.01549E-02,  7.70141E-04,  0.00000E+00,     0
   958,  9.58000E-02,  1.62768E+15,  1.62812E+15,  1.62893E+15,  1.27383E-12,  0.00000E+00,  4.40369E+11,  8.06209E+11,  7.38107E-02,  7.65274E-04,  0.00000E+00,     0
   959,  9.59000E-02,  1.62893E+15,  1.62937E+15,  1.63018E+15,  1.27383E-12,  0.00000E+00,  4.40118E+11,  8.05690E+11,  6.18217E-03,  7.64216E-04,  0.00000E+00,     0
   960,  9.60000E-02,  1.63018E+15,  1.63062E+15,  1.63142E+15,  1.27383E-12,  0.00000E+00,  4.39805E+11,  8.07941E+11,  1.57229E-02,  7.64820E-04,  0.00000E+00,     0
   961,  9.61000E-02,  1.63142E+15,  1.63186E+15,  1.63266E+15,  1.27383E-12,  0.00000E+00,  4.39467E+11,  8.00743E+11,  6.91160E-02,  7.59624E-04,  0.00000E+00,     0
   962,  9.62000E-02,  1.63266E+15,  1.63310E+15,  1.63391E+15,  1.27383E-12,  0.00000E+00,  4.39226E+11,  8.10235E+11,  1.18141E-01,  7.64704E-04,  0.00000E+00,     0
   963,  9.63000E-02,  1.63391E+15,  1.63435E+15,  1.63516E+15,  1.27383E-12,  0.00000E+00,  4.38785E+11,  8.02390E+11,  1.06402E-01,  7.59056E-04,  0.00000E+00,     0
   964,  9.64000E-02,  1.63516E+15,  1.63559E+15,  1.63640E+15,  1.27383E-12,  0.00000E+00,  4.38572E+11,  8.10495E+11,  1.02852E-01,  7.63299E-04,  0.00000E+00,     0
   965,  9.65000E-02,  1.63640E+15,  1.63684E+15,  1.63765E+15,  1.27383E-12,  0.00000E+00,  4.38146E+11,  8.05914E+11,  5.16535E-02,  7.59662E-04,  0.00000E+00,     0
   966,  9.66000E-02,  1.63765E+15,  1.63809E+15,  1.63888E+15,  1.27383E-12,  0.00000E+00,  4.37872E+11,  7.97821E+11,  1.01499E-01,  7.53984E-04,  0.00000E+00,     0
   967,  9.67000E-02,  1.63888E+15,  1.63932E+15,  1.64013E+15,  1.27383E-12,  0.00000E+00,  4.37668E+11,  8.10412E+11,  1.39149E-01,  7.60963E-04,  0.00000E+00,     0
   968,  9.68000E-02,  1.64013E+15,  1.64057E+15,  1.64137E+15,  1.27383E-12,  0.00000E+00,  4.37199E+11,  8.04859E+11,  9.39883E-02,  7.56719E-04,  0.00000E+00,     0
   969,  9.69000E-02,  1.64137E+15,  1.64181E+15,  1.64262E+15,  1.27383E-12,  0.00000E+00,  4.36968E+11,  8.08808E+11,  7.93400E-02,  7.58408E-04,  0.00000E+00,     0
   970,  9.70000E-02,  1.64262E+15,  1.64306E+15,  1.64387E+15,  1.27383E-12,  0.00000E+00,  4.36567E+11,  8.09363E+11,  7.29308E-03,  7.57927E-04,  0.00000E+00,     0
   971,  9.71000E-02,  1.64387E+15,  1.64430E+15,  1.64512E+15,  1.27383E-12,  0.00000E+00,  4.36245E+11,  8.14919E+11,  7.71242E-02,  7.60532E-04,  0.00000E+00,     0
   972,  9.72000E-02,  1.64512E+15,  1.64555E+15,  1.64637E+15,  1.27383E-12,  0.00000E+00,  4.35839E+11,  8.16363E+11,  1.25880E-02,  7.60584E-04,  0.00000E+00,     0
   973,  9.73000E-02,  1.64637E+15,  1.64680E+15,  1.64762E+15,  1.27383E-12,  0.00000E+00,  4.35489E+11,  8.13042E+11,  3.87358E-02,  7.57779E-04,  0.00000E+00,     0
   974,  9.74000E-02,  1.64762E+15,  1.64805E+15,  1.64887E+15,  1.27383E-12,  0.00000E+00,  4.35189E+11,  8.14990E+11,  2.56454E-02,  7.58205E-04,  0.00000E+00,     0
   975,  9.75000E-02,  1.64887E+15,  1.64930E+15,  1.65012E+15,  1.27383E-12,  0.00000E+00,  4.34832E+11,  8.13088E+11,  2.66611E-02,  7.56262E-04,  0.00000E+00,     0
   976,  9.76000E-02,  1.65012E+15,  1.65055E+15,  1.65137E+15,  1.27383E-12,  0.00000E+00,  4.34523E+11,  8.15036E+11,  2.56995E-02,  7.56682E-04,  0.00000E+00,     0
   977,  9.77000E-02,  1.65137E+15,  1.65180E+15,  1.65261E+15,  1.27383E-12,  0.00000E+00,  4.34167E+11,  8.07977E+11,  1.00450E-01,  7.51627E-04,  0.00000E+00,     0
   978,  9.78000E-02,  1.65261E+15,  1.65304E+15,  1.65386E+15,  1.27383E-12,  0.00000E+00,  4.33938E+11,  8.16590E+11,  1.10302E-01,  7.56128E-04,  0.00000E+00,     0
   979,  9.79000E-02,  1.65386E+15,  1.65429E+15,  1.65510E+15,  1.27383E-12,  0.00000E+00,  4.33502E+11,  8.10698E+11,  6.62383E-02,  7.51736E-04,  0.00000E+00,     0
   980,  9.80000E-02,  1.65510E+15,  1.65554E+15,  1.65635E+15,  1.27383E-12,  0.00000E+00,  4.33235E+11,  8.13202E+11,  2.95822E-02,  7.52520E-04,  0.00000E+00,     0
   981,  9.81000E-02,  1.65635E+15,  1.65678E+15,  1.65759E+15,  1.27383E-12,  0.00000E+00,  4.32880E+11,  8.13224E+11,  9.33713E-04,  7.51754E-04,  0.00000E+00,     1
   982,  9.82000E-02,  1.65759E+15,  1.65803E+15,  1.65884E+15,  1.27383E-12,  0.00000E+00,  4.32552E+11,  8.15171E+11,  2.57865E-02,  7.52165E-04,  0.00000E+00,     0
   983,  9.83000E-02,  1.65884E+15,  1.65927E+15,  1.66009E+15,  1.27383E-12,  0.00000E+00,  4.32199E+11,  8.15138E+11,  6.76954E-03,  7.51367E-04,  0.00000E+00,     0
   984,  9.84000E-02,  1.66009E+15,  1.66052E+15,  1.66133E+15,  1.27383E-12,  0.00000E+00,  4.31873E+11,  8.12442E+11,  3.18045E-02,  7.48985E-04,  0.00000E+00,     0
   985,  9.85000E-02,  1.66133E+15,  1.66177E+15,  1.66258E+15,  1.27383E-12,  0.00000E+00,  4.31574E+11,  8.13756E+11,  3.35430E-02,  7.49035E-04,  0.00000E+00,     0
   986,  9.86000E-02,  1.66258E+15,  1.66301E+15,  1.66382E+15,  1.27383E-12,  0.00000E+00,  4.31221E+11,  8.12081E+11,  4.27948E-02,  7.47256E-04,  0.00000E+00,     0
   987,  9.87000E-02,  1.66382E+15,  1.66425E+15,  1.66505E+15,  1.27383E-12,  0.00000E+00,  4.30933E+11,  7.92197E+11,  1.78792E-01,  7.34592E-04,  0.00000E+00,     0
   988,  9.88000E-02,  1.66505E+15,  1.66548E+15,  1.66629E+15,  1.27383E-12,  0.00000E+00,  4.30837E+11,  8.11419E+11,  1.73286E-01,  7.45522E-04,  0.00000E+00,     0
   989,  9.89000E-02,  1.66629E+15,  1.66672E+15,  1.66753E+15,  1.27383E-12,  0.00000E+00,  4.30330E+11,  8.11206E+11,  5.26193E-03,  7.44536E-04,  0.00000E+00,     0
   990,  9.90000E-02,  1.66753E+15,  1.66796E+15,  1.66876E+15,  1.27383E-12,  0.00000E+00,  4.30011E+11,  8.04326E+11,  7.37040E-02,  7.39671E-04,  0.00000E+00,     0
   991,  9.91000E-02,  1.66876E+15,  1.66919E+15,  1.67001E+15,  1.27383E-12,  0.00000E+00,  4.29771E+11,  8.12557E+11,  9.80819E-02,  7.43906E-04,  0.00000E+00,     0
   992,  9.92000E-02,  1.67001E+15,  1.67044E+15,  1.67125E+15,  1.27383E-12,  0.00000E+00,  4.29352E+11,  8.12457E+11,  1.75077E-03,  7.43043E-04,  0.00000E+00,     0
   993,  9.93000E-02,  1.67125E+15,  1.67168E+15,  1.67249E+15,  1.27383E-12,  0.00000E+00,  4.29028E+11,  8.13138E+11,  6.18168E-03,  7.42704E-04,  0.00000E+00,     0
   994,  9.94000E-02,  1.67249E+15,  1.67292E+15,  1.67373E+15,  1.27383E-12,  0.00000E+00,  4.28696E+11,  8.13039E+11,  6.36074E-03,  7.41896E-04,  0.00000E+00,     0
   995,  9.95000E-02,  1.67373E+15,  1.67416E+15,  1.67497E+15,  1.27383E-12,  0.00000E+00,  4.28375E+11,  8.12838E+11,  1.92000E-02,  7.41034E-04,  0.00000E+00,     0
   996,  9.96000E-02,  1.67497E+15,  1.67540E+15,  1.67622E+15,  1.27383E-12,  0.00000E+00,  4.28035E+11,  8.17996E+11,  2.45198E-02,  7.43358E-04,  0.00000E+00,     0
   997,  9.97000E-02,  1.67622E+15,  1.67665E+15,  1.67746E+15,  1.27383E-12,  0.00000E+00,  4.27678E+11,  8.12489E+11,  4.37564E-02,  7.39313E-04,  0.00000E+00,     0
   998,  9.98000E-02,  1.67746E+15,  1.67789E+15,  1.67869E+15,  1.27383E-12,  0.00000E+00,  4.27393E+11,  8.07046E+11,  5.22092E-02,  7.35357E-04,  0.00000E+00,     0
   999,  9.99000E-02,  1.67869E+15,  1.67912E+15,  1.67992E+15,  1.27383E-12,  0.00000E+00,  4.27129E+11,  7.97624E+11,  9.73179E-02,  7.29055E-04,  0.00000E+00,     0
  1000,  1.00000E-01,  1.67992E+15,  1.68035E+15,  1.68116E+15,  1.27383E-12,  0.00000E+00,  4.26931E+11,  8.11967E+11,  1.37332E-01,  7.36932E-04,  0.00000E+00,     0
