time_s,phase,Te_eV,EN_Td,Ptot,N2,N2(V1),N2(V2),N2(V3),N2(V4),N2(V5),N2(V6),N2(V7),N2(V8),N2(A3),N2(B3),N2(A`1),N2(C3),N,N(2D),N(2P),N^+,N2^+,N3^+,N4^+,H2,H2(B3SIG),H2(B1SIG),H2(C3PI),H2(A3SIG),H2(RYDBERG_SUM),H2(V1),H2(V2),H2(V3),H,H2^+,H3^+,H^+,H^-,NH,NH2,NH3,NH^+,N2H^+,NH2^+,NH3^+,NH4^+,E,SURF,HSURF,NSURF,NHSURF,NH2SURF
  0.00000E+00,0,  3.49960E+00,  1.40000E+02,  2.54766E-08,  2.44600E+18,  0.00000E+00,  0.00000E+00,  0.00000E+00,  0.00000E+00,  0.00000E+00,  0.00000E+00,  0.00000E+00,  0.00000E+00,  0.00000E+00,  0.00000E+00,  0.00000E+00,  0.00000E+00,  0.00000E+00,  0.00000E+00,  0.00000E+00,  0.00000E+00,  0.00000E+00,  0.00000E+00,  0.00000E+00,  2.20140E+19,  0.00000E+00,  0.00000E+00,  0.00000E+00,  0.00000E+00,  0.00000E+00,  0.00000E+00,  0.00000E+00,  0.00000E+00,  0.00000E+00,  0.00000E+00,  0.00000E+00,  0.00000E+00,  0.00000E+00,  0.00000E+00,  0.00000E+00,  0.00000E+00,  0.00000E+00,  0.00000E+00,  0.00000E+00,  0.00000E+00,  0.00000E+00,  1.17000E+08,  0.00000E+00,  0.00000E+00,  0.00000E+00,  0.00000E+00,  0.00000E+00
  5.00000E-05,1,  3.49960E+00,  1.40000E+02,  2.54766E-08,  2.44518E+18,  7.99981E+14,  2.89889E+11,  1.71138E+09,  8.12056E+08,  3.08433E+08,  1.47370E+08,  3.36015E+07,  9.70577E+06,  6.78942E+12,  4.50832E+08,  2.84945E+08,  5.24412E+09,  4.38574E+12,  8.94484E+01,  1.72041E+09,  1.65079E+01,  6.67059E+05,  5.54649E+04,  1.79408E+07,  2.20136E+19,  8.41811E+13,  3.29842E+13,  2.69047E+13,  1.74306E+13,  2.68009E+12,  1.72224E+13,  7.44495E+08,  1.08165E+03,  3.15966E+14,  5.42359E+06,  1.18657E+13,  1.33902E+11,  2.09034E+05,  5.33863E+12,  2.34605E+10,  8.75241E+11,  6.33847E+00,  2.77777E+12,  3.39840E+01,  5.85671E+09,  5.72940E+07,  1.17000E+08,  0.00000E+00,  0.00000E+00,  0.00000E+00,  0.00000E+00,  0.00000E+00
  1.00000E-04,2,  2.58352E-02,  0.00000E+00,  0.00000E+00,  2.44551E+18,  4.84510E+14,  1.02084E+11,  2.17397E+07,  1.20548E+04,  5.39998E+02,  3.24221E+03,  4.49401E-01,  3.41915E-04,  4.14933E+11,  9.20586E+04,  2.25811E+04,  5.28828E+05,  1.22230E+12,  4.67681E-01,  3.22443E+07,  5.54536E-02,  1.81993E+00,  5.50351E+04,  1.31661E+07,  2.20137E+19,  6.80277E+13,  2.66546E+13,  2.17412E+13,  1.40859E+13,  2.57433E+12,  3.69520E+12,  2.12934E+06,  6.63683E-01,  3.27802E+14,  0.00000E+00,  1.18651E+13,  7.39780E+10,  0.00000E+00,  5.21737E+12,  4.80657E+10,  3.74284E+12,  2.12921E-02,  2.76653E+12,  1.14159E-01,  5.71635E+10,  8.60788E+09,  1.17000E+08,  0.00000E+00,  0.00000E+00,  0.00000E+00,  0.00000E+00,  0.00000E+00
  1.50000E-04,1,  3.49960E+00,  1.40000E+02,  2.54766E-08,  2.44498E+18,  9.94746E+14,  4.41410E+11,  1.80327E+09,  8.11330E+08,  3.08373E+08,  1.47043E+08,  3.36007E+07,  9.70521E+06,  5.40422E+12,  4.41780E+08,  2.82703E+08,  5.19212E+09,  3.69942E+12,  5.03874E+01,  1.14920E+09,  1.39247E+01,  6.67013E+05,  1.03414E+05,  1.79375E+07,  2.20133E+19,  1.38486E+14,  5.42622E+13,  4.42605E+13,  2.86755E+13,  5.12470E+12,  2.22780E+13,  7.75625E+08,  1.45752E+03,  6.45403E+14,  5.42360E+06,  2.37974E+13,  9.14907E+10,  8.74395E+01,  9.46339E+12,  1.23183E+11,  7.03731E+12,  5.34664E+00,  5.55954E+12,  2.86661E+01,  1.29059E+11,  6.04509E+10,  1.17000E+08,  0.00000E+00,  0.00000E+00,  0.00000E+00,  0.00000E+00,  0.00000E+00
  2.00000E-04,2,  2.58352E-02,  0.00000E+00,  0.00000E+00,  2.44543E+18,  5.58139E+14,  1.35394E+11,  3.31464E+07,  8.81677E+03,  5.89027E+01,  3.41805E+02,  5.35116E-02,  4.51809E-05,  1.38221E+11,  9.70518E+03,  2.38175E+03,  5.57763E+04,  1.64928E+12,  2.88468E-01,  1.47639E+07,  7.47733E-02,  1.81523E+00,  1.02582E+05,  1.31313E+07,  2.20134E+19,  1.11571E+14,  4.37156E+13,  3.56569E+13,  2.31023E+13,  4.91396E+12,  4.83811E+12,  3.64885E+06,  1.48745E+00,  6.53446E+14,  0.00000E+00,  2.37962E+13,  8.91194E+09,  0.00000E+00,  6.65238E+12,  2.52751E+11,  1.10044E+13,  2.87102E-02,  5.53688E+12,  1.53930E-01,  9.52148E+10,  1.76027E+11,  1.17000E+08,  0.00000E+00,  0.00000E+00,  0.00000E+00,  0.00000E+00,  0.00000E+00
  2.50000E-04,1,  3.49960E+00,  1.40000E+02,  2.54766E-08,  2.44495E+18,  1.01818E+15,  4.61872E+11,  1.81681E+09,  8.10920E+08,  3.08343E+08,  1.46861E+08,  3.36008E+07,  9.70522E+06,  4.42371E+12,  4.36631E+08,  2.81439E+08,  5.16256E+09,  3.80714E+12,  4.35905E+01,  9.66056E+08,  1.43304E+01,  6.67013E+05,  1.43676E+05,  1.79369E+07,  2.20131E+19,  1.72465E+14,  6.75758E+13,  5.51199E+13,  3.57116E+13,  7.30886E+12,  2.29607E+13,  7.80439E+08,  1.51152E+03,  9.68915E+14,  5.42357E+06,  3.57314E+13,  3.86264E+10,  8.30833E+01,  1.03482E+13,  3.81339E+11,  1.49062E+13,  5.50239E+00,  8.33058E+12,  2.95010E+01,  9.07963E+10,  2.92646E+11,  1.17000E+08,  0.00000E+00,  0.00000E+00,  0.00000E+00,  0.00000E+00,  0.00000E+00
  3.00000E-04,2,  2.58352E-02,  0.00000E+00,  0.00000E+00,  2.44541E+18,  5.63326E+14,  1.37921E+11,  3.40766E+07,  8.42620E+03,  9.02371E+00,  4.13153E+01,  6.61414E-03,  5.73826E-06,  4.71523E+10,  1.17307E+03,  2.87843E+02,  6.74040E+03,  2.02446E+12,  1.52870E-01,  6.36349E+06,  9.16899E-02,  1.80836E+00,  1.42353E+05,  1.30803E+07,  2.20131E+19,  1.37688E+14,  5.39485E+13,  4.40032E+13,  2.85103E+13,  6.95912E+12,  4.92453E+12,  3.78098E+06,  1.56992E+00,  9.74976E+14,  0.00000E+00,  3.57297E+13,  4.66190E+08,  0.00000E+00,  6.89434E+12,  4.85611E+11,  1.92041E+13,  3.52055E-02,  8.29622E+12,  1.88754E-01,  2.52220E+10,  3.94379E+11,  1.17000E+08,  0.00000E+00,  0.00000E+00,  0.00000E+00,  0.00000E+00,  0.00000E+00
  3.50000E-04,1,  3.49960E+00,  1.40000E+02,  2.54766E-08,  2.44495E+18,  1.01977E+15,  4.63280E+11,  1.81761E+09,  8.10679E+08,  3.08328E+08,  1.46756E+08,  3.36010E+07,  9.70529E+06,  3.73070E+12,  4.33615E+08,  2.80699E+08,  5.14523E+09,  4.09135E+12,  4.24130E+01,  8.74669E+08,  1.54003E+01,  6.67017E+05,  1.78445E+05,  1.79366E+07,  2.20128E+19,  1.92204E+14,  7.53096E+13,  6.14278E+13,  3.97990E+13,  9.18480E+12,  2.30074E+13,  7.80774E+08,  1.51526E+03,  1.28865E+15,  5.42354E+06,  4.76632E+13,  2.43590E+10,  7.83002E+01,  1.04776E+13,  5.71720E+11,  2.32641E+13,  5.91320E+00,  1.10896E+13,  3.17035E+01,  5.51796E+10,  4.83054E+11,  1.17000E+08,  0.00000E+00,  0.00000E+00,  0.00000E+00,  0.00000E+00,  0.00000E+00
  4.00000E-04,2,  2.58352E-02,  0.00000E+00,  0.00000E+00,  2.44540E+18,  5.67851E+14,  1.40145E+11,  3.48937E+07,  8.60486E+03,  3.19001E+00,  5.74204E+00,  8.07596E-04,  5.65067E-07,  1.76709E+10,  1.62701E+02,  4.09633E+01,  9.56040E+02,  2.41184E+12,  8.37855E-02,  2.92547E+06,  1.09364E-01,  1.81669E+00,  1.76605E+05,  1.31390E+07,  2.20129E+19,  1.52796E+14,  5.98682E+13,  4.88315E+13,  3.16390E+13,  8.68552E+12,  5.00064E+12,  3.89803E+06,  1.63797E+00,  1.29353E+15,  0.00000E+00,  4.76609E+13,  3.50625E+07,  0.00000E+00,  6.94547E+12,  6.31226E+11,  2.75671E+13,  4.19917E-02,  1.10445E+13,  2.25138E-01,  6.91271E+09,  5.52794E+11,  1.17000E+08,  0.00000E+00,  0.00000E+00,  0.00000E+00,  0.00000E+00,  0.00000E+00
  4.50000E-04,1,  3.49960E+00,  1.40000E+02,  2.54766E-08,  2.44494E+18,  1.02115E+15,  4.64503E+11,  1.81835E+09,  8.10531E+08,  3.08318E+08,  1.46691E+08,  3.36012E+07,  9.70535E+06,  3.22422E+12,  4.31737E+08,  2.80238E+08,  5.13444E+09,  4.48438E+12,  4.40014E+01,  8.28042E+08,  1.68798E+01,  6.67021E+05,  2.08980E+05,  1.79364E+07,  2.20126E+19,  2.02889E+14,  7.94963E+13,  6.48427E+13,  4.20119E+13,  1.07285E+13,  2.30479E+13,  7.81066E+08,  1.51851E+03,  1.60574E+15,  5.42351E+06,  5.95927E+13,  1.77639E+10,  7.31789E+01,  1.04550E+13,  7.04862E+11,  3.16531E+13,  6.48128E+00,  1.38375E+13,  3.47491E+01,  4.24529E+10,  6.42664E+11,  1.17000E+08,  0.00000E+00,  0.00000E+00,  0.00000E+00,  0.00000E+00,  0.00000E+00
  5.00000E-04,2,  2.58352E-02,  0.00000E+00,  0.00000E+00,  2.44539E+18,  5.75224E+14,  1.43802E+11,  3.62743E+07,  9.05489E+03,  2.61179E+00,  1.35987E+00,  2.23962E-04,  1.99490E-07,  8.29359E+09,  3.85903E+01,  9.05616E+00,  2.12044E+02,  2.84770E+12,  5.65050E-02,  1.67025E+06,  1.29373E-01,  1.82997E+00,  2.06584E+05,  1.32332E+07,  2.20127E+19,  1.60789E+14,  6.29996E+13,  5.13855E+13,  3.32941E+13,  1.00722E+13,  5.12577E+12,  4.09685E+06,  1.77137E+00,  1.60986E+15,  1.04417-210,  5.95899E+13,  4.42223E+06,  0.00000E+00,  6.98725E+12,  7.36116E+11,  3.58720E+13,  4.96744E-02,  1.37826E+13,  2.66327E-01,  2.45887E+09,  6.96862E+11,  1.17000E+08,  0.00000E+00,  0.00000E+00,  0.00000E+00,  0.00000E+00,  0.00000E+00
  5.50000E-04,1,  3.49960E+00,  1.40000E+02,  2.54766E-08,  2.44493E+18,  1.02341E+15,  4.66506E+11,  1.81965E+09,  8.10433E+08,  3.08312E+08,  1.46647E+08,  3.36014E+07,  9.70540E+06,  2.83641E+12,  4.30481E+08,  2.79929E+08,  5.12722E+09,  4.96072E+12,  4.73569E+01,  8.05532E+08,  1.86730E+01,  6.67025E+05,  2.36067E+05,  1.79363E+07,  2.20124E+19,  2.07671E+14,  8.13698E+13,  6.63707E+13,  4.30022E+13,  1.19209E+13,  2.31146E+13,  7.81547E+08,  1.52386E+03,  1.92085E+15,  5.42348E+06,  7.15201E+13,  1.40286E+10,  6.77764E+01,  1.04094E+13,  8.03710E+11,  3.99628E+13,  7.16978E+00,  1.65752E+13,  3.84403E+01,  3.45587E+10,  7.94486E+11,  1.17000E+08,  0.00000E+00,  0.00000E+00,  0.00000E+00,  0.00000E+00,  0.00000E+00
  6.00000E-04,2,  2.58352E-02,  0.00000E+00,  0.00000E+00,  2.44539E+18,  5.67900E+14,  1.40160E+11,  3.49021E+07,  8.59668E+03,  2.22362E+00,  0.00000E+00,  0.00000E+00,  0.00000E+00,  2.13424E+09,  0.00000E+00,  0.00000E+00,  0.00000E+00,  3.29985E+12,  1.94132E-02,  5.05557E+05,  1.49562E-01,  1.81396E+00,  2.32920E+05,  1.31154E+07,  2.20125E+19,  1.61948E+14,  6.34538E+13,  5.17557E+13,  3.35343E+13,  1.10663E+13,  5.00098E+12,  3.89755E+06,  1.64022E+00,  1.92449E+15,  0.00000E+00,  7.15166E+13,  8.67632E+04,  1.38470-209,  6.86239E+12,  8.09978E+11,  4.42703E+13,  5.74262E-02,  1.65076E+13,  3.07887E-01,  7.22660E+08,  8.37927E+11,  1.17000E+08,  0.00000E+00,  0.00000E+00,  0.00000E+00,  0.00000E+00,  0.00000E+00
  6.50000E-04,1,  3.49960E+00,  1.40000E+02,  2.54766E-08,  2.44492E+18,  1.02115E+15,  4.64503E+11,  1.81824E+09,  8.10365E+08,  3.08309E+08,  1.46618E+08,  3.36016E+07,  9.70547E+06,  2.53289E+12,  4.29613E+08,  2.79715E+08,  5.12222E+09,  5.50061E+12,  5.19716E+01,  7.97346E+08,  2.07053E+01,  6.67029E+05,  2.60085E+05,  1.79362E+07,  2.20122E+19,  2.06983E+14,  8.11000E+13,  6.61505E+13,  4.28597E+13,  1.27233E+13,  2.30475E+13,  7.81064E+08,  1.51851E+03,  2.23438E+15,  5.42344E+06,  8.34451E+13,  1.16138E+10,  6.20240E+01,  1.02495E+13,  8.71079E+11,  4.82921E+13,  7.95013E+00,  1.92999E+13,  4.26239E+01,  2.89231E+10,  9.42469E+11,  1.17000E+08,  0.00000E+00,  0.00000E+00,  0.00000E+00,  0.00000E+00,  0.00000E+00
  7.00000E-04,2,  2.58352E-02,  0.00000E+00,  0.00000E+00,  2.44538E+18,  5.65627E+14,  1.39054E+11,  3.44983E+07,  8.46916E+03,  2.21745E+00,  1.29052E-01,  2.06702E-05,  1.88802E-08,  9.32489E+08,  3.64621E+00,  1.22485E-01,  2.86601E+00,  3.81848E+12,  1.21358E-02,  2.67305E+05,  1.72966E-01,  1.81015E+00,  2.56141E+05,  1.30855E+07,  2.20123E+19,  1.59433E+14,  6.24683E+13,  5.09519E+13,  3.30136E+13,  1.16794E+13,  4.96342E+12,  3.84159E+06,  1.60817E+00,  2.23766E+15,  0.00000E+00,  8.34410E+13,  1.64850E+04,  0.00000E+00,  6.75659E+12,  8.55711E+11,  5.25710E+13,  6.64124E-02,  1.92206E+13,  3.56064E-01,  2.59861E+08,  9.77530E+11,  1.17000E+08,  0.00000E+00,  0.00000E+00,  0.00000E+00,  0.00000E+00,  0.00000E+00
  7.50000E-04,1,  3.49960E+00,  1.40000E+02,  2.54766E-08,  2.44492E+18,  1.02042E+15,  4.63863E+11,  1.81777E+09,  8.10317E+08,  3.08306E+08,  1.46597E+08,  3.36017E+07,  9.70552E+06,  2.29105E+12,  4.28992E+08,  2.79561E+08,  5.11864E+09,  6.11579E+12,  5.81132E+01,  8.01939E+08,  2.30211E+01,  6.67033E+05,  2.81421E+05,  1.79361E+07,  2.20121E+19,  2.03279E+14,  7.96488E+13,  6.49668E+13,  4.20928E+13,  1.31487E+13,  2.30260E+13,  7.80910E+08,  1.51680E+03,  2.54659E+15,  5.42341E+06,  9.53679E+13,  9.94453E+09,  5.61054E+01,  1.00936E+13,  9.10511E+11,  5.65282E+13,  8.83931E+00,  2.20125E+13,  4.73909E+01,  2.48747E+10,  1.08793E+12,  1.17000E+08,  0.00000E+00,  0.00000E+00,  0.00000E+00,  0.00000E+00,  0.00000E+00
  8.00000E-04,2,  2.58352E-02,  0.00000E+00,  0.00000E+00,  2.44537E+18,  5.68602E+14,  1.40510E+11,  3.50341E+07,  8.64094E+03,  2.27221E+00,  1.33348E-01,  2.03926E-05,  1.03310E-08,  3.13700E+08,  3.76767E+00,  0.00000E+00,  0.00000E+00,  4.42159E+12,  5.30803E-03,  1.04896E+05,  2.00478E-01,  1.81709E+00,  2.76652E+05,  1.31330E+07,  2.20122E+19,  1.55196E+14,  6.08081E+13,  4.95977E+13,  3.21362E+13,  1.19371E+13,  5.01287E+12,  3.91649E+06,  1.65262E+00,  2.54956E+15,  0.00000E+00,  9.53632E+13,  0.00000E+00,  5.17235-262,  6.71003E+12,  8.78043E+11,  6.07156E+13,  7.69755E-02,  2.19232E+13,  4.12696E-01,  9.47284E+07,  1.11676E+12,  1.17000E+08,  0.00000E+00,  0.00000E+00,  0.00000E+00,  0.00000E+00,  0.00000E+00
  8.50000E-04,1,  3.49960E+00,  1.40000E+02,  2.54766E-08,  2.44491E+18,  1.02133E+15,  4.64672E+11,  1.81830E+09,  8.10282E+08,  3.08305E+08,  1.46581E+08,  3.36019E+07,  9.70557E+06,  2.09018E+12,  4.28522E+08,  2.79445E+08,  5.11592E+09,  6.80577E+12,  6.56534E+01,  8.14201E+08,  2.56185E+01,  6.67036E+05,  3.00395E+05,  1.79360E+07,  2.20119E+19,  1.98101E+14,  7.76199E+13,  6.33118E+13,  4.10206E+13,  1.32278E+13,  2.30528E+13,  7.81104E+08,  1.51896E+03,  2.85766E+15,  5.42338E+06,  1.07288E+14,  8.72050E+09,  5.01904E+01,  9.97396E+12,  9.27098E+11,  6.46314E+13,  9.83661E+00,  2.47148E+13,  5.27377E+01,  2.18359E+10,  1.23186E+12,  1.17000E+08,  0.00000E+00,  0.00000E+00,  0.00000E+00,  0.00000E+00,  0.00000E+00
  9.00000E-04,2,  2.58352E-02,  0.00000E+00,  0.00000E+00,  2.44537E+18,  5.65443E+14,  1.38963E+11,  3.44645E+07,  8.45839E+03,  2.22535E+00,  1.97365E-01,  3.20287E-05,  2.69453E-08,  1.63293E+08,  5.58611E+00,  3.35149E-03,  7.84634E-02,  5.07758E+12,  4.01124E-03,  6.64403E+04,  2.29933E-01,  1.80885E+00,  2.94576E+05,  1.30704E+07,  2.20120E+19,  1.48651E+14,  5.82437E+13,  4.75061E+13,  3.07810E+13,  1.18320E+13,  4.96024E+12,  3.83668E+06,  1.60525E+00,  2.86039E+15,  0.00000E+00,  1.07283E+14,  2.89542E+02,  0.00000E+00,  6.59979E+12,  8.78883E+11,  6.88259E+13,  8.82853E-02,  2.46131E+13,  4.73330E-01,  3.85948E+07,  1.25565E+12,  1.17000E+08,  0.00000E+00,  0.00000E+00,  0.00000E+00,  0.00000E+00,  0.00000E+00
  9.50000E-04,1,  3.49960E+00,  1.40000E+02,  2.54766E-08,  2.44490E+18,  1.02035E+15,  4.63801E+11,  1.81769E+09,  8.10256E+08,  3.08304E+08,  1.46569E+08,  3.36021E+07,  9.70562E+06,  1.92280E+12,  4.28167E+08,  2.79356E+08,  5.11387E+09,  7.56140E+12,  7.45194E+01,  8.32020E+08,  2.84631E+01,  6.67039E+05,  3.17039E+05,  1.79360E+07,  2.20117E+19,  1.91147E+14,  7.48954E+13,  6.10896E+13,  3.95807E+13,  1.29706E+13,  2.30236E+13,  7.80896E+08,  1.51664E+03,  3.16772E+15,  5.42335E+06,  1.19207E+14,  7.78012E+09,  4.43108E+01,  9.81294E+12,  9.23630E+11,  7.26731E+13,  1.09288E+01,  2.74044E+13,  5.85931E+01,  1.94861E+10,  1.37458E+12,  1.17000E+08,  0.00000E+00,  0.00000E+00,  0.00000E+00,  0.00000E+00,  0.00000E+00
  1.00000E-03,2,  2.58352E-02,  0.00000E+00,  0.00000E+00,  2.44536E+18,  5.67417E+14,  1.39927E+11,  3.48181E+07,  8.57169E+03,  2.27120E+00,  2.58718E-01,  4.20971E-05,  3.74327E-08,  5.08049E+07,  7.32788E+00,  2.56654E-05,  6.45116E-04,  5.82674E+12,  1.63193E-03,  2.40249E+04,  2.64035E-01,  1.81390E+00,  3.10190E+05,  1.31035E+07,  2.20118E+19,  1.41682E+14,  5.55133E+13,  4.52791E+13,  2.93380E+13,  1.14419E+13,  4.99286E+12,  3.88594E+06,  1.63466E+00,  3.17021E+15,  0.00000E+00,  1.19201E+14,  0.00000E+00,  0.00000E+00,  6.52806E+12,  8.64601E+11,  7.67800E+13,  1.01379E-01,  2.72926E+13,  5.43527E-01,  1.41871E+07,  1.39442E+12,  1.17000E+08,  0.00000E+00,  0.00000E+00,  0.00000E+00,  0.00000E+00,  0.00000E+00
  1.05000E-03,1,  3.49960E+00,  1.40000E+02,  2.54766E-08,  2.44490E+18,  1.02096E+15,  4.64341E+11,  1.81805E+09,  8.10235E+08,  3.08304E+08,  1.46560E+08,  3.36022E+07,  9.70566E+06,  1.77989E+12,  4.27886E+08,  2.79286E+08,  5.11224E+09,  8.39507E+12,  8.49989E+01,  8.55000E+08,  3.16015E+01,  6.67042E+05,  3.31598E+05,  1.79359E+07,  2.20115E+19,  1.83807E+14,  7.20193E+13,  5.87437E+13,  3.80607E+13,  1.24532E+13,  2.30415E+13,  7.81026E+08,  1.51809E+03,  3.47687E+15,  5.42332E+06,  1.31123E+14,  7.04055E+09,  3.86912E+01,  9.68044E+12,  9.06611E+11,  8.05749E+13,  1.21338E+01,  3.00836E+13,  6.50533E+01,  1.76203E+10,  1.51653E+12,  1.17000E+08,  0.00000E+00,  0.00000E+00,  0.00000E+00,  0.00000E+00,  0.00000E+00
  1.10000E-03,2,  2.58352E-02,  0.00000E+00,  0.00000E+00,  2.44536E+18,  5.62956E+14,  1.37746E+11,  3.40142E+07,  8.31255E+03,  2.20144E+00,  3.35951E-01,  5.42153E-05,  4.76177E-08,  8.74184E+06,  9.52165E+00,  9.98324E-06,  2.33683E-04,  6.63677E+12,  3.68817E-04,  4.66718E+03,  3.00294E-01,  1.80412E+00,  3.23435E+05,  1.30290E+07,  2.20116E+19,  1.33343E+14,  5.22458E+13,  4.26140E+13,  2.76111E+13,  1.07833E+13,  4.91854E+12,  3.77248E+06,  1.56521E+00,  3.47915E+15,  0.00000E+00,  1.31116E+14,  3.23630E-35,  0.00000E+00,  6.38802E+12,  8.37435E+11,  8.46856E+13,  1.15301E-01,  2.99588E+13,  6.18164E-01,  4.26710E+06,  1.53290E+12,  1.17000E+08,  0.00000E+00,  0.00000E+00,  0.00000E+00,  0.00000E+00,  0.00000E+00
  1.15000E-03,1,  3.49960E+00,  1.40000E+02,  2.54766E-08,  2.44489E+18,  1.01958E+15,  4.63126E+11,  1.81721E+09,  8.10220E+08,  3.08304E+08,  1.46553E+08,  3.36024E+07,  9.70571E+06,  1.65688E+12,  4.27662E+08,  2.79229E+08,  5.11094E+09,  9.29827E+12,  9.70237E+01,  8.81395E+08,  3.50015E+01,  6.67045E+05,  3.43970E+05,  1.79358E+07,  2.20114E+19,  1.75503E+14,  6.87656E+13,  5.60899E+13,  3.63411E+13,  1.17072E+13,  2.30007E+13,  7.80736E+08,  1.51486E+03,  3.78516E+15,  5.42329E+06,  1.43037E+14,  6.43976E+09,  3.33564E+01,  9.50684E+12,  8.78723E+11,  8.83999E+13,  1.34393E+01,  3.27494E+13,  7.20522E+01,  1.60976E+10,  1.65772E+12,  1.17000E+08,  0.00000E+00,  0.00000E+00,  0.00000E+00,  0.00000E+00,  0.00000E+00
  1.20000E-03,2,  2.58352E-02,  0.00000E+00,  0.00000E+00,  2.44535E+18,  5.67467E+14,  1.39976E+11,  3.48439E+07,  8.58258E+03,  2.30467E+00,  4.36178E-01,  7.09323E-05,  6.25124E-08,  1.31797E+07,  1.23667E+01,  8.60019E-05,  2.00613E-03,  7.56319E+12,  8.10583E-04,  8.87417E+03,  3.42661E-01,  1.81366E+00,  3.34643E+05,  1.30938E+07,  2.20115E+19,  1.25727E+14,  4.92619E+13,  4.01802E+13,  2.60341E+13,  9.98019E+12,  4.99441E+12,  3.89163E+06,  1.63938E+00,  3.78720E+15,  0.00000E+00,  1.43030E+14,  8.07977E-01,  0.00000E+00,  6.31275E+12,  8.05028E+11,  9.23846E+13,  1.31568E-01,  3.26159E+13,  7.05375E-01,  3.04643E+06,  1.67137E+12,  1.17000E+08,  0.00000E+00,  0.00000E+00,  0.00000E+00,  0.00000E+00,  0.00000E+00
  1.25000E-03,1,  3.49960E+00,  1.40000E+02,  2.54766E-08,  2.44488E+18,  1.02097E+15,  4.64360E+11,  1.81805E+09,  8.10207E+08,  3.08304E+08,  1.46547E+08,  3.36025E+07,  9.70576E+06,  1.55026E+12,  4.27481E+08,  2.79183E+08,  5.10988E+09,  1.02901E+13,  1.11190E+02,  9.12723E+08,  3.87354E+01,  6.67048E+05,  3.54479E+05,  1.79357E+07,  2.20112E+19,  1.67688E+14,  6.57037E+13,  5.35924E+13,  3.47228E+13,  1.08435E+13,  2.30419E+13,  7.81031E+08,  1.51816E+03,  4.09264E+15,  5.42327E+06,  1.54948E+14,  5.94862E+09,  2.85308E+01,  9.38283E+12,  8.46911E+11,  9.60472E+13,  1.48730E+01,  3.54061E+13,  7.97382E+01,  1.48557E+10,  1.79851E+12,  1.17000E+08,  0.00000E+00,  0.00000E+00,  0.00000E+00,  0.00000E+00,  0.00000E+00
  1.30000E-03,2,  2.58352E-02,  0.00000E+00,  0.00000E+00,  2.44534E+18,  5.67726E+14,  1.40088E+11,  3.48830E+07,  8.59584E+03,  2.32984E+00,  5.59855E-01,  9.10524E-05,  8.01209E-08,  5.18813E+06,  1.58784E+01,  3.67136E-06,  8.59288E-05,  8.56984E+12,  4.16803E-04,  4.08040E+03,  3.88200E-01,  1.81306E+00,  3.43745E+05,  1.30850E+07,  2.20113E+19,  1.17766E+14,  4.61428E+13,  3.76362E+13,  2.43857E+13,  9.06304E+12,  4.99856E+12,  3.89636E+06,  1.64304E+00,  4.09445E+15,  5.32638-133,  1.54941E+14,  3.34331E-02,  0.00000E+00,  6.20152E+12,  7.69139E+11,  9.99788E+13,  1.49053E-01,  3.52617E+13,  7.99115E-01,  1.37981E+06,  1.80968E+12,  1.17000E+08,  0.00000E+00,  0.00000E+00,  0.00000E+00,  0.00000E+00,  0.00000E+00
  1.35000E-03,1,  3.49960E+00,  1.40000E+02,  2.54766E-08,  2.44488E+18,  1.02105E+15,  4.64430E+11,  1.81809E+09,  8.10198E+08,  3.08304E+08,  1.46542E+08,  3.36027E+07,  9.70580E+06,  1.45690E+12,  4.27333E+08,  2.79145E+08,  5.10901E+09,  1.13583E+13,  1.27342E+02,  9.46930E+08,  4.27566E+01,  6.67051E+05,  3.63031E+05,  1.79357E+07,  2.20110E+19,  1.59696E+14,  6.25721E+13,  5.10381E+13,  3.30678E+13,  9.90200E+12,  2.30441E+13,  7.81048E+08,  1.51834E+03,  4.39935E+15,  5.42324E+06,  1.66858E+14,  5.53670E+09,  2.42029E+01,  9.24206E+12,  8.12952E+11,  1.03576E+14,  1.64169E+01,  3.80516E+13,  8.80156E+01,  1.38164E+10,  1.93887E+12,  1.17000E+08,  0.00000E+00,  0.00000E+00,  0.00000E+00,  0.00000E+00,  0.00000E+00
  1.40000E-03,2,  2.58352E-02,  0.00000E+00,  0.00000E+00,  2.44533E+18,  5.65786E+14,  1.39143E+11,  3.45348E+07,  8.48359E+03,  2.31898E+00,  7.11392E-01,  1.15274E-04,  1.01165E-07,  6.90173E+05,  2.01815E+01,  9.43926E-08,  2.20692E-06,  9.66118E+12,  7.02047E-05,  6.06967E+02,  4.37321E-01,  1.80872E+00,  3.50722E+05,  1.30488E+07,  2.20111E+19,  1.09510E+14,  4.29077E+13,  3.49975E+13,  2.26759E+13,  8.09087E+12,  4.96625E+12,  3.84702E+06,  1.61233E+00,  4.40093E+15,  0.00000E+00,  1.66849E+14,  2.63855E-06,  8.35884-313,  6.05117E+12,  7.32197E+11,  1.07464E+14,  1.67913E-01,  3.78953E+13,  9.00227E-01,  5.65350E+05,  1.94778E+12,  1.17000E+08,  0.00000E+00,  0.00000E+00,  0.00000E+00,  0.00000E+00,  0.00000E+00
  1.45000E-03,1,  3.49960E+00,  1.40000E+02,  2.54766E-08,  2.44487E+18,  1.02045E+15,  4.63899E+11,  1.81772E+09,  8.10190E+08,  3.08305E+08,  1.46539E+08,  3.36028E+07,  9.70585E+06,  1.37444E+12,  4.27210E+08,  2.79114E+08,  5.10829E+09,  1.25067E+13,  1.45699E+02,  9.83833E+08,  4.70801E+01,  6.67054E+05,  3.69607E+05,  1.79356E+07,  2.20109E+19,  1.51592E+14,  5.93969E+13,  4.84483E+13,  3.13897E+13,  8.93824E+12,  2.30263E+13,  7.80920E+08,  1.51693E+03,  4.70531E+15,  5.42321E+06,  1.78765E+14,  5.18664E+09,  2.03995E+01,  9.08335E+12,  7.79018E+11,  1.10982E+14,  1.80770E+01,  4.06849E+13,  9.69152E+01,  1.29349E+10,  2.07879E+12,  1.17000E+08,  0.00000E+00,  0.00000E+00,  0.00000E+00,  0.00000E+00,  0.00000E+00
  1.50000E-03,2,  2.58352E-02,  0.00000E+00,  0.00000E+00,  2.44533E+18,  5.65985E+14,  1.39224E+11,  3.45584E+07,  8.48994E+03,  2.35167E+00,  8.97884E-01,  1.45315E-04,  1.25655E-07,  9.89313E+04,  2.54767E+01,  1.34368E-07,  2.41834E-06,  1.08570E+13,  6.93558E-06,  5.46565E+01,  4.91488E-01,  1.80994E+00,  3.55751E+05,  1.30524E+07,  2.20110E+19,  1.01672E+14,  3.98369E+13,  3.24929E+13,  2.10530E+13,  7.14030E+12,  4.96870E+12,  3.84896E+06,  1.61357E+00,  4.70663E+15,  0.00000E+00,  1.78756E+14,  2.99264E-04,  0.00000E+00,  5.90475E+12,  6.97485E+11,  1.14787E+14,  1.88711E-01,  4.05183E+13,  1.01172E+00,  1.48074E+05,  2.08576E+12,  1.17000E+08,  0.00000E+00,  0.00000E+00,  0.00000E+00,  0.00000E+00,  0.00000E+00
  1.55000E-03,1,  3.49960E+00,  1.40000E+02,  2.54766E-08,  2.44486E+18,  1.02052E+15,  4.63963E+11,  1.81775E+09,  8.10184E+08,  3.08305E+08,  1.46535E+08,  3.36030E+07,  9.70590E+06,  1.30085E+12,  4.27106E+08,  2.79087E+08,  5.10768E+09,  1.37419E+13,  1.66616E+02,  1.02341E+09,  5.17300E+01,  6.67057E+05,  3.74387E+05,  1.79355E+07,  2.20107E+19,  1.43862E+14,  5.63682E+13,  4.59779E+13,  2.97890E+13,  8.01661E+12,  2.30285E+13,  7.80924E+08,  1.51704E+03,  5.01053E+15,  5.42318E+06,  1.90670E+14,  4.88711E+09,  1.71600E+01,  8.93710E+12,  7.47789E+11,  1.18230E+14,  1.98623E+01,  4.33075E+13,  1.06487E+02,  1.21732E+10,  2.21842E+12,  1.17000E+08,  0.00000E+00,  0.00000E+00,  0.00000E+00,  0.00000E+00,  0.00000E+00
  1.60000E-03,2,  2.58352E-02,  0.00000E+00,  0.00000E+00,  2.44532E+18,  5.66022E+14,  1.39247E+11,  3.45692E+07,  8.49428E+03,  2.39048E+00,  1.12493E+00,  1.82296E-04,  1.58831E-07,  0.00000E+00,  3.19235E+01,  4.28079E-09,  1.22090E-07,  1.21501E+13,  0.00000E+00,  0.00000E+00,  5.49912E-01,  1.80923E+00,  3.58862E+05,  1.30419E+07,  2.20108E+19,  9.40943E+13,  3.68677E+13,  3.00711E+13,  1.94838E+13,  6.24554E+12,  4.96946E+12,  3.85084E+06,  1.61424E+00,  5.01157E+15,  0.00000E+00,  1.90660E+14,  0.00000E+00,  0.00000E+00,  5.74502E+12,  6.65858E+11,  1.21961E+14,  2.11143E-01,  4.31300E+13,  1.13199E+00,  2.51022E+05,  2.22358E+12,  1.17000E+08,  0.00000E+00,  0.00000E+00,  0.00000E+00,  0.00000E+00,  0.00000E+00
  1.65000E-03,1,  3.49960E+00,  1.40000E+02,  2.54766E-08,  2.44486E+18,  1.02053E+15,  4.63978E+11,  1.81775E+09,  8.10180E+08,  3.08306E+08,  1.46533E+08,  3.36031E+07,  9.70594E+06,  1.23529E+12,  4.27019E+08,  2.79064E+08,  5.10716E+09,  1.50617E+13,  1.90104E+02,  1.06537E+09,  5.66986E+01,  6.67060E+05,  3.77402E+05,  1.79354E+07,  2.20105E+19,  1.36425E+14,  5.34543E+13,  4.36012E+13,  2.82490E+13,  7.16614E+12,  2.30289E+13,  7.80925E+08,  1.51707E+03,  5.31502E+15,  5.42315E+06,  2.02572E+14,  4.62788E+09,  1.44435E+01,  8.79113E+12,  7.19857E+11,  1.25327E+14,  2.17701E+01,  4.59190E+13,  1.16714E+02,  1.15258E+10,  2.35774E+12,  1.17000E+08,  0.00000E+00,  0.00000E+00,  0.00000E+00,  0.00000E+00,  0.00000E+00
  1.70000E-03,2,  2.58352E-02,  0.00000E+00,  0.00000E+00,  2.44531E+18,  5.67081E+14,  1.39766E+11,  3.47610E+07,  8.55710E+03,  2.45584E+00,  1.39777E+00,  2.26909E-04,  1.99547E-07,  1.47029E+05,  3.96702E+01,  2.82835E-09,  6.62631E-08,  1.35438E+13,  1.88610E-05,  1.15423E+02,  6.13088E-01,  1.81105E+00,  3.60223E+05,  1.30494E+07,  2.20106E+19,  8.70275E+13,  3.40989E+13,  2.78128E+13,  1.80204E+13,  5.44140E+12,  4.98713E+12,  3.87798E+06,  1.63121E+00,  5.31577E+15,  0.00000E+00,  2.02562E+14,  1.60472E-10,  0.00000E+00,  5.58623E+12,  6.38357E+11,  1.28968E+14,  2.35400E-01,  4.57315E+13,  1.26203E+00,  2.18246E+05,  2.36130E+12,  1.17000E+08,  0.00000E+00,  0.00000E+00,  0.00000E+00,  0.00000E+00,  0.00000E+00
  1.75000E-03,1,  3.49960E+00,  1.40000E+02,  2.54766E-08,  2.44485E+18,  1.02085E+15,  4.64257E+11,  1.81796E+09,  8.10176E+08,  3.08307E+08,  1.46531E+08,  3.36033E+07,  9.70599E+06,  1.17645E+12,  4.26945E+08,  2.79044E+08,  5.10672E+09,  1.64657E+13,  2.16361E+02,  1.10940E+09,  6.19842E+01,  6.67063E+05,  3.78822E+05,  1.79354E+07,  2.20104E+19,  1.29449E+14,  5.07211E+13,  4.13719E+13,  2.68045E+13,  6.41210E+12,  2.30379E+13,  7.81004E+08,  1.51788E+03,  5.61880E+15,  5.42312E+06,  2.14473E+14,  4.40204E+09,  1.22110E+01,  8.65503E+12,  6.95904E+11,  1.32260E+14,  2.37995E+01,  4.85201E+13,  1.27594E+02,  1.09678E+10,  2.49682E+12,  1.17000E+08,  0.00000E+00,  0.00000E+00,  0.00000E+00,  0.00000E+00,  0.00000E+00
  1.80000E-03,2,  2.58352E-02,  0.00000E+00,  0.00000E+00,  2.44530E+18,  5.68682E+14,  1.40561E+11,  3.50592E+07,  8.65604E+03,  2.54172E+00,  1.72191E+00,  2.80296E-04,  2.47230E-07,  2.71370E+05,  4.88734E+01,  9.71532E-09,  2.27445E-07,  1.50324E+13,  5.73751E-05,  3.19102E+02,  6.80576E-01,  1.81283E+00,  3.59953E+05,  1.30565E+07,  2.20105E+19,  8.04318E+13,  3.15146E+13,  2.57049E+13,  1.66546E+13,  4.73830E+12,  5.01467E+12,  3.92156E+06,  1.65894E+00,  5.61924E+15,  0.00000E+00,  2.14462E+14,  8.00299E-06,  3.10665-153,  5.42414E+12,  6.14911E+11,  1.35813E+14,  2.61312E-01,  4.83227E+13,  1.40094E+00,  2.61024E+05,  2.49892E+12,  1.17000E+08,  0.00000E+00,  0.00000E+00,  0.00000E+00,  0.00000E+00,  0.00000E+00
  1.85000E-03,1,  3.49960E+00,  1.40000E+02,  2.54766E-08,  2.44484E+18,  1.02134E+15,  4.64694E+11,  1.81826E+09,  8.10174E+08,  3.08308E+08,  1.46529E+08,  3.36034E+07,  9.70603E+06,  1.12294E+12,  4.26881E+08,  2.79027E+08,  5.10633E+09,  1.79497E+13,  2.45472E+02,  1.15461E+09,  6.75710E+01,  6.67066E+05,  3.78777E+05,  1.79353E+07,  2.20102E+19,  1.22916E+14,  4.81611E+13,  3.92838E+13,  2.54516E+13,  5.75927E+12,  2.30523E+13,  7.81108E+08,  1.51905E+03,  5.92187E+15,  5.42309E+06,  2.26371E+14,  4.20348E+09,  1.03950E+01,  8.52604E+12,  6.75729E+11,  1.39033E+14,  2.59446E+01,  5.11109E+13,  1.39094E+02,  1.04727E+10,  2.63572E+12,  1.17000E+08,  0.00000E+00,  0.00000E+00,  0.00000E+00,  0.00000E+00,  0.00000E+00
  1.90000E-03,2,  2.58352E-02,  0.00000E+00,  0.00000E+00,  2.44530E+18,  5.68604E+14,  1.40523E+11,  3.50453E+07,  8.65249E+03,  2.60348E+00,  2.10152E+00,  3.42020E-04,  3.00912E-07,  2.42895E+05,  5.96517E+01,  6.97779E-09,  1.63897E-07,  1.66069E+13,  5.48432E-05,  2.76562E+02,  7.51650E-01,  1.81169E+00,  3.58116E+05,  1.30424E+07,  2.20103E+19,  7.40886E+13,  2.90292E+13,  2.36778E+13,  1.53412E+13,  4.12917E+12,  5.01336E+12,  3.91959E+06,  1.65778E+00,  5.92198E+15,  0.00000E+00,  2.26360E+14,  0.00000E+00,  0.00000E+00,  5.24200E+12,  5.94768E+11,  1.42512E+14,  2.88601E-01,  5.09028E+13,  1.54724E+00,  2.48004E+05,  2.63637E+12,  1.17000E+08,  0.00000E+00,  0.00000E+00,  0.00000E+00,  0.00000E+00,  0.00000E+00
  1.95000E-03,1,  3.49960E+00,  1.40000E+02,  2.54766E-08,  2.44483E+18,  1.02132E+15,  4.64672E+11,  1.81825E+09,  8.10172E+08,  3.08309E+08,  1.46528E+08,  3.36036E+07,  9.70608E+06,  1.07426E+12,  4.26826E+08,  2.79012E+08,  5.10600E+09,  1.95089E+13,  2.77450E+02,  1.20072E+09,  7.34412E+01,  6.67069E+05,  3.77338E+05,  1.79352E+07,  2.20100E+19,  1.16702E+14,  4.57266E+13,  3.72981E+13,  2.41650E+13,  5.19869E+12,  2.30515E+13,  7.81103E+08,  1.51899E+03,  6.22423E+15,  5.42306E+06,  2.38267E+14,  4.02755E+09,  8.91795E+00,  8.39312E+12,  6.58620E+11,  1.45654E+14,  2.81985E+01,  5.36907E+13,  1.51177E+02,  1.00344E+10,  2.77436E+12,  1.17000E+08,  0.00000E+00,  0.00000E+00,  0.00000E+00,  0.00000E+00,  0.00000E+00
  2.00000E-03,2,  2.58352E-02,  0.00000E+00,  0.00000E+00,  2.44529E+18,  5.66140E+14,  1.39269E+11,  3.45493E+07,  8.47584E+03,  2.61188E+00,  2.54134E+00,  4.11900E-04,  3.57601E-07,  2.32151E+05,  7.21403E+01,  1.73817E-06,  4.06997E-05,  1.82621E+13,  5.11588E-05,  2.40277E+02,  8.25985E-01,  1.80760E+00,  3.54790E+05,  1.30070E+07,  2.20101E+19,  6.79169E+13,  2.66110E+13,  2.17054E+13,  1.40632E+13,  3.60365E+12,  4.97012E+12,  3.84143E+06,  1.59249E+00,  6.22400E+15,  0.00000E+00,  2.38255E+14,  0.00000E+00,  0.00000E+00,  5.03350E+12,  5.77253E+11,  1.49071E+14,  3.17142E-01,  5.34709E+13,  1.70025E+00,  2.26209E+05,  2.77360E+12,  1.17000E+08,  0.00000E+00,  0.00000E+00,  0.00000E+00,  0.00000E+00,  0.00000E+00
  2.05000E-03,1,  3.49960E+00,  1.40000E+02,  2.54766E-08,  2.44483E+18,  1.02055E+15,  4.64000E+11,  1.81779E+09,  8.10170E+08,  3.08310E+08,  1.46527E+08,  3.36038E+07,  9.70613E+06,  1.02956E+12,  4.26778E+08,  2.78998E+08,  5.10570E+09,  2.11393E+13,  3.12419E+02,  1.24724E+09,  7.95794E+01,  6.67072E+05,  3.74595E+05,  1.79351E+07,  2.20099E+19,  1.10771E+14,  4.34027E+13,  3.54026E+13,  2.29368E+13,  4.71882E+12,  2.30290E+13,  7.80942E+08,  1.51721E+03,  6.52587E+15,  5.42304E+06,  2.50161E+14,  3.87061E+09,  7.71269E+00,  8.25294E+12,  6.43968E+11,  1.52128E+14,  3.05553E+01,  5.62585E+13,  1.63811E+02,  9.63969E+09,  2.91272E+12,  1.17000E+08,  0.00000E+00,  0.00000E+00,  0.00000E+00,  0.00000E+00,  0.00000E+00
  2.10000E-03,2,  2.58352E-02,  0.00000E+00,  0.00000E+00,  2.44529E+18,  5.63083E+14,  1.37808E+11,  3.40359E+07,  8.32525E+03,  2.65425E+00,  3.04684E+00,  4.91000E-04,  4.28933E-07,  2.53073E+05,  8.64933E+01,  8.67380E-09,  2.03292E-07,  1.99958E+13,  6.51928E-05,  2.74009E+02,  9.03331E-01,  1.80023E+00,  3.50015E+05,  1.29480E+07,  2.20100E+19,  6.19679E+13,  2.42801E+13,  1.98042E+13,  1.28313E+13,  3.15011E+12,  4.92006E+12,  3.77460E+06,  1.56644E+00,  6.52526E+15,  0.00000E+00,  2.50148E+14,  1.12266E-10,  0.00000E+00,  4.80330E+12,  5.61755E+11,  1.55487E+14,  3.46840E-01,  5.60254E+13,  1.85945E+00,  2.37236E+05,  2.91048E+12,  1.17000E+08,  0.00000E+00,  0.00000E+00,  0.00000E+00,  0.00000E+00,  0.00000E+00
  2.15000E-03,1,  3.49960E+00,  1.40000E+02,  2.54766E-08,  2.44482E+18,  1.01961E+15,  4.63161E+11,  1.81721E+09,  8.10169E+08,  3.08311E+08,  1.46526E+08,  3.36039E+07,  9.70618E+06,  9.88967E+11,  4.26736E+08,  2.78987E+08,  5.10545E+09,  2.28388E+13,  3.50171E+02,  1.29448E+09,  8.59775E+01,  6.67076E+05,  3.70599E+05,  1.79350E+07,  2.20097E+19,  1.05157E+14,  4.12028E+13,  3.36081E+13,  2.17741E+13,  4.30757E+12,  2.30008E+13,  7.80740E+08,  1.51497E+03,  6.82678E+15,  5.42301E+06,  2.62052E+14,  3.73011E+09,  6.72351E+00,  8.10774E+12,  6.31243E+11,  1.58454E+14,  3.30119E+01,  5.88127E+13,  1.76981E+02,  9.29391E+09,  3.05067E+12,  1.17000E+08,  0.00000E+00,  0.00000E+00,  0.00000E+00,  0.00000E+00,  0.00000E+00
  2.20000E-03,2,  2.58352E-02,  0.00000E+00,  0.00000E+00,  2.44527E+18,  5.72925E+14,  1.42666E+11,  3.58479E+07,  8.91966E+03,  2.94344E+00,  3.62959E+00,  5.95133E-04,  5.28477E-07,  3.08004E+05,  1.03038E+02,  1.24304E-08,  2.90787E-07,  2.18237E+13,  1.02805E-04,  3.96199E+02,  9.88673E-01,  1.82023E+00,  3.45168E+05,  1.30869E+07,  2.20098E+19,  5.80563E+13,  2.27475E+13,  1.85541E+13,  1.20214E+13,  2.81979E+12,  5.08650E+12,  4.03496E+06,  1.73156E+00,  6.82586E+15,  0.00000E+00,  2.62040E+14,  1.46196E-07,  0.00000E+00,  4.70164E+12,  5.51950E+11,  1.61637E+14,  3.79607E-01,  5.85776E+13,  2.03512E+00,  2.40277E+05,  3.04778E+12,  1.17000E+08,  0.00000E+00,  0.00000E+00,  0.00000E+00,  0.00000E+00,  0.00000E+00
  2.25000E-03,1,  3.49960E+00,  1.40000E+02,  2.54766E-08,  2.44481E+18,  1.02264E+15,  4.65850E+11,  1.81906E+09,  8.10169E+08,  3.08312E+08,  1.46526E+08,  3.36041E+07,  9.70622E+06,  9.51417E+11,  4.26699E+08,  2.78975E+08,  5.10521E+09,  2.46052E+13,  3.91067E+02,  1.34187E+09,  9.26280E+01,  6.67078E+05,  3.66651E+05,  1.79349E+07,  2.20095E+19,  1.00799E+14,  3.94953E+13,  3.22155E+13,  2.08718E+13,  3.99243E+12,  2.30905E+13,  7.81385E+08,  1.52215E+03,  7.12705E+15,  5.42298E+06,  2.73942E+14,  3.60502E+09,  5.96321E+00,  8.04128E+12,  6.22787E+11,  1.64566E+14,  3.55654E+01,  6.13646E+13,  1.90670E+02,  8.98290E+09,  3.18898E+12,  1.17000E+08,  0.00000E+00,  0.00000E+00,  0.00000E+00,  0.00000E+00,  0.00000E+00
  2.30000E-03,2,  2.58352E-02,  0.00000E+00,  0.00000E+00,  2.44527E+18,  5.64793E+14,  1.38629E+11,  3.43359E+07,  8.42643E+03,  2.89204E+00,  4.27791E+00,  6.91441E-04,  5.71825E-07,  3.57898E+05,  1.21446E+02,  1.28290E-06,  3.07569E-05,  2.36923E+13,  1.34029E-04,  4.66911E+02,  1.07021E+00,  1.80093E+00,  3.38692E+05,  1.29419E+07,  2.20096E+19,  5.26364E+13,  2.06239E+13,  1.68220E+13,  1.08991E+13,  2.48629E+12,  4.94803E+12,  3.81717E+06,  1.59813E+00,  7.12570E+15,  0.00000E+00,  2.73928E+14,  7.92265E-04,  0.00000E+00,  4.44125E+12,  5.40260E+11,  1.67765E+14,  4.10913E-01,  6.11114E+13,  2.20295E+00,  2.38093E+05,  3.18441E+12,  1.17000E+08,  0.00000E+00,  0.00000E+00,  0.00000E+00,  0.00000E+00,  0.00000E+00
  2.35000E-03,1,  3.49960E+00,  1.40000E+02,  2.54766E-08,  2.44481E+18,  1.02015E+15,  4.63657E+11,  1.81753E+09,  8.10169E+08,  3.08313E+08,  1.46525E+08,  3.36043E+07,  9.70627E+06,  9.16641E+11,  4.26666E+08,  2.78966E+08,  5.10501E+09,  2.64220E+13,  4.34582E+02,  1.38846E+09,  9.94681E+01,  6.67082E+05,  3.61305E+05,  1.79349E+07,  2.20093E+19,  9.58340E+13,  3.75500E+13,  3.06287E+13,  1.98437E+13,  3.69087E+12,  2.30173E+13,  7.80840E+08,  1.51620E+03,  7.42654E+15,  5.42295E+06,  2.85829E+14,  3.49049E+09,  5.28544E+00,  7.89246E+12,  6.13433E+11,  1.70596E+14,  3.81917E+01,  6.38981E+13,  2.04749E+02,  8.69621E+09,  3.32658E+12,  1.17000E+08,  0.00000E+00,  0.00000E+00,  0.00000E+00,  0.00000E+00,  0.00000E+00
  2.40000E-03,2,  2.58352E-02,  0.00000E+00,  0.00000E+00,  2.44527E+18,  5.63524E+14,  1.38005E+11,  3.40945E+07,  8.33978E+03,  2.97802E+00,  5.00592E+00,  8.07296E-04,  7.04400E-07,  3.84815E+05,  1.42117E+02,  6.73854E-08,  1.57938E-06,  2.56285E+13,  1.65457E-04,  5.44362E+02,  1.15721E+00,  1.79891E+00,  3.31652E+05,  1.29221E+07,  2.20095E+19,  4.81593E+13,  1.88697E+13,  1.53912E+13,  9.97201E+12,  2.21247E+12,  4.92678E+12,  3.78005E+06,  1.55942E+00,  7.42479E+15,  0.00000E+00,  2.85815E+14,  7.58614E-08,  0.00000E+00,  4.22637E+12,  5.30769E+11,  1.73707E+14,  4.44319E-01,  6.36340E+13,  2.38203E+00,  2.37400E+05,  3.32084E+12,  1.17000E+08,  0.00000E+00,  0.00000E+00,  0.00000E+00,  0.00000E+00,  0.00000E+00
  2.45000E-03,1,  3.49960E+00,  1.40000E+02,  2.54766E-08,  2.44480E+18,  1.01973E+15,  4.63303E+11,  1.81732E+09,  8.10169E+08,  3.08314E+08,  1.46525E+08,  3.36044E+07,  9.70632E+06,  8.84516E+11,  4.26637E+08,  2.78958E+08,  5.10483E+09,  2.82933E+13,  4.80900E+02,  1.43486E+09,  1.06513E+02,  6.67085E+05,  3.55567E+05,  1.79348E+07,  2.20092E+19,  9.15294E+13,  3.58634E+13,  2.92530E+13,  1.89524E+13,  3.43897E+12,  2.30057E+13,  7.80776E+08,  1.51538E+03,  7.72531E+15,  5.42292E+06,  2.97713E+14,  3.38694E+09,  4.72984E+00,  7.77361E+12,  6.05860E+11,  1.76461E+14,  4.08968E+01,  6.64203E+13,  2.19251E+02,  8.43945E+09,  3.46394E+12,  1.17000E+08,  0.00000E+00,  0.00000E+00,  0.00000E+00,  0.00000E+00,  0.00000E+00
  2.50000E-03,2,  2.58352E-02,  0.00000E+00,  0.00000E+00,  2.44526E+18,  5.67003E+14,  1.39739E+11,  3.47539E+07,  8.56491E+03,  3.18877E+00,  5.81469E+00,  9.43492E-04,  8.29311E-07,  4.27426E+05,  1.65079E+02,  1.91541E-08,  4.48867E-07,  2.76205E+13,  2.19777E-04,  6.70781E+02,  1.24826E+00,  1.80561E+00,  3.24713E+05,  1.29655E+07,  2.20093E+19,  4.46837E+13,  1.75079E+13,  1.42805E+13,  9.25235E+12,  1.99806E+12,  4.98631E+12,  3.87773E+06,  1.63097E+00,  7.72319E+15,  0.00000E+00,  2.97699E+14,  1.43408E-04,  0.00000E+00,  4.07025E+12,  5.23969E+11,  1.79462E+14,  4.79275E-01,  6.61494E+13,  2.56943E+00,  2.34892E+05,  3.45735E+12,  1.17000E+08,  0.00000E+00,  0.00000E+00,  0.00000E+00,  0.00000E+00,  0.00000E+00
  2.55000E-03,1,  3.49960E+00,  1.40000E+02,  2.54766E-08,  2.44480E+18,  1.02081E+15,  4.64232E+11,  1.81795E+09,  8.10170E+08,  3.08315E+08,  1.46525E+08,  3.36046E+07,  9.70637E+06,  8.54728E+11,  4.26611E+08,  2.78950E+08,  5.10466E+09,  3.02114E+13,  5.29853E+02,  1.48071E+09,  1.13735E+02,  6.67088E+05,  3.50041E+05,  1.79347E+07,  2.20090E+19,  8.78715E+13,  3.44301E+13,  2.80839E+13,  1.81949E+13,  3.23300E+12,  2.30361E+13,  7.80996E+08,  1.51784E+03,  8.02339E+15,  5.42290E+06,  3.09596E+14,  3.29311E+09,  4.27741E+00,  7.68814E+12,  6.00236E+11,  1.82162E+14,  4.36695E+01,  6.89353E+13,  2.34115E+02,  8.20759E+09,  3.60135E+12,  1.17000E+08,  0.00000E+00,  0.00000E+00,  0.00000E+00,  0.00000E+00,  0.00000E+00
  2.60000E-03,2,  2.58352E-02,  0.00000E+00,  0.00000E+00,  2.44525E+18,  5.66389E+14,  1.39433E+11,  3.46427E+07,  8.53477E+03,  3.32981E+00,  6.70347E+00,  1.08652E-03,  9.50933E-07,  4.93042E+05,  1.90313E+02,  5.10379E-07,  1.19628E-05,  2.96555E+13,  3.02556E-04,  8.60078E+02,  1.33947E+00,  1.80240E+00,  3.17511E+05,  1.29374E+07,  2.20091E+19,  4.11505E+13,  1.61236E+13,  1.31513E+13,  8.52074E+12,  1.80303E+12,  4.97554E+12,  3.86210E+06,  1.62726E+00,  8.02086E+15,  0.00000E+00,  3.09581E+14,  3.62952E-07,  0.00000E+00,  3.88277E+12,  5.17475E+11,  1.85102E+14,  5.14298E-01,  6.86532E+13,  2.75718E+00,  2.44932E+05,  3.59363E+12,  1.17000E+08,  0.00000E+00,  0.00000E+00,  0.00000E+00,  0.00000E+00,  0.00000E+00
  2.65000E-03,1,  3.49960E+00,  1.40000E+02,  2.54766E-08,  2.44479E+18,  1.02062E+15,  4.64064E+11,  1.81784E+09,  8.10170E+08,  3.08316E+08,  1.46525E+08,  3.36048E+07,  9.70642E+06,  8.26878E+11,  4.26588E+08,  2.78943E+08,  5.10451E+09,  3.21697E+13,  5.81262E+02,  1.52540E+09,  1.21108E+02,  6.67091E+05,  3.44396E+05,  1.79346E+07,  2.20088E+19,  8.43321E+13,  3.30433E+13,  2.69527E+13,  1.74620E+13,  3.04775E+12,  2.30304E+13,  7.80954E+08,  1.51740E+03,  8.32075E+15,  5.42287E+06,  3.21477E+14,  3.20701E+09,  3.88469E+00,  7.58954E+12,  5.95021E+11,  1.87738E+14,  4.65005E+01,  7.14388E+13,  2.49292E+02,  7.99288E+09,  3.73850E+12,  1.17000E+08,  0.00000E+00,  0.00000E+00,  0.00000E+00,  0.00000E+00,  0.00000E+00
  2.70000E-03,2,  2.58352E-02,  0.00000E+00,  0.00000E+00,  2.44525E+18,  5.67479E+14,  1.39972E+11,  3.48408E+07,  8.59820E+03,  3.50847E+00,  7.67450E+00,  1.24628E-03,  1.09582E-06,  5.34063E+05,  2.17883E+02,  3.72617E-08,  8.73979E-07,  3.17297E+13,  3.65825E-04,  9.72411E+02,  1.43332E+00,  1.80377E+00,  3.10487E+05,  1.29426E+07,  2.20089E+19,  3.80807E+13,  1.49208E+13,  1.21702E+13,  7.88509E+12,  1.63774E+12,  4.99415E+12,  3.88994E+06,  1.63891E+00,  8.31782E+15,  0.00000E+00,  3.21461E+14,  2.31542E-11,  0.00000E+00,  3.71430E+12,  5.12106E+11,  1.90596E+14,  5.50331E-01,  7.11477E+13,  2.95035E+00,  2.43749E+05,  3.72984E+12,  1.17000E+08,  0.00000E+00,  0.00000E+00,  0.00000E+00,  0.00000E+00,  0.00000E+00
  2.75000E-03,1,  3.49960E+00,  1.40000E+02,  2.54766E-08,  2.44478E+18,  1.02096E+15,  4.64359E+11,  1.81805E+09,  8.10171E+08,  3.08317E+08,  1.46525E+08,  3.36049E+07,  9.70647E+06,  8.00792E+11,  4.26568E+08,  2.78936E+08,  5.10437E+09,  3.41641E+13,  6.34355E+02,  1.56822E+09,  1.28617E+02,  6.67095E+05,  3.39026E+05,  1.79345E+07,  2.20087E+19,  8.11429E+13,  3.17937E+13,  2.59335E+13,  1.68017E+13,  2.88730E+12,  2.30401E+13,  7.81045E+08,  1.51820E+03,  8.61739E+15,  5.42284E+06,  3.33355E+14,  3.12808E+09,  3.55029E+00,  7.50196E+12,  5.90673E+11,  1.93176E+14,  4.93836E+01,  7.39330E+13,  2.64748E+02,  7.79253E+09,  3.87555E+12,  1.17000E+08,  0.00000E+00,  0.00000E+00,  0.00000E+00,  0.00000E+00,  0.00000E+00
  2.80000E-03,2,  2.58352E-02,  0.00000E+00,  0.00000E+00,  2.44524E+18,  5.65170E+14,  1.38813E+11,  3.43915E+07,  8.44452E+03,  3.62883E+00,  8.72900E+00,  1.41168E-03,  1.29618E-06,  5.77807E+05,  2.47822E+02,  5.01114E-06,  1.17467E-04,  3.38384E+13,  4.60680E-04,  1.14848E+03,  1.52704E+00,  1.79742E+00,  3.03323E+05,  1.28921E+07,  2.20088E+19,  3.49336E+13,  1.36877E+13,  1.11644E+13,  7.23344E+12,  1.48154E+12,  4.95468E+12,  3.82132E+06,  1.58568E+00,  8.61401E+15,  0.00000E+00,  3.33338E+14,  0.00000E+00,  0.00000E+00,  3.51583E+12,  5.06590E+11,  1.95981E+14,  5.86313E-01,  7.36290E+13,  3.14324E+00,  2.46713E+05,  3.86571E+12,  1.17000E+08,  0.00000E+00,  0.00000E+00,  0.00000E+00,  0.00000E+00,  0.00000E+00
  2.85000E-03,1,  3.49960E+00,  1.40000E+02,  2.54766E-08,  2.44478E+18,  1.02024E+15,  4.63739E+11,  1.81760E+09,  8.10172E+08,  3.08319E+08,  1.46525E+08,  3.36051E+07,  9.70652E+06,  7.76593E+11,  4.26549E+08,  2.78930E+08,  5.10425E+09,  3.61906E+13,  6.91042E+02,  1.61197E+09,  1.36247E+02,  6.67098E+05,  3.33646E+05,  1.79344E+07,  2.20085E+19,  7.80546E+13,  3.05836E+13,  2.49465E+13,  1.61622E+13,  2.73947E+12,  2.30195E+13,  7.80861E+08,  1.51645E+03,  8.91326E+15,  5.42282E+06,  3.45231E+14,  3.05533E+09,  3.25380E+00,  7.40197E+12,  5.86417E+11,  1.98496E+14,  5.23131E+01,  7.64140E+13,  2.80452E+02,  7.61584E+09,  4.01223E+12,  1.17000E+08,  0.00000E+00,  0.00000E+00,  0.00000E+00,  0.00000E+00,  0.00000E+00
  2.90000E-03,2,  2.58352E-02,  0.00000E+00,  0.00000E+00,  2.44523E+18,  5.68943E+14,  1.40689E+11,  3.51049E+07,  8.68887E+03,  3.90059E+00,  9.86534E+00,  1.60618E-03,  1.41696E-06,  6.44303E+05,  2.80085E+02,  5.42981E-08,  1.27201E-06,  3.59724E+13,  5.65762E-04,  1.32699E+03,  1.62483E+00,  1.80430E+00,  2.96956E+05,  1.29373E+07,  2.20086E+19,  3.26560E+13,  1.27952E+13,  1.04365E+13,  6.76182E+12,  1.36241E+12,  5.01837E+12,  3.92695E+06,  1.66203E+00,  8.90953E+15,  0.00000E+00,  3.45214E+14,  1.44917E-13,  0.00000E+00,  3.38410E+12,  5.02995E+11,  2.01202E+14,  6.23859E-01,  7.61040E+13,  3.34452E+00,  2.45964E+05,  4.00170E+12,  1.17000E+08,  0.00000E+00,  0.00000E+00,  0.00000E+00,  0.00000E+00,  0.00000E+00
  2.95000E-03,1,  3.49960E+00,  1.40000E+02,  2.54766E-08,  2.44477E+18,  1.02141E+15,  4.64774E+11,  1.81833E+09,  8.10174E+08,  3.08320E+08,  1.46525E+08,  3.36052E+07,  9.70656E+06,  7.53802E+11,  4.26532E+08,  2.78924E+08,  5.10414E+09,  3.82438E+13,  7.49080E+02,  1.65352E+09,  1.43978E+02,  6.67101E+05,  3.29076E+05,  1.79343E+07,  2.20083E+19,  7.54529E+13,  2.95642E+13,  2.41150E+13,  1.56234E+13,  2.61699E+12,  2.30538E+13,  7.81118E+08,  1.51927E+03,  9.20846E+15,  5.42279E+06,  3.57105E+14,  2.98840E+09,  3.00601E+00,  7.33186E+12,  5.83378E+11,  2.03675E+14,  5.52814E+01,  7.88887E+13,  2.96364E+02,  7.44959E+09,  4.14902E+12,  1.17000E+08,  0.00000E+00,  0.00000E+00,  0.00000E+00,  0.00000E+00,  0.00000E+00
  3.00000E-03,2,  2.58352E-02,  0.00000E+00,  0.00000E+00,  2.44523E+18,  5.66328E+14,  1.39396E+11,  3.46180E+07,  8.52863E+03,  4.04861E+00,  1.10877E+01,  1.79690E-03,  1.56650E-06,  7.02622E+05,  3.14789E+02,  1.80550E-07,  4.23222E-06,  3.81346E+13,  6.95583E-04,  1.53892E+03,  1.72056E+00,  1.79715E+00,  2.90547E+05,  1.28812E+07,  2.20084E+19,  2.99962E+13,  1.17531E+13,  9.58651E+12,  6.21108E+12,  1.23924E+12,  4.97430E+12,  3.85621E+06,  1.61262E+00,  9.20425E+15,  0.00000E+00,  3.57087E+14,  4.04595E-11,  0.00000E+00,  3.19600E+12,  4.98587E+11,  2.06337E+14,  6.60615E-01,  7.85656E+13,  3.54156E+00,  2.47939E+05,  4.13732E+12,  1.17000E+08,  0.00000E+00,  0.00000E+00,  0.00000E+00,  0.00000E+00,  0.00000E+00
  3.05000E-03,1,  3.49960E+00,  1.40000E+02,  2.54766E-08,  2.44477E+18,  1.02060E+15,  4.64062E+11,  1.81784E+09,  8.10175E+08,  3.08321E+08,  1.46525E+08,  3.36054E+07,  9.70662E+06,  7.32388E+11,  4.26517E+08,  2.78919E+08,  5.10403E+09,  4.03214E+13,  8.09071E+02,  1.69392E+09,  1.51801E+02,  6.67105E+05,  3.24569E+05,  1.79342E+07,  2.20082E+19,  7.28123E+13,  2.85296E+13,  2.32710E+13,  1.50767E+13,  2.49870E+12,  2.30299E+13,  7.80947E+08,  1.51738E+03,  9.50286E+15,  5.42276E+06,  3.68976E+14,  2.92621E+09,  2.77877E+00,  7.23897E+12,  5.80038E+11,  2.08750E+14,  5.82849E+01,  8.13500E+13,  3.12465E+02,  7.29532E+09,  4.28541E+12,  1.17000E+08,  0.00000E+00,  0.00000E+00,  0.00000E+00,  0.00000E+00,  0.00000E+00
  3.10000E-03,2,  2.58352E-02,  0.00000E+00,  0.00000E+00,  2.44522E+18,  5.65863E+14,  1.39173E+11,  3.45404E+07,  8.51011E+03,  4.26100E+00,  1.23918E+01,  2.00658E-03,  1.76027E-06,  7.63777E+05,  3.51815E+02,  7.63024E-08,  1.78751E-06,  4.03136E+13,  8.43680E-04,  1.76607E+03,  1.81830E+00,  1.79554E+00,  2.84566E+05,  1.28653E+07,  2.20083E+19,  2.77374E+13,  1.08681E+13,  8.86462E+12,  5.74336E+12,  1.13394E+12,  4.96648E+12,  3.84602E+06,  1.61059E+00,  9.49822E+15,  0.00000E+00,  3.68958E+14,  4.19209E-09,  0.00000E+00,  3.03306E+12,  4.94899E+11,  2.11345E+14,  6.98142E-01,  8.10166E+13,  3.74274E+00,  2.48416E+05,  4.27276E+12,  1.17000E+08,  0.00000E+00,  0.00000E+00,  0.00000E+00,  0.00000E+00,  0.00000E+00
  3.15000E-03,1,  3.49960E+00,  1.40000E+02,  2.54766E-08,  2.44476E+18,  1.02046E+15,  4.63932E+11,  1.81775E+09,  8.10177E+08,  3.08322E+08,  1.46525E+08,  3.36056E+07,  9.70667E+06,  7.12227E+11,  4.26504E+08,  2.78915E+08,  5.10394E+09,  4.24175E+13,  8.70763E+02,  1.73301E+09,  1.59693E+02,  6.67108E+05,  3.20526E+05,  1.79341E+07,  2.20080E+19,  7.04388E+13,  2.75996E+13,  2.25125E+13,  1.45852E+13,  2.39437E+12,  2.30255E+13,  7.80916E+08,  1.51704E+03,  9.79650E+15,  5.42273E+06,  3.80845E+14,  2.86855E+09,  2.58068E+00,  7.15680E+12,  5.77205E+11,  2.13706E+14,  6.13152E+01,  8.38006E+13,  3.28710E+02,  7.15230E+09,  4.42161E+12,  1.17000E+08,  0.00000E+00,  0.00000E+00,  0.00000E+00,  0.00000E+00,  0.00000E+00
  3.20000E-03,2,  2.58352E-02,  0.00000E+00,  0.00000E+00,  2.44522E+18,  5.64451E+14,  1.38487E+11,  3.42903E+07,  8.43351E+03,  4.46645E+00,  1.37784E+01,  2.22552E-03,  1.94895E-06,  8.25900E+05,  3.91181E+02,  8.92670E-08,  2.09009E-06,  4.25077E+13,  1.01396E-03,  2.01309E+03,  1.91584E+00,  1.79097E+00,  2.78840E+05,  1.28280E+07,  2.20081E+19,  2.55913E+13,  1.00272E+13,  8.17875E+12,  5.29899E+12,  1.03703E+12,  4.94336E+12,  3.81145E+06,  1.58977E+00,  9.79140E+15,  0.00000E+00,  3.80827E+14,  9.91511E-05,  0.00000E+00,  2.86745E+12,  4.91355E+11,  2.16244E+14,  7.35591E-01,  8.34552E+13,  3.94349E+00,  2.49491E+05,  4.40789E+12,  1.17000E+08,  0.00000E+00,  0.00000E+00,  0.00000E+00,  0.00000E+00,  0.00000E+00
  3.25000E-03,1,  3.49960E+00,  1.40000E+02,  2.54766E-08,  2.44475E+18,  1.02002E+15,  4.63546E+11,  1.81749E+09,  8.10178E+08,  3.08323E+08,  1.46525E+08,  3.36058E+07,  9.70672E+06,  6.93214E+11,  4.26492E+08,  2.78910E+08,  5.10385E+09,  4.45287E+13,  9.34019E+02,  1.77077E+09,  1.67642E+02,  6.67111E+05,  3.16788E+05,  1.79340E+07,  2.20078E+19,  6.82104E+13,  2.67265E+13,  2.18003E+13,  1.41238E+13,  2.29888E+12,  2.30125E+13,  7.80823E+08,  1.51601E+03,  1.00893E+16,  5.42271E+06,  3.92712E+14,  2.81488E+09,  2.40374E+00,  7.07403E+12,  5.74559E+11,  2.18554E+14,  6.43673E+01,  8.62390E+13,  3.45071E+02,  7.01919E+09,  4.55749E+12,  1.17000E+08,  0.00000E+00,  0.00000E+00,  0.00000E+00,  0.00000E+00,  0.00000E+00
  3.30000E-03,2,  2.58352E-02,  0.00000E+00,  0.00000E+00,  2.44521E+18,  5.65507E+14,  1.38978E+11,  3.44523E+07,  8.47857E+03,  4.71811E+00,  1.52439E+01,  2.46685E-03,  2.17183E-06,  8.89335E+05,  4.32788E+02,  1.03196E-07,  2.42136E-06,  4.47097E+13,  1.20776E-03,  2.27961E+03,  2.01539E+00,  1.79256E+00,  2.73844E+05,  1.28353E+07,  2.20079E+19,  2.38473E+13,  9.34383E+12,  7.62138E+12,  4.93786E+12,  9.57594E+11,  4.95992E+12,  3.83007E+06,  1.59013E+00,  1.00838E+16,  0.00000E+00,  3.92693E+14,  0.00000E+00,  0.00000E+00,  2.73361E+12,  4.88720E+11,  2.21021E+14,  7.73815E-01,  8.58853E+13,  4.14840E+00,  2.50449E+05,  4.54298E+12,  1.17000E+08,  0.00000E+00,  0.00000E+00,  0.00000E+00,  0.00000E+00,  0.00000E+00
  3.35000E-03,1,  3.49960E+00,  1.40000E+02,  2.54766E-08,  2.44475E+18,  1.02030E+15,  4.63815E+11,  1.81771E+09,  8.10180E+08,  3.08325E+08,  1.46526E+08,  3.36059E+07,  9.70677E+06,  6.75308E+11,  4.26481E+08,  2.78906E+08,  5.10377E+09,  4.66536E+13,  9.98670E+02,  1.80764E+09,  1.75643E+02,  6.67115E+05,  3.13756E+05,  1.79339E+07,  2.20077E+19,  6.62199E+13,  2.59465E+13,  2.11641E+13,  1.37116E+13,  2.21532E+12,  2.30210E+13,  7.80905E+08,  1.51676E+03,  1.03815E+16,  5.42268E+06,  4.04577E+14,  2.76490E+09,  2.24923E+00,  7.00184E+12,  5.72447E+11,  2.23291E+14,  6.74393E+01,  8.86688E+13,  3.61539E+02,  6.89852E+09,  4.69330E+12,  1.17000E+08,  0.00000E+00,  0.00000E+00,  0.00000E+00,  0.00000E+00,  0.00000E+00
  3.40000E-03,2,  2.58352E-02,  0.00000E+00,  0.00000E+00,  2.44521E+18,  5.65175E+14,  1.38836E+11,  3.44162E+07,  8.48022E+03,  4.98006E+00,  1.67908E+01,  2.71557E-03,  2.38066E-06,  9.54365E+05,  4.76705E+02,  1.19135E-07,  2.79090E-06,  4.69217E+13,  1.42803E-03,  2.56873E+03,  2.11425E+00,  1.79036E+00,  2.69247E+05,  1.28151E+07,  2.20078E+19,  2.21422E+13,  8.67576E+12,  7.07646E+12,  4.58481E+12,  8.82793E+11,  4.95487E+12,  3.82836E+06,  1.59998E+00,  1.03755E+16,  0.00000E+00,  4.04557E+14,  2.36111E-09,  0.00000E+00,  2.59315E+12,  4.86096E+11,  2.25701E+14,  8.11773E-01,  8.83046E+13,  4.35188E+00,  2.51664E+05,  4.67787E+12,  1.17000E+08,  0.00000E+00,  0.00000E+00,  0.00000E+00,  0.00000E+00,  0.00000E+00
  3.45000E-03,1,  3.49960E+00,  1.40000E+02,  2.54766E-08,  2.44474E+18,  1.02024E+15,  4.63743E+11,  1.81763E+09,  8.10182E+08,  3.08326E+08,  1.46526E+08,  3.36061E+07,  9.70682E+06,  6.58257E+11,  4.26470E+08,  2.78902E+08,  5.10369E+09,  4.87871E+13,  1.06473E+03,  1.84241E+09,  1.83676E+02,  6.67118E+05,  3.11128E+05,  1.79338E+07,  2.20075E+19,  6.43207E+13,  2.52024E+13,  2.05571E+13,  1.33184E+13,  2.13751E+12,  2.30188E+13,  7.80869E+08,  1.51654E+03,  1.06728E+16,  5.42265E+06,  4.16440E+14,  2.71815E+09,  2.10915E+00,  6.92864E+12,  5.70419E+11,  2.27928E+14,  7.05237E+01,  9.10878E+13,  3.78074E+02,  6.77934E+09,  4.82891E+12,  1.17000E+08,  0.00000E+00,  0.00000E+00,  0.00000E+00,  0.00000E+00,  0.00000E+00
  3.50000E-03,2,  2.58352E-02,  0.00000E+00,  0.00000E+00,  2.44520E+18,  5.67582E+14,  1.40029E+11,  3.48626E+07,  8.63012E+03,  5.29712E+00,  1.84134E+01,  2.99067E-03,  2.63232E-06,  1.02025E+06,  5.22771E+02,  1.36149E-07,  3.18948E-06,  4.91349E+13,  1.67339E-03,  2.87467E+03,  2.21493E+00,  1.79388E+00,  2.65434E+05,  1.28362E+07,  2.20076E+19,  2.08087E+13,  8.15324E+12,  6.65026E+12,  4.30867E+12,  8.22682E+11,  4.99596E+12,  3.89308E+06,  1.64024E+00,  1.06664E+16,  0.00000E+00,  4.16419E+14,  2.06996E-08,  0.00000E+00,  2.48603E+12,  4.84273E+11,  2.30268E+14,  8.50428E-01,  9.07166E+13,  4.55910E+00,  2.52633E+05,  4.81278E+12,  1.17000E+08,  0.00000E+00,  0.00000E+00,  0.00000E+00,  0.00000E+00,  0.00000E+00
  3.55000E-03,1,  3.49960E+00,  1.40000E+02,  2.54766E-08,  2.44474E+18,  1.02099E+15,  4.64401E+11,  1.81809E+09,  8.10184E+08,  3.08327E+08,  1.46526E+08,  3.36063E+07,  9.70686E+06,  6.42150E+11,  4.26461E+08,  2.78898E+08,  5.10362E+09,  5.09299E+13,  1.13195E+03,  1.87632E+09,  1.91745E+02,  6.67121E+05,  3.09224E+05,  1.79337E+07,  2.20073E+19,  6.26213E+13,  2.45365E+13,  2.00140E+13,  1.29665E+13,  2.06898E+12,  2.30407E+13,  7.81027E+08,  1.51830E+03,  1.09633E+16,  5.42263E+06,  4.28300E+14,  2.67442E+09,  1.98567E+00,  6.86504E+12,  5.68818E+11,  2.32462E+14,  7.36217E+01,  9.34995E+13,  3.94681E+02,  6.67095E+09,  4.96452E+12,  1.17000E+08,  0.00000E+00,  0.00000E+00,  0.00000E+00,  0.00000E+00,  0.00000E+00
  3.60000E-03,2,  2.58352E-02,  0.00000E+00,  0.00000E+00,  2.44519E+18,  5.68722E+14,  1.40588E+11,  3.50705E+07,  8.70226E+03,  5.60281E+00,  2.01160E+01,  3.27379E-03,  2.88673E-06,  1.08739E+06,  5.71109E+02,  1.54655E-07,  3.62317E-06,  5.13545E+13,  1.94839E-03,  3.20246E+03,  2.31495E+00,  1.79434E+00,  2.62072E+05,  1.28349E+07,  2.20074E+19,  1.94822E+13,  7.63351E+12,  6.22634E+12,  4.03401E+12,  7.65274E+11,  5.01500E+12,  3.92265E+06,  1.65979E+00,  1.09566E+16,  2.72839-198,  4.28279E+14,  1.16147E-15,  0.00000E+00,  2.37187E+12,  4.82409E+11,  2.34745E+14,  8.88829E-01,  9.31195E+13,  4.76495E+00,  2.53676E+05,  4.94761E+12,  1.17000E+08,  0.00000E+00,  0.00000E+00,  0.00000E+00,  0.00000E+00,  0.00000E+00
  3.65000E-03,1,  3.49960E+00,  1.40000E+02,  2.54766E-08,  2.44473E+18,  1.02134E+15,  4.64713E+11,  1.81830E+09,  8.10186E+08,  3.08328E+08,  1.46527E+08,  3.36064E+07,  9.70691E+06,  6.26866E+11,  4.26453E+08,  2.78895E+08,  5.10356E+09,  5.30800E+13,  1.20030E+03,  1.90903E+09,  1.99841E+02,  6.67124E+05,  3.07746E+05,  1.79336E+07,  2.20072E+19,  6.09927E+13,  2.38984E+13,  1.94935E+13,  1.26292E+13,  2.00456E+12,  2.30510E+13,  7.81101E+08,  1.51913E+03,  1.12531E+16,  5.42260E+06,  4.40159E+14,  2.63337E+09,  1.87266E+00,  6.79842E+12,  5.67251E+11,  2.36905E+14,  7.67303E+01,  9.59021E+13,  4.11345E+02,  6.56920E+09,  5.10003E+12,  1.17000E+08,  0.00000E+00,  0.00000E+00,  0.00000E+00,  0.00000E+00,  0.00000E+00
  3.70000E-03,2,  2.58352E-02,  0.00000E+00,  0.00000E+00,  2.44519E+18,  5.67138E+14,  1.39738E+11,  3.47115E+07,  8.56832E+03,  5.84520E+00,  2.18986E+01,  3.55406E-03,  3.12572E-06,  1.15606E+06,  6.21718E+02,  1.75795E-07,  4.11350E-06,  5.35798E+13,  2.26105E-03,  3.56327E+03,  2.41341E+00,  1.78964E+00,  2.58728E+05,  1.27965E+07,  2.20073E+19,  1.80323E+13,  7.06541E+12,  5.76297E+12,  3.73379E+12,  7.05565E+11,  4.98612E+12,  3.86246E+06,  1.60325E+00,  1.12459E+16,  0.00000E+00,  4.40137E+14,  1.93610E-10,  0.00000E+00,  2.23507E+12,  4.80092E+11,  2.39142E+14,  9.26632E-01,  9.55103E+13,  4.96760E+00,  2.54980E+05,  5.08211E+12,  1.17000E+08,  0.00000E+00,  0.00000E+00,  0.00000E+00,  0.00000E+00,  0.00000E+00
  3.75000E-03,1,  3.49960E+00,  1.40000E+02,  2.54766E-08,  2.44473E+18,  1.02083E+15,  4.64275E+11,  1.81797E+09,  8.10188E+08,  3.08330E+08,  1.46527E+08,  3.36066E+07,  9.70697E+06,  6.12368E+11,  4.26445E+08,  2.78892E+08,  5.10350E+09,  5.52332E+13,  1.26959E+03,  1.94075E+09,  2.07949E+02,  6.67128E+05,  3.06324E+05,  1.79336E+07,  2.20070E+19,  5.93941E+13,  2.32720E+13,  1.89826E+13,  1.22982E+13,  1.94232E+12,  2.30364E+13,  7.80982E+08,  1.51786E+03,  1.15420E+16,  5.42258E+06,  4.52015E+14,  2.59471E+09,  1.76753E+00,  6.72415E+12,  5.65548E+11,  2.41261E+14,  7.98432E+01,  9.82925E+13,  4.28033E+02,  6.47429E+09,  5.23522E+12,  1.17000E+08,  0.00000E+00,  0.00000E+00,  0.00000E+00,  0.00000E+00,  0.00000E+00
  3.80000E-03,2,  2.58352E-02,  0.00000E+00,  0.00000E+00,  2.44518E+18,  5.65038E+14,  1.38775E+11,  3.43960E+07,  8.49042E+03,  6.13648E+00,  2.37529E+01,  3.84062E-03,  3.36611E-06,  1.22460E+06,  6.74359E+02,  1.96163E-07,  4.59519E-06,  5.58001E+13,  2.59064E-03,  3.91903E+03,  2.51113E+00,  1.78396E+00,  2.55363E+05,  1.27512E+07,  2.20071E+19,  1.66764E+13,  6.53412E+12,  5.32962E+12,  3.45303E+12,  6.49925E+11,  4.95287E+12,  3.82599E+06,  1.59869E+00,  1.15343E+16,  0.00000E+00,  4.51992E+14,  0.00000E+00,  0.00000E+00,  2.10184E+12,  4.77793E+11,  2.43452E+14,  9.64153E-01,  9.78880E+13,  5.16874E+00,  2.55591E+05,  5.21625E+12,  1.17000E+08,  0.00000E+00,  0.00000E+00,  0.00000E+00,  0.00000E+00,  0.00000E+00
  3.85000E-03,1,  3.49960E+00,  1.40000E+02,  2.54766E-08,  2.44472E+18,  1.02019E+15,  4.63707E+11,  1.81763E+09,  8.10190E+08,  3.08331E+08,  1.46528E+08,  3.36068E+07,  9.70702E+06,  5.98534E+11,  4.26438E+08,  2.78889E+08,  5.10344E+09,  5.73831E+13,  1.33945E+03,  1.97060E+09,  2.16045E+02,  6.67132E+05,  3.04917E+05,  1.79335E+07,  2.20068E+19,  5.78982E+13,  2.26859E+13,  1.85045E+13,  1.19885E+13,  1.88458E+12,  2.30171E+13,  7.80862E+08,  1.51646E+03,  1.18301E+16,  5.42255E+06,  4.63868E+14,  2.55834E+09,  1.67175E+00,  6.65199E+12,  5.63923E+11,  2.45530E+14,  8.29516E+01,  1.00670E+14,  4.44695E+02,  6.38329E+09,  5.37003E+12,  1.17000E+08,  0.00000E+00,  0.00000E+00,  0.00000E+00,  0.00000E+00,  0.00000E+00
  3.90000E-03,2,  2.58352E-02,  0.00000E+00,  0.00000E+00,  2.44518E+18,  5.63363E+14,  1.37953E+11,  3.40896E+07,  8.39413E+03,  6.42322E+00,  2.56759E+01,  4.13926E-03,  3.61846E-06,  1.29398E+06,  7.28954E+02,  2.18994E-07,  5.12981E-06,  5.80129E+13,  2.95903E-03,  4.30535E+03,  2.60896E+00,  1.77990E+00,  2.52168E+05,  1.27176E+07,  2.20069E+19,  1.54520E+13,  6.05440E+12,  4.93833E+12,  3.19951E+12,  6.00153E+11,  4.92469E+12,  3.78188E+06,  1.56968E+00,  1.18218E+16,  0.00000E+00,  4.63845E+14,  5.63365E-06,  0.00000E+00,  1.97829E+12,  4.75741E+11,  2.47675E+14,  1.00171E+00,  1.00254E+14,  5.37009E+00,  2.56510E+05,  5.35008E+12,  1.17000E+08,  0.00000E+00,  0.00000E+00,  0.00000E+00,  0.00000E+00,  0.00000E+00
  3.95000E-03,1,  3.49960E+00,  1.40000E+02,  2.54766E-08,  2.44472E+18,  1.01968E+15,  4.63249E+11,  1.81732E+09,  8.10192E+08,  3.08332E+08,  1.46528E+08,  3.36070E+07,  9.70707E+06,  5.85380E+11,  4.26432E+08,  2.78886E+08,  5.10339E+09,  5.95297E+13,  1.40987E+03,  1.99941E+09,  2.24128E+02,  6.67135E+05,  3.03682E+05,  1.79334E+07,  2.20067E+19,  5.64979E+13,  2.21372E+13,  1.80570E+13,  1.16985E+13,  1.83135E+12,  2.30017E+13,  7.80752E+08,  1.51525E+03,  1.21173E+16,  5.42252E+06,  4.75720E+14,  2.52401E+09,  1.58462E+00,  6.58177E+12,  5.62445E+11,  2.49717E+14,  8.60552E+01,  1.03035E+14,  4.61333E+02,  6.29821E+09,  5.50452E+12,  1.17000E+08,  0.00000E+00,  0.00000E+00,  0.00000E+00,  0.00000E+00,  0.00000E+00
  4.00000E-03,2,  2.58352E-02,  0.00000E+00,  0.00000E+00,  2.44517E+18,  5.64321E+14,  1.38422E+11,  3.42638E+07,  8.45559E+03,  6.77220E+00,  2.76618E+01,  4.46701E-03,  3.91190E-06,  1.36353E+06,  7.85333E+02,  2.43188E-07,  5.69701E-06,  6.02126E+13,  3.35891E-03,  4.70903E+03,  2.70795E+00,  1.78061E+00,  2.49509E+05,  1.27184E+07,  2.20068E+19,  1.45263E+13,  5.69169E+12,  4.64248E+12,  3.00783E+12,  5.61254E+11,  4.94071E+12,  3.80674E+06,  1.58579E+00,  1.21086E+16,  0.00000E+00,  4.75696E+14,  0.00000E+00,  0.00000E+00,  1.88695E+12,  4.74373E+11,  2.51805E+14,  1.03972E+00,  1.02611E+14,  5.57382E+00,  2.57444E+05,  5.48383E+12,  1.17000E+08,  0.00000E+00,  0.00000E+00,  0.00000E+00,  0.00000E+00,  0.00000E+00
  4.05000E-03,1,  3.49960E+00,  1.40000E+02,  2.54766E-08,  2.44471E+18,  1.01997E+15,  4.63510E+11,  1.81750E+09,  8.10194E+08,  3.08334E+08,  1.46529E+08,  3.36071E+07,  9.70712E+06,  5.72836E+11,  4.26426E+08,  2.78883E+08,  5.10334E+09,  6.16731E+13,  1.48081E+03,  2.02703E+09,  2.32200E+02,  6.67138E+05,  3.02912E+05,  1.79333E+07,  2.20065E+19,  5.52311E+13,  2.16409E+13,  1.76521E+13,  1.14362E+13,  1.78384E+12,  2.30103E+13,  7.80814E+08,  1.51594E+03,  1.24036E+16,  5.42250E+06,  4.87569E+14,  2.49161E+09,  1.50652E+00,  6.51968E+12,  5.61269E+11,  2.53819E+14,  8.91542E+01,  1.05392E+14,  4.77945E+02,  6.21792E+09,  5.63892E+12,  1.17000E+08,  0.00000E+00,  0.00000E+00,  0.00000E+00,  0.00000E+00,  0.00000E+00
  4.10000E-03,2,  2.58352E-02,  0.00000E+00,  0.00000E+00,  2.44517E+18,  5.64483E+14,  1.38492E+11,  3.42842E+07,  8.46418E+03,  7.11425E+00,  2.97185E+01,  4.80052E-03,  4.20044E-06,  1.43361E+06,  8.43719E+02,  2.68990E-07,  6.29772E-06,  6.24086E+13,  3.79395E-03,  5.13183E+03,  2.80608E+00,  1.77963E+00,  2.47139E+05,  1.27070E+07,  2.20066E+19,  1.35981E+13,  5.32800E+12,  4.34583E+12,  2.81563E+12,  5.23600E+11,  4.94304E+12,  3.80840E+06,  1.58426E+00,  1.23945E+16,  0.00000E+00,  4.87545E+14,  1.45319E-10,  0.00000E+00,  1.79084E+12,  4.72970E+11,  2.55861E+14,  1.07740E+00,  1.04958E+14,  5.77579E+00,  2.58339E+05,  5.61741E+12,  1.17000E+08,  0.00000E+00,  0.00000E+00,  0.00000E+00,  0.00000E+00,  0.00000E+00
  4.15000E-03,1,  3.49960E+00,  1.40000E+02,  2.54766E-08,  2.44470E+18,  1.02002E+15,  4.63555E+11,  1.81753E+09,  8.10196E+08,  3.08335E+08,  1.46529E+08,  3.36073E+07,  9.70717E+06,  5.60862E+11,  4.26421E+08,  2.78881E+08,  5.10329E+09,  6.38135E+13,  1.55226E+03,  2.05356E+09,  2.40260E+02,  6.67142E+05,  3.02400E+05,  1.79332E+07,  2.20063E+19,  5.40132E+13,  2.11637E+13,  1.72628E+13,  1.11840E+13,  1.73875E+12,  2.30117E+13,  7.80825E+08,  1.51607E+03,  1.26891E+16,  5.42247E+06,  4.99416E+14,  2.46094E+09,  1.43410E+00,  6.45597E+12,  5.60113E+11,  2.57846E+14,  9.22490E+01,  1.07739E+14,  4.94535E+02,  6.14195E+09,  5.77315E+12,  1.17000E+08,  0.00000E+00,  0.00000E+00,  0.00000E+00,  0.00000E+00,  0.00000E+00
  4.20000E-03,2,  2.58352E-02,  0.00000E+00,  0.00000E+00,  2.44516E+18,  5.62738E+14,  1.37619E+11,  3.39465E+07,  8.35150E+03,  7.42621E+00,  3.18435E+01,  5.12794E-03,  4.48290E-06,  1.50416E+06,  9.04048E+02,  2.95626E-07,  6.93314E-06,  6.45991E+13,  4.26717E-03,  5.57635E+03,  2.90246E+00,  1.77519E+00,  2.44714E+05,  1.26706E+07,  2.20064E+19,  1.26055E+13,  4.93909E+12,  4.02861E+12,  2.61011E+12,  4.84662E+11,  4.91312E+12,  3.75677E+06,  1.54394E+00,  1.26795E+16,  0.00000E+00,  4.99391E+14,  0.00000E+00,  0.00000E+00,  1.68195E+12,  4.71289E+11,  2.59848E+14,  1.11440E+00,  1.07294E+14,  5.97416E+00,  2.59184E+05,  5.75067E+12,  1.17000E+08,  0.00000E+00,  0.00000E+00,  0.00000E+00,  0.00000E+00,  0.00000E+00
  4.25000E-03,1,  3.49960E+00,  1.40000E+02,  2.54766E-08,  2.44470E+18,  1.01944E+15,  4.63052E+11,  1.81720E+09,  8.10199E+08,  3.08336E+08,  1.46530E+08,  3.36075E+07,  9.70722E+06,  5.49411E+11,  4.26416E+08,  2.78878E+08,  5.10324E+09,  6.59458E+13,  1.62369E+03,  2.07857E+09,  2.48290E+02,  6.67145E+05,  3.01863E+05,  1.79331E+07,  2.20062E+19,  5.28386E+13,  2.07034E+13,  1.68874E+13,  1.09408E+13,  1.69549E+12,  2.29945E+13,  7.80712E+08,  1.51482E+03,  1.29737E+16,  5.42245E+06,  5.11261E+14,  2.43186E+09,  1.36651E+00,  6.39045E+12,  5.58904E+11,  2.61800E+14,  9.53320E+01,  1.10074E+14,  5.11062E+02,  6.06867E+09,  5.90705E+12,  1.17000E+08,  0.00000E+00,  0.00000E+00,  0.00000E+00,  0.00000E+00,  0.00000E+00
  4.30000E-03,2,  2.58352E-02,  0.00000E+00,  0.00000E+00,  2.44516E+18,  5.64133E+14,  1.38333E+11,  3.42327E+07,  8.46099E+03,  7.82768E+00,  3.40220E+01,  5.49227E-03,  4.80666E-06,  1.57434E+06,  9.65890E+02,  3.24198E-07,  7.59487E-06,  6.67698E+13,  4.76933E-03,  6.02990E+03,  3.00040E+00,  1.77669E+00,  2.42782E+05,  1.26771E+07,  2.20063E+19,  1.19313E+13,  4.67492E+12,  3.81315E+12,  2.47051E+12,  4.56441E+11,  4.93758E+12,  3.80253E+06,  1.58403E+00,  1.29636E+16,  0.00000E+00,  5.11235E+14,  6.02514E-12,  0.00000E+00,  1.61106E+12,  4.70322E+11,  2.63750E+14,  1.15200E+00,  1.09621E+14,  6.17573E+00,  2.60060E+05,  5.88388E+12,  1.17000E+08,  0.00000E+00,  0.00000E+00,  0.00000E+00,  0.00000E+00,  0.00000E+00
  4.35000E-03,1,  3.49960E+00,  1.40000E+02,  2.54766E-08,  2.44469E+18,  1.01991E+15,  4.63458E+11,  1.81747E+09,  8.10201E+08,  3.08338E+08,  1.46530E+08,  3.36076E+07,  9.70727E+06,  5.38477E+11,  4.26412E+08,  2.78876E+08,  5.10320E+09,  6.80730E+13,  1.69590E+03,  2.10321E+09,  2.56300E+02,  6.67149E+05,  3.01730E+05,  1.79330E+07,  2.20060E+19,  5.17635E+13,  2.02822E+13,  1.65438E+13,  1.07182E+13,  1.65656E+12,  2.30082E+13,  7.80801E+08,  1.51583E+03,  1.32574E+16,  5.42242E+06,  5.23103E+14,  2.40430E+09,  1.30536E+00,  6.33051E+12,  5.57946E+11,  2.65680E+14,  9.84076E+01,  1.12401E+14,  5.27548E+02,  6.00163E+09,  6.04089E+12,  1.17000E+08,  0.00000E+00,  0.00000E+00,  0.00000E+00,  0.00000E+00,  0.00000E+00
  4.40000E-03,2,  2.58352E-02,  0.00000E+00,  0.00000E+00,  2.44515E+18,  5.63308E+14,  1.37907E+11,  3.40575E+07,  8.39986E+03,  8.17575E+00,  3.62697E+01,  5.84666E-03,  5.10989E-06,  1.64504E+06,  1.02970E+03,  3.54139E-07,  8.29228E-06,  6.89378E+13,  5.31255E-03,  6.50552E+03,  3.09625E+00,  1.77376E+00,  2.40828E+05,  1.26516E+07,  2.20061E+19,  1.11190E+13,  4.35665E+12,  3.55355E+12,  2.30232E+12,  4.24818E+11,  4.92289E+12,  3.77361E+06,  1.55615E+00,  1.32469E+16,  0.00000E+00,  5.23077E+14,  0.00000E+00,  0.00000E+00,  1.51881E+12,  4.68978E+11,  2.67591E+14,  1.18880E+00,  1.11937E+14,  6.37300E+00,  2.60877E+05,  6.01683E+12,  1.17000E+08,  0.00000E+00,  0.00000E+00,  0.00000E+00,  0.00000E+00,  0.00000E+00
  4.45000E-03,1,  3.49960E+00,  1.40000E+02,  2.54766E-08,  2.44469E+18,  1.01962E+15,  4.63200E+11,  1.81732E+09,  8.10203E+08,  3.08339E+08,  1.46531E+08,  3.36078E+07,  9.70732E+06,  5.27991E+11,  4.26408E+08,  2.78873E+08,  5.10316E+09,  7.01908E+13,  1.76785E+03,  2.12624E+09,  2.64276E+02,  6.67152E+05,  3.01595E+05,  1.79330E+07,  2.20058E+19,  5.07182E+13,  1.98726E+13,  1.62098E+13,  1.05018E+13,  1.61878E+12,  2.29993E+13,  7.80765E+08,  1.51518E+03,  1.35402E+16,  5.42240E+06,  5.34944E+14,  2.37808E+09,  1.24779E+00,  6.26869E+12,  5.56912E+11,  2.69492E+14,  1.01470E+02,  1.14717E+14,  5.43963E+02,  5.93577E+09,  6.17446E+12,  1.17000E+08,  0.00000E+00,  0.00000E+00,  0.00000E+00,  0.00000E+00,  0.00000E+00
  4.50000E-03,2,  2.58352E-02,  0.00000E+00,  0.00000E+00,  2.44515E+18,  5.64009E+14,  1.38269E+11,  3.42059E+07,  8.46104E+03,  8.57990E+00,  3.85690E+01,  6.22499E-03,  5.44675E-06,  1.71539E+06,  1.09497E+03,  3.84789E-07,  9.01671E-06,  7.10868E+13,  5.89075E-03,  6.99552E+03,  3.19243E+00,  1.77359E+00,  2.39124E+05,  1.26461E+07,  2.20059E+19,  1.05052E+13,  4.11616E+12,  3.35739E+12,  2.17522E+12,  3.99779E+11,  4.93532E+12,  3.79803E+06,  1.57950E+00,  1.35293E+16,  0.00000E+00,  5.34917E+14,  2.46313E-14,  0.00000E+00,  1.45022E+12,  4.68029E+11,  2.71359E+14,  1.22573E+00,  1.14244E+14,  6.57096E+00,  2.61698E+05,  6.14964E+12,  1.17000E+08,  0.00000E+00,  0.00000E+00,  0.00000E+00,  0.00000E+00,  0.00000E+00
  4.55000E-03,1,  3.49960E+00,  1.40000E+02,  2.54766E-08,  2.44468E+18,  1.01987E+15,  4.63423E+11,  1.81746E+09,  8.10206E+08,  3.08340E+08,  1.46532E+08,  3.36080E+07,  9.70737E+06,  5.17960E+11,  4.26405E+08,  2.78871E+08,  5.10312E+09,  7.23008E+13,  1.84022E+03,  2.14874E+09,  2.72222E+02,  6.67155E+05,  3.01659E+05,  1.79329E+07,  2.20057E+19,  4.97345E+13,  1.94872E+13,  1.58954E+13,  1.02981E+13,  1.58377E+12,  2.30068E+13,  7.80793E+08,  1.51575E+03,  1.38221E+16,  5.42237E+06,  5.46782E+14,  2.35318E+09,  1.19478E+00,  6.20853E+12,  5.56002E+11,  2.73238E+14,  1.04521E+02,  1.17024E+14,  5.60318E+02,  5.87502E+09,  6.30789E+12,  1.17000E+08,  0.00000E+00,  0.00000E+00,  0.00000E+00,  0.00000E+00,  0.00000E+00
  4.60000E-03,2,  2.58352E-02,  0.00000E+00,  0.00000E+00,  2.44514E+18,  5.65989E+14,  1.39250E+11,  3.45763E+07,  8.59078E+03,  9.01435E+00,  4.09277E+01,  6.62886E-03,  5.82008E-06,  1.78577E+06,  1.16193E+03,  4.16976E-07,  9.77177E-06,  7.32256E+13,  6.50715E-03,  7.50185E+03,  3.28964E+00,  1.77659E+00,  2.37903E+05,  1.26632E+07,  2.20058E+19,  9.98418E+12,  3.91200E+12,  3.19086E+12,  2.06733E+12,  3.78630E+11,  4.96889E+12,  3.85212E+06,  1.61707E+00,  1.38108E+16,  0.00000E+00,  5.46755E+14,  0.00000E+00,  0.00000E+00,  1.39213E+12,  4.67359E+11,  2.75059E+14,  1.26306E+00,  1.16545E+14,  6.77103E+00,  2.62520E+05,  6.28250E+12,  1.17000E+08,  0.00000E+00,  0.00000E+00,  0.00000E+00,  0.00000E+00,  0.00000E+00
  4.65000E-03,1,  3.49960E+00,  1.40000E+02,  2.54766E-08,  2.44468E+18,  1.02049E+15,  4.63969E+11,  1.81783E+09,  8.10208E+08,  3.08342E+08,  1.46532E+08,  3.36082E+07,  9.70742E+06,  5.08329E+11,  4.26401E+08,  2.78869E+08,  5.10309E+09,  7.44048E+13,  1.91264E+03,  2.17016E+09,  2.80146E+02,  6.67159E+05,  3.02110E+05,  1.79328E+07,  2.20055E+19,  4.88115E+13,  1.91255E+13,  1.56004E+13,  1.01070E+13,  1.55118E+12,  2.30249E+13,  7.80923E+08,  1.51719E+03,  1.41032E+16,  5.42235E+06,  5.58618E+14,  2.32947E+09,  1.14579E+00,  6.15171E+12,  5.55206E+11,  2.76918E+14,  1.07563E+02,  1.19324E+14,  5.76625E+02,  5.81630E+09,  6.44136E+12,  1.17000E+08,  0.00000E+00,  0.00000E+00,  0.00000E+00,  0.00000E+00,  0.00000E+00
  4.70000E-03,2,  2.58352E-02,  0.00000E+00,  0.00000E+00,  2.44514E+18,  5.64155E+14,  1.38341E+11,  3.42334E+07,  8.48182E+03,  9.37894E+00,  4.33499E+01,  6.99845E-03,  6.12477E-06,  1.85643E+06,  1.23069E+03,  4.50781E-07,  1.05604E-05,  7.53587E+13,  7.16502E-03,  8.02651E+03,  3.38245E+00,  1.77104E+00,  2.36211E+05,  1.26188E+07,  2.20056E+19,  9.27285E+12,  3.63328E+12,  2.96352E+12,  1.92004E+12,  3.51516E+11,  4.93762E+12,  3.80204E+06,  1.58321E+00,  1.40913E+16,  0.00000E+00,  5.58590E+14,  3.03141E-14,  0.00000E+00,  1.30552E+12,  4.66035E+11,  2.78707E+14,  1.29869E+00,  1.18832E+14,  6.96205E+00,  2.63269E+05,  6.41495E+12,  1.17000E+08,  0.00000E+00,  0.00000E+00,  0.00000E+00,  0.00000E+00,  0.00000E+00
  4.75000E-03,1,  3.49960E+00,  1.40000E+02,  2.54766E-08,  2.44467E+18,  1.01991E+15,  4.63463E+11,  1.81749E+09,  8.10211E+08,  3.08343E+08,  1.46533E+08,  3.36083E+07,  9.70747E+06,  4.99087E+11,  4.26398E+08,  2.78867E+08,  5.10306E+09,  7.64947E+13,  1.98485E+03,  2.19056E+09,  2.88017E+02,  6.67162E+05,  3.02194E+05,  1.79327E+07,  2.20053E+19,  4.78905E+13,  1.87647E+13,  1.53060E+13,  9.91625E+12,  1.51864E+12,  2.30079E+13,  7.80802E+08,  1.51586E+03,  1.43833E+16,  5.42232E+06,  5.70452E+14,  2.30683E+09,  1.09886E+00,  6.08967E+12,  5.54236E+11,  2.80540E+14,  1.10585E+02,  1.21611E+14,  5.92825E+02,  5.76024E+09,  6.57441E+12,  1.17000E+08,  0.00000E+00,  0.00000E+00,  0.00000E+00,  0.00000E+00,  0.00000E+00
  4.80000E-03,2,  2.58352E-02,  0.00000E+00,  0.00000E+00,  2.44513E+18,  5.62838E+14,  1.37700E+11,  3.39978E+07,  8.41163E+03,  9.76505E+00,  4.58167E+01,  7.37943E-03,  6.44460E-06,  1.92649E+06,  1.30072E+03,  4.85443E-07,  1.13726E-05,  7.74704E+13,  7.85824E-03,  8.56315E+03,  3.47508E+00,  1.76730E+00,  2.34411E+05,  1.25878E+07,  2.20054E+19,  8.66636E+12,  3.39565E+12,  2.76970E+12,  1.79446E+12,  3.28029E+11,  4.91572E+12,  3.76882E+06,  1.56279E+00,  1.43708E+16,  0.00000E+00,  5.70423E+14,  0.00000E+00,  0.00000E+00,  1.23110E+12,  4.64892E+11,  2.82293E+14,  1.33425E+00,  1.21108E+14,  7.15268E+00,  2.63995E+05,  6.54707E+12,  1.17000E+08,  0.00000E+00,  0.00000E+00,  0.00000E+00,  0.00000E+00,  0.00000E+00
  4.85000E-03,1,  3.49960E+00,  1.40000E+02,  2.54766E-08,  2.44467E+18,  1.01950E+15,  4.63102E+11,  1.81725E+09,  8.10213E+08,  3.08344E+08,  1.46533E+08,  3.36085E+07,  9.70752E+06,  4.90211E+11,  4.26396E+08,  2.78865E+08,  5.10302E+09,  7.85693E+13,  2.05673E+03,  2.20996E+09,  2.95830E+02,  6.67166E+05,  3.02194E+05,  1.79326E+07,  2.20052E+19,  4.70230E+13,  1.84248E+13,  1.50287E+13,  9.73662E+12,  1.48821E+12,  2.29957E+13,  7.80716E+08,  1.51490E+03,  1.46623E+16,  5.42230E+06,  5.82283E+14,  2.28523E+09,  1.05532E+00,  6.02982E+12,  5.53339E+11,  2.84102E+14,  1.13585E+02,  1.23887E+14,  6.08905E+02,  5.70673E+09,  6.70713E+12,  1.17000E+08,  0.00000E+00,  0.00000E+00,  0.00000E+00,  0.00000E+00,  0.00000E+00
  4.90000E-03,2,  2.58352E-02,  0.00000E+00,  0.00000E+00,  2.44513E+18,  5.63873E+14,  1.38209E+11,  3.41875E+07,  8.47959E+03,  1.02032E+01,  4.83283E+01,  7.79828E-03,  6.82320E-06,  1.99604E+06,  1.37202E+03,  5.21110E-07,  1.22086E-05,  7.95627E+13,  8.58788E-03,  9.11217E+03,  3.56928E+00,  1.76850E+00,  2.33042E+05,  1.25923E+07,  2.20053E+19,  8.22636E+12,  3.22325E+12,  2.62908E+12,  1.70336E+12,  3.10479E+11,  4.93322E+12,  3.79612E+06,  1.58028E+00,  1.46495E+16,  0.00000E+00,  5.82254E+14,  4.97133E-12,  0.00000E+00,  1.17832E+12,  4.64217E+11,  2.85816E+14,  1.37042E+00,  1.23376E+14,  7.34656E+00,  2.64745E+05,  6.67914E+12,  1.17000E+08,  0.00000E+00,  0.00000E+00,  0.00000E+00,  0.00000E+00,  0.00000E+00
  4.95000E-03,1,  3.49960E+00,  1.40000E+02,  2.54766E-08,  2.44466E+18,  1.01981E+15,  4.63377E+11,  1.81745E+09,  8.10216E+08,  3.08345E+08,  1.46534E+08,  3.36087E+07,  9.70757E+06,  4.81680E+11,  4.26393E+08,  2.78863E+08,  5.10299E+09,  8.06330E+13,  2.12857E+03,  2.22863E+09,  3.03602E+02,  6.67169E+05,  3.02527E+05,  1.79326E+07,  2.20050E+19,  4.62225E+13,  1.81111E+13,  1.47729E+13,  9.57087E+12,  1.46035E+12,  2.30046E+13,  7.80786E+08,  1.51565E+03,  1.49405E+16,  5.42227E+06,  5.94112E+14,  2.26459E+09,  1.01529E+00,  5.97498E+12,  5.52599E+11,  2.87605E+14,  1.16569E+02,  1.26155E+14,  6.24901E+02,  5.65587E+09,  6.83979E+12,  1.17000E+08,  0.00000E+00,  0.00000E+00,  0.00000E+00,  0.00000E+00,  0.00000E+00
  5.00000E-03,2,  2.58352E-02,  0.00000E+00,  0.00000E+00,  2.44512E+18,  5.64372E+14,  1.38453E+11,  3.42780E+07,  8.51471E+03,  1.06390E+01,  5.08922E+01,  8.21930E-03,  7.19658E-06,  2.06544E+06,  1.44480E+03,  5.57997E-07,  1.30723E-05,  8.16431E+13,  9.35760E-03,  9.67591E+03,  3.66213E+00,  1.76813E+00,  2.31799E+05,  1.25855E+07,  2.20051E+19,  7.77891E+12,  3.04793E+12,  2.48607E+12,  1.61070E+12,  2.93015E+11,  4.94171E+12,  3.80919E+06,  1.58821E+00,  1.49272E+16,  0.00000E+00,  5.94083E+14,  7.74931E-11,  0.00000E+00,  1.12304E+12,  4.63483E+11,  2.89283E+14,  1.40607E+00,  1.25635E+14,  7.53764E+00,  2.65466E+05,  6.81107E+12,  1.17000E+08,  0.00000E+00,  0.00000E+00,  0.00000E+00,  0.00000E+00,  0.00000E+00
  5.05000E-03,1,  3.49960E+00,  1.40000E+02,  2.54766E-08,  2.44466E+18,  1.01996E+15,  4.63515E+11,  1.81754E+09,  8.10218E+08,  3.08347E+08,  1.46535E+08,  3.36088E+07,  9.70762E+06,  4.73469E+11,  4.26391E+08,  2.78861E+08,  5.10296E+09,  8.26857E+13,  2.20016E+03,  2.24639E+09,  3.11333E+02,  6.67172E+05,  3.02956E+05,  1.79325E+07,  2.20049E+19,  4.54409E+13,  1.78049E+13,  1.45231E+13,  9.40903E+12,  1.43336E+12,  2.30091E+13,  7.80818E+08,  1.51602E+03,  1.52177E+16,  5.42225E+06,  6.05939E+14,  2.24486E+09,  9.77410E-01,  5.91869E+12,  5.51845E+11,  2.91053E+14,  1.19537E+02,  1.28413E+14,  6.40812E+02,  5.60697E+09,  6.97231E+12,  1.17000E+08,  0.00000E+00,  0.00000E+00,  0.00000E+00,  0.00000E+00,  0.00000E+00
  5.10000E-03,2,  2.58352E-02,  0.00000E+00,  0.00000E+00,  2.44512E+18,  5.64351E+14,  1.38444E+11,  3.42744E+07,  8.51955E+03,  1.10731E+01,  5.35040E+01,  8.64081E-03,  7.56559E-06,  2.13452E+06,  1.51894E+03,  5.95947E-07,  1.39614E-05,  8.37089E+13,  1.01666E-02,  1.02530E+04,  3.75373E+00,  1.76672E+00,  2.30543E+05,  1.25712E+07,  2.20050E+19,  7.33692E+12,  2.87475E+12,  2.34482E+12,  1.51919E+12,  2.75934E+11,  4.94132E+12,  3.80863E+06,  1.58784E+00,  1.52039E+16,  0.00000E+00,  6.05909E+14,  3.07744E-11,  0.00000E+00,  1.06716E+12,  4.62696E+11,  2.92699E+14,  1.44124E+00,  1.27884E+14,  7.72617E+00,  2.66162E+05,  6.94280E+12,  1.17000E+08,  0.00000E+00,  0.00000E+00,  0.00000E+00,  0.00000E+00,  0.00000E+00
  5.15000E-03,1,  3.49960E+00,  1.40000E+02,  2.54766E-08,  2.44465E+18,  1.01996E+15,  4.63505E+11,  1.81754E+09,  8.10221E+08,  3.08348E+08,  1.46535E+08,  3.36090E+07,  9.70767E+06,  4.65562E+11,  4.26389E+08,  2.78860E+08,  5.10293E+09,  8.47248E+13,  2.27139E+03,  2.26330E+09,  3.19013E+02,  6.67176E+05,  3.03371E+05,  1.79324E+07,  2.20047E+19,  4.46876E+13,  1.75097E+13,  1.42824E+13,  9.25306E+12,  1.40745E+12,  2.30087E+13,  7.80816E+08,  1.51600E+03,  1.54939E+16,  5.42222E+06,  6.17764E+14,  2.22596E+09,  9.41693E-01,  5.86247E+12,  5.51091E+11,  2.94449E+14,  1.22486E+02,  1.30663E+14,  6.56619E+02,  5.56006E+09,  7.10462E+12,  1.17000E+08,  0.00000E+00,  0.00000E+00,  0.00000E+00,  0.00000E+00,  0.00000E+00
  5.20000E-03,2,  2.58352E-02,  0.00000E+00,  0.00000E+00,  2.44511E+18,  5.64725E+14,  1.38628E+11,  3.43424E+07,  8.54788E+03,  1.15224E+01,  5.61597E+01,  9.07574E-03,  7.95043E-06,  2.20316E+06,  1.59433E+03,  6.34842E-07,  1.48738E-05,  8.57582E+13,  1.10139E-02,  1.08421E+04,  3.84510E+00,  1.76632E+00,  2.29397E+05,  1.25642E+07,  2.20048E+19,  6.94534E+12,  2.72132E+12,  2.21967E+12,  1.43811E+12,  2.60734E+11,  4.94750E+12,  3.81828E+06,  1.59383E+00,  1.54796E+16,  0.00000E+00,  6.17734E+14,  2.34514E-13,  0.00000E+00,  1.01730E+12,  4.62013E+11,  2.96061E+14,  1.47632E+00,  1.30125E+14,  7.91422E+00,  2.66849E+05,  7.07438E+12,  1.17000E+08,  0.00000E+00,  0.00000E+00,  0.00000E+00,  0.00000E+00,  0.00000E+00
  5.25000E-03,1,  3.49960E+00,  1.40000E+02,  2.54766E-08,  2.44465E+18,  1.02008E+15,  4.63609E+11,  1.81762E+09,  8.10223E+08,  3.08349E+08,  1.46536E+08,  3.36092E+07,  9.70772E+06,  4.57948E+11,  4.26387E+08,  2.78858E+08,  5.10291E+09,  8.67510E+13,  2.34237E+03,  2.27951E+09,  3.26644E+02,  6.67179E+05,  3.03864E+05,  1.79323E+07,  2.20045E+19,  4.39677E+13,  1.72276E+13,  1.40523E+13,  9.10399E+12,  1.38283E+12,  2.30121E+13,  7.80840E+08,  1.51628E+03,  1.57692E+16,  5.42220E+06,  6.29587E+14,  2.20785E+09,  9.08150E-01,  5.80738E+12,  5.50376E+11,  2.97793E+14,  1.25416E+02,  1.32903E+14,  6.72324E+02,  5.51521E+09,  7.23679E+12,  1.17000E+08,  0.00000E+00,  0.00000E+00,  0.00000E+00,  0.00000E+00,  0.00000E+00
  5.30000E-03,2,  2.58352E-02,  0.00000E+00,  0.00000E+00,  2.44511E+18,  5.63985E+14,  1.38265E+11,  3.42083E+07,  8.51047E+03,  1.19574E+01,  5.88600E+01,  9.49968E-03,  8.31208E-06,  2.27143E+06,  1.67098E+03,  6.74845E-07,  1.58099E-05,  8.77927E+13,  1.19009E-02,  1.14438E+04,  3.93452E+00,  1.76368E+00,  2.28097E+05,  1.25413E+07,  2.20046E+19,  6.52015E+12,  2.55472E+12,  2.08379E+12,  1.35007E+12,  2.44664E+11,  4.93498E+12,  3.79893E+06,  1.58197E+00,  1.57543E+16,  0.00000E+00,  6.29556E+14,  5.64384E-14,  0.00000E+00,  9.61411E+11,  4.61181E+11,  2.99375E+14,  1.51065E+00,  1.32355E+14,  8.09825E+00,  2.67501E+05,  7.20570E+12,  1.17000E+08,  0.00000E+00,  0.00000E+00,  0.00000E+00,  0.00000E+00,  0.00000E+00
  5.35000E-03,1,  3.49960E+00,  1.40000E+02,  2.54766E-08,  2.44464E+18,  1.01985E+15,  4.63407E+11,  1.81748E+09,  8.10226E+08,  3.08351E+08,  1.46536E+08,  3.36093E+07,  9.70777E+06,  4.50609E+11,  4.26386E+08,  2.78856E+08,  5.10288E+09,  8.87610E+13,  2.41287E+03,  2.29495E+09,  3.34215E+02,  6.67183E+05,  3.04237E+05,  1.79323E+07,  2.20044E+19,  4.32680E+13,  1.69535E+13,  1.38286E+13,  8.95910E+12,  1.35896E+12,  2.30052E+13,  7.80791E+08,  1.51574E+03,  1.60434E+16,  5.42217E+06,  6.41407E+14,  2.19047E+09,  8.76327E-01,  5.75164E+12,  5.49634E+11,  3.01088E+14,  1.28322E+02,  1.35132E+14,  6.87905E+02,  5.47219E+09,  7.36868E+12,  1.17000E+08,  0.00000E+00,  0.00000E+00,  0.00000E+00,  0.00000E+00,  0.00000E+00
  5.40000E-03,2,  2.58352E-02,  0.00000E+00,  0.00000E+00,  2.44510E+18,  5.62516E+14,  1.37547E+11,  3.39431E+07,  8.43078E+03,  1.23846E+01,  6.15951E+01,  9.91522E-03,  8.65388E-06,  2.33900E+06,  1.74862E+03,  7.15593E-07,  1.67645E-05,  8.98062E+13,  1.28241E-02,  1.20550E+04,  4.02182E+00,  1.75915E+00,  2.26518E+05,  1.25050E+07,  2.20045E+19,  6.10552E+12,  2.39226E+12,  1.95127E+12,  1.26421E+12,  2.28949E+11,  4.91044E+12,  3.76130E+06,  1.55844E+00,  1.60280E+16,  0.00000E+00,  6.41375E+14,  1.17535E-09,  0.00000E+00,  9.05907E+11,  4.60278E+11,  3.02643E+14,  1.54417E+00,  1.34572E+14,  8.27793E+00,  2.68118E+05,  7.33661E+12,  1.17000E+08,  0.00000E+00,  0.00000E+00,  0.00000E+00,  0.00000E+00,  0.00000E+00
  5.45000E-03,1,  3.49960E+00,  1.40000E+02,  2.54766E-08,  2.44464E+18,  1.01939E+15,  4.63006E+11,  1.81721E+09,  8.10228E+08,  3.08352E+08,  1.46537E+08,  3.36095E+07,  9.70783E+06,  4.43532E+11,  4.26385E+08,  2.78855E+08,  5.10286E+09,  9.07515E+13,  2.48268E+03,  2.30955E+09,  3.41712E+02,  6.67186E+05,  3.04394E+05,  1.79322E+07,  2.20042E+19,  4.25951E+13,  1.66898E+13,  1.36136E+13,  8.81978E+12,  1.33607E+12,  2.29917E+13,  7.80695E+08,  1.51467E+03,  1.63165E+16,  5.42215E+06,  6.53226E+14,  2.17378E+09,  8.46267E-01,  5.69625E+12,  5.48888E+11,  3.04335E+14,  1.31201E+02,  1.37349E+14,  7.03334E+02,  5.43086E+09,  7.50016E+12,  1.17000E+08,  0.00000E+00,  0.00000E+00,  0.00000E+00,  0.00000E+00,  0.00000E+00
  5.50000E-03,2,  2.58352E-02,  0.00000E+00,  0.00000E+00,  2.44510E+18,  5.63115E+14,  1.37841E+11,  3.40520E+07,  8.47246E+03,  1.28565E+01,  6.43633E+01,  1.03719E-02,  9.06362E-06,  2.40581E+06,  1.82720E+03,  7.57116E-07,  1.77359E-05,  9.17989E+13,  1.37826E-02,  1.26749E+04,  4.11107E+00,  1.75964E+00,  2.25333E+05,  1.25048E+07,  2.20043E+19,  5.80713E+12,  2.27535E+12,  1.85591E+12,  1.20243E+12,  2.17375E+11,  4.92058E+12,  3.77691E+06,  1.56805E+00,  1.63007E+16,  0.00000E+00,  6.53193E+14,  3.68109E-13,  0.00000E+00,  8.66618E+11,  4.59744E+11,  3.05859E+14,  1.57844E+00,  1.36782E+14,  8.46159E+00,  2.68758E+05,  7.46744E+12,  1.17000E+08,  0.00000E+00,  0.00000E+00,  0.00000E+00,  0.00000E+00,  0.00000E+00
  5.55000E-03,1,  3.49960E+00,  1.40000E+02,  2.54766E-08,  2.44463E+18,  1.01957E+15,  4.63171E+11,  1.81733E+09,  8.10231E+08,  3.08353E+08,  1.46538E+08,  3.36097E+07,  9.70788E+06,  4.36701E+11,  4.26383E+08,  2.78853E+08,  5.10283E+09,  9.27286E+13,  2.55211E+03,  2.32352E+09,  3.49158E+02,  6.67190E+05,  3.04839E+05,  1.79321E+07,  2.20041E+19,  4.19602E+13,  1.64410E+13,  1.34106E+13,  8.68830E+12,  1.31465E+12,  2.29971E+13,  7.80734E+08,  1.51513E+03,  1.65887E+16,  5.42212E+06,  6.65041E+14,  2.15775E+09,  8.18180E-01,  5.64350E+12,  5.48239E+11,  3.07536E+14,  1.34060E+02,  1.39559E+14,  7.18660E+02,  5.39118E+09,  7.63155E+12,  1.17000E+08,  0.00000E+00,  0.00000E+00,  0.00000E+00,  0.00000E+00,  0.00000E+00
  5.60000E-03,2,  2.58352E-02,  0.00000E+00,  0.00000E+00,  2.44509E+18,  5.62723E+14,  1.37651E+11,  3.39832E+07,  8.44731E+03,  1.32963E+01,  6.71709E+01,  1.08168E-02,  9.49683E-06,  2.47215E+06,  1.90689E+03,  7.91499E-07,  1.85433E-05,  9.37765E+13,  1.47701E-02,  1.33053E+04,  4.19805E+00,  1.75752E+00,  2.24097E+05,  1.24858E+07,  2.20042E+19,  5.47838E+12,  2.14654E+12,  1.75084E+12,  1.13436E+12,  2.04904E+11,  4.91397E+12,  3.76803E+06,  1.54830E+00,  1.65723E+16,  0.00000E+00,  6.65008E+14,  9.29020E-05,  0.00000E+00,  8.22055E+11,  4.59063E+11,  3.09033E+14,  1.61183E+00,  1.38981E+14,  8.64060E+00,  2.69372E+05,  7.59802E+12,  1.17000E+08,  0.00000E+00,  0.00000E+00,  0.00000E+00,  0.00000E+00,  0.00000E+00
  5.65000E-03,1,  3.49960E+00,  1.40000E+02,  2.54766E-08,  2.44463E+18,  1.01940E+15,  4.63032E+11,  1.81725E+09,  8.10233E+08,  3.08355E+08,  1.46538E+08,  3.36099E+07,  9.70793E+06,  4.30105E+11,  4.26382E+08,  2.78852E+08,  5.10281E+09,  9.46882E+13,  2.62071E+03,  2.33664E+09,  3.56540E+02,  6.67193E+05,  3.05244E+05,  1.79321E+07,  2.20039E+19,  4.13555E+13,  1.62041E+13,  1.32174E+13,  8.56309E+12,  1.29415E+12,  2.29924E+13,  7.80709E+08,  1.51477E+03,  1.68598E+16,  5.42210E+06,  6.76855E+14,  2.14234E+09,  7.91636E-01,  5.59230E+12,  5.47584E+11,  3.10692E+14,  1.36894E+02,  1.41758E+14,  7.33851E+02,  5.35284E+09,  7.76269E+12,  1.17000E+08,  0.00000E+00,  0.00000E+00,  0.00000E+00,  0.00000E+00,  0.00000E+00
  5.70000E-03,2,  2.58352E-02,  0.00000E+00,  0.00000E+00,  2.44509E+18,  5.63840E+14,  1.38192E+11,  3.41804E+07,  8.52677E+03,  1.38097E+01,  7.00102E+01,  1.16183E-02,  0.00000E+00,  2.53783E+06,  1.98749E+03,  9.64070E-07,  1.97359E-05,  9.57347E+13,  1.58134E-02,  1.39446E+04,  4.28616E+00,  1.75872E+00,  2.23210E+05,  1.24907E+07,  2.20040E+19,  5.24590E+12,  2.05545E+12,  1.67655E+12,  1.08622E+12,  1.95756E+11,  4.93250E+12,  3.79493E+06,  1.57912E+00,  1.68429E+16,  0.00000E+00,  6.76822E+14,  0.00000E+00,  0.00000E+00,  7.91192E+11,  4.58667E+11,  3.12159E+14,  1.64566E+00,  1.41173E+14,  8.82193E+00,  2.69978E+05,  7.72854E+12,  1.17000E+08,  0.00000E+00,  0.00000E+00,  0.00000E+00,  0.00000E+00,  0.00000E+00
  5.75000E-03,1,  3.49960E+00,  1.40000E+02,  2.54766E-08,  2.44462E+18,  1.01980E+15,  4.63370E+11,  1.81747E+09,  8.10236E+08,  3.08356E+08,  1.46539E+08,  3.36100E+07,  9.70797E+06,  4.23732E+11,  4.26381E+08,  2.78850E+08,  5.10279E+09,  9.66372E+13,  2.68946E+03,  2.34953E+09,  3.63881E+02,  6.67196E+05,  3.05892E+05,  1.79320E+07,  2.20037E+19,  4.07561E+13,  1.59692E+13,  1.30258E+13,  8.43898E+12,  1.27422E+12,  2.30035E+13,  7.80781E+08,  1.51566E+03,  1.71299E+16,  5.42208E+06,  6.88667E+14,  2.12750E+09,  7.66324E-01,  5.53950E+12,  5.46964E+11,  3.13804E+14,  1.39712E+02,  1.43949E+14,  7.48959E+02,  5.31629E+09,  7.89377E+12,  1.17000E+08,  0.00000E+00,  0.00000E+00,  0.00000E+00,  0.00000E+00,  0.00000E+00
  5.80000E-03,2,  2.58352E-02,  0.00000E+00,  0.00000E+00,  2.44508E+18,  5.64940E+14,  1.38732E+11,  3.43807E+07,  8.59864E+03,  1.43098E+01,  7.28908E+01,  1.17843E-02,  1.03271E-05,  2.60316E+06,  2.06926E+03,  8.86393E-07,  2.07651E-05,  9.76811E+13,  1.68871E-02,  1.45947E+04,  4.37360E+00,  1.75971E+00,  2.22497E+05,  1.24938E+07,  2.20038E+19,  5.00581E+12,  1.96137E+12,  1.59981E+12,  1.03650E+12,  1.86540E+11,  4.95085E+12,  3.82319E+06,  1.59707E+00,  1.71125E+16,  0.00000E+00,  6.88633E+14,  3.09311E-15,  0.00000E+00,  7.58670E+11,  4.58240E+11,  3.15244E+14,  1.67923E+00,  1.43358E+14,  9.00190E+00,  2.70580E+05,  7.85901E+12,  1.17000E+08,  0.00000E+00,  0.00000E+00,  0.00000E+00,  0.00000E+00,  0.00000E+00
  5.85000E-03,1,  3.49960E+00,  1.40000E+02,  2.54766E-08,  2.44462E+18,  1.02014E+15,  4.63672E+11,  1.81768E+09,  8.10239E+08,  3.08357E+08,  1.46540E+08,  3.36102E+07,  9.70802E+06,  4.17569E+11,  4.26380E+08,  2.78849E+08,  5.10277E+09,  9.85730E+13,  2.75758E+03,  2.36173E+09,  3.71172E+02,  6.67200E+05,  3.06662E+05,  1.79319E+07,  2.20036E+19,  4.01865E+13,  1.57461E+13,  1.28438E+13,  8.32105E+12,  1.25520E+12,  2.30135E+13,  7.80853E+08,  1.51647E+03,  1.73989E+16,  5.42205E+06,  7.00476E+14,  2.11322E+09,  7.42408E-01,  5.48882E+12,  5.46363E+11,  3.16874E+14,  1.42512E+02,  1.46134E+14,  7.63966E+02,  5.28094E+09,  8.02479E+12,  1.17000E+08,  0.00000E+00,  0.00000E+00,  0.00000E+00,  0.00000E+00,  0.00000E+00
  5.90000E-03,2,  2.58352E-02,  0.00000E+00,  0.00000E+00,  2.44508E+18,  5.62950E+14,  1.37760E+11,  3.40221E+07,  8.48912E+03,  1.47565E+01,  7.58018E+01,  1.22117E-02,  1.06672E-05,  2.66786E+06,  2.15189E+03,  9.30974E-07,  2.18101E-05,  9.96091E+13,  1.79976E-02,  1.52533E+04,  4.45580E+00,  1.75379E+00,  2.21108E+05,  1.24478E+07,  2.20037E+19,  4.67423E+12,  1.83145E+12,  1.49384E+12,  9.67847E+11,  1.74242E+11,  4.91760E+12,  3.77238E+06,  1.56540E+00,  1.73810E+16,  0.00000E+00,  7.00442E+14,  0.00000E+00,  0.00000E+00,  7.11748E+11,  4.57406E+11,  3.18292E+14,  1.71079E+00,  1.45529E+14,  9.17105E+00,  2.71108E+05,  7.98896E+12,  1.17000E+08,  0.00000E+00,  0.00000E+00,  0.00000E+00,  0.00000E+00,  0.00000E+00
  5.95000E-03,1,  3.49960E+00,  1.40000E+02,  2.54766E-08,  2.44461E+18,  1.01952E+15,  4.63124E+11,  1.81731E+09,  8.10241E+08,  3.08359E+08,  1.46540E+08,  3.36104E+07,  9.70807E+06,  4.11611E+11,  4.26380E+08,  2.78848E+08,  5.10275E+09,  1.00485E+14,  2.82470E+03,  2.37317E+09,  3.78375E+02,  6.67203E+05,  3.06931E+05,  1.79318E+07,  2.20034E+19,  3.96275E+13,  1.55270E+13,  1.26651E+13,  8.20529E+12,  1.23648E+12,  2.29950E+13,  7.80723E+08,  1.51501E+03,  1.76668E+16,  5.42203E+06,  7.12284E+14,  2.09944E+09,  7.19456E-01,  5.43700E+12,  5.45687E+11,  3.19905E+14,  1.45277E+02,  1.48305E+14,  7.78789E+02,  5.24679E+09,  8.15530E+12,  1.17000E+08,  0.00000E+00,  0.00000E+00,  0.00000E+00,  0.00000E+00,  0.00000E+00
  6.00000E-03,2,  2.58352E-02,  0.00000E+00,  0.00000E+00,  2.44507E+18,  5.62791E+14,  1.37683E+11,  3.39934E+07,  8.48654E+03,  1.52414E+01,  7.87344E+01,  1.26806E-02,  1.10738E-05,  2.73160E+06,  2.23513E+03,  9.75983E-07,  2.28649E-05,  1.01514E+14,  1.91398E-02,  1.59170E+04,  4.54011E+00,  1.75286E+00,  2.19942E+05,  1.24377E+07,  2.20035E+19,  4.43487E+12,  1.73767E+12,  1.41735E+12,  9.18286E+11,  1.65178E+11,  4.91485E+12,  3.76817E+06,  1.56280E+00,  1.76484E+16,  0.00000E+00,  7.12248E+14,  3.73877E-17,  0.00000E+00,  6.78212E+11,  4.56877E+11,  3.21299E+14,  1.74316E+00,  1.47691E+14,  9.34458E+00,  2.71661E+05,  8.11874E+12,  1.17000E+08,  0.00000E+00,  0.00000E+00,  0.00000E+00,  0.00000E+00,  0.00000E+00
  6.05000E-03,1,  3.49960E+00,  1.40000E+02,  2.54766E-08,  2.44461E+18,  1.01947E+15,  4.63080E+11,  1.81728E+09,  8.10244E+08,  3.08360E+08,  1.46541E+08,  3.36105E+07,  9.70812E+06,  4.05845E+11,  4.26379E+08,  2.78846E+08,  5.10273E+09,  1.02381E+14,  2.89121E+03,  2.38407E+09,  3.85516E+02,  6.67206E+05,  3.07353E+05,  1.79318E+07,  2.20033E+19,  3.90956E+13,  1.53186E+13,  1.24951E+13,  8.09516E+12,  1.21880E+12,  2.29935E+13,  7.80712E+08,  1.51490E+03,  1.79337E+16,  5.42201E+06,  7.24088E+14,  2.08614E+09,  6.97839E-01,  5.38706E+12,  5.45079E+11,  3.22897E+14,  1.48019E+02,  1.50466E+14,  7.93486E+02,  5.21389E+09,  8.28561E+12,  1.17000E+08,  0.00000E+00,  0.00000E+00,  0.00000E+00,  0.00000E+00,  0.00000E+00
  6.10000E-03,2,  2.58352E-02,  0.00000E+00,  0.00000E+00,  2.44507E+18,  5.63418E+14,  1.37988E+11,  3.41048E+07,  8.52854E+03,  1.57449E+01,  8.16954E+01,  1.31722E-02,  1.15157E-05,  2.79470E+06,  2.31918E+03,  1.02162E-06,  2.39334E-05,  1.03402E+14,  2.03175E-02,  1.65879E+04,  4.62439E+00,  1.75307E+00,  2.19034E+05,  1.24357E+07,  2.20034E+19,  4.23477E+12,  1.65927E+12,  1.35340E+12,  8.76854E+11,  1.57521E+11,  4.92533E+12,  3.78377E+06,  1.57143E+00,  1.79147E+16,  0.00000E+00,  7.24053E+14,  2.63213E-13,  0.00000E+00,  6.50219E+11,  4.56465E+11,  3.24265E+14,  1.77552E+00,  1.49845E+14,  9.51801E+00,  2.72211E+05,  8.24840E+12,  1.17000E+08,  0.00000E+00,  0.00000E+00,  0.00000E+00,  0.00000E+00,  0.00000E+00
  6.15000E-03,1,  3.49960E+00,  1.40000E+02,  2.54766E-08,  2.44460E+18,  1.01966E+15,  4.63252E+11,  1.81741E+09,  8.10246E+08,  3.08361E+08,  1.46542E+08,  3.36107E+07,  9.70817E+06,  4.00263E+11,  4.26379E+08,  2.78845E+08,  5.10271E+09,  1.04263E+14,  2.95720E+03,  2.39448E+09,  3.92603E+02,  6.67210E+05,  3.07951E+05,  1.79317E+07,  2.20031E+19,  3.85840E+13,  1.51181E+13,  1.23316E+13,  7.98922E+12,  1.20186E+12,  2.29991E+13,  7.80753E+08,  1.51536E+03,  1.81994E+16,  5.42198E+06,  7.35891E+14,  2.07332E+09,  6.77325E-01,  5.33826E+12,  5.44502E+11,  3.25850E+14,  1.50740E+02,  1.52620E+14,  8.08072E+02,  5.18215E+09,  8.41582E+12,  1.17000E+08,  0.00000E+00,  0.00000E+00,  0.00000E+00,  0.00000E+00,  0.00000E+00
  6.20000E-03,2,  2.58352E-02,  0.00000E+00,  0.00000E+00,  2.44506E+18,  5.63389E+14,  1.37974E+11,  3.41005E+07,  8.53464E+03,  1.62422E+01,  8.46839E+01,  1.36534E-02,  1.19349E-05,  2.85715E+06,  2.40400E+03,  1.06776E-06,  2.50151E-05,  1.05273E+14,  2.15305E-02,  1.72659E+04,  4.70675E+00,  1.75161E+00,  2.18071E+05,  1.24218E+07,  2.20032E+19,  4.02802E+12,  1.57826E+12,  1.28732E+12,  8.34043E+11,  1.49666E+11,  4.92479E+12,  3.78325E+06,  1.57197E+00,  1.81799E+16,  0.00000E+00,  7.35855E+14,  0.00000E+00,  0.00000E+00,  6.20834E+11,  4.55984E+11,  3.27196E+14,  1.80714E+00,  1.51989E+14,  9.68751E+00,  2.72733E+05,  8.37783E+12,  1.17000E+08,  0.00000E+00,  0.00000E+00,  0.00000E+00,  0.00000E+00,  0.00000E+00
  6.25000E-03,1,  3.49960E+00,  1.40000E+02,  2.54766E-08,  2.44460E+18,  1.01965E+15,  4.63245E+11,  1.81740E+09,  8.10249E+08,  3.08363E+08,  1.46542E+08,  3.36109E+07,  9.70822E+06,  3.94856E+11,  4.26379E+08,  2.78844E+08,  5.10269E+09,  1.06127E+14,  3.02251E+03,  2.40437E+09,  3.99626E+02,  6.67213E+05,  3.08501E+05,  1.79317E+07,  2.20030E+19,  3.80874E+13,  1.49236E+13,  1.21729E+13,  7.88639E+12,  1.18543E+12,  2.29988E+13,  7.80750E+08,  1.51534E+03,  1.84641E+16,  5.42196E+06,  7.47692E+14,  2.06092E+09,  6.57742E-01,  5.28978E+12,  5.43919E+11,  3.28766E+14,  1.53437E+02,  1.54764E+14,  8.22525E+02,  5.15147E+09,  8.54579E+12,  1.17000E+08,  0.00000E+00,  0.00000E+00,  0.00000E+00,  0.00000E+00,  0.00000E+00
  6.30000E-03,2,  2.58352E-02,  0.00000E+00,  0.00000E+00,  2.44506E+18,  5.62409E+14,  1.37492E+11,  3.39183E+07,  8.47986E+03,  1.67220E+01,  8.76966E+01,  1.41146E-02,  1.23126E-05,  2.91891E+06,  2.48951E+03,  1.11477E-06,  2.61083E-05,  1.07125E+14,  2.27777E-02,  1.79501E+04,  4.78710E+00,  1.74846E+00,  2.16890E+05,  1.23960E+07,  2.20031E+19,  3.78996E+12,  1.48498E+12,  1.21124E+12,  7.84750E+11,  1.40885E+11,  4.90829E+12,  3.75639E+06,  1.55201E+00,  1.84440E+16,  0.00000E+00,  7.47655E+14,  1.38404E-08,  0.00000E+00,  5.86293E+11,  4.55371E+11,  3.30092E+14,  1.83799E+00,  1.54123E+14,  9.85287E+00,  2.73226E+05,  8.50693E+12,  1.17000E+08,  0.00000E+00,  0.00000E+00,  0.00000E+00,  0.00000E+00,  0.00000E+00
  6.35000E-03,1,  3.49960E+00,  1.40000E+02,  2.54766E-08,  2.44460E+18,  1.01935E+15,  4.62977E+11,  1.81722E+09,  8.10251E+08,  3.08364E+08,  1.46543E+08,  3.36110E+07,  9.70827E+06,  3.89617E+11,  4.26378E+08,  2.78843E+08,  5.10268E+09,  1.07971E+14,  3.08698E+03,  2.41370E+09,  4.06574E+02,  6.67217E+05,  3.08886E+05,  1.79316E+07,  2.20028E+19,  3.76042E+13,  1.47343E+13,  1.20185E+13,  7.78635E+12,  1.16946E+12,  2.29897E+13,  7.80686E+08,  1.51463E+03,  1.87276E+16,  5.42193E+06,  7.59490E+14,  2.04894E+09,  6.39012E-01,  5.24141E+12,  5.43318E+11,  3.31647E+14,  1.56104E+02,  1.56898E+14,  8.36824E+02,  5.12181E+09,  8.67542E+12,  1.17000E+08,  0.00000E+00,  0.00000E+00,  0.00000E+00,  0.00000E+00,  0.00000E+00
  6.40000E-03,2,  2.58352E-02,  0.00000E+00,  0.00000E+00,  2.44506E+18,  5.62600E+14,  1.37590E+11,  3.39588E+07,  8.50275E+03,  1.72330E+01,  9.07278E+01,  1.46074E-02,  1.27523E-05,  2.97980E+06,  2.57555E+03,  1.16140E-06,  2.72089E-05,  1.08957E+14,  2.40555E-02,  1.86384E+04,  4.86839E+00,  1.74807E+00,  2.15937E+05,  1.23899E+07,  2.20029E+19,  3.61647E+12,  1.41700E+12,  1.15579E+12,  7.48827E+11,  1.34296E+11,  4.91158E+12,  3.76310E+06,  1.55951E+00,  1.87070E+16,  0.00000E+00,  7.59452E+14,  0.00000E+00,  0.00000E+00,  5.61319E+11,  4.54960E+11,  3.32952E+14,  1.86920E+00,  1.56248E+14,  1.00202E+01,  2.73729E+05,  8.63588E+12,  1.17000E+08,  0.00000E+00,  0.00000E+00,  0.00000E+00,  0.00000E+00,  0.00000E+00
  6.45000E-03,1,  3.49960E+00,  1.40000E+02,  2.54766E-08,  2.44459E+18,  1.01940E+15,  4.63029E+11,  1.81726E+09,  8.10254E+08,  3.08365E+08,  1.46544E+08,  3.36112E+07,  9.70832E+06,  3.84538E+11,  4.26378E+08,  2.78841E+08,  5.10266E+09,  1.09800E+14,  3.15081E+03,  2.42258E+09,  4.13463E+02,  6.67220E+05,  3.09423E+05,  1.79315E+07,  2.20027E+19,  3.71412E+13,  1.45528E+13,  1.18705E+13,  7.69048E+12,  1.15422E+12,  2.29913E+13,  7.80698E+08,  1.51477E+03,  1.89900E+16,  5.42191E+06,  7.71286E+14,  2.03735E+09,  6.21246E-01,  5.19448E+12,  5.42761E+11,  3.34494E+14,  1.58749E+02,  1.59023E+14,  8.51001E+02,  5.09313E+09,  8.80489E+12,  1.17000E+08,  0.00000E+00,  0.00000E+00,  0.00000E+00,  0.00000E+00,  0.00000E+00
  6.50000E-03,2,  2.58352E-02,  0.00000E+00,  0.00000E+00,  2.44505E+18,  5.62884E+14,  1.37732E+11,  3.40125E+07,  8.52739E+03,  1.77467E+01,  9.37810E+01,  1.51066E-02,  1.31965E-05,  3.03999E+06,  2.66222E+03,  1.20598E-06,  2.83193E-05,  1.10772E+14,  2.53662E-02,  1.93319E+04,  4.94868E+00,  1.74739E+00,  2.15070E+05,  1.23817E+07,  2.20027E+19,  3.45870E+12,  1.35519E+12,  1.10537E+12,  7.16159E+11,  1.28260E+11,  4.91651E+12,  3.77104E+06,  1.56448E+00,  1.89688E+16,  0.00000E+00,  7.71248E+14,  8.86432E-10,  0.00000E+00,  5.38513E+11,  4.54574E+11,  3.35778E+14,  1.90002E+00,  1.58365E+14,  1.01854E+01,  2.74218E+05,  8.76464E+12,  1.17000E+08,  0.00000E+00,  0.00000E+00,  0.00000E+00,  0.00000E+00,  0.00000E+00
  6.55000E-03,1,  3.49960E+00,  1.40000E+02,  2.54766E-08,  2.44459E+18,  1.01949E+15,  4.63107E+11,  1.81732E+09,  8.10257E+08,  3.08366E+08,  1.46545E+08,  3.36114E+07,  9.70837E+06,  3.79612E+11,  4.26378E+08,  2.78840E+08,  5.10264E+09,  1.11613E+14,  3.21398E+03,  2.43101E+09,  4.20292E+02,  6.67223E+05,  3.10011E+05,  1.79315E+07,  2.20025E+19,  3.66934E+13,  1.43774E+13,  1.17274E+13,  7.59775E+12,  1.13951E+12,  2.29938E+13,  7.80716E+08,  1.51498E+03,  1.92512E+16,  5.42189E+06,  7.83080E+14,  2.02613E+09,  6.04291E-01,  5.14833E+12,  5.42213E+11,  3.37307E+14,  1.61371E+02,  1.61139E+14,  8.65054E+02,  5.06536E+09,  8.93419E+12,  1.17000E+08,  0.00000E+00,  0.00000E+00,  0.00000E+00,  0.00000E+00,  0.00000E+00
  6.60000E-03,2,  2.58352E-02,  0.00000E+00,  0.00000E+00,  2.44504E+18,  5.65427E+14,  1.38974E+11,  3.44708E+07,  8.68294E+03,  1.83079E+01,  9.68658E+01,  1.56741E-02,  1.37472E-05,  3.09979E+06,  2.74978E+03,  1.25687E-06,  2.94444E-05,  1.12575E+14,  2.67145E-02,  2.00333E+04,  5.03234E+00,  1.75208E+00,  2.14908E+05,  1.24116E+07,  2.20026E+19,  3.36790E+12,  1.31961E+12,  1.07635E+12,  6.97359E+11,  1.24619E+11,  4.95886E+12,  3.83587E+06,  1.60487E+00,  1.92297E+16,  0.00000E+00,  7.83042E+14,  5.66348E-17,  0.00000E+00,  5.25901E+11,  4.54471E+11,  3.38567E+14,  1.93214E+00,  1.60478E+14,  1.03576E+01,  2.74747E+05,  8.89363E+12,  1.17000E+08,  0.00000E+00,  0.00000E+00,  0.00000E+00,  0.00000E+00,  0.00000E+00
  6.65000E-03,1,  3.49960E+00,  1.40000E+02,  2.54766E-08,  2.44458E+18,  1.02028E+15,  4.63803E+11,  1.81780E+09,  8.10259E+08,  3.08368E+08,  1.46545E+08,  3.36115E+07,  9.70842E+06,  3.74830E+11,  4.26378E+08,  2.78839E+08,  5.10263E+09,  1.13419E+14,  3.27703E+03,  2.43923E+09,  4.27096E+02,  6.67226E+05,  3.11080E+05,  1.79314E+07,  2.20023E+19,  3.62621E+13,  1.42084E+13,  1.15895E+13,  7.50844E+12,  1.12542E+12,  2.30169E+13,  7.80883E+08,  1.51684E+03,  1.95115E+16,  5.42187E+06,  7.94872E+14,  2.01528E+09,  5.88155E-01,  5.10370E+12,  5.41721E+11,  3.40086E+14,  1.63983E+02,  1.63252E+14,  8.79058E+02,  5.03851E+09,  9.06369E+12,  1.17000E+08,  0.00000E+00,  0.00000E+00,  0.00000E+00,  0.00000E+00,  0.00000E+00
  6.70000E-03,2,  2.58352E-02,  0.00000E+00,  0.00000E+00,  2.44504E+18,  5.62218E+14,  1.37405E+11,  3.38911E+07,  8.50231E+03,  1.87632E+01,  9.99663E+01,  1.60840E-02,  1.40328E-05,  3.15882E+06,  2.83778E+03,  1.30514E-06,  3.05766E-05,  1.14359E+14,  2.80939E-02,  2.07391E+04,  5.10510E+00,  1.74309E+00,  2.13404E+05,  1.23442E+07,  2.20024E+19,  3.11009E+12,  1.21859E+12,  9.93958E+11,  6.43976E+11,  1.15302E+11,  4.90520E+12,  3.75354E+06,  1.55370E+00,  1.94892E+16,  0.00000E+00,  7.94833E+14,  9.09070E-14,  0.00000E+00,  4.87122E+11,  4.53640E+11,  3.41333E+14,  1.96008E+00,  1.62574E+14,  1.05073E+01,  2.75136E+05,  9.02182E+12,  1.17000E+08,  0.00000E+00,  0.00000E+00,  0.00000E+00,  0.00000E+00,  0.00000E+00
  6.75000E-03,1,  3.49960E+00,  1.40000E+02,  2.54766E-08,  2.44458E+18,  1.01928E+15,  4.62925E+11,  1.81720E+09,  8.10262E+08,  3.08369E+08,  1.46546E+08,  3.36117E+07,  9.70847E+06,  3.70192E+11,  4.26378E+08,  2.78838E+08,  5.10261E+09,  1.15194E+14,  3.33857E+03,  2.44674E+09,  4.33782E+02,  6.67230E+05,  3.11207E+05,  1.79314E+07,  2.20022E+19,  3.58322E+13,  1.40399E+13,  1.14521E+13,  7.41943E+12,  1.11128E+12,  2.29875E+13,  7.80672E+08,  1.51450E+03,  1.97705E+16,  5.42184E+06,  8.06662E+14,  2.00474E+09,  5.72464E-01,  5.05725E+12,  5.41112E+11,  3.42836E+14,  1.66550E+02,  1.65348E+14,  8.92818E+02,  5.01244E+09,  9.19240E+12,  1.17000E+08,  0.00000E+00,  0.00000E+00,  0.00000E+00,  0.00000E+00,  0.00000E+00
  6.80000E-03,2,  2.58352E-02,  0.00000E+00,  0.00000E+00,  2.44504E+18,  5.61384E+14,  1.36988E+11,  3.37299E+07,  8.45294E+03,  1.92591E+01,  1.03070E+02,  1.65589E-02,  1.44264E-05,  3.21665E+06,  2.92586E+03,  1.35331E-06,  3.17067E-05,  1.16117E+14,  2.94998E-02,  2.14441E+04,  5.18173E+00,  1.74099E+00,  2.12128E+05,  1.23265E+07,  2.20023E+19,  2.94070E+12,  1.15223E+12,  9.39824E+11,  6.08903E+11,  1.09081E+11,  4.89090E+12,  3.72881E+06,  1.53367E+00,  1.97476E+16,  0.00000E+00,  8.06621E+14,  0.00000E+00,  0.00000E+00,  4.61843E+11,  4.53150E+11,  3.44066E+14,  1.98950E+00,  1.64661E+14,  1.06650E+01,  2.75573E+05,  9.14972E+12,  1.17000E+08,  0.00000E+00,  0.00000E+00,  0.00000E+00,  0.00000E+00,  0.00000E+00
  6.85000E-03,1,  3.49960E+00,  1.40000E+02,  2.54766E-08,  2.44457E+18,  1.01902E+15,  4.62696E+11,  1.81705E+09,  8.10264E+08,  3.08370E+08,  1.46547E+08,  3.36119E+07,  9.70852E+06,  3.65689E+11,  4.26379E+08,  2.78837E+08,  5.10260E+09,  1.16950E+14,  3.39925E+03,  2.45381E+09,  4.40397E+02,  6.67233E+05,  3.11481E+05,  1.79313E+07,  2.20020E+19,  3.54240E+13,  1.38800E+13,  1.13216E+13,  7.33490E+12,  1.09792E+12,  2.29797E+13,  7.80617E+08,  1.51388E+03,  2.00282E+16,  5.42182E+06,  8.18449E+14,  1.99452E+09,  5.57621E-01,  5.01274E+12,  5.40567E+11,  3.45556E+14,  1.69090E+02,  1.67434E+14,  9.06430E+02,  4.98715E+09,  9.32082E+12,  1.17000E+08,  0.00000E+00,  0.00000E+00,  0.00000E+00,  0.00000E+00,  0.00000E+00
  6.90000E-03,2,  2.58352E-02,  0.00000E+00,  0.00000E+00,  2.44503E+18,  5.62408E+14,  1.37497E+11,  3.39243E+07,  8.52692E+03,  1.98012E+01,  1.06186E+02,  1.70906E-02,  1.49161E-05,  3.27365E+06,  3.01432E+03,  1.40162E-06,  3.28400E-05,  1.17855E+14,  3.09238E-02,  2.21509E+04,  5.25990E+00,  1.74212E+00,  2.11374E+05,  1.23316E+07,  2.20021E+19,  2.85174E+12,  1.11737E+12,  9.11393E+11,  5.90482E+11,  1.05507E+11,  4.90829E+12,  3.75802E+06,  1.55608E+00,  2.00048E+16,  0.00000E+00,  8.18408E+14,  5.62524E-21,  0.00000E+00,  4.48888E+11,  4.52932E+11,  3.46766E+14,  2.01951E+00,  1.66740E+14,  1.08259E+01,  2.76029E+05,  9.27758E+12,  1.17000E+08,  0.00000E+00,  0.00000E+00,  0.00000E+00,  0.00000E+00,  0.00000E+00
  6.95000E-03,1,  3.49960E+00,  1.40000E+02,  2.54766E-08,  2.44457E+18,  1.01933E+15,  4.62967E+11,  1.81723E+09,  8.10267E+08,  3.08372E+08,  1.46547E+08,  3.36120E+07,  9.70856E+06,  3.61315E+11,  4.26379E+08,  2.78836E+08,  5.10258E+09,  1.18692E+14,  3.45936E+03,  2.46053E+09,  4.46961E+02,  6.67236E+05,  3.12104E+05,  1.79313E+07,  2.20019E+19,  3.50368E+13,  1.37283E+13,  1.11979E+13,  7.25474E+12,  1.08528E+12,  2.29886E+13,  7.80680E+08,  1.51460E+03,  2.02848E+16,  5.42180E+06,  8.30234E+14,  1.98461E+09,  5.43556E-01,  4.97044E+12,  5.40076E+11,  3.48245E+14,  1.71610E+02,  1.69513E+14,  9.19939E+02,  4.96261E+09,  9.44919E+12,  1.17000E+08,  0.00000E+00,  0.00000E+00,  0.00000E+00,  0.00000E+00,  0.00000E+00
  7.00000E-03,2,  2.58352E-02,  0.00000E+00,  0.00000E+00,  2.44503E+18,  5.61637E+14,  1.37113E+11,  3.37766E+07,  8.48285E+03,  2.03049E+01,  1.09324E+02,  1.75717E-02,  1.53155E-05,  3.33014E+06,  3.10339E+03,  1.45039E-06,  3.39833E-05,  1.19580E+14,  3.23880E-02,  2.28637E+04,  5.33448E+00,  1.73939E+00,  2.10378E+05,  1.23092E+07,  2.20020E+19,  2.68507E+12,  1.05206E+12,  8.58126E+11,  5.55972E+11,  9.94750E+10,  4.89512E+12,  3.73557E+06,  1.53830E+00,  2.02608E+16,  0.00000E+00,  8.30192E+14,  1.74103E-05,  0.00000E+00,  4.23699E+11,  4.52428E+11,  3.49440E+14,  2.04814E+00,  1.68809E+14,  1.09794E+01,  2.76438E+05,  9.40511E+12,  1.17000E+08,  0.00000E+00,  0.00000E+00,  0.00000E+00,  0.00000E+00,  0.00000E+00
  7.05000E-03,1,  3.49960E+00,  1.40000E+02,  2.54766E-08,  2.44457E+18,  1.01910E+15,  4.62764E+11,  1.81710E+09,  8.10269E+08,  3.08373E+08,  1.46548E+08,  3.36122E+07,  9.70861E+06,  3.57064E+11,  4.26379E+08,  2.78835E+08,  5.10257E+09,  1.20416E+14,  3.51876E+03,  2.46695E+09,  4.53456E+02,  6.67240E+05,  3.12551E+05,  1.79312E+07,  2.20017E+19,  3.46433E+13,  1.35741E+13,  1.10721E+13,  7.17325E+12,  1.07249E+12,  2.29818E+13,  7.80630E+08,  1.51404E+03,  2.05402E+16,  5.42177E+06,  8.42017E+14,  1.97498E+09,  5.29807E-01,  4.92591E+12,  5.39529E+11,  3.50906E+14,  1.74104E+02,  1.71582E+14,  9.33306E+02,  4.93882E+09,  9.57723E+12,  1.17000E+08,  0.00000E+00,  0.00000E+00,  0.00000E+00,  0.00000E+00,  0.00000E+00
  7.10000E-03,2,  2.58352E-02,  0.00000E+00,  0.00000E+00,  2.44502E+18,  5.63064E+14,  1.37820E+11,  3.40453E+07,  8.58155E+03,  2.08610E+01,  1.12474E+02,  1.81239E-02,  1.58326E-05,  3.38581E+06,  3.19279E+03,  1.49951E-06,  3.51291E-05,  1.21287E+14,  3.38743E-02,  2.35778E+04,  5.41200E+00,  1.74156E+00,  2.09903E+05,  1.23215E+07,  2.20018E+19,  2.61715E+12,  1.02545E+12,  8.36420E+11,  5.41908E+11,  9.66827E+10,  4.91935E+12,  3.77549E+06,  1.56783E+00,  2.05158E+16,  0.00000E+00,  8.41975E+14,  6.98576E-15,  0.00000E+00,  4.13794E+11,  4.52267E+11,  3.52082E+14,  2.07791E+00,  1.70873E+14,  1.11389E+01,  2.76882E+05,  9.53267E+12,  1.17000E+08,  0.00000E+00,  0.00000E+00,  0.00000E+00,  0.00000E+00,  0.00000E+00
  7.15000E-03,1,  3.49960E+00,  1.40000E+02,  2.54766E-08,  2.44456E+18,  1.01954E+15,  4.63148E+11,  1.81736E+09,  8.10272E+08,  3.08374E+08,  1.46549E+08,  3.36123E+07,  9.70866E+06,  3.52931E+11,  4.26379E+08,  2.78834E+08,  5.10256E+09,  1.22128E+14,  3.57757E+03,  2.47302E+09,  4.59906E+02,  6.67243E+05,  3.13342E+05,  1.79312E+07,  2.20016E+19,  3.42814E+13,  1.34323E+13,  1.09565E+13,  7.09832E+12,  1.06070E+12,  2.29945E+13,  7.80722E+08,  1.51508E+03,  2.07945E+16,  5.42175E+06,  8.53798E+14,  1.96564E+09,  5.16920E-01,  4.88542E+12,  5.39061E+11,  3.53538E+14,  1.76580E+02,  1.73646E+14,  9.46579E+02,  4.91569E+09,  9.70529E+12,  1.17000E+08,  0.00000E+00,  0.00000E+00,  0.00000E+00,  0.00000E+00,  0.00000E+00
  7.20000E-03,2,  2.58352E-02,  0.00000E+00,  0.00000E+00,  2.44502E+18,  5.64019E+14,  1.38286E+11,  3.42171E+07,  8.64397E+03,  2.14064E+01,  1.15649E+02,  1.86671E-02,  1.63351E-05,  3.44111E+06,  3.28289E+03,  1.54897E-06,  3.62860E-05,  1.22983E+14,  3.53974E-02,  2.42982E+04,  5.48800E+00,  1.74238E+00,  2.09499E+05,  1.23242E+07,  2.20017E+19,  2.52277E+12,  9.88472E+11,  8.06257E+11,  5.22366E+11,  9.30938E+10,  4.93516E+12,  3.79957E+06,  1.58259E+00,  2.07696E+16,  0.00000E+00,  8.53755E+14,  0.00000E+00,  0.00000E+00,  3.99681E+11,  4.52014E+11,  3.54697E+14,  2.10708E+00,  1.72930E+14,  1.12953E+01,  2.77307E+05,  9.66016E+12,  1.17000E+08,  0.00000E+00,  0.00000E+00,  0.00000E+00,  0.00000E+00,  0.00000E+00
  7.25000E-03,1,  3.49960E+00,  1.40000E+02,  2.54766E-08,  2.44456E+18,  1.01983E+15,  4.63410E+11,  1.81755E+09,  8.10275E+08,  3.08375E+08,  1.46549E+08,  3.36125E+07,  9.70871E+06,  3.48910E+11,  4.26380E+08,  2.78833E+08,  5.10254E+09,  1.23828E+14,  3.63595E+03,  2.47887E+09,  4.66309E+02,  6.67246E+05,  3.14169E+05,  1.79311E+07,  2.20014E+19,  3.39196E+13,  1.32905E+13,  1.08408E+13,  7.02341E+12,  1.04896E+12,  2.30031E+13,  7.80785E+08,  1.51578E+03,  2.10477E+16,  5.42173E+06,  8.65576E+14,  1.95657E+09,  5.04405E-01,  4.84409E+12,  5.38574E+11,  3.56143E+14,  1.79039E+02,  1.75703E+14,  9.59757E+02,  4.89323E+09,  9.83329E+12,  1.17000E+08,  0.00000E+00,  0.00000E+00,  0.00000E+00,  0.00000E+00,  0.00000E+00
  7.30000E-03,2,  2.58352E-02,  0.00000E+00,  0.00000E+00,  2.44502E+18,  5.62407E+14,  1.37500E+11,  3.39268E+07,  8.55728E+03,  2.19049E+01,  1.18827E+02,  1.91253E-02,  1.66903E-05,  3.49548E+06,  3.37309E+03,  1.59814E-06,  3.74418E-05,  1.24657E+14,  3.69434E-02,  2.50188E+04,  5.55831E+00,  1.73728E+00,  2.08360E+05,  1.22850E+07,  2.20015E+19,  2.37374E+12,  9.30077E+11,  7.58626E+11,  4.91506E+11,  8.76498E+10,  4.90832E+12,  3.75869E+06,  1.55680E+00,  2.10220E+16,  0.00000E+00,  8.65533E+14,  3.66138E-14,  0.00000E+00,  3.76841E+11,  4.51487E+11,  3.57289E+14,  2.13408E+00,  1.74974E+14,  1.14400E+01,  2.77662E+05,  9.78711E+12,  1.17000E+08,  0.00000E+00,  0.00000E+00,  0.00000E+00,  0.00000E+00,  0.00000E+00
  7.35000E-03,1,  3.49960E+00,  1.40000E+02,  2.54766E-08,  2.44455E+18,  1.01933E+15,  4.62969E+11,  1.81725E+09,  8.10277E+08,  3.08377E+08,  1.46550E+08,  3.36127E+07,  9.70876E+06,  3.45002E+11,  4.26380E+08,  2.78832E+08,  5.10253E+09,  1.25502E+14,  3.69314E+03,  2.48427E+09,  4.72618E+02,  6.67250E+05,  3.14492E+05,  1.79311E+07,  2.20013E+19,  3.35654E+13,  1.31517E+13,  1.07276E+13,  6.95006E+12,  1.03744E+12,  2.29883E+13,  7.80679E+08,  1.51461E+03,  2.12996E+16,  5.42171E+06,  8.77353E+14,  1.94773E+09,  4.92331E-01,  4.80266E+12,  5.38052E+11,  3.58722E+14,  1.81461E+02,  1.77746E+14,  9.72740E+02,  4.87139E+09,  9.96073E+12,  1.17000E+08,  0.00000E+00,  0.00000E+00,  0.00000E+00,  0.00000E+00,  0.00000E+00
  7.40000E-03,2,  2.58352E-02,  0.00000E+00,  0.00000E+00,  2.44501E+18,  5.63985E+14,  1.38271E+11,  3.42116E+07,  8.65691E+03,  2.24660E+01,  1.22019E+02,  1.96943E-02,  1.72319E-05,  3.54920E+06,  3.46370E+03,  1.64765E-06,  3.86015E-05,  1.26316E+14,  3.85169E-02,  2.57417E+04,  5.63451E+00,  1.74036E+00,  2.07974E+05,  1.23039E+07,  2.20014E+19,  2.31112E+12,  9.05542E+11,  7.38614E+11,  4.78541E+11,  8.51981E+10,  4.93469E+12,  3.79905E+06,  1.58207E+00,  2.12735E+16,  0.00000E+00,  8.77309E+14,  3.82527E-16,  0.00000E+00,  3.67523E+11,  4.51341E+11,  3.59851E+14,  2.16334E+00,  1.77014E+14,  1.15968E+01,  2.78087E+05,  9.91417E+12,  1.17000E+08,  0.00000E+00,  0.00000E+00,  0.00000E+00,  0.00000E+00,  0.00000E+00
  7.45000E-03,1,  3.49960E+00,  1.40000E+02,  2.54766E-08,  2.44455E+18,  1.01982E+15,  4.63402E+11,  1.81755E+09,  8.10280E+08,  3.08378E+08,  1.46551E+08,  3.36128E+07,  9.70880E+06,  3.41197E+11,  4.26381E+08,  2.78831E+08,  5.10252E+09,  1.27168E+14,  3.75002E+03,  2.48948E+09,  4.78895E+02,  6.67253E+05,  3.15307E+05,  1.79310E+07,  2.20011E+19,  3.32255E+13,  1.30186E+13,  1.06190E+13,  6.87969E+12,  1.02645E+12,  2.30026E+13,  7.80782E+08,  1.51576E+03,  2.15504E+16,  5.42169E+06,  8.89127E+14,  1.93914E+09,  4.80819E-01,  4.76287E+12,  5.37590E+11,  3.61275E+14,  1.83871E+02,  1.79785E+14,  9.85657E+02,  4.85015E+09,  1.00883E+13,  1.17000E+08,  0.00000E+00,  0.00000E+00,  0.00000E+00,  0.00000E+00,  0.00000E+00
  7.50000E-03,2,  2.58352E-02,  0.00000E+00,  0.00000E+00,  2.44501E+18,  5.62509E+14,  1.37543E+11,  3.39382E+07,  8.57326E+03,  2.29678E+01,  1.25219E+02,  2.01580E-02,  1.75960E-05,  3.60218E+06,  3.55451E+03,  1.69716E-06,  3.97625E-05,  1.27958E+14,  4.01154E-02,  2.64660E+04,  5.70355E+00,  1.73566E+00,  2.06895E+05,  1.22677E+07,  2.20012E+19,  2.16676E+12,  8.48979E+11,  6.92477E+11,  4.48649E+11,  8.00073E+10,  4.90972E+12,  3.75905E+06,  1.55463E+00,  2.15235E+16,  0.00000E+00,  8.89083E+14,  0.00000E+00,  0.00000E+00,  3.45223E+11,  4.50821E+11,  3.62393E+14,  2.18984E+00,  1.79040E+14,  1.17389E+01,  2.78426E+05,  1.00407E+13,  1.17000E+08,  0.00000E+00,  0.00000E+00,  0.00000E+00,  0.00000E+00,  0.00000E+00
  7.55000E-03,1,  3.49960E+00,  1.40000E+02,  2.54766E-08,  2.44454E+18,  1.01936E+15,  4.62998E+11,  1.81727E+09,  8.10282E+08,  3.08379E+08,  1.46551E+08,  3.36130E+07,  9.70885E+06,  3.37495E+11,  4.26381E+08,  2.78830E+08,  5.10251E+09,  1.28810E+14,  3.80574E+03,  2.49426E+09,  4.85081E+02,  6.67256E+05,  3.15652E+05,  1.79310E+07,  2.20010E+19,  3.28909E+13,  1.28874E+13,  1.05121E+13,  6.81039E+12,  1.01560E+12,  2.29890E+13,  7.80685E+08,  1.51469E+03,  2.17998E+16,  5.42166E+06,  9.00899E+14,  1.93077E+09,  4.69670E-01,  4.72276E+12,  5.37081E+11,  3.63804E+14,  1.86246E+02,  1.81812E+14,  9.98387E+02,  4.82944E+09,  1.02153E+13,  1.17000E+08,  0.00000E+00,  0.00000E+00,  0.00000E+00,  0.00000E+00,  0.00000E+00
  7.60000E-03,2,  2.58352E-02,  0.00000E+00,  0.00000E+00,  2.44500E+18,  5.65686E+14,  1.39106E+11,  3.45212E+07,  8.77255E+03,  2.35667E+01,  1.28437E+02,  2.07928E-02,  1.82450E-05,  3.65465E+06,  3.64584E+03,  1.74699E-06,  4.09293E-05,  1.29588E+14,  4.17429E-02,  2.71935E+04,  5.78134E+00,  1.74220E+00,  2.07019E+05,  1.23111E+07,  2.20011E+19,  2.16266E+12,  8.47371E+11,  6.91167E+11,  4.47800E+11,  7.95185E+10,  4.96314E+12,  3.84305E+06,  1.60976E+00,  2.17727E+16,  8.13727-231,  9.00855E+14,  8.27485E-29,  0.00000E+00,  3.45004E+11,  4.50886E+11,  3.64903E+14,  2.21971E+00,  1.81067E+14,  1.18990E+01,  2.78868E+05,  1.01677E+13,  1.17000E+08,  0.00000E+00,  0.00000E+00,  0.00000E+00,  0.00000E+00,  0.00000E+00
  7.65000E-03,1,  3.49960E+00,  1.40000E+02,  2.54766E-08,  2.44454E+18,  1.02034E+15,  4.63867E+11,  1.81787E+09,  8.10285E+08,  3.08380E+08,  1.46552E+08,  3.36132E+07,  9.70889E+06,  3.33887E+11,  4.26382E+08,  2.78829E+08,  5.10249E+09,  1.30451E+14,  3.86159E+03,  2.49903E+09,  4.91263E+02,  6.67259E+05,  3.16779E+05,  1.79309E+07,  2.20009E+19,  3.25713E+13,  1.27622E+13,  1.04099E+13,  6.74422E+12,  1.00531E+12,  2.30179E+13,  7.80893E+08,  1.51701E+03,  2.20483E+16,  5.42164E+06,  9.12669E+14,  1.92264E+09,  4.59060E-01,  4.68476E+12,  5.36656E+11,  3.66307E+14,  1.88619E+02,  1.83838E+14,  1.01111E+03,  4.80932E+09,  1.03428E+13,  1.17000E+08,  0.00000E+00,  0.00000E+00,  0.00000E+00,  0.00000E+00,  0.00000E+00
  7.70000E-03,2,  2.58352E-02,  0.00000E+00,  0.00000E+00,  2.44500E+18,  5.65704E+14,  1.39112E+11,  3.45230E+07,  8.78049E+03,  2.41052E+01,  1.31672E+02,  2.13172E-02,  1.87026E-05,  3.70670E+06,  3.73765E+03,  1.79703E-06,  4.21035E-05,  1.31205E+14,  4.34018E-02,  2.79255E+04,  5.85154E+00,  1.74028E+00,  2.06529E+05,  1.22943E+07,  2.20009E+19,  2.07089E+12,  8.11416E+11,  6.61840E+11,  4.28799E+11,  7.61071E+10,  4.96338E+12,  3.84310E+06,  1.60987E+00,  2.20205E+16,  0.00000E+00,  9.12624E+14,  0.00000E+00,  0.00000E+00,  3.30885E+11,  4.50563E+11,  3.67393E+14,  2.24666E+00,  1.83084E+14,  1.20434E+01,  2.79220E+05,  1.02943E+13,  1.17000E+08,  0.00000E+00,  0.00000E+00,  0.00000E+00,  0.00000E+00,  0.00000E+00
  7.75000E-03,1,  3.49960E+00,  1.40000E+02,  2.54766E-08,  2.44453E+18,  1.02032E+15,  4.63850E+11,  1.81787E+09,  8.10288E+08,  3.08382E+08,  1.46553E+08,  3.36133E+07,  9.70894E+06,  3.30371E+11,  4.26383E+08,  2.78828E+08,  5.10248E+09,  1.32071E+14,  3.91658E+03,  2.50352E+09,  4.97368E+02,  6.67262E+05,  3.17494E+05,  1.79309E+07,  2.20007E+19,  3.22717E+13,  1.26448E+13,  1.03142E+13,  6.68219E+12,  9.95524E+11,  2.30171E+13,  7.80893E+08,  1.51698E+03,  2.22955E+16,  5.42162E+06,  9.24437E+14,  1.91471E+09,  4.48948E-01,  4.64902E+12,  5.36210E+11,  3.68785E+14,  1.90963E+02,  1.85855E+14,  1.02367E+03,  4.78962E+09,  1.04699E+13,  1.17000E+08,  0.00000E+00,  0.00000E+00,  0.00000E+00,  0.00000E+00,  0.00000E+00
  7.80000E-03,2,  2.58352E-02,  0.00000E+00,  0.00000E+00,  2.44499E+18,  5.62918E+14,  1.37751E+11,  3.40203E+07,  8.62525E+03,  2.45890E+01,  1.34894E+02,  2.17314E-02,  1.89837E-05,  3.75755E+06,  3.82910E+03,  1.84680E-06,  4.32666E-05,  1.32797E+14,  4.50723E-02,  2.86527E+04,  5.91606E+00,  1.73305E+00,  2.05062E+05,  1.22405E+07,  2.20008E+19,  1.92380E+12,  7.53782E+11,  6.14829E+11,  3.98342E+11,  7.08419E+10,  4.91680E+12,  3.77178E+06,  1.56590E+00,  2.22669E+16,  0.00000E+00,  9.24391E+14,  3.43239E-13,  0.00000E+00,  3.07899E+11,  4.49964E+11,  3.69863E+14,  2.27143E+00,  1.85085E+14,  1.21762E+01,  2.79505E+05,  1.04202E+13,  1.17000E+08,  0.00000E+00,  0.00000E+00,  0.00000E+00,  0.00000E+00,  0.00000E+00
  7.85000E-03,1,  3.49960E+00,  1.40000E+02,  2.54766E-08,  2.44453E+18,  1.01948E+15,  4.63105E+11,  1.81736E+09,  8.10290E+08,  3.08383E+08,  1.46553E+08,  3.36135E+07,  9.70899E+06,  3.26954E+11,  4.26383E+08,  2.78827E+08,  5.10247E+09,  1.33664E+14,  3.96983E+03,  2.50730E+09,  5.03370E+02,  6.67266E+05,  3.17557E+05,  1.79308E+07,  2.20006E+19,  3.19501E+13,  1.25188E+13,  1.02114E+13,  6.61559E+12,  9.85201E+11,  2.29922E+13,  7.80710E+08,  1.51498E+03,  2.25413E+16,  5.42160E+06,  9.36203E+14,  1.90696E+09,  4.38848E-01,  4.60867E+12,  5.35690E+11,  3.71244E+14,  1.93267E+02,  1.87856E+14,  1.03603E+03,  4.77041E+09,  1.05963E+13,  1.17000E+08,  0.00000E+00,  0.00000E+00,  0.00000E+00,  0.00000E+00,  0.00000E+00
  7.90000E-03,2,  2.58352E-02,  0.00000E+00,  0.00000E+00,  2.44499E+18,  5.63629E+14,  1.38098E+11,  3.41478E+07,  8.67339E+03,  2.51381E+01,  1.38118E+02,  2.22788E-02,  1.94832E-05,  3.80755E+06,  3.92059E+03,  1.89625E-06,  4.44258E-05,  1.34370E+14,  4.67611E-02,  2.93782E+04,  5.98704E+00,  1.73437E+00,  2.04361E+05,  1.22475E+07,  2.20007E+19,  1.86388E+12,  7.30303E+11,  5.95679E+11,  3.85934E+11,  6.85720E+10,  4.92860E+12,  3.78980E+06,  1.57640E+00,  2.25122E+16,  0.00000E+00,  9.36156E+14,  1.40837E-16,  0.00000E+00,  2.98673E+11,  4.49759E+11,  3.72308E+14,  2.29868E+00,  1.87081E+14,  1.23223E+01,  2.79865E+05,  1.05461E+13,  1.17000E+08,  0.00000E+00,  0.00000E+00,  0.00000E+00,  0.00000E+00,  0.00000E+00
  7.95000E-03,1,  3.49960E+00,  1.40000E+02,  2.54766E-08,  2.44453E+18,  1.01968E+15,  4.63286E+11,  1.81749E+09,  8.10293E+08,  3.08384E+08,  1.46554E+08,  3.36136E+07,  9.70904E+06,  3.23620E+11,  4.26384E+08,  2.78826E+08,  5.10246E+09,  1.35244E+14,  4.02302E+03,  2.51122E+09,  5.09321E+02,  6.67269E+05,  3.18108E+05,  1.79308E+07,  2.20004E+19,  3.16647E+13,  1.24070E+13,  1.01202E+13,  6.55650E+12,  9.75943E+11,  2.29981E+13,  7.80757E+08,  1.51548E+03,  2.27859E+16,  5.42158E+06,  9.47966E+14,  1.89941E+09,  4.29467E-01,  4.57346E+12,  5.35258E+11,  3.73680E+14,  1.95552E+02,  1.89851E+14,  1.04827E+03,  4.75179E+09,  1.07226E+13,  1.17000E+08,  0.00000E+00,  0.00000E+00,  0.00000E+00,  0.00000E+00,  0.00000E+00
  8.00000E-03,2,  2.58352E-02,  0.00000E+00,  0.00000E+00,  2.44499E+18,  5.62998E+14,  1.37790E+11,  3.40349E+07,  8.64461E+03,  2.56631E+01,  1.41343E+02,  2.27735E-02,  1.98953E-05,  3.85677E+06,  4.01211E+03,  1.94559E-06,  4.55820E-05,  1.35925E+14,  4.84693E-02,  3.01029E+04,  6.05376E+00,  1.73173E+00,  2.03437E+05,  1.22263E+07,  2.20005E+19,  1.77662E+12,  6.96114E+11,  5.67792E+11,  3.67867E+11,  6.53666E+10,  4.91805E+12,  3.77371E+06,  1.56671E+00,  2.27561E+16,  0.00000E+00,  9.47919E+14,  3.85330E-13,  0.00000E+00,  2.85054E+11,  4.49406E+11,  3.74733E+14,  2.32430E+00,  1.89066E+14,  1.24596E+01,  2.80176E+05,  1.06716E+13,  1.17000E+08,  0.00000E+00,  0.00000E+00,  0.00000E+00,  0.00000E+00,  0.00000E+00
  8.05000E-03,1,  3.49960E+00,  1.40000E+02,  2.54766E-08,  2.44452E+18,  1.01950E+15,  4.63128E+11,  1.81738E+09,  8.10295E+08,  3.08385E+08,  1.46555E+08,  3.36138E+07,  9.70908E+06,  3.20373E+11,  4.26385E+08,  2.78825E+08,  5.10245E+09,  1.36805E+14,  4.07490E+03,  2.51457E+09,  5.15205E+02,  6.67272E+05,  3.18505E+05,  1.79307E+07,  2.20003E+19,  3.13639E+13,  1.22892E+13,  1.00240E+13,  6.49422E+12,  9.66325E+11,  2.29928E+13,  7.80715E+08,  1.51505E+03,  2.30292E+16,  5.42156E+06,  9.59727E+14,  1.89204E+09,  4.20155E-01,  4.53513E+12,  5.34780E+11,  3.76094E+14,  1.97811E+02,  1.91836E+14,  1.06038E+03,  4.73352E+09,  1.08486E+13,  1.17000E+08,  0.00000E+00,  0.00000E+00,  0.00000E+00,  0.00000E+00,  0.00000E+00
  8.10000E-03,2,  2.58352E-02,  0.00000E+00,  0.00000E+00,  2.44498E+18,  5.61940E+14,  1.37268E+11,  3.38375E+07,  8.58556E+03,  2.61761E+01,  1.44563E+02,  2.32487E-02,  2.02740E-05,  3.90511E+06,  4.10350E+03,  1.99474E-06,  4.67317E-05,  1.37461E+14,  5.01927E-02,  3.08250E+04,  6.11911E+00,  1.72858E+00,  2.02357E+05,  1.22017E+07,  2.20004E+19,  1.67780E+12,  6.57396E+11,  5.36211E+11,  3.47406E+11,  6.18199E+10,  4.90015E+12,  3.74477E+06,  1.54613E+00,  2.29987E+16,  0.00000E+00,  9.59679E+14,  0.00000E+00,  0.00000E+00,  2.69550E+11,  4.48999E+11,  3.77137E+14,  2.34939E+00,  1.91040E+14,  1.25940E+01,  2.80471E+05,  1.07967E+13,  1.17000E+08,  0.00000E+00,  0.00000E+00,  0.00000E+00,  0.00000E+00,  0.00000E+00
  8.15000E-03,1,  3.49960E+00,  1.40000E+02,  2.54766E-08,  2.44452E+18,  1.01916E+15,  4.62829E+11,  1.81719E+09,  8.10298E+08,  3.08387E+08,  1.46555E+08,  3.36140E+07,  9.70913E+06,  3.17207E+11,  4.26386E+08,  2.78824E+08,  5.10244E+09,  1.38344E+14,  4.12613E+03,  2.51786E+09,  5.21003E+02,  6.67275E+05,  3.18791E+05,  1.79307E+07,  2.20001E+19,  3.10911E+13,  1.21823E+13,  9.93686E+12,  6.43774E+12,  9.57483E+11,  2.29826E+13,  7.80647E+08,  1.51426E+03,  2.32711E+16,  5.42153E+06,  9.71486E+14,  1.88484E+09,  4.11405E-01,  4.50042E+12,  5.34331E+11,  3.78488E+14,  2.00037E+02,  1.93810E+14,  1.07231E+03,  4.71574E+09,  1.09742E+13,  1.17000E+08,  0.00000E+00,  0.00000E+00,  0.00000E+00,  0.00000E+00,  0.00000E+00
  8.20000E-03,2,  2.58352E-02,  0.00000E+00,  0.00000E+00,  2.44498E+18,  5.62798E+14,  1.37693E+11,  3.39984E+07,  8.64724E+03,  2.67308E+01,  1.47784E+02,  2.38031E-02,  2.07879E-05,  3.95270E+06,  4.19492E+03,  2.04357E-06,  4.78778E-05,  1.38980E+14,  5.19337E-02,  3.15457E+04,  6.18744E+00,  1.72969E+00,  2.01813E+05,  1.22071E+07,  2.20002E+19,  1.64051E+12,  6.42784E+11,  5.24293E+11,  3.39684E+11,  6.03087E+10,  4.91473E+12,  3.76859E+06,  1.56316E+00,  2.32402E+16,  0.00000E+00,  9.71438E+14,  2.49066E-29,  0.00000E+00,  2.63777E+11,  4.48840E+11,  3.79519E+14,  2.37562E+00,  1.93008E+14,  1.27347E+01,  2.80800E+05,  1.09218E+13,  1.17000E+08,  0.00000E+00,  0.00000E+00,  0.00000E+00,  0.00000E+00,  0.00000E+00
  8.25000E-03,1,  3.49960E+00,  1.40000E+02,  2.54766E-08,  2.44452E+18,  1.01944E+15,  4.63074E+11,  1.81735E+09,  8.10300E+08,  3.08388E+08,  1.46556E+08,  3.36141E+07,  9.70918E+06,  3.14119E+11,  4.26386E+08,  2.78824E+08,  5.10243E+09,  1.39873E+14,  4.17657E+03,  2.52078E+09,  5.26764E+02,  6.67278E+05,  3.19410E+05,  1.79306E+07,  2.20000E+19,  3.08098E+13,  1.20720E+13,  9.84694E+12,  6.37949E+12,  9.48508E+11,  2.29908E+13,  7.80702E+08,  1.51491E+03,  2.35119E+16,  5.42151E+06,  9.83243E+14,  1.87781E+09,  4.02801E-01,  4.46399E+12,  5.33887E+11,  3.80861E+14,  2.02249E+02,  1.95778E+14,  1.08417E+03,  4.69832E+09,  1.10997E+13,  1.17000E+08,  0.00000E+00,  0.00000E+00,  0.00000E+00,  0.00000E+00,  0.00000E+00
  8.30000E-03,2,  2.58352E-02,  0.00000E+00,  0.00000E+00,  2.44497E+18,  5.65276E+14,  1.38905E+11,  3.44465E+07,  8.80000E+03,  2.73186E+01,  1.51033E+02,  2.44336E-02,  2.14255E-05,  4.00027E+06,  4.28714E+03,  2.09294E-06,  4.90371E-05,  1.40495E+14,  5.37113E-02,  3.22735E+04,  6.25883E+00,  1.73439E+00,  2.01983E+05,  1.22376E+07,  2.20001E+19,  1.62021E+12,  6.34830E+11,  5.17805E+11,  3.35481E+11,  5.94370E+10,  4.95612E+12,  3.83218E+06,  1.60277E+00,  2.34806E+16,  0.00000E+00,  9.83194E+14,  1.11008E-23,  0.00000E+00,  2.60713E+11,  4.48791E+11,  3.81878E+14,  2.40303E+00,  1.94975E+14,  1.28816E+01,  2.81163E+05,  1.10471E+13,  1.17000E+08,  0.00000E+00,  0.00000E+00,  0.00000E+00,  0.00000E+00,  0.00000E+00
  8.35000E-03,1,  3.49960E+00,  1.40000E+02,  2.54766E-08,  2.44451E+18,  1.02019E+15,  4.63743E+11,  1.81781E+09,  8.10303E+08,  3.08389E+08,  1.46557E+08,  3.36143E+07,  9.70922E+06,  3.11103E+11,  4.26387E+08,  2.78823E+08,  5.10242E+09,  1.41398E+14,  4.22734E+03,  2.52390E+09,  5.32510E+02,  6.67281E+05,  3.20475E+05,  1.79306E+07,  2.19999E+19,  3.05504E+13,  1.19704E+13,  9.76402E+12,  6.32577E+12,  9.40153E+11,  2.30130E+13,  7.80863E+08,  1.51670E+03,  2.37516E+16,  5.42149E+06,  9.94998E+14,  1.87095E+09,  3.94659E-01,  4.43085E+12,  5.33487E+11,  3.83212E+14,  2.04455E+02,  1.97744E+14,  1.09599E+03,  4.68139E+09,  1.12255E+13,  1.17000E+08,  0.00000E+00,  0.00000E+00,  0.00000E+00,  0.00000E+00,  0.00000E+00
  8.40000E-03,2,  2.58352E-02,  0.00000E+00,  0.00000E+00,  2.44497E+18,  5.62790E+14,  1.37691E+11,  3.39987E+07,  8.66256E+03,  2.78096E+01,  1.54266E+02,  2.48468E-02,  2.16996E-05,  4.04675E+06,  4.37887E+03,  2.14194E-06,  5.01833E-05,  1.41986E+14,  5.54959E-02,  3.29956E+04,  6.31820E+00,  1.72699E+00,  2.00745E+05,  1.21826E+07,  2.19999E+19,  1.51073E+12,  5.91934E+11,  4.82816E+11,  3.12812E+11,  5.55149E+10,  4.91468E+12,  3.76875E+06,  1.56344E+00,  2.37194E+16,  0.00000E+00,  9.94948E+14,  1.33570E-13,  0.00000E+00,  2.43400E+11,  4.48277E+11,  3.84222E+14,  2.42582E+00,  1.96925E+14,  1.30037E+01,  2.81391E+05,  1.11716E+13,  1.17000E+08,  0.00000E+00,  0.00000E+00,  0.00000E+00,  0.00000E+00,  0.00000E+00
  8.45000E-03,1,  3.49960E+00,  1.40000E+02,  2.54766E-08,  2.44451E+18,  1.01944E+15,  4.63073E+11,  1.81736E+09,  8.10305E+08,  3.08390E+08,  1.46558E+08,  3.36144E+07,  9.70927E+06,  3.08165E+11,  4.26388E+08,  2.78822E+08,  5.10241E+09,  1.42893E+14,  4.27625E+03,  2.52639E+09,  5.38143E+02,  6.67285E+05,  3.20635E+05,  1.79306E+07,  2.19997E+19,  3.02811E+13,  1.18649E+13,  9.67797E+12,  6.27002E+12,  9.31533E+11,  2.29905E+13,  7.80701E+08,  1.51491E+03,  2.39898E+16,  5.42147E+06,  1.00675E+15,  1.86423E+09,  3.86598E-01,  4.39522E+12,  5.33016E+11,  3.85547E+14,  2.06618E+02,  1.99694E+14,  1.10758E+03,  4.66474E+09,  1.13505E+13,  1.17000E+08,  0.00000E+00,  0.00000E+00,  0.00000E+00,  0.00000E+00,  0.00000E+00
  8.50000E-03,2,  2.58352E-02,  0.00000E+00,  0.00000E+00,  2.44497E+18,  5.62859E+14,  1.37723E+11,  3.40099E+07,  8.67320E+03,  2.83471E+01,  1.57491E+02,  2.53694E-02,  2.21580E-05,  4.09235E+06,  4.47040E+03,  2.19054E-06,  5.13208E-05,  1.43458E+14,  5.72918E-02,  3.37137E+04,  6.38327E+00,  1.72677E+00,  1.99975E+05,  1.21789E+07,  2.19998E+19,  1.45965E+12,  5.71921E+11,  4.66493E+11,  3.02236E+11,  5.36030E+10,  4.91569E+12,  3.77019E+06,  1.56407E+00,  2.39570E+16,  0.00000E+00,  1.00670E+15,  1.58679E-13,  0.00000E+00,  2.35356E+11,  4.48042E+11,  3.86546E+14,  2.45080E+00,  1.98868E+14,  1.31376E+01,  2.81683E+05,  1.12959E+13,  1.17000E+08,  0.00000E+00,  0.00000E+00,  0.00000E+00,  0.00000E+00,  0.00000E+00
  8.55000E-03,1,  3.49960E+00,  1.40000E+02,  2.54766E-08,  2.44450E+18,  1.01946E+15,  4.63092E+11,  1.81737E+09,  8.10308E+08,  3.08391E+08,  1.46558E+08,  3.36146E+07,  9.70931E+06,  3.05296E+11,  4.26389E+08,  2.78821E+08,  5.10240E+09,  1.44373E+14,  4.32467E+03,  2.52880E+09,  5.43720E+02,  6.67288E+05,  3.21080E+05,  1.79305E+07,  2.19996E+19,  3.00284E+13,  1.17659E+13,  9.59721E+12,  6.21769E+12,  9.23432E+11,  2.29910E+13,  7.80705E+08,  1.51496E+03,  2.42267E+16,  5.42145E+06,  1.01850E+15,  1.85765E+09,  3.78933E-01,  4.36177E+12,  5.32592E+11,  3.87862E+14,  2.08759E+02,  2.01637E+14,  1.11906E+03,  4.64849E+09,  1.14753E+13,  1.17000E+08,  0.00000E+00,  0.00000E+00,  0.00000E+00,  0.00000E+00,  0.00000E+00
  8.60000E-03,2,  2.58352E-02,  0.00000E+00,  0.00000E+00,  2.44496E+18,  5.62021E+14,  1.37314E+11,  3.38594E+07,  8.63237E+03,  2.88672E+01,  1.60708E+02,  2.58492E-02,  2.25456E-05,  4.13713E+06,  4.56170E+03,  2.23873E-06,  5.24500E-05,  1.44912E+14,  5.90990E-02,  3.44283E+04,  6.44498E+00,  1.72385E+00,  1.99006E+05,  1.21561E+07,  2.19997E+19,  1.39210E+12,  5.45451E+11,  4.44902E+11,  2.88247E+11,  5.11292E+10,  4.90168E+12,  3.74876E+06,  1.55128E+00,  2.41932E+16,  0.00000E+00,  1.01845E+15,  1.80169E-09,  0.00000E+00,  2.24657E+11,  4.47710E+11,  3.88852E+14,  2.47450E+00,  2.00800E+14,  1.32646E+01,  2.81938E+05,  1.14199E+13,  1.17000E+08,  0.00000E+00,  0.00000E+00,  0.00000E+00,  0.00000E+00,  0.00000E+00
  8.65000E-03,1,  3.49960E+00,  1.40000E+02,  2.54766E-08,  2.44450E+18,  1.01920E+15,  4.62863E+11,  1.81722E+09,  8.10310E+08,  3.08393E+08,  1.46559E+08,  3.36147E+07,  9.70936E+06,  3.02497E+11,  4.26390E+08,  2.78820E+08,  5.10239E+09,  1.45833E+14,  4.37214E+03,  2.53096E+09,  5.49222E+02,  6.67291E+05,  3.21391E+05,  1.79305E+07,  2.19994E+19,  2.97819E+13,  1.16693E+13,  9.51841E+12,  6.16664E+12,  9.15526E+11,  2.29833E+13,  7.80650E+08,  1.51435E+03,  2.44623E+16,  5.42143E+06,  1.03025E+15,  1.85122E+09,  3.71522E-01,  4.32873E+12,  5.32161E+11,  3.90159E+14,  2.10871E+02,  2.03569E+14,  1.13038E+03,  4.63257E+09,  1.15997E+13,  1.17000E+08,  0.00000E+00,  0.00000E+00,  0.00000E+00,  0.00000E+00,  0.00000E+00
  8.70000E-03,2,  2.58352E-02,  0.00000E+00,  0.00000E+00,  2.44496E+18,  5.61849E+14,  1.37226E+11,  3.38228E+07,  8.62567E+03,  2.93962E+01,  1.63922E+02,  2.63582E-02,  2.29823E-05,  4.18121E+06,  4.65291E+03,  2.28684E-06,  5.35737E-05,  1.46349E+14,  6.09205E-02,  3.51407E+04,  6.50771E+00,  1.72282E+00,  1.98237E+05,  1.21468E+07,  2.19995E+19,  1.33128E+12,  5.21621E+11,  4.25465E+11,  2.75654E+11,  4.89419E+10,  4.89857E+12,  3.74269E+06,  1.54515E+00,  2.44282E+16,  0.00000E+00,  1.03020E+15,  0.00000E+00,  0.00000E+00,  2.15019E+11,  4.47426E+11,  3.91140E+14,  2.49858E+00,  2.02724E+14,  1.33937E+01,  2.82204E+05,  1.15436E+13,  1.17000E+08,  0.00000E+00,  0.00000E+00,  0.00000E+00,  0.00000E+00,  0.00000E+00
  8.75000E-03,1,  3.49960E+00,  1.40000E+02,  2.54766E-08,  2.44450E+18,  1.01913E+15,  4.62812E+11,  1.81719E+09,  8.10313E+08,  3.08394E+08,  1.46560E+08,  3.36149E+07,  9.70941E+06,  2.99763E+11,  4.26391E+08,  2.78820E+08,  5.10238E+09,  1.47277E+14,  4.41904E+03,  2.53301E+09,  5.54664E+02,  6.67294E+05,  3.21816E+05,  1.79305E+07,  2.19993E+19,  2.95468E+13,  1.15771E+13,  9.44326E+12,  6.11796E+12,  9.07968E+11,  2.29815E+13,  7.80641E+08,  1.51424E+03,  2.46966E+16,  5.42141E+06,  1.04199E+15,  1.84491E+09,  3.64418E-01,  4.29706E+12,  5.31748E+11,  3.92438E+14,  2.12961E+02,  2.05493E+14,  1.14158E+03,  4.61702E+09,  1.17239E+13,  1.17000E+08,  0.00000E+00,  0.00000E+00,  0.00000E+00,  0.00000E+00,  0.00000E+00
  8.80000E-03,2,  2.58352E-02,  0.00000E+00,  0.00000E+00,  2.44496E+18,  5.62552E+14,  1.37574E+11,  3.39548E+07,  8.67772E+03,  2.99465E+01,  1.67137E+02,  2.69087E-02,  2.34910E-05,  4.22470E+06,  4.74413E+03,  2.33443E-06,  5.46940E-05,  1.47773E+14,  6.27577E-02,  3.58518E+04,  6.57141E+00,  1.72352E+00,  1.97796E+05,  1.21494E+07,  2.19994E+19,  1.30287E+12,  5.10490E+11,  4.16386E+11,  2.69772E+11,  4.77962E+10,  4.91048E+12,  3.76216E+06,  1.55928E+00,  2.46619E+16,  0.00000E+00,  1.04194E+15,  6.96185E-13,  0.00000E+00,  2.10525E+11,  4.47263E+11,  3.93410E+14,  2.52303E+00,  2.04642E+14,  1.35248E+01,  2.82481E+05,  1.16672E+13,  1.17000E+08,  0.00000E+00,  0.00000E+00,  0.00000E+00,  0.00000E+00,  0.00000E+00
  8.85000E-03,1,  3.49960E+00,  1.40000E+02,  2.54766E-08,  2.44449E+18,  1.01936E+15,  4.63009E+11,  1.81733E+09,  8.10315E+08,  3.08395E+08,  1.46560E+08,  3.36150E+07,  9.70945E+06,  2.97094E+11,  4.26392E+08,  2.78819E+08,  5.10237E+09,  1.48711E+14,  4.46522E+03,  2.53481E+09,  5.60068E+02,  6.67297E+05,  3.22436E+05,  1.79304E+07,  2.19992E+19,  2.93083E+13,  1.14837E+13,  9.36706E+12,  6.06858E+12,  9.00370E+11,  2.29879E+13,  7.80684E+08,  1.51474E+03,  2.49296E+16,  5.42139E+06,  1.05374E+15,  1.83875E+09,  3.57451E-01,  4.26463E+12,  5.31335E+11,  3.94699E+14,  2.15035E+02,  2.07410E+14,  1.15270E+03,  4.60173E+09,  1.18479E+13,  1.17000E+08,  0.00000E+00,  0.00000E+00,  0.00000E+00,  0.00000E+00,  0.00000E+00
  8.90000E-03,2,  2.58352E-02,  0.00000E+00,  0.00000E+00,  2.44495E+18,  5.63836E+14,  1.38202E+11,  3.41868E+07,  8.76040E+03,  3.05080E+01,  1.70364E+02,  2.74910E-02,  2.40495E-05,  4.26792E+06,  4.83572E+03,  2.38251E-06,  5.58190E-05,  1.49188E+14,  6.46207E-02,  3.65657E+04,  6.63589E+00,  1.72544E+00,  1.97658E+05,  1.21605E+07,  2.19992E+19,  1.27475E+12,  4.99474E+11,  4.07401E+11,  2.63951E+11,  4.67127E+10,  4.93191E+12,  3.79515E+06,  1.57988E+00,  2.48944E+16,  0.00000E+00,  1.05369E+15,  1.88640E-16,  0.00000E+00,  2.06079E+11,  4.47125E+11,  3.95661E+14,  2.54779E+00,  2.06555E+14,  1.36575E+01,  2.82767E+05,  1.17908E+13,  1.17000E+08,  0.00000E+00,  0.00000E+00,  0.00000E+00,  0.00000E+00,  0.00000E+00
  8.95000E-03,1,  3.49960E+00,  1.40000E+02,  2.54766E-08,  2.44449E+18,  1.01976E+15,  4.63360E+11,  1.81757E+09,  8.10318E+08,  3.08396E+08,  1.46561E+08,  3.36152E+07,  9.70949E+06,  2.94484E+11,  4.26393E+08,  2.78818E+08,  5.10237E+09,  1.50136E+14,  4.51123E+03,  2.53662E+09,  5.65437E+02,  6.67300E+05,  3.23234E+05,  1.79304E+07,  2.19990E+19,  2.90794E+13,  1.13940E+13,  9.29389E+12,  6.02118E+12,  8.93056E+11,  2.29996E+13,  7.80768E+08,  1.51568E+03,  2.51615E+16,  5.42137E+06,  1.06548E+15,  1.83271E+09,  3.50749E-01,  4.23349E+12,  5.30939E+11,  3.96942E+14,  2.17097E+02,  2.09323E+14,  1.16375E+03,  4.58680E+09,  1.19720E+13,  1.17000E+08,  0.00000E+00,  0.00000E+00,  0.00000E+00,  0.00000E+00,  0.00000E+00
  9.00000E-03,2,  2.58352E-02,  0.00000E+00,  0.00000E+00,  2.44495E+18,  5.63560E+14,  1.38067E+11,  3.41374E+07,  8.75204E+03,  3.10393E+01,  1.73586E+02,  2.79973E-02,  2.44819E-05,  4.31049E+06,  4.92716E+03,  2.43028E-06,  5.69381E-05,  1.50588E+14,  6.64965E-02,  3.72773E+04,  6.69610E+00,  1.72361E+00,  1.97091E+05,  1.21452E+07,  2.19991E+19,  1.22400E+12,  4.79588E+11,  3.91180E+11,  2.53442E+11,  4.48475E+10,  4.92733E+12,  3.78815E+06,  1.57570E+00,  2.51257E+16,  0.00000E+00,  1.06543E+15,  6.59743E-18,  0.00000E+00,  1.98005E+11,  4.46853E+11,  3.97896E+14,  2.57091E+00,  2.08458E+14,  1.37814E+01,  2.83006E+05,  1.19142E+13,  1.17000E+08,  0.00000E+00,  0.00000E+00,  0.00000E+00,  0.00000E+00,  0.00000E+00
  9.05000E-03,1,  3.49960E+00,  1.40000E+02,  2.54766E-08,  2.44448E+18,  1.01967E+15,  4.63285E+11,  1.81752E+09,  8.10320E+08,  3.08397E+08,  1.46561E+08,  3.36153E+07,  9.70954E+06,  2.91935E+11,  4.26394E+08,  2.78817E+08,  5.10236E+09,  1.51543E+14,  4.55643E+03,  2.53824E+09,  5.70741E+02,  6.67303E+05,  3.23758E+05,  1.79303E+07,  2.19989E+19,  2.88554E+13,  1.13062E+13,  9.22229E+12,  5.97479E+12,  8.85893E+11,  2.29970E+13,  7.80750E+08,  1.51548E+03,  2.53920E+16,  5.42135E+06,  1.07722E+15,  1.82679E+09,  3.44250E-01,  4.20272E+12,  5.30534E+11,  3.99169E+14,  2.19133E+02,  2.11226E+14,  1.17466E+03,  4.57216E+09,  1.20958E+13,  1.17000E+08,  0.00000E+00,  0.00000E+00,  0.00000E+00,  0.00000E+00,  0.00000E+00
  9.10000E-03,2,  2.58352E-02,  0.00000E+00,  0.00000E+00,  2.44494E+18,  5.65533E+14,  1.39035E+11,  3.44961E+07,  8.87591E+03,  3.16157E+01,  1.76823E+02,  2.86193E-02,  2.51073E-05,  4.35284E+06,  5.01902E+03,  2.47827E-06,  5.80625E-05,  1.51981E+14,  6.83982E-02,  3.79919E+04,  6.76149E+00,  1.72746E+00,  1.97199E+05,  1.21698E+07,  2.19990E+19,  1.21433E+12,  4.75797E+11,  3.88089E+11,  2.51439E+11,  4.43974E+10,  4.96049E+12,  3.83940E+06,  1.60758E+00,  2.53558E+16,  0.00000E+00,  1.07717E+15,  5.41713E-33,  0.00000E+00,  1.96489E+11,  4.46799E+11,  4.00113E+14,  2.59601E+00,  2.10360E+14,  1.39159E+01,  2.83301E+05,  1.20377E+13,  1.17000E+08,  0.00000E+00,  0.00000E+00,  0.00000E+00,  0.00000E+00,  0.00000E+00
  9.15000E-03,1,  3.49960E+00,  1.40000E+02,  2.54766E-08,  2.44448E+18,  1.02028E+15,  4.63825E+11,  1.81789E+09,  8.10323E+08,  3.08399E+08,  1.46562E+08,  3.36155E+07,  9.70958E+06,  2.89441E+11,  4.26395E+08,  2.78816E+08,  5.10235E+09,  1.52947E+14,  4.60159E+03,  2.53987E+09,  5.76031E+02,  6.67306E+05,  3.24688E+05,  1.79303E+07,  2.19987E+19,  2.86366E+13,  1.12205E+13,  9.15237E+12,  5.92950E+12,  8.78916E+11,  2.30149E+13,  7.80879E+08,  1.51693E+03,  2.56215E+16,  5.42133E+06,  1.08896E+15,  1.82100E+09,  3.37960E-01,  4.17273E+12,  5.30155E+11,  4.01379E+14,  2.21164E+02,  2.13128E+14,  1.18555E+03,  4.55784E+09,  1.22197E+13,  1.17000E+08,  0.00000E+00,  0.00000E+00,  0.00000E+00,  0.00000E+00,  0.00000E+00
  9.20000E-03,2,  2.58352E-02,  0.00000E+00,  0.00000E+00,  2.44494E+18,  5.62194E+14,  1.37395E+11,  3.38859E+07,  8.68323E+03,  3.20824E+01,  1.80025E+02,  2.89655E-02,  2.52703E-05,  4.39391E+06,  5.10987E+03,  2.52504E-06,  5.91634E-05,  1.53347E+14,  7.02918E-02,  3.86956E+04,  6.81298E+00,  1.71831E+00,  1.95648E+05,  1.21032E+07,  2.19988E+19,  1.11005E+12,  4.34938E+11,  3.54761E+11,  2.29846E+11,  4.07490E+10,  4.90426E+12,  3.75156E+06,  1.55073E+00,  2.55842E+16,  0.00000E+00,  1.08890E+15,  0.00000E+00,  0.00000E+00,  1.79840E+11,  4.46245E+11,  4.02319E+14,  2.61578E+00,  2.12243E+14,  1.40219E+01,  2.83449E+05,  1.21601E+13,  1.17000E+08,  0.00000E+00,  0.00000E+00,  0.00000E+00,  0.00000E+00,  0.00000E+00
  9.25000E-03,1,  3.49960E+00,  1.40000E+02,  2.54766E-08,  2.44448E+18,  1.01924E+15,  4.62900E+11,  1.81726E+09,  8.10325E+08,  3.08400E+08,  1.46563E+08,  3.36156E+07,  9.70963E+06,  2.87008E+11,  4.26396E+08,  2.78816E+08,  5.10234E+09,  1.54314E+14,  4.64498E+03,  2.54110E+09,  5.81184E+02,  6.67309E+05,  3.24593E+05,  1.79303E+07,  2.19986E+19,  2.84305E+13,  1.11398E+13,  9.08651E+12,  5.88683E+12,  8.72273E+11,  2.29838E+13,  7.80657E+08,  1.51446E+03,  2.58492E+16,  5.42131E+06,  1.10069E+15,  1.81529E+09,  3.31933E-01,  4.14389E+12,  5.29745E+11,  4.03575E+14,  2.23142E+02,  2.15010E+14,  1.19615E+03,  4.54383E+09,  1.23426E+13,  1.17000E+08,  0.00000E+00,  0.00000E+00,  0.00000E+00,  0.00000E+00,  0.00000E+00
  9.30000E-03,2,  2.58352E-02,  0.00000E+00,  0.00000E+00,  2.44494E+18,  5.62050E+14,  1.37330E+11,  3.38648E+07,  8.68731E+03,  3.26136E+01,  1.83207E+02,  2.94701E-02,  2.57155E-05,  4.43402E+06,  5.20019E+03,  2.57161E-06,  6.02485E-05,  1.54692E+14,  7.21838E-02,  3.93919E+04,  6.87210E+00,  1.71784E+00,  1.94789E+05,  1.20983E+07,  2.19987E+19,  1.08242E+12,  4.24114E+11,  3.45933E+11,  2.24126E+11,  3.96688E+10,  4.90202E+12,  3.74910E+06,  1.55278E+00,  2.58113E+16,  0.00000E+00,  1.10064E+15,  3.91229-208,  0.00000E+00,  1.75412E+11,  4.46053E+11,  4.04507E+14,  2.63848E+00,  2.14118E+14,  1.41435E+01,  2.83678E+05,  1.22824E+13,  1.17000E+08,  0.00000E+00,  0.00000E+00,  0.00000E+00,  0.00000E+00,  0.00000E+00
  9.35000E-03,1,  3.49960E+00,  1.40000E+02,  2.54766E-08,  2.44447E+18,  1.01920E+15,  4.62872E+11,  1.81725E+09,  8.10327E+08,  3.08401E+08,  1.46563E+08,  3.36158E+07,  9.70967E+06,  2.84629E+11,  4.26397E+08,  2.78815E+08,  5.10233E+09,  1.55670E+14,  4.68765E+03,  2.54211E+09,  5.86291E+02,  6.67312E+05,  3.24908E+05,  1.79303E+07,  2.19985E+19,  2.82161E+13,  1.10557E+13,  9.01797E+12,  5.84242E+12,  8.65476E+11,  2.29829E+13,  7.80650E+08,  1.51439E+03,  2.60756E+16,  5.42129E+06,  1.11242E+15,  1.80969E+09,  3.25974E-01,  4.11349E+12,  5.29345E+11,  4.05756E+14,  2.25103E+02,  2.16885E+14,  1.20666E+03,  4.52989E+09,  1.24654E+13,  1.17000E+08,  0.00000E+00,  0.00000E+00,  0.00000E+00,  0.00000E+00,  0.00000E+00
  9.40000E-03,2,  2.58352E-02,  0.00000E+00,  0.00000E+00,  2.44493E+18,  5.63621E+14,  1.38096E+11,  3.41468E+07,  8.78352E+03,  3.31723E+01,  1.86404E+02,  3.00682E-02,  2.62954E-05,  4.47399E+06,  5.29090E+03,  2.61808E-06,  6.13397E-05,  1.56031E+14,  7.41006E-02,  4.00909E+04,  6.93416E+00,  1.72066E+00,  1.94664E+05,  1.21161E+07,  2.19986E+19,  1.06749E+12,  4.18264E+11,  3.41161E+11,  2.21035E+11,  3.90646E+10,  4.92821E+12,  3.78908E+06,  1.57519E+00,  2.60373E+16,  0.00000E+00,  1.11237E+15,  1.79175E-14,  0.00000E+00,  1.73016E+11,  4.45953E+11,  4.06679E+14,  2.66230E+00,  2.15990E+14,  1.42712E+01,  2.83938E+05,  1.24048E+13,  1.17000E+08,  0.00000E+00,  0.00000E+00,  0.00000E+00,  0.00000E+00,  0.00000E+00
  9.45000E-03,1,  3.49960E+00,  1.40000E+02,  2.54766E-08,  2.44447E+18,  1.01968E+15,  4.63296E+11,  1.81754E+09,  8.10330E+08,  3.08402E+08,  1.46564E+08,  3.36159E+07,  9.70972E+06,  2.82301E+11,  4.26398E+08,  2.78814E+08,  5.10232E+09,  1.57019E+14,  4.73036E+03,  2.54323E+09,  5.91376E+02,  6.67315E+05,  3.25660E+05,  1.79302E+07,  2.19983E+19,  2.80186E+13,  1.09784E+13,  8.95487E+12,  5.80154E+12,  8.59161E+11,  2.29969E+13,  7.80751E+08,  1.51552E+03,  2.63009E+16,  5.42127E+06,  1.12415E+15,  1.80421E+09,  3.20316E-01,  4.08572E+12,  5.28981E+11,  4.07920E+14,  2.27055E+02,  2.18757E+14,  1.21712E+03,  4.51640E+09,  1.25882E+13,  1.17000E+08,  0.00000E+00,  0.00000E+00,  0.00000E+00,  0.00000E+00,  0.00000E+00
  9.50000E-03,2,  2.58352E-02,  0.00000E+00,  0.00000E+00,  2.44493E+18,  5.63129E+14,  1.37857E+11,  3.40598E+07,  8.76357E+03,  3.36943E+01,  1.89591E+02,  3.05556E-02,  2.66994E-05,  4.51330E+06,  5.38133E+03,  2.66433E-06,  6.24222E-05,  1.57355E+14,  7.60259E-02,  4.07865E+04,  6.99031E+00,  1.71829E+00,  1.94030E+05,  1.20972E+07,  2.19984E+19,  1.02312E+12,  4.00878E+11,  3.26980E+11,  2.11847E+11,  3.74479E+10,  4.91998E+12,  3.77697E+06,  1.56872E+00,  2.62619E+16,  0.00000E+00,  1.12410E+15,  2.49300E-15,  0.00000E+00,  1.65910E+11,  4.45681E+11,  4.08837E+14,  2.68386E+00,  2.17853E+14,  1.43868E+01,  2.84136E+05,  1.25268E+13,  1.17000E+08,  0.00000E+00,  0.00000E+00,  0.00000E+00,  0.00000E+00,  0.00000E+00
  9.55000E-03,1,  3.49960E+00,  1.40000E+02,  2.54766E-08,  2.44447E+18,  1.01953E+15,  4.63158E+11,  1.81745E+09,  8.10332E+08,  3.08403E+08,  1.46565E+08,  3.36161E+07,  9.70976E+06,  2.80025E+11,  4.26399E+08,  2.78814E+08,  5.10232E+09,  1.58350E+14,  4.77173E+03,  2.54390E+09,  5.96392E+02,  6.67318E+05,  3.26096E+05,  1.79302E+07,  2.19982E+19,  2.78202E+13,  1.09006E+13,  8.89146E+12,  5.76046E+12,  8.52834E+11,  2.29921E+13,  7.80719E+08,  1.51516E+03,  2.65248E+16,  5.42125E+06,  1.13588E+15,  1.79882E+09,  3.14771E-01,  4.05746E+12,  5.28597E+11,  4.10071E+14,  2.28981E+02,  2.20619E+14,  1.22745E+03,  4.50285E+09,  1.27107E+13,  1.17000E+08,  0.00000E+00,  0.00000E+00,  0.00000E+00,  0.00000E+00,  0.00000E+00
  9.60000E-03,2,  2.58352E-02,  0.00000E+00,  0.00000E+00,  2.44493E+18,  5.62275E+14,  1.37441E+11,  3.39057E+07,  8.71962E+03,  3.42032E+01,  1.92757E+02,  3.10188E-02,  2.70734E-05,  4.55171E+06,  5.47116E+03,  2.70983E-06,  6.34894E-05,  1.58659E+14,  7.79496E-02,  4.14748E+04,  7.04514E+00,  1.71547E+00,  1.93158E+05,  1.20755E+07,  2.19983E+19,  9.80716E+11,  3.84264E+11,  3.13428E+11,  2.03067E+11,  3.58985E+10,  4.90578E+12,  3.75522E+06,  1.55296E+00,  2.64850E+16,  0.00000E+00,  1.13583E+15,  9.05358E-12,  0.00000E+00,  1.59109E+11,  4.45405E+11,  4.10981E+14,  2.70491E+00,  2.19704E+14,  1.44996E+01,  2.84321E+05,  1.26484E+13,  1.17000E+08,  0.00000E+00,  0.00000E+00,  0.00000E+00,  0.00000E+00,  0.00000E+00
  9.65000E-03,1,  3.49960E+00,  1.40000E+02,  2.54766E-08,  2.44446E+18,  1.01926E+15,  4.62927E+11,  1.81730E+09,  8.10334E+08,  3.08404E+08,  1.46565E+08,  3.36162E+07,  9.70980E+06,  2.77799E+11,  4.26400E+08,  2.78813E+08,  5.10231E+09,  1.59661E+14,  4.81296E+03,  2.54480E+09,  6.01336E+02,  6.67321E+05,  3.26378E+05,  1.79302E+07,  2.19981E+19,  2.76277E+13,  1.08252E+13,  8.82993E+12,  5.72060E+12,  8.46696E+11,  2.29843E+13,  7.80662E+08,  1.51454E+03,  2.67473E+16,  5.42123E+06,  1.14761E+15,  1.79352E+09,  3.09407E-01,  4.02974E+12,  5.28217E+11,  4.12208E+14,  2.30879E+02,  2.22471E+14,  1.23762E+03,  4.48995E+09,  1.28327E+13,  1.17000E+08,  0.00000E+00,  0.00000E+00,  0.00000E+00,  0.00000E+00,  0.00000E+00
  9.70000E-03,2,  2.58352E-02,  0.00000E+00,  0.00000E+00,  2.44490E+18,  5.84438E+14,  1.48474E+11,  3.80569E+07,  1.00968E+04,  3.51013E+01,  1.96201E+02,  3.27783E-02,  4.10044E-05,  4.59577E+06,  5.56900E+03,  1.76223E-06,  6.47248E-05,  1.60067E+14,  8.01035E-02,  4.22458E+04,  7.16154E+00,  1.76889E+00,  2.00576E+05,  1.24462E+07,  2.19982E+19,  1.23480E+12,  4.83821E+11,  3.94634E+11,  2.55678E+11,  4.45608E+10,  5.28273E+12,  4.34940E+06,  4.07017E-01,  2.67099E+16,  0.00000E+00,  1.14756E+15,  2.34589E-21,  0.00000E+00,  1.99778E+11,  4.46903E+11,  4.13084E+14,  2.74961E+00,  2.21620E+14,  1.47394E+01,  2.85144E+05,  1.27751E+13,  1.17000E+08,  0.00000E+00,  0.00000E+00,  0.00000E+00,  0.00000E+00,  0.00000E+00
  9.75000E-03,1,  3.49960E+00,  1.40000E+02,  2.54766E-08,  2.44445E+18,  1.02608E+15,  4.68981E+11,  1.82146E+09,  8.10338E+08,  3.08405E+08,  1.46566E+08,  3.36163E+07,  9.70982E+06,  2.75593E+11,  4.26400E+08,  2.78811E+08,  5.10229E+09,  1.61099E+14,  4.86114E+03,  2.54733E+09,  6.06754E+02,  6.67322E+05,  3.31622E+05,  1.79300E+07,  2.19979E+19,  2.74266E+13,  1.07464E+13,  8.76566E+12,  5.67896E+12,  8.40400E+11,  2.31864E+13,  7.82121E+08,  1.53073E+03,  2.69714E+16,  5.42121E+06,  1.15934E+15,  1.78845E+09,  3.04079E-01,  4.00376E+12,  5.28002E+11,  4.14310E+14,  2.32959E+02,  2.24386E+14,  1.24877E+03,  4.47738E+09,  1.29598E+13,  1.17000E+08,  0.00000E+00,  0.00000E+00,  0.00000E+00,  0.00000E+00,  0.00000E+00
  9.80000E-03,2,  2.58352E-02,  0.00000E+00,  0.00000E+00,  2.44491E+18,  5.66470E+14,  1.39495E+11,  3.46663E+07,  8.98294E+03,  3.53957E+01,  1.99431E+02,  3.23325E-02,  2.84078E-05,  4.63481E+06,  5.66056E+03,  2.80962E-06,  6.58288E-05,  1.61373E+14,  8.21127E-02,  4.29548E+04,  7.16809E+00,  1.71900E+00,  1.95377E+05,  1.20914E+07,  2.19980E+19,  9.36611E+11,  3.66982E+11,  2.99333E+11,  1.93934E+11,  3.42309E+10,  4.97595E+12,  3.86321E+06,  1.62228E+00,  2.69306E+16,  0.00000E+00,  1.15928E+15,  0.00000E+00,  0.00000E+00,  1.52124E+11,  4.45185E+11,  4.15206E+14,  2.75211E+00,  2.23462E+14,  1.47526E+01,  2.84832E+05,  1.28966E+13,  1.17000E+08,  0.00000E+00,  0.00000E+00,  0.00000E+00,  0.00000E+00,  0.00000E+00
  9.85000E-03,1,  3.49960E+00,  1.40000E+02,  2.54766E-08,  2.44445E+18,  1.02057E+15,  4.64086E+11,  1.81809E+09,  8.10339E+08,  3.08407E+08,  1.46567E+08,  3.36165E+07,  9.70989E+06,  2.73461E+11,  4.26402E+08,  2.78812E+08,  5.10229E+09,  1.62391E+14,  4.90120E+03,  2.54789E+09,  6.11621E+02,  6.67327E+05,  3.29339E+05,  1.79301E+07,  2.19978E+19,  2.72258E+13,  1.06677E+13,  8.70146E+12,  5.63737E+12,  8.33950E+11,  2.30229E+13,  7.80940E+08,  1.51764E+03,  2.71914E+16,  5.42119E+06,  1.17106E+15,  1.78333E+09,  2.98814E-01,  3.97439E+12,  5.27506E+11,  4.16418E+14,  2.34828E+02,  2.26228E+14,  1.25879E+03,  4.46473E+09,  1.30817E+13,  1.17000E+08,  0.00000E+00,  0.00000E+00,  0.00000E+00,  0.00000E+00,  0.00000E+00
  9.90000E-03,2,  2.58352E-02,  0.00000E+00,  0.00000E+00,  2.44492E+18,  5.62310E+14,  1.37459E+11,  3.39128E+07,  8.74428E+03,  3.58339E+01,  2.02556E+02,  3.25979E-02,  2.84439E-05,  4.67109E+06,  5.74924E+03,  2.85368E-06,  6.68590E-05,  1.62628E+14,  8.39531E-02,  4.36281E+04,  7.21712E+00,  1.71234E+00,  1.92400E+05,  1.20458E+07,  2.19979E+19,  8.82980E+11,  3.45969E+11,  2.82193E+11,  1.82830E+11,  3.22955E+10,  4.90632E+12,  3.75620E+06,  1.55271E+00,  2.71497E+16,  0.00000E+00,  1.17100E+15,  7.72386E-04,  0.00000E+00,  1.43506E+11,  4.44812E+11,  4.17310E+14,  2.77094E+00,  2.25289E+14,  1.48535E+01,  2.84961E+05,  1.30174E+13,  1.17000E+08,  0.00000E+00,  0.00000E+00,  0.00000E+00,  0.00000E+00,  0.00000E+00
  9.95000E-03,1,  3.49960E+00,  1.40000E+02,  2.54766E-08,  2.44445E+18,  1.01927E+15,  4.62935E+11,  1.81731E+09,  8.10342E+08,  3.08408E+08,  1.46567E+08,  3.36167E+07,  9.70993E+06,  2.71377E+11,  4.26403E+08,  2.78811E+08,  5.10229E+09,  1.63651E+14,  4.93964E+03,  2.54809E+09,  6.16373E+02,  6.67330E+05,  3.28356E+05,  1.79301E+07,  2.19977E+19,  2.70571E+13,  1.06016E+13,  8.64756E+12,  5.60245E+12,  8.28529E+11,  2.29843E+13,  7.80663E+08,  1.51456E+03,  2.74099E+16,  5.42117E+06,  1.18278E+15,  1.77829E+09,  2.94020E-01,  3.94956E+12,  5.27148E+11,  4.18514E+14,  2.36652E+02,  2.28054E+14,  1.26856E+03,  4.45230E+09,  1.32029E+13,  1.17000E+08,  0.00000E+00,  0.00000E+00,  0.00000E+00,  0.00000E+00,  0.00000E+00
  1.00000E-02,2,  2.58352E-02,  0.00000E+00,  0.00000E+00,  2.44491E+18,  5.63795E+14,  1.38178E+11,  3.41766E+07,  8.83771E+03,  3.63863E+01,  2.05696E+02,  3.31907E-02,  2.90338E-05,  4.70732E+06,  5.83833E+03,  2.84033E-06,  6.79049E-05,  1.63879E+14,  8.60090E-02,  4.43049E+04,  7.27660E+00,  1.71619E+00,  1.91765E+05,  1.20721E+07,  2.19978E+19,  8.74188E+11,  3.42524E+11,  2.79383E+11,  1.81009E+11,  3.19421E+10,  4.93091E+12,  3.79324E+06,  1.57832E+00,  2.73677E+16,  0.00000E+00,  1.18272E+15,  1.20559E-18,  0.00000E+00,  1.42058E+11,  4.44728E+11,  4.19398E+14,  2.79377E+00,  2.27114E+14,  1.49759E+01,  2.85193E+05,  1.31383E+13,  1.17000E+08,  0.00000E+00,  0.00000E+00,  0.00000E+00,  0.00000E+00,  0.00000E+00
